B1_1,B1_2,B1_3,B1_4,B1_5,B1_6,B1_7,B1_8,S1_1,S1_2,S1_3,S1_4,S1_5,S1_6,S1_7,S1_8,B2_1,B2_2,B2_3,B2_4,B2_5,B2_6,B2_7,B2_8,S2_1,S2_2,S2_3,S2_4,S2_5,S2_6,S2_7,S2_8,label,value
0,1,0,0,1,1,1,1,0,1,0,1,1,1,0,1,0,0,1,0,1,0,1,1,0,0,0,0,1,1,1,1,0,0
1,1,0,0,1,0,1,1,1,1,1,1,1,0,1,1,1,0,1,0,0,0,1,0,0,1,1,0,0,0,0,1,0,0
1,1,1,1,1,1,1,0,0,1,0,1,0,1,1,1,1,1,0,1,0,0,0,1,0,0,1,1,0,0,0,1,1,1
1,1,1,1,1,0,0,1,0,0,1,0,0,1,0,0,0,1,1,0,1,0,1,0,1,1,0,0,0,0,0,1,0,0
1,1,1,1,0,1,0,1,0,0,0,0,0,1,0,1,1,0,1,1,0,0,1,1,1,1,0,0,1,1,0,1,0,0
1,0,1,0,0,1,1,1,0,1,0,1,1,0,0,0,0,1,0,1,0,0,1,0,1,0,1,1,1,0,0,1,0,0
0,1,1,1,0,0,0,0,1,1,0,1,1,1,0,0,0,1,1,0,0,1,1,0,0,1,1,1,1,0,1,1,0,0
1,0,1,1,0,0,1,1,1,1,1,0,0,1,1,1,0,1,0,1,1,0,1,0,0,0,1,1,0,1,0,0,0,0
1,1,0,0,0,0,0,0,1,0,1,1,1,1,1,0,1,0,1,1,0,0,1,0,1,0,0,0,1,0,0,0,0,0
1,1,0,0,1,1,0,0,0,0,0,1,0,0,0,0,0,0,1,0,1,0,0,0,1,1,1,0,0,0,1,0,1,1
0,0,1,1,1,1,1,1,1,1,1,1,1,0,0,0,0,0,1,1,1,0,1,0,1,1,1,0,1,1,1,0,0,0
0,0,0,1,1,0,0,1,1,1,0,0,0,0,0,0,0,0,0,0,1,0,0,0,0,0,0,0,0,0,1,0,0,0
1,1,0,0,1,1,1,0,1,0,0,0,1,0,0,0,1,0,1,0,1,1,0,1,1,1,1,0,0,1,1,0,0,0
1,1,1,0,1,1,1,0,1,1,1,1,1,0,0,0,1,0,1,0,1,0,1,1,0,1,0,1,1,0,0,0,0,0
0,1,0,1,1,0,1,0,1,0,0,0,1,0,1,0,0,1,0,0,1,1,1,1,1,0,1,1,1,1,0,1,0,0
1,0,0,0,1,1,0,0,1,1,0,0,1,0,1,0,0,0,1,1,1,1,1,0,1,0,0,0,0,1,0,0,0,0
1,1,1,1,0,1,0,0,1,1,0,1,1,1,0,1,0,1,1,0,1,0,0,0,1,0,1,0,1,0,0,1,0,0
0,1,0,0,0,0,0,0,1,1,0,1,0,1,0,1,0,0,0,1,0,0,0,1,0,1,1,1,1,1,0,0,1,1
0,1,1,1,1,1,1,1,1,0,1,0,0,0,1,1,0,0,1,0,0,1,1,0,1,0,0,1,0,0,1,1,1,1
0,1,1,0,0,0,0,1,1,0,0,0,1,1,0,1,0,0,1,0,0,1,0,1,1,0,0,0,0,0,1,0,1,1
1,1,1,1,1,0,0,1,0,0,1,1,0,1,0,0,0,0,0,1,0,0,1,1,0,1,0,1,0,0,0,0,1,1
0,0,1,1,0,0,1,0,0,1,0,0,1,0,1,0,0,0,0,0,1,1,0,1,1,1,0,0,0,0,0,0,1,1
1,1,0,0,1,1,0,1,0,1,1,0,1,0,1,0,0,1,0,0,0,0,0,1,0,0,1,0,0,1,0,0,0,0
1,0,0,0,1,1,1,0,0,0,0,0,1,1,0,0,0,1,0,1,1,1,0,1,0,0,0,1,1,0,1,0,0,0
1,0,1,1,0,0,1,1,0,1,1,0,1,1,1,0,0,1,0,0,0,0,1,1,1,0,0,1,1,0,0,0,0,0
0,1,0,1,1,1,1,1,1,0,1,1,0,0,1,1,0,0,0,0,0,0,0,1,0,0,1,0,1,1,0,1,0,0
1,0,0,1,1,0,0,1,0,0,1,0,1,0,1,1,0,1,0,1,1,1,0,0,0,0,0,0,1,0,1,1,0,0
1,0,1,1,1,0,0,1,1,1,0,1,0,1,1,0,1,0,1,1,0,0,0,0,1,1,1,0,0,1,1,1,0,0
1,0,1,1,0,0,1,0,1,1,0,0,0,0,0,0,1,0,1,0,0,1,1,1,1,0,0,0,1,1,1,0,0,0
0,1,0,1,1,1,1,1,1,1,0,0,0,1,0,0,0,0,0,1,1,0,1,1,1,0,1,1,0,1,0,1,1,1
1,0,0,1,0,0,0,1,1,0,1,0,1,1,1,1,0,0,1,0,0,0,0,1,0,0,0,0,1,1,0,0,0,0
1,1,1,1,0,1,1,0,0,1,0,0,1,0,1,1,1,1,0,1,1,1,1,1,1,0,1,1,0,0,1,1,0,0
0,1,1,0,1,1,1,1,0,1,1,0,1,1,0,1,0,1,0,1,1,0,1,0,0,0,1,0,0,1,0,1,0,0
0,1,1,0,1,1,0,1,1,0,1,1,1,0,1,1,0,0,1,0,0,1,0,0,1,1,1,0,1,1,1,1,0,0
1,1,0,1,0,1,0,1,1,0,1,1,0,1,0,1,0,0,1,0,0,1,0,1,1,1,1,1,1,1,1,1,0,0
1,1,0,0,1,0,0,0,1,0,0,1,0,0,0,0,0,0,0,0,0,1,0,1,1,1,1,0,1,1,1,1,1,1
1,1,1,1,0,0,1,1,1,0,1,1,0,0,1,1,1,1,1,0,1,1,1,1,0,1,0,0,0,0,0,0,0,0
1,1,0,1,0,0,1,0,0,1,0,1,0,0,0,0,0,0,0,1,0,0,1,1,0,0,0,0,0,0,1,1,1,1
0,1,1,0,0,0,1,0,1,0,0,1,1,1,1,1,0,1,0,0,1,0,0,1,1,1,1,1,0,1,1,0,0,0
0,1,1,0,0,1,0,0,1,1,0,1,0,1,1,0,0,0,1,1,0,1,0,0,1,0,1,1,0,0,0,0,0,0
1,0,1,1,1,0,1,0,1,0,1,1,1,0,1,0,0,1,0,1,0,0,0,1,1,0,0,0,1,1,1,0,0,0
0,0,1,0,0,1,1,1,0,1,0,1,1,0,1,1,0,0,0,1,1,1,1,0,0,0,0,0,1,1,0,0,0,0
1,0,0,0,1,1,1,0,0,0,1,1,1,1,0,1,0,0,1,1,0,1,1,0,0,1,1,1,1,0,1,1,0,0
0,1,1,0,1,1,0,0,0,0,1,0,0,0,0,1,0,1,0,0,1,1,1,0,1,1,1,0,1,1,0,1,0,0
0,0,0,0,0,1,1,1,1,1,1,0,1,0,1,1,0,0,0,0,0,1,1,0,1,0,1,1,1,0,0,0,0,0
1,0,0,0,0,0,1,0,1,1,0,0,1,0,0,0,0,0,1,0,1,1,0,1,1,1,1,1,0,1,0,0,0,0
1,1,1,1,1,1,1,1,0,1,0,1,0,0,1,1,1,1,1,1,1,1,0,1,1,0,0,1,0,0,0,1,0,0
1,0,0,1,1,1,0,1,1,0,0,1,0,0,1,1,0,0,0,1,1,0,0,0,1,1,1,0,1,1,0,1,1,1
0,1,1,1,1,1,1,0,1,0,1,1,0,0,1,1,0,0,1,0,0,1,0,0,1,0,1,0,1,1,0,1,0,0
1,0,0,0,0,1,1,1,1,0,1,1,1,0,0,0,0,1,0,1,0,0,1,0,0,1,1,0,1,1,1,1,0,0
1,0,0,0,1,0,1,1,0,1,1,0,1,1,0,1,0,1,0,1,0,1,0,1,1,1,0,0,0,1,1,0,0,0
1,1,0,1,0,1,0,1,0,1,0,0,0,0,1,1,1,1,0,1,0,0,1,1,0,0,0,0,1,0,1,1,0,0
1,0,0,1,1,1,0,1,0,1,1,1,1,1,1,0,0,0,1,0,1,0,0,0,1,0,1,0,0,0,0,1,0,0
0,1,0,0,0,0,0,1,0,0,1,0,0,1,1,0,0,0,0,0,0,1,0,1,0,0,0,1,1,1,0,0,1,1
1,0,0,1,1,1,1,1,1,0,0,0,0,0,1,1,0,1,1,0,0,1,0,1,1,1,0,1,0,1,1,0,0,0
1,0,1,1,0,0,1,1,1,1,1,0,0,1,1,1,0,0,1,1,1,1,0,1,1,0,1,0,1,1,1,1,0,0
1,1,0,1,1,0,0,1,0,0,1,0,1,0,0,0,0,1,1,0,1,0,0,1,1,1,0,1,1,1,1,0,0,0
0,1,1,0,0,0,0,0,0,0,0,1,1,1,1,0,0,1,0,0,1,0,0,1,0,1,1,0,0,1,1,1,0,0
1,1,1,1,0,1,0,0,1,1,0,0,1,0,1,0,1,1,0,1,1,1,1,1,0,0,1,1,0,1,0,1,0,0
1,1,1,1,1,1,1,1,1,0,1,1,0,0,1,1,1,1,0,1,1,0,0,1,1,1,0,1,0,0,1,0,0,0
1,1,0,0,1,0,0,1,1,0,1,0,1,1,0,1,0,1,1,0,0,0,1,0,0,1,1,1,0,0,1,1,0,0
0,1,1,1,1,1,0,0,1,0,0,0,0,0,1,1,0,1,0,1,1,0,0,0,0,1,1,0,0,0,0,1,0,0
1,1,0,1,0,1,1,1,1,1,0,0,0,1,0,1,0,0,1,0,0,1,1,1,0,0,0,1,1,1,1,1,0,0
1,1,0,1,1,0,0,1,0,0,1,0,1,1,0,0,1,0,1,0,0,1,0,1,0,1,0,0,1,1,0,1,0,0
0,1,1,0,0,0,0,0,1,0,1,0,1,1,1,1,0,0,0,0,0,1,0,0,1,1,1,1,0,0,0,0,1,1
0,1,1,1,1,1,0,1,1,1,1,0,0,1,1,1,0,1,0,0,1,0,1,0,1,0,1,1,0,1,0,0,0,0
1,1,0,0,0,1,1,1,1,1,0,1,0,1,1,0,0,0,0,0,1,1,0,1,1,1,0,1,1,1,0,0,1,1
1,0,1,0,0,0,1,1,1,0,1,1,1,0,1,0,0,1,0,1,0,0,0,0,0,1,0,1,1,0,1,0,0,0
1,0,1,0,1,1,0,1,1,0,0,0,0,0,0,0,0,0,0,0,0,1,0,1,0,1,1,1,0,0,1,0,1,1
1,0,0,0,1,0,1,0,1,0,1,1,0,1,0,1,0,0,0,1,1,0,0,0,1,0,0,1,0,0,1,0,1,1
1,1,1,0,1,1,0,0,1,1,1,1,1,0,0,1,1,0,1,0,0,1,1,0,1,0,0,0,0,1,0,1,0,0
1,0,1,0,0,1,0,1,0,1,1,0,1,0,1,1,1,0,0,1,1,0,0,1,1,0,0,0,0,1,1,1,0,0
1,1,0,1,1,0,0,1,0,1,1,1,1,0,0,1,1,0,1,0,0,0,1,1,1,1,1,1,1,1,1,0,0,0
1,1,0,0,0,0,0,1,1,1,1,1,0,1,0,0,0,0,0,0,0,1,0,1,0,0,0,0,1,1,1,0,0,0
0,1,1,1,1,0,0,1,1,1,1,0,1,0,0,0,0,0,1,0,1,0,0,1,1,0,1,0,0,1,0,0,0,0
0,1,0,1,1,1,0,1,1,0,1,1,0,1,1,0,0,1,0,0,0,0,1,1,1,0,0,0,0,0,1,1,0,0
1,0,0,0,1,0,1,1,0,0,1,1,1,1,0,1,0,1,1,0,0,0,0,1,1,1,0,0,1,1,0,0,0,0
1,0,1,0,1,1,0,1,1,0,0,1,0,1,0,0,1,0,1,0,0,0,1,1,1,0,0,0,0,0,0,1,0,0
1,0,0,0,0,1,1,0,1,0,1,0,1,1,0,1,0,1,0,1,1,0,1,1,1,1,1,0,0,0,1,1,0,0
1,1,1,0,0,1,0,0,1,1,0,1,0,1,1,1,0,0,0,1,1,0,0,0,0,1,0,0,0,0,1,0,1,1
1,1,0,1,1,0,0,1,0,0,1,0,1,1,1,1,0,0,1,1,1,1,0,0,1,0,0,0,1,0,1,0,0,0
1,1,1,1,1,1,1,1,1,1,0,0,0,0,0,1,0,0,1,0,0,1,0,0,1,1,1,1,0,1,0,1,1,1
0,1,0,1,1,1,1,0,0,1,1,0,1,1,1,1,0,0,1,1,0,1,0,1,0,1,0,0,1,0,0,0,0,0
0,1,1,1,1,1,1,0,0,1,0,0,0,1,0,1,0,1,1,0,0,1,1,1,0,1,1,0,1,1,1,0,0,0
1,1,0,1,1,1,0,1,1,1,0,0,0,0,0,0,1,0,0,0,1,0,1,0,0,0,0,0,0,1,1,0,0,0
1,1,1,1,1,1,1,0,0,0,0,0,1,0,1,0,0,1,1,1,0,1,0,1,1,0,0,1,1,1,0,1,0,0
1,1,1,1,1,0,0,1,0,1,0,1,0,1,1,1,0,0,1,1,1,0,1,1,1,1,0,0,0,1,0,1,0,0
0,1,0,0,0,1,1,0,1,1,0,0,0,0,0,0,0,0,1,0,1,1,0,0,0,1,1,1,0,1,1,1,1,1
1,0,1,1,1,0,0,0,1,1,0,0,0,0,0,0,0,0,1,1,1,1,1,1,0,1,0,1,0,1,1,0,0,0
1,0,0,0,0,1,0,1,0,0,1,1,1,0,1,1,0,0,0,1,1,0,1,0,0,1,0,0,1,1,1,1,0,0
1,1,0,0,1,0,0,0,1,0,0,0,0,0,1,0,1,0,1,0,1,1,0,0,0,0,1,0,1,0,1,1,0,0
0,0,1,0,1,1,0,0,0,1,0,1,0,0,1,0,0,0,1,0,0,1,1,1,1,1,1,1,0,1,0,0,0,0
1,1,1,0,0,0,1,0,0,1,0,1,0,0,0,0,0,1,1,0,1,1,0,1,0,0,0,1,1,0,0,0,0,0
1,1,1,0,0,1,1,1,1,0,0,0,0,0,1,0,0,1,1,0,1,1,0,1,0,1,0,1,1,1,0,0,0,0
1,0,0,0,1,0,1,0,0,1,1,0,0,1,1,0,0,1,0,0,0,0,0,0,1,1,0,0,1,0,1,1,0,0
1,1,1,0,1,0,0,0,0,1,0,0,0,0,1,1,0,1,0,0,0,0,1,1,1,1,1,0,1,0,0,0,0,0
1,0,0,1,1,1,0,0,0,1,1,1,0,0,0,0,0,1,1,1,1,0,1,1,0,1,0,0,0,0,1,1,0,0
1,1,0,1,1,1,1,0,1,0,1,1,0,1,0,1,0,1,1,0,0,0,0,0,1,1,0,1,0,0,1,1,0,0
1,1,1,1,1,1,0,0,0,1,0,0,1,1,0,0,0,0,1,0,0,0,0,1,1,1,1,0,0,1,1,0,1,1
1,1,0,0,0,1,0,0,1,1,1,1,1,0,1,0,0,1,0,1,0,1,1,0,0,1,0,1,1,0,1,1,0,0
1,1,0,1,0,0,0,1,1,0,0,1,1,1,0,1,0,1,0,0,0,0,0,1,1,0,1,0,0,1,0,0,0,0
1,1,0,1,1,0,0,0,1,0,1,1,0,0,1,1,1,0,1,1,0,1,0,1,1,0,1,0,0,0,0,1,0,0
0,1,1,1,1,1,0,0,1,0,0,0,0,0,1,0,0,0,0,0,1,1,1,0,1,1,0,0,0,1,0,1,1,1
1,0,0,1,0,0,1,1,0,1,1,0,1,0,1,0,1,0,0,1,0,0,0,0,0,1,1,1,0,1,0,0,0,0
1,1,1,1,1,0,1,1,1,0,1,0,1,1,0,0,1,0,0,1,1,0,1,1,1,0,0,1,0,0,0,1,0,0
1,0,0,0,0,1,0,0,1,1,1,1,0,1,0,0,0,0,0,1,1,1,1,0,1,1,0,0,0,1,1,1,0,0
1,1,0,1,0,1,0,0,1,0,0,0,0,1,1,1,0,0,0,0,1,1,0,1,1,0,0,0,0,1,0,1,1,1
1,1,0,0,1,1,0,0,0,0,0,0,0,1,1,1,0,0,1,0,0,1,1,0,0,1,1,1,0,0,1,1,1,1
1,1,1,0,1,1,0,0,0,1,1,1,0,0,1,1,0,0,0,0,0,0,1,0,0,0,1,0,0,0,1,1,1,1
1,1,1,1,1,1,0,1,0,0,1,1,1,0,0,0,1,0,0,0,1,0,1,0,0,0,0,1,1,1,1,0,0,0
0,1,1,0,1,0,0,1,0,1,1,1,1,0,1,0,0,0,0,1,0,0,0,1,0,0,1,0,0,0,1,1,0,0
1,1,1,1,1,0,0,1,0,1,0,0,0,0,1,0,1,0,0,0,0,0,1,0,1,1,1,1,0,1,0,0,0,0
1,1,1,1,1,0,0,0,1,0,1,0,1,0,1,1,1,1,0,1,1,0,1,1,1,1,1,1,1,0,1,0,0,0
1,0,0,1,1,1,0,1,0,1,0,1,0,0,0,1,0,1,1,1,1,0,0,0,1,1,1,0,1,0,0,1,0,0
1,1,0,1,1,0,1,0,1,1,0,1,1,1,1,0,1,0,0,0,0,0,1,0,1,0,1,1,1,0,1,0,0,0
1,0,1,0,1,0,1,0,0,1,0,0,0,1,1,0,1,0,0,1,0,1,1,1,0,1,0,0,1,1,0,0,0,0
1,1,1,1,0,0,0,0,0,1,1,0,1,1,1,0,0,1,1,0,0,1,0,0,1,1,0,1,1,0,0,0,0,0
1,1,1,1,1,1,1,1,0,0,0,1,1,0,0,1,1,1,0,1,0,0,1,0,1,0,0,0,0,0,1,1,0,0
1,0,1,1,0,0,1,0,0,1,0,1,0,1,0,0,1,0,0,1,1,1,1,0,0,1,0,0,0,0,0,1,0,0
1,0,0,0,0,1,0,0,1,0,0,0,0,0,1,1,0,0,0,1,0,1,0,1,1,0,1,0,1,1,1,1,0,0
1,1,1,1,0,0,1,1,1,0,1,0,0,0,1,1,0,0,0,0,0,1,1,0,0,1,1,1,0,1,0,0,1,1
1,1,0,0,1,0,1,1,0,1,0,1,0,1,0,1,0,0,0,0,0,0,1,1,0,0,1,0,0,0,0,1,1,1
1,1,0,1,0,1,0,0,1,0,0,0,0,1,0,0,1,0,1,0,1,1,0,1,1,1,0,1,1,1,1,0,0,0
1,0,1,1,0,0,1,1,1,0,1,1,1,0,0,1,0,0,1,1,0,0,1,0,0,1,1,1,0,0,1,1,0,0
1,0,1,0,1,1,1,0,1,1,1,0,0,0,1,1,0,0,0,1,0,0,0,1,1,0,0,0,0,1,0,0,0,0
1,1,1,0,0,0,1,0,0,0,0,1,0,1,0,0,1,1,0,1,0,0,0,0,1,0,0,0,0,1,1,1,0,0
0,0,1,1,1,1,1,0,1,0,1,1,0,0,1,1,0,0,1,1,1,0,0,1,1,0,0,0,1,1,1,0,0,0
1,1,1,1,1,1,0,0,0,0,0,0,0,1,0,0,0,1,0,0,0,1,1,1,0,1,0,1,0,0,0,0,0,0
1,0,1,1,0,0,0,1,1,1,1,0,0,1,1,0,1,0,0,1,0,1,0,1,1,0,1,1,0,1,0,0,0,0
1,0,0,0,1,0,1,1,0,1,1,1,1,1,0,0,0,1,0,1,1,0,0,1,0,1,1,0,0,0,0,1,0,0
1,1,1,0,0,0,1,1,0,1,1,0,0,1,1,1,0,1,1,1,0,1,1,0,0,0,0,1,0,0,1,0,0,0
1,1,1,1,1,1,0,0,1,1,0,1,0,1,1,1,1,0,1,1,1,0,1,0,1,0,1,0,0,0,0,1,0,0
1,1,1,0,1,1,1,0,1,0,1,0,1,1,0,0,1,1,0,0,1,1,0,1,0,1,1,1,1,0,1,1,0,0
1,0,1,0,0,1,1,1,0,0,1,1,0,0,0,1,1,0,0,0,1,1,1,1,1,1,0,1,1,1,0,0,0,0
1,1,0,0,1,0,0,0,1,0,0,1,1,1,1,1,0,0,0,0,0,0,1,0,1,0,1,1,0,0,1,0,0,0
1,0,1,1,0,1,1,1,0,1,0,0,0,1,1,0,1,0,0,0,0,0,1,1,1,0,1,0,1,1,1,0,0,0
1,0,0,1,1,0,0,1,1,1,1,0,1,1,1,0,0,1,0,1,1,1,0,0,1,1,1,0,0,1,0,0,0,0
1,1,0,0,1,0,0,1,0,1,0,1,0,1,1,1,1,0,1,1,0,0,0,1,1,1,1,0,1,1,1,1,0,0
1,1,1,0,1,0,0,0,0,0,0,1,0,0,1,1,0,1,0,0,0,0,0,1,0,1,1,1,0,1,1,1,0,0
1,0,0,1,0,0,1,1,0,0,1,1,1,1,0,1,0,0,1,1,0,0,1,0,1,0,1,0,0,1,0,0,0,0
1,0,0,0,1,1,1,1,0,0,0,0,1,1,0,1,0,0,1,1,1,0,0,0,0,1,0,1,0,0,0,0,1,1
1,0,1,1,1,1,1,1,0,1,1,0,0,1,0,0,0,1,0,0,1,0,0,0,1,0,1,1,0,1,1,0,0,0
1,1,0,0,1,0,1,0,1,0,1,1,1,0,0,0,0,0,1,0,0,1,0,0,1,0,1,1,0,0,1,1,0,0
1,1,1,1,1,1,1,1,1,0,1,0,1,0,0,1,1,1,0,0,1,0,1,1,1,1,0,0,0,1,1,0,0,0
1,1,0,1,1,1,0,1,1,1,1,1,1,0,0,1,0,1,0,1,1,0,0,1,1,1,1,1,0,1,1,1,0,0
1,1,0,1,1,1,0,0,0,1,0,1,1,1,1,0,0,1,1,1,1,0,0,0,0,1,1,0,0,0,1,0,0,0
1,0,0,1,0,0,1,0,0,0,1,0,0,1,1,0,0,0,1,1,1,1,1,1,1,1,0,1,1,0,1,0,0,0
0,1,0,1,1,1,0,0,0,0,0,1,0,0,1,0,0,0,1,0,0,0,1,0,1,1,0,1,0,1,0,0,1,1
0,1,0,0,1,1,0,0,1,1,1,1,1,1,1,0,0,0,0,0,1,0,0,1,1,0,1,0,0,0,0,1,0,0
1,1,0,0,0,0,0,0,0,0,0,1,1,0,0,1,1,0,1,0,1,1,1,0,0,0,1,1,1,0,0,0,0,0
0,0,0,0,1,1,0,0,0,1,1,0,1,1,0,1,0,0,0,0,0,1,1,1,1,1,0,1,0,1,1,0,0,0
1,1,1,1,1,0,1,0,1,1,1,1,1,0,0,0,0,1,1,1,0,1,0,1,0,1,0,1,0,0,0,1,0,0
1,1,1,0,0,1,0,1,1,1,0,0,0,1,1,1,1,0,1,0,0,1,1,0,1,0,0,1,0,0,0,0,0,0
1,1,0,1,0,1,0,1,1,0,1,1,0,0,0,1,0,1,0,0,1,0,1,1,1,1,1,1,0,0,1,0,0,0
1,1,0,1,1,1,1,0,0,0,1,1,1,0,1,1,0,0,0,1,1,1,1,1,0,0,0,0,1,1,0,0,0,0
0,1,1,0,1,1,1,1,1,1,0,0,1,1,1,1,0,0,1,1,0,1,1,0,0,1,1,1,1,0,0,1,0,0
1,0,0,1,0,0,1,1,1,1,1,0,0,0,0,1,0,0,0,0,0,1,0,0,1,1,0,1,1,0,0,1,0,0
1,0,1,0,1,0,0,1,1,0,1,1,0,1,0,0,0,0,1,1,1,0,1,0,0,0,0,1,0,0,1,0,0,0
1,0,0,1,0,1,1,1,1,1,0,0,0,1,0,1,1,0,0,0,0,0,0,1,0,1,0,1,1,0,1,1,0,0
1,1,1,0,1,0,0,0,1,1,1,1,0,0,1,0,1,1,1,0,0,0,1,1,1,1,0,0,1,1,1,0,0,0
1,1,0,0,1,0,0,1,0,0,0,1,1,1,1,1,1,0,0,1,0,1,1,0,0,0,0,0,1,1,0,1,0,0
1,0,0,0,1,0,1,1,0,1,0,0,0,1,0,0,0,1,1,0,0,1,1,1,0,0,1,0,1,0,1,1,0,0
1,1,1,1,0,0,1,0,0,0,1,0,1,1,1,0,0,1,1,0,0,0,0,1,1,0,1,1,0,1,0,0,0,0
1,1,1,1,0,0,0,0,1,0,1,0,0,0,0,0,0,0,1,0,1,1,0,1,1,1,0,1,0,0,0,1,1,1
1,0,0,1,0,1,0,0,1,1,0,1,0,0,1,1,0,1,0,1,0,1,1,0,0,1,0,1,1,0,1,1,0,0
1,0,0,0,0,0,1,1,1,0,1,1,0,1,0,0,0,1,0,1,1,0,0,0,0,0,0,0,0,1,1,1,0,0
1,0,1,1,0,1,1,0,1,1,0,0,0,1,1,0,0,1,0,0,1,0,1,1,0,0,0,0,1,1,1,0,0,0
1,1,0,1,1,0,1,0,1,0,1,0,1,1,1,0,0,0,1,1,0,1,1,0,0,1,0,0,0,1,0,1,0,0
1,1,0,0,1,1,0,1,1,1,0,0,0,1,1,0,0,0,0,0,1,0,1,1,0,0,1,1,1,0,0,1,1,1
1,0,1,0,1,0,0,0,1,0,0,1,0,0,0,1,1,0,0,1,1,1,0,0,1,1,1,1,0,0,1,0,0,0
1,1,1,1,1,1,1,1,1,0,1,1,1,0,0,0,1,1,0,1,1,1,0,1,0,1,1,1,1,0,0,1,0,0
1,0,1,1,0,0,0,1,1,0,1,1,1,1,1,0,1,0,0,1,0,0,1,1,0,0,1,1,1,1,0,0,0,0
0,0,1,0,1,0,0,1,1,0,0,1,1,1,0,1,0,0,0,0,0,0,1,1,0,1,0,0,1,0,1,1,1,1
1,1,1,0,0,0,1,1,1,1,0,1,1,1,1,0,1,1,0,0,1,1,0,0,1,0,0,0,1,1,1,1,0,0
1,0,0,1,0,0,0,1,1,0,1,1,1,1,0,1,0,0,1,1,0,0,1,1,1,1,1,0,1,1,0,1,0,0
0,1,1,0,1,1,1,1,0,0,0,0,1,0,0,1,0,1,0,1,1,1,0,1,0,1,1,1,1,1,1,0,0,0
0,1,0,1,0,1,1,1,0,1,0,1,1,0,0,1,0,0,0,0,0,1,0,1,0,0,1,1,0,1,1,1,1,1
1,1,1,0,1,0,0,1,1,0,0,0,0,0,0,0,1,1,0,0,0,0,0,1,0,1,0,1,1,1,1,0,0,0
1,0,0,0,0,1,1,1,0,1,1,0,1,1,1,0,0,0,1,0,1,0,1,0,1,0,1,1,1,1,1,0,0,0
1,0,0,0,0,1,0,1,0,0,0,0,1,1,0,1,0,1,0,0,0,1,0,0,0,0,1,0,1,0,0,0,0,0
0,0,1,1,0,1,0,1,0,0,1,1,1,1,0,0,0,0,1,1,0,1,0,0,0,0,0,1,1,1,0,1,0,0
1,1,1,1,1,0,0,0,0,1,1,1,1,1,1,0,1,1,0,1,0,1,1,1,0,1,0,0,0,1,1,0,0,0
1,1,0,0,0,1,1,0,0,1,1,0,1,1,0,0,0,0,0,0,0,1,0,0,1,1,1,1,1,0,0,1,1,1
1,1,1,1,1,0,1,1,0,0,0,0,1,0,0,0,0,1,0,1,0,0,0,1,1,1,1,0,1,0,1,0,0,0
1,0,1,1,0,0,0,1,0,0,0,1,0,0,0,1,0,1,1,0,0,1,1,0,0,1,1,0,1,0,1,1,0,0
0,1,0,1,1,0,0,0,0,1,1,0,0,1,1,1,0,0,0,0,1,1,0,1,0,0,1,0,1,1,0,0,1,1
0,1,1,1,0,0,1,0,1,0,1,1,1,0,1,0,0,1,1,0,1,0,0,1,0,1,1,0,0,0,0,0,0,0
1,1,0,1,1,0,1,1,0,1,1,1,0,0,0,1,1,0,0,1,1,0,0,1,1,1,0,0,0,1,0,0,0,0
1,1,1,1,1,0,0,0,0,0,1,0,0,0,1,0,1,0,1,1,0,1,1,1,0,1,0,0,0,1,1,0,0,0
1,0,1,0,1,0,1,0,1,0,1,1,0,1,1,0,0,1,0,0,0,1,0,1,0,0,0,0,1,1,0,0,0,0
1,1,1,0,0,0,0,0,1,0,0,0,0,0,1,0,0,1,1,0,1,1,0,1,0,1,1,1,1,1,1,0,0,0
1,1,0,1,1,1,0,0,0,1,1,0,1,1,1,0,0,0,1,1,0,0,0,1,1,0,0,1,1,1,1,1,0,0
1,1,1,1,0,0,1,1,1,1,1,1,0,1,0,1,1,1,0,0,0,1,1,1,1,1,0,0,0,0,0,0,0,0
1,0,1,1,1,0,0,1,0,0,0,1,1,1,0,1,0,0,0,1,0,1,1,0,0,0,0,0,1,1,1,0,1,1
1,0,0,0,1,0,1,1,1,1,0,0,0,0,0,1,0,1,1,0,1,1,1,0,0,0,0,1,0,0,0,1,0,0
1,1,1,1,1,1,0,1,1,0,0,0,1,1,0,0,0,0,0,0,1,1,1,0,0,0,0,1,0,1,1,1,1,1
0,0,1,0,1,0,0,1,1,1,0,0,1,1,0,1,0,0,0,1,0,0,0,1,0,0,1,0,1,0,0,1,1,1
1,0,0,1,0,0,1,1,0,0,1,0,1,1,0,1,0,1,0,0,1,1,1,0,1,0,0,0,0,0,1,1,0,0
0,1,1,1,0,1,0,1,1,1,0,1,0,0,1,1,0,0,0,1,0,1,1,0,1,0,0,0,1,0,1,1,1,1
1,1,1,1,1,0,1,1,0,1,0,0,0,1,1,1,0,0,1,1,0,0,1,1,0,0,0,1,0,1,1,0,0,0
0,1,0,1,1,0,0,1,1,1,1,0,1,0,0,0,0,1,0,0,0,0,0,1,0,0,0,0,1,0,0,0,0,0
1,1,1,0,1,0,0,0,0,0,0,1,1,0,0,1,1,1,0,1,0,0,0,0,1,0,1,0,1,0,0,1,0,0
1,1,1,0,1,1,0,0,1,0,0,0,1,1,1,1,0,0,1,1,1,1,0,0,1,0,0,0,0,0,0,0,0,0
0,0,1,1,0,1,1,1,1,0,0,0,1,1,0,0,0,0,1,0,1,0,0,0,1,0,1,1,1,0,1,0,0,0
0,1,0,0,0,0,0,1,0,0,1,1,1,0,0,1,0,1,0,0,0,0,0,0,0,0,0,1,0,0,0,1,0,0
1,0,1,1,1,0,0,0,0,1,1,0,0,0,0,0,1,0,0,0,0,1,0,1,0,1,1,1,1,1,1,0,0,0
1,1,0,0,0,0,0,1,0,1,0,1,1,0,0,0,0,1,1,1,0,0,1,1,0,0,1,1,0,0,0,1,0,0
1,0,1,1,0,1,0,1,1,0,0,0,0,1,1,0,0,1,0,0,0,0,0,0,0,1,1,0,0,0,1,1,0,0
1,1,1,1,1,0,0,0,0,0,0,0,0,0,0,1,1,0,0,1,1,1,0,1,1,1,1,1,0,0,0,1,0,0
0,1,0,0,1,1,0,1,0,1,1,1,0,0,0,0,0,0,0,1,1,0,0,0,1,0,1,1,1,1,0,0,1,1
1,0,0,1,1,0,0,0,1,0,0,0,1,1,1,0,0,1,1,0,1,1,1,1,1,0,1,0,1,1,0,1,0,0
1,1,1,0,0,0,0,1,1,1,0,1,0,1,0,1,1,0,1,1,1,1,1,0,0,0,1,1,0,0,1,1,0,0
1,0,1,1,0,1,1,0,1,0,1,1,0,1,1,0,0,1,0,0,0,0,0,0,0,0,1,1,0,1,1,0,0,0
1,1,0,1,1,0,1,0,1,0,0,1,1,0,0,0,1,0,0,1,1,0,0,1,1,1,0,1,0,0,0,0,0,0
1,0,0,1,0,0,1,1,0,1,0,1,0,1,0,1,0,0,1,0,0,1,0,0,0,0,1,1,0,1,0,0,1,1
1,0,0,1,0,1,1,0,0,0,0,0,0,0,1,0,0,0,0,1,1,1,0,0,0,0,1,1,0,0,1,1,1,1
0,1,0,0,0,1,0,1,0,0,0,0,1,1,0,0,0,0,0,0,0,1,0,0,0,0,1,1,1,0,1,0,0,0
1,0,0,0,1,1,1,1,0,1,0,0,1,0,0,0,0,0,1,0,1,1,1,1,1,1,0,1,0,0,1,0,1,1
1,1,1,0,0,0,0,1,0,1,1,1,0,0,1,0,1,1,0,1,0,1,1,0,1,1,1,1,1,0,0,1,0,0
1,0,0,0,1,0,1,0,1,0,1,0,1,0,0,1,0,0,1,1,0,1,0,0,0,0,0,1,0,1,0,1,0,0
1,0,1,1,0,1,1,1,1,0,0,1,0,0,1,1,1,0,0,1,0,1,0,0,1,0,1,1,1,1,0,0,0,0
1,0,1,1,0,1,1,1,1,1,1,0,1,0,0,1,0,1,0,1,0,0,1,1,0,1,1,1,0,1,0,1,0,0
1,0,1,1,1,0,0,0,1,1,0,0,0,1,0,0,0,1,0,1,0,1,0,1,0,0,1,1,1,1,0,1,0,0
1,0,1,1,0,1,0,0,1,0,1,1,1,0,0,1,0,0,1,0,1,0,0,0,0,0,1,1,1,1,1,0,0,0
1,1,0,0,0,0,0,1,0,0,1,1,1,1,1,1,0,1,0,0,0,1,1,0,1,1,0,0,0,0,1,1,0,0
1,0,0,1,1,1,0,1,1,0,0,0,1,0,1,1,0,0,0,0,0,0,1,0,1,1,1,1,1,0,1,0,1,1
1,0,0,0,0,0,1,0,0,1,1,1,0,0,0,1,0,1,0,0,1,1,1,0,1,0,1,0,1,0,0,0,0,0
1,0,1,0,0,1,0,0,1,0,1,1,0,1,1,1,0,1,1,1,0,0,0,1,0,1,1,0,0,0,1,1,0,0
1,1,1,0,1,1,1,1,1,0,1,1,0,0,0,0,0,0,1,0,0,0,1,1,0,1,0,1,0,1,1,1,0,0
1,0,0,0,0,0,0,0,0,1,1,0,0,1,1,0,0,1,1,1,1,1,0,0,0,0,1,0,0,0,0,1,0,0
1,0,1,0,1,0,0,0,1,0,1,0,0,1,0,1,0,0,1,1,0,0,1,1,1,1,0,1,0,0,0,0,0,0
1,1,0,1,1,0,0,0,1,0,1,1,1,1,0,0,0,1,0,1,1,1,1,1,0,1,1,0,0,0,1,1,0,0
1,1,1,1,0,1,1,0,0,1,1,0,1,0,0,1,0,0,1,0,1,0,1,1,0,0,1,0,0,0,1,0,0,0
1,1,0,1,1,1,0,0,0,1,1,1,0,0,0,0,0,0,0,1,1,0,0,0,0,0,1,0,1,0,1,0,1,1
0,1,0,0,1,1,0,1,0,0,1,0,0,1,1,1,0,0,0,0,0,0,1,0,1,1,1,1,1,0,0,1,1,1
1,0,1,1,1,1,1,1,0,1,1,0,1,1,0,0,1,0,1,0,1,1,1,1,1,1,0,0,1,0,1,1,0,0
1,0,0,1,1,1,0,1,1,1,1,0,0,0,1,1,0,1,0,0,0,1,1,0,0,0,1,1,1,0,1,1,0,0
1,1,0,0,1,0,1,0,1,0,1,1,1,1,0,0,0,1,0,0,1,1,0,0,1,0,0,0,0,0,0,1,0,0
1,0,0,0,0,1,1,1,1,1,1,0,0,0,1,1,0,0,1,0,0,0,1,0,1,0,0,1,1,0,0,0,0,0
1,1,0,1,1,0,1,1,1,1,1,1,1,0,1,0,0,1,0,0,1,0,0,1,1,1,1,0,0,0,0,1,0,0
0,1,1,1,0,0,0,1,1,1,1,1,1,1,1,0,0,1,1,0,0,0,1,0,0,1,0,1,1,1,1,0,0,0
1,0,0,1,1,0,0,0,0,1,1,1,1,1,1,0,1,0,0,1,0,0,0,1,0,1,0,1,1,1,1,1,0,0
1,1,0,0,0,1,0,0,0,1,1,0,1,1,1,0,1,0,0,0,1,0,1,0,1,1,0,0,0,0,0,0,0,0
0,0,1,0,1,1,1,0,0,0,1,1,0,0,1,0,0,0,0,0,0,0,0,1,1,1,0,0,1,1,1,0,0,0
0,1,1,1,0,1,1,0,0,1,1,1,0,1,1,0,0,1,1,0,0,0,0,1,1,0,0,0,1,1,0,1,0,0
1,1,1,1,0,1,1,1,1,1,0,0,0,1,1,1,1,0,1,1,0,0,0,0,0,1,1,1,0,1,1,0,0,0
0,0,0,1,1,1,1,0,0,0,0,0,0,0,1,0,0,0,0,0,1,0,0,1,1,0,1,0,1,1,1,0,0,0
0,1,1,1,0,0,0,1,0,0,0,0,1,1,0,1,0,0,0,1,1,1,1,1,1,0,0,0,0,0,1,0,1,1
1,1,1,0,1,1,0,1,0,1,1,1,0,0,1,1,1,0,0,1,0,0,0,1,1,1,0,0,0,0,1,0,0,0
0,1,0,0,1,1,1,0,1,1,1,1,1,0,0,1,0,1,0,0,0,1,1,0,0,1,1,1,0,1,0,0,0,0
1,1,0,1,0,1,0,1,0,1,1,1,1,1,0,0,1,0,0,0,1,1,0,1,0,1,0,0,1,0,1,1,0,0
1,1,1,1,0,0,0,1,1,0,0,1,0,0,0,1,0,1,0,1,0,0,1,1,0,0,0,1,1,1,0,0,0,0
1,0,1,0,1,1,1,0,1,0,0,1,1,0,1,1,0,1,0,0,1,0,0,0,0,0,0,1,0,0,0,1,0,0
1,0,1,1,1,1,0,1,1,0,1,1,1,0,0,1,0,0,0,0,1,1,1,1,1,1,1,1,0,0,0,1,1,1
1,0,0,0,1,0,1,0,1,0,1,1,0,1,1,1,0,1,1,1,0,1,0,1,1,1,0,0,0,1,1,0,0,0
1,0,1,0,0,0,1,0,1,1,1,0,0,1,0,1,0,0,0,1,0,0,1,0,0,1,0,0,1,1,1,1,0,0
1,0,0,0,0,1,1,0,1,1,1,0,0,1,1,0,0,1,1,1,1,1,0,1,1,1,1,0,1,1,1,0,0,0
1,1,1,0,1,1,1,0,1,1,1,0,0,0,0,0,0,0,0,0,1,1,1,0,0,0,0,1,0,0,1,0,1,1
1,1,1,0,1,0,1,0,1,1,1,1,0,1,1,1,1,0,0,1,0,1,1,1,1,1,1,0,0,0,0,1,0,0
1,1,1,1,1,0,1,0,1,0,0,0,0,0,0,1,1,0,0,0,0,1,1,1,0,0,0,1,0,1,1,0,0,0
1,0,0,0,0,0,1,0,1,1,0,1,0,0,1,1,0,1,0,1,1,1,0,1,1,0,0,1,1,0,0,1,0,0
1,1,1,1,0,0,1,0,0,0,1,1,0,1,0,1,1,1,0,1,1,1,0,1,0,1,1,0,1,1,1,0,0,0
1,1,0,0,0,1,1,0,0,1,0,0,0,1,0,0,1,0,1,1,0,0,0,1,0,0,1,1,0,0,1,0,0,0
1,0,0,0,0,1,0,1,0,0,1,0,1,0,0,1,0,1,0,0,0,0,0,0,1,1,1,0,1,0,0,1,0,0
1,1,0,0,1,1,1,1,1,0,0,1,1,1,0,0,1,0,0,0,1,0,1,0,1,1,1,0,1,1,1,1,0,0
0,1,1,1,1,1,0,0,0,1,0,1,0,0,1,0,0,0,1,1,0,1,0,0,1,1,1,1,1,0,1,0,0,0
1,0,0,0,0,1,0,0,1,0,0,1,0,1,0,0,0,0,1,0,1,0,1,0,0,0,0,0,1,1,1,0,1,1
1,1,0,0,0,1,1,0,0,1,1,0,1,0,1,0,1,0,1,1,1,1,1,0,0,0,1,1,1,1,1,0,0,0
1,1,1,0,1,1,0,0,1,1,1,0,1,1,0,0,1,0,1,1,0,0,1,1,0,1,1,1,1,1,0,1,0,0
0,1,1,1,1,0,0,0,0,0,1,1,1,0,0,0,0,0,1,1,0,1,1,1,0,0,1,0,0,1,0,0,0,0
1,1,0,1,1,1,1,0,0,1,1,1,0,0,0,1,0,0,1,1,0,0,1,1,0,1,0,1,0,0,0,0,0,0
0,1,1,1,0,1,0,1,0,0,1,0,1,1,0,1,0,1,1,0,1,1,1,1,0,0,0,1,0,0,1,1,0,0
1,1,0,0,1,1,0,0,1,1,0,0,1,1,0,0,0,1,1,1,0,1,1,0,1,1,0,0,1,1,1,0,0,0
1,0,1,1,0,1,0,0,1,0,1,0,1,0,0,1,1,0,1,0,1,0,0,1,1,0,1,1,0,0,0,0,0,0
1,1,0,0,1,0,1,0,1,0,0,0,1,1,0,0,0,0,1,0,1,1,0,0,1,0,1,0,1,1,1,1,1,1
1,1,0,1,1,1,0,0,1,0,0,0,0,1,0,0,0,1,1,0,0,1,1,0,0,0,0,0,0,1,0,1,0,0
1,0,1,0,1,0,0,0,1,0,1,1,0,1,1,1,0,0,1,0,1,1,1,0,0,0,1,0,0,1,1,0,0,0
0,1,1,0,1,1,0,0,0,1,1,1,1,1,1,0,0,0,1,1,1,0,0,0,0,0,1,1,0,1,1,1,0,0
1,1,0,1,0,0,1,0,0,1,1,0,0,0,1,1,0,1,1,0,1,1,0,0,0,1,1,0,1,1,0,1,0,0
1,0,1,1,0,0,1,1,0,0,0,0,1,0,1,0,0,0,1,1,0,1,0,0,1,0,0,1,1,0,1,1,1,1
0,1,1,0,1,0,1,0,0,1,0,1,1,0,0,0,0,0,0,1,0,1,0,0,0,1,1,1,0,1,0,0,1,1
1,1,1,1,0,1,0,1,1,0,0,1,1,0,0,0,1,1,1,0,0,0,1,1,0,0,1,0,1,0,1,1,0,0
0,0,0,1,1,1,0,1,1,1,1,0,1,1,1,1,0,0,0,1,1,1,0,1,0,0,1,0,0,1,1,0,0,0
1,1,0,0,1,1,0,1,1,1,0,0,1,1,0,0,1,1,0,0,0,0,1,0,1,1,0,1,0,1,1,0,0,0
1,1,0,0,0,0,1,1,1,0,0,0,0,1,0,0,1,0,0,1,0,1,0,1,1,0,0,0,0,1,0,0,0,0
1,1,1,0,1,1,0,0,1,1,0,1,0,0,0,0,0,0,0,1,0,1,0,0,0,1,0,1,1,1,1,1,1,1
1,0,0,1,0,1,0,0,0,1,0,1,0,1,0,0,0,1,0,1,0,1,0,0,1,1,1,1,0,1,0,0,0,0
1,1,0,1,1,0,0,0,0,0,1,1,0,1,0,0,1,1,0,0,1,1,1,0,1,0,0,1,1,1,1,1,0,0
0,1,1,0,0,1,0,0,1,1,0,0,1,0,0,0,0,0,0,0,0,1,1,1,1,0,0,0,1,1,1,0,1,1
0,1,0,1,0,0,1,0,0,0,0,0,0,1,0,1,0,0,0,0,0,1,1,1,0,1,0,1,0,1,0,1,1,1
1,1,0,1,0,1,0,1,1,0,0,1,0,1,1,0,0,0,1,1,0,1,0,0,1,0,0,0,1,1,0,0,0,0
1,0,1,1,1,0,1,1,0,1,1,1,0,1,0,1,0,0,0,1,0,1,0,0,1,1,0,0,1,0,1,1,0,0
0,1,0,1,0,0,0,1,1,0,1,0,0,0,0,0,0,0,0,0,1,1,1,0,0,1,0,1,0,0,1,0,1,1
0,1,1,0,1,1,1,1,0,1,0,0,0,1,1,1,0,0,1,0,0,1,1,0,0,0,0,1,0,1,0,1,1,3
0,1,1,1,1,0,1,1,0,0,0,0,0,0,1,1,0,1,1,1,1,0,0,1,0,0,0,1,0,1,1,0,0,0
1,0,0,1,0,0,0,1,1,1,0,1,0,1,0,1,0,0,0,1,0,0,0,0,1,0,1,0,1,0,0,0,1,1
1,0,1,0,1,1,0,0,1,0,1,0,1,1,1,0,0,0,0,0,1,0,1,0,1,0,1,0,1,1,1,1,1,1
0,1,1,0,1,0,0,0,0,1,1,1,0,0,0,1,0,0,0,1,1,0,0,0,0,1,1,1,1,1,1,0,1,1
1,0,0,1,0,0,0,1,0,1,1,0,1,1,1,1,0,1,0,0,0,1,0,0,1,0,1,0,0,0,1,1,0,0
0,0,0,1,1,0,0,0,0,1,1,1,1,1,1,0,0,0,0,0,0,1,0,0,1,1,0,0,0,0,0,1,0,0
1,1,1,1,1,1,0,1,1,0,1,1,0,0,1,0,1,0,1,1,0,0,0,1,0,1,0,0,1,0,0,0,0,0
1,0,1,1,0,0,0,1,0,0,1,0,0,0,1,1,0,1,0,0,1,1,0,0,1,0,0,0,1,1,0,1,0,0
0,1,0,0,1,1,1,0,1,0,1,1,0,1,0,1,0,0,1,1,0,0,0,0,1,0,1,0,0,0,0,0,0,0
1,1,1,0,0,0,0,0,1,1,1,1,0,0,1,0,0,0,0,1,0,0,0,0,0,0,0,1,0,0,0,0,0,0
0,0,1,0,1,1,1,1,0,1,1,1,1,0,1,0,0,0,0,1,0,1,0,1,1,0,0,1,1,0,0,1,0,0
1,0,1,0,1,0,1,0,0,1,1,1,0,0,1,1,0,1,1,0,1,1,1,0,0,0,0,0,1,1,0,0,0,0
1,0,1,1,1,1,0,1,1,1,0,0,1,0,0,1,0,1,1,0,0,1,1,1,1,1,1,1,0,0,0,1,0,0
1,1,1,0,1,0,0,0,0,1,0,1,0,1,0,1,1,0,0,1,1,0,1,0,0,0,1,0,0,1,1,0,0,0
1,1,0,0,1,1,1,1,0,0,0,1,1,0,1,1,1,0,1,1,0,1,1,0,0,1,0,1,1,0,0,1,0,0
1,0,0,1,1,0,0,0,1,1,0,0,1,1,0,0,1,0,0,0,1,1,1,1,0,0,0,1,1,1,0,1,0,0
1,0,1,1,0,0,0,1,1,0,0,0,1,0,1,1,1,0,0,1,1,0,1,0,1,0,1,0,1,1,0,1,0,0
1,1,1,0,1,0,0,0,1,0,0,1,1,1,0,0,1,0,0,1,1,0,0,0,0,1,1,1,0,1,0,0,0,0
1,1,1,1,0,1,1,1,0,1,0,0,0,0,1,0,0,0,1,0,0,0,1,0,0,1,1,1,1,0,0,0,1,1
0,0,1,0,0,1,0,0,1,1,1,0,1,0,1,1,0,0,0,0,0,1,0,1,0,0,0,1,0,1,0,1,0,0
0,1,0,0,0,1,1,1,1,0,1,0,1,1,0,0,0,0,1,1,0,0,0,1,0,0,0,1,0,0,1,0,0,0
1,1,1,1,1,1,0,1,0,0,0,1,0,0,1,0,1,0,1,0,1,0,1,0,0,0,0,1,0,0,1,1,0,0
1,0,0,0,1,0,0,1,0,1,1,0,0,0,1,0,0,1,1,0,1,1,1,1,1,1,0,1,0,1,1,1,0,0
0,1,1,0,0,0,0,1,1,0,1,1,0,0,1,0,0,1,0,0,0,0,0,0,0,0,0,1,0,1,1,0,0,0
1,0,1,0,1,0,1,1,1,1,1,0,0,1,1,0,0,0,1,1,0,0,0,1,0,1,1,0,1,0,0,1,0,0
1,0,1,0,0,1,1,0,0,0,0,0,0,1,1,1,1,0,0,1,0,0,0,0,0,0,0,0,1,1,0,0,0,0
0,1,1,0,0,0,0,0,0,0,0,1,1,1,0,1,0,0,1,1,1,1,1,1,0,0,1,1,1,0,1,1,0,0
0,1,1,1,1,0,0,0,1,0,1,0,1,0,0,0,0,0,1,1,0,1,1,1,0,1,1,1,1,1,0,1,0,0
1,1,1,0,0,0,0,1,0,1,0,0,1,0,1,0,1,0,0,0,0,0,0,0,1,1,0,1,0,0,1,0,0,0
1,0,1,1,1,1,0,1,1,0,0,1,0,0,0,1,0,1,1,0,1,1,1,1,1,0,1,0,0,0,0,1,0,0
1,1,0,0,0,1,0,1,1,1,0,1,1,1,1,0,0,0,0,1,1,1,0,1,0,1,1,1,1,1,1,1,0,0
1,0,1,0,1,1,1,1,1,0,1,0,0,1,0,1,0,1,1,1,0,0,1,1,1,0,0,1,1,0,0,0,0,0
0,1,1,1,0,0,1,1,1,1,1,0,1,1,0,0,0,0,1,1,1,1,1,0,1,1,0,0,1,0,0,1,0,0
1,1,0,1,0,1,0,0,0,0,1,0,1,1,1,0,0,1,0,1,1,0,0,0,1,0,1,0,1,0,1,0,0,0
1,0,0,0,1,1,0,1,1,0,0,1,0,0,1,1,0,1,0,0,0,0,1,1,1,0,0,1,1,0,1,1,0,0
0,1,0,1,0,1,1,0,0,0,0,1,0,0,0,1,0,0,1,0,1,0,1,0,1,0,1,0,0,1,1,0,1,1
0,1,0,1,1,0,0,0,1,1,1,0,0,0,0,0,0,1,0,0,0,0,0,0,1,0,0,0,0,0,1,1,0,0
1,1,0,1,1,0,0,1,1,0,1,1,1,0,1,0,1,0,0,1,0,1,1,0,0,0,0,0,0,1,1,0,0,0
1,0,1,1,1,0,1,0,0,1,1,0,0,1,1,1,0,1,1,0,0,1,0,1,1,1,1,0,1,1,1,0,0,0
1,0,1,0,0,0,1,1,0,1,0,1,0,1,0,1,0,1,1,1,0,1,1,1,0,0,1,1,1,0,0,1,0,0
1,1,1,1,0,1,1,1,0,1,1,0,0,0,1,0,0,0,1,0,0,0,0,0,1,1,1,1,1,1,0,1,0,0
1,1,0,0,0,0,1,0,1,1,0,0,1,0,0,1,1,0,0,0,0,0,0,0,1,1,0,0,1,0,0,1,0,0
1,1,0,1,0,0,0,0,1,0,1,0,0,1,0,0,0,0,1,1,1,1,1,0,0,1,0,0,0,1,0,1,0,0
0,1,1,0,0,0,0,0,0,1,0,1,0,1,1,1,0,1,0,0,1,1,1,0,0,0,1,0,0,1,0,1,0,0
0,1,0,1,0,1,1,0,0,1,1,0,0,0,1,1,0,1,0,1,0,0,0,1,1,1,0,1,0,1,0,0,0,0
0,1,1,0,1,1,1,1,1,0,0,0,1,1,0,0,0,1,0,0,1,1,1,0,1,1,0,0,1,1,1,0,0,0
0,1,0,1,0,0,0,0,1,0,1,0,0,0,0,0,0,1,0,0,0,1,0,0,1,0,1,1,1,1,1,1,0,0
1,1,1,0,0,1,1,1,0,0,0,0,1,0,0,1,1,0,0,0,0,0,0,0,1,1,1,0,0,1,0,0,0,0
1,1,1,1,1,0,0,0,1,1,0,0,0,1,0,0,0,0,1,0,1,1,0,0,1,0,0,1,0,0,0,1,0,0
1,1,1,0,0,1,0,0,0,1,0,0,1,0,0,1,0,1,0,1,0,0,1,1,0,0,0,1,0,0,1,0,0,0
1,1,0,1,1,0,0,1,1,0,1,1,0,1,1,0,0,0,1,1,1,0,0,1,0,1,0,0,1,0,0,0,0,0
1,0,0,1,1,0,0,1,0,0,1,0,0,1,0,0,0,1,0,1,0,0,0,0,0,0,0,0,0,1,1,1,0,0
1,1,0,1,1,1,0,0,1,0,1,0,1,1,1,1,0,0,1,1,0,0,1,0,1,1,0,0,1,1,0,1,0,0
1,0,0,1,0,0,0,0,1,1,1,0,0,0,1,0,0,1,0,1,0,1,0,1,1,0,0,1,1,1,1,0,0,0
1,1,0,1,1,1,1,1,0,0,0,0,1,0,0,0,0,0,1,1,0,0,0,1,1,1,0,0,0,0,0,1,1,1
1,1,0,1,1,0,0,0,0,0,1,0,0,0,0,0,0,1,0,0,1,1,0,1,1,1,1,1,1,1,1,1,0,0
0,1,1,0,1,1,0,0,0,0,0,0,1,1,1,1,0,1,0,1,1,0,0,0,0,0,0,0,0,0,1,0,0,0
0,1,0,0,1,0,1,0,1,1,0,1,0,0,1,1,0,1,0,0,0,1,1,1,1,1,1,0,0,1,1,0,0,0
1,1,1,1,0,1,1,0,0,0,0,1,1,0,0,0,0,0,1,1,0,1,0,1,1,0,0,1,1,1,0,1,0,0
1,1,0,1,0,0,0,0,1,1,0,1,1,0,1,0,1,0,1,0,0,1,0,0,1,1,0,1,0,1,0,0,0,0
1,0,0,0,1,1,0,1,0,0,0,0,1,0,1,1,0,0,1,0,1,0,0,0,0,0,0,0,0,0,1,0,1,1
1,0,1,1,0,0,1,0,0,1,1,0,1,0,0,0,0,1,1,0,1,0,1,0,1,1,0,1,1,1,0,1,0,0
1,1,1,1,1,1,1,0,0,0,0,1,0,1,1,1,1,1,0,1,1,1,1,0,0,1,1,1,0,1,1,1,0,0
1,0,0,0,1,1,0,0,1,0,1,0,0,1,1,0,0,0,1,0,1,1,0,1,1,1,1,0,1,1,0,0,0,0
0,1,1,1,1,1,0,1,1,1,0,0,1,1,0,0,0,0,0,0,1,1,1,0,1,1,1,1,1,1,1,1,1,1
1,0,0,0,1,1,1,0,1,1,1,1,0,0,0,1,0,0,1,1,1,1,0,1,1,1,1,0,0,0,1,1,0,0
1,1,1,0,0,1,0,1,0,0,0,1,1,0,1,1,1,1,0,1,0,0,0,1,1,0,0,1,0,0,0,0,0,0
0,0,1,0,1,0,1,0,1,1,0,1,1,1,1,0,0,0,0,0,0,1,1,1,0,1,1,0,1,1,1,0,1,1
0,1,1,1,1,1,0,1,1,0,1,1,1,0,0,1,0,0,0,1,1,0,1,1,1,1,1,0,0,1,1,1,0,0
1,0,0,1,1,0,0,0,0,0,1,0,0,0,1,0,0,1,0,1,1,1,1,1,1,0,1,0,0,1,1,1,0,0
0,1,1,1,1,1,0,1,0,1,1,0,1,0,0,0,0,1,1,1,1,0,1,1,0,0,0,1,0,1,1,0,0,0
1,0,1,1,1,1,1,0,0,0,0,0,1,1,0,0,0,0,1,1,0,0,0,0,0,1,1,0,0,0,0,1,1,1
1,0,1,1,1,1,1,1,1,0,0,1,0,0,1,1,1,0,0,1,1,1,1,0,1,1,0,1,1,1,0,1,0,0
0,1,0,0,0,0,0,0,0,1,0,0,0,1,0,1,0,0,0,0,0,1,0,1,0,1,1,1,1,1,1,0,1,1
1,1,0,1,1,1,1,0,0,0,0,0,1,0,1,0,0,0,0,1,0,0,1,1,0,1,0,0,1,1,1,0,1,1
1,1,1,1,0,1,0,1,1,0,0,0,0,0,0,1,0,0,0,0,1,1,0,0,1,1,0,1,0,1,1,0,1,1
1,1,1,0,0,1,0,1,1,0,1,1,1,0,0,0,0,0,1,0,1,0,0,0,1,0,0,1,0,1,0,0,0,0
0,0,1,0,1,0,1,0,0,1,1,1,0,1,0,0,0,0,0,0,1,0,0,0,1,0,0,1,0,0,0,1,1,1
1,0,1,1,0,0,1,1,0,1,0,1,1,0,1,1,1,0,0,1,0,1,1,1,1,0,1,0,0,0,0,0,0,0
0,1,1,1,1,1,0,0,0,1,0,0,0,1,0,1,0,0,1,1,0,0,0,1,0,0,0,1,1,1,0,0,1,1
0,1,0,0,1,0,0,1,0,1,1,0,1,1,0,0,0,0,1,1,0,0,1,0,0,0,1,0,1,0,1,1,0,0
1,1,0,0,1,1,0,0,0,0,0,1,0,0,1,1,0,0,1,0,1,0,0,0,1,0,1,0,1,1,0,1,1,1
0,1,0,1,0,0,0,1,1,1,0,0,0,1,1,0,0,0,0,0,0,1,1,1,1,1,0,1,1,1,0,0,1,1
1,0,0,1,0,1,1,1,0,0,0,0,0,1,0,0,0,1,1,1,1,0,1,1,1,1,1,0,0,0,0,0,0,0
1,1,1,0,1,1,0,1,0,0,0,1,0,0,1,1,0,1,0,0,0,1,0,0,0,1,1,1,1,0,0,1,0,0
1,1,1,0,0,1,0,1,0,0,1,0,1,1,1,1,1,1,0,1,1,1,1,0,0,0,1,1,0,1,0,1,0,0
1,1,0,0,0,1,0,0,0,0,0,1,1,0,1,0,0,0,0,0,0,1,0,1,1,0,1,0,0,1,0,0,1,1
0,0,1,1,1,0,0,0,0,1,0,0,0,0,0,0,0,0,0,1,0,0,1,0,0,0,1,1,1,1,0,0,0,0
1,1,0,1,0,0,1,0,0,0,1,0,1,1,0,1,0,1,1,0,1,0,0,0,0,1,1,1,1,1,0,0,0,0
1,0,0,1,0,1,1,0,1,1,1,0,0,0,0,0,0,0,0,0,1,0,1,0,1,1,1,1,1,1,1,0,0,0
1,0,0,1,0,1,0,0,0,1,0,1,0,1,1,1,0,0,0,1,1,0,1,0,0,0,0,1,1,0,1,1,1,1
1,0,1,1,0,1,0,0,1,0,1,1,0,1,0,0,0,1,1,0,1,0,0,1,0,1,1,0,0,0,0,0,0,0
1,0,0,1,1,1,1,0,0,1,1,0,0,1,0,1,0,1,0,0,0,0,0,1,0,0,0,0,1,0,1,1,0,0
1,1,1,0,1,1,0,0,1,0,1,0,1,1,1,0,1,0,1,0,1,0,0,0,1,0,0,1,1,0,0,1,0,0
1,1,1,1,0,1,1,1,1,0,0,0,1,1,1,1,0,0,0,0,0,1,0,1,1,0,0,0,0,1,0,1,1,2
0,0,1,1,0,1,1,0,0,1,0,1,1,0,0,0,0,0,0,1,1,1,1,1,1,0,0,0,1,1,0,1,1,1
1,1,0,0,0,1,0,0,1,0,1,0,0,0,1,1,1,0,0,0,0,0,1,0,1,1,0,0,1,1,0,0,0,0
1,1,1,0,1,1,1,0,1,1,0,0,1,0,1,1,1,0,1,0,1,1,1,1,0,1,1,0,1,1,0,1,0,0
1,1,0,0,0,1,1,0,1,1,0,1,1,0,1,0,1,0,0,1,0,1,0,0,0,0,0,0,0,1,0,1,0,0
1,0,1,1,1,1,0,1,1,1,0,0,0,0,1,0,0,1,0,0,0,0,1,1,0,1,0,1,1,1,0,0,0,0
1,1,1,1,0,1,1,0,1,1,1,0,1,1,0,1,1,0,0,1,1,1,1,1,1,0,0,1,1,0,1,1,0,0
1,0,1,1,0,1,1,1,0,1,1,1,1,0,0,1,1,0,1,0,0,1,1,0,1,1,1,1,0,1,1,1,0,0
0,0,1,0,1,1,1,1,1,1,1,1,0,1,1,1,0,0,0,1,0,0,0,1,0,0,0,1,0,0,1,0,1,1
1,1,1,0,1,1,0,1,0,1,1,1,0,0,0,1,0,0,0,1,0,0,1,0,1,1,1,0,1,1,1,0,1,1
1,1,1,0,0,0,1,0,1,1,1,0,1,1,0,1,1,1,0,1,1,0,1,0,1,0,0,1,0,0,1,1,0,0
1,1,1,0,0,1,1,1,0,1,1,0,0,0,0,1,0,0,0,0,1,0,0,0,1,0,0,0,1,1,1,1,1,1
1,1,1,0,1,1,0,0,0,0,0,0,1,1,1,0,0,1,0,1,1,1,0,1,0,0,0,1,1,1,1,1,0,0
1,1,0,0,1,1,0,1,0,1,1,0,1,1,0,1,0,1,0,0,1,1,1,0,1,1,0,0,1,0,0,1,0,0
1,1,0,0,0,1,0,0,0,0,1,1,1,1,0,0,0,0,0,1,0,1,1,0,0,0,0,0,0,1,0,1,0,0
1,1,1,1,1,1,1,0,0,1,1,0,0,0,1,1,1,1,1,0,0,0,0,1,0,0,0,1,1,1,0,1,0,0
1,0,1,1,0,0,0,0,0,1,0,0,1,1,0,1,1,0,1,0,0,1,1,0,0,1,1,0,1,0,1,0,0,0
1,1,1,1,0,0,1,1,0,1,0,0,1,1,0,1,1,0,1,0,1,0,1,0,0,0,0,1,1,0,1,1,0,0
1,0,0,0,1,0,1,1,0,0,0,0,0,1,1,0,0,1,0,1,0,0,0,1,0,1,1,0,0,1,0,0,0,0
0,1,1,1,0,1,0,1,1,0,1,1,1,1,0,1,0,0,1,1,0,0,0,1,1,1,0,0,0,1,0,1,0,0
1,0,0,1,1,0,1,1,0,0,0,1,1,1,1,0,1,0,0,1,0,0,1,0,1,0,0,1,1,0,1,1,0,0
1,1,0,0,1,0,1,1,0,0,1,1,0,1,0,1,0,1,0,0,1,1,1,1,1,1,0,0,1,1,0,1,0,0
1,1,0,0,0,0,0,1,1,1,0,0,1,1,1,0,0,0,1,0,1,1,1,1,1,0,0,1,0,0,0,0,0,0
0,1,0,1,1,0,1,0,1,1,0,0,0,1,1,1,0,0,0,1,1,0,0,1,0,1,1,1,0,1,0,0,1,1
0,1,1,1,0,1,0,1,0,0,1,1,0,1,1,0,0,1,0,0,1,1,1,0,1,0,0,1,0,1,1,0,0,0
0,1,1,0,0,1,0,1,1,0,0,0,0,1,1,0,0,1,1,0,0,0,0,0,0,1,0,1,1,0,0,1,0,0
1,0,0,1,1,0,1,1,0,0,1,0,1,1,0,0,0,1,1,0,0,0,1,0,1,1,0,0,0,0,0,0,0,0
1,0,0,0,1,0,1,0,0,1,1,0,1,0,1,1,0,0,0,0,0,1,1,0,0,0,1,0,1,1,0,1,1,1
0,1,1,1,0,0,1,0,1,1,0,0,1,0,0,0,0,0,1,1,0,0,1,0,1,1,0,0,0,0,0,1,0,0
1,1,1,1,1,1,1,0,0,1,1,1,1,0,1,1,0,1,0,1,0,1,0,0,0,0,1,0,1,1,1,0,0,0
0,0,1,1,1,1,1,0,1,0,0,1,0,0,1,1,0,0,0,0,0,0,1,0,1,1,0,1,1,1,1,0,1,1
0,1,0,0,0,0,0,0,0,1,1,1,1,0,1,0,0,0,0,1,0,1,0,0,0,1,1,0,1,0,1,1,0,0
0,1,1,1,1,0,0,1,0,1,0,0,1,0,1,0,0,0,0,0,1,1,0,1,1,0,0,0,1,0,1,0,1,1
1,1,1,1,1,0,1,1,1,0,1,1,0,1,0,1,0,1,1,0,1,1,0,1,1,0,0,0,1,1,1,1,0,0
0,1,1,1,0,1,0,0,0,1,0,0,1,1,1,0,0,0,0,1,0,0,0,1,1,0,0,1,0,0,1,0,1,1
1,1,0,1,0,1,1,1,1,0,1,1,0,0,1,1,0,1,1,0,1,1,1,1,1,0,0,1,0,1,1,1,0,0
1,1,1,1,1,0,1,1,0,0,0,0,0,1,1,0,0,1,0,0,1,0,0,0,1,1,1,1,0,1,0,1,0,0
1,0,1,1,1,0,0,1,1,0,0,1,0,1,0,0,0,0,0,0,1,1,1,1,1,0,0,1,1,0,0,0,1,1
1,1,0,0,0,1,0,0,1,1,0,1,0,1,1,1,1,0,0,1,1,0,0,0,0,0,0,0,1,1,1,0,0,0
1,1,1,1,0,1,1,1,0,0,0,1,1,1,1,0,0,0,1,0,0,0,0,1,0,0,1,1,1,1,1,1,1,1
1,0,0,1,1,1,0,1,1,1,1,1,1,0,0,0,0,1,1,0,1,0,0,0,1,1,0,0,0,0,0,0,0,0
1,1,0,1,0,1,0,0,1,1,0,1,1,0,0,0,0,0,1,1,0,0,0,0,0,0,1,0,1,0,0,0,0,0
0,1,1,1,1,1,1,0,1,0,1,1,1,1,0,0,0,0,0,1,0,0,1,1,1,0,0,1,1,1,1,1,1,1
1,0,0,0,0,1,1,1,1,0,0,0,0,1,1,0,0,1,1,1,1,1,0,0,0,0,0,0,1,1,1,1,0,0
0,1,0,1,0,0,0,0,1,0,1,1,0,1,0,1,0,0,1,1,1,1,1,1,1,0,1,1,0,1,1,0,0,0
1,0,1,1,0,0,0,0,0,0,1,1,0,1,0,0,0,0,0,1,0,0,1,0,1,1,0,1,0,1,1,1,1,1
1,1,0,0,0,0,0,1,0,0,0,1,0,1,1,0,1,0,0,1,1,1,1,1,0,1,0,1,0,1,1,1,0,0
0,1,0,0,0,1,1,0,0,1,0,1,0,1,1,1,0,0,1,0,1,1,0,0,1,0,0,1,1,1,0,1,0,0
1,1,0,0,1,0,0,0,0,0,1,1,0,1,0,0,1,1,0,0,0,1,1,1,1,1,1,0,0,1,0,1,0,0
1,0,1,0,0,1,1,1,0,0,0,1,1,0,1,1,0,1,0,1,1,1,0,1,0,0,0,0,1,0,0,0,0,0
1,1,1,0,0,1,1,0,0,0,1,0,1,1,0,1,0,0,0,0,0,0,0,1,1,1,0,1,1,1,1,1,1,2
1,0,1,0,1,0,1,0,0,1,1,1,1,0,1,0,0,1,1,0,1,1,1,0,0,0,1,1,1,0,1,1,0,0
1,1,0,0,0,1,1,0,0,0,1,0,0,1,1,0,1,0,0,0,0,1,0,1,0,1,1,0,1,0,1,0,0,0
1,1,1,0,0,1,0,0,0,0,1,1,0,1,0,0,1,0,1,1,0,0,0,1,0,0,0,0,0,1,1,1,0,0
1,0,1,1,1,0,1,1,0,0,0,1,1,1,0,1,1,0,0,1,0,1,1,1,0,0,1,1,1,1,1,0,0,0
1,0,1,0,1,0,1,0,0,1,0,1,1,0,1,1,1,0,1,0,0,1,1,1,1,0,0,0,1,1,1,0,0,0
1,1,1,1,1,0,1,1,1,1,1,1,0,0,1,1,0,0,0,0,0,1,1,1,1,0,0,1,0,0,0,0,0,0
1,0,1,0,1,1,0,1,0,1,1,0,0,0,0,0,0,1,0,0,0,0,0,0,1,1,0,0,1,1,0,1,0,0
0,0,1,1,1,1,0,1,1,1,0,1,1,1,0,0,0,0,0,1,1,0,0,0,1,0,1,0,1,1,0,0,0,0
0,1,1,0,0,1,0,1,1,1,1,0,0,0,0,1,0,0,1,1,0,0,1,0,1,1,0,0,0,1,1,1,0,0
1,1,1,0,1,0,1,0,0,1,0,0,1,1,0,0,0,0,0,1,0,1,0,0,0,1,1,0,0,0,0,1,1,1
1,1,0,0,1,1,0,0,1,0,0,1,1,0,0,1,0,1,0,0,1,1,0,1,1,0,1,0,0,0,0,0,0,0
1,0,0,0,0,0,1,1,0,0,0,1,1,0,0,1,0,1,0,1,0,1,1,1,0,0,1,0,1,1,0,1,0,0
1,0,1,0,0,1,1,0,1,0,1,1,1,1,1,1,0,0,0,1,0,1,0,0,1,0,1,0,1,1,0,0,0,0
1,1,1,0,0,0,1,1,0,1,0,0,1,0,1,1,1,0,0,1,1,1,1,0,0,0,0,1,1,1,1,1,0,0
1,1,0,0,0,0,0,0,1,0,0,1,0,1,0,1,0,0,0,1,1,0,1,0,1,1,1,0,1,0,0,1,1,1
1,0,1,1,1,0,1,1,0,0,1,0,0,0,1,1,0,0,1,1,1,1,1,0,1,0,1,1,1,1,0,0,0,0
1,1,0,1,1,0,0,0,1,1,0,1,1,1,1,0,0,1,0,0,0,0,1,1,0,0,0,0,1,0,1,1,0,0
1,1,0,1,1,1,0,0,1,1,1,0,0,0,1,1,0,1,0,1,0,1,0,1,1,1,0,0,1,0,0,1,0,0
1,0,0,0,0,1,1,0,0,1,1,1,0,0,0,0,0,1,0,1,1,0,0,1,0,0,1,0,1,0,1,0,0,0
1,1,0,0,1,0,0,1,0,0,0,0,1,0,1,0,0,0,1,0,0,1,0,1,1,1,1,0,0,0,1,0,1,1
1,0,1,0,0,0,1,0,1,0,0,0,1,1,1,0,0,0,0,0,1,1,0,1,1,0,1,0,0,0,1,0,1,1
1,0,0,1,1,0,0,1,1,1,0,1,0,0,1,0,1,0,0,0,1,0,1,1,0,1,1,1,1,0,0,0,0,0
1,1,1,0,1,1,1,0,0,0,1,0,0,0,0,1,0,0,0,1,1,0,1,0,1,0,1,1,0,0,0,0,1,1
0,1,0,0,0,1,0,0,0,1,1,0,1,1,1,0,0,0,1,1,0,0,1,0,1,0,1,0,1,0,1,0,0,0
0,1,0,1,1,1,0,0,0,0,0,0,1,0,1,1,0,0,0,1,0,0,0,0,0,0,1,0,1,1,1,0,1,1
1,1,0,1,1,0,0,1,0,0,0,0,1,1,1,0,1,0,1,1,1,0,1,0,0,0,1,1,0,1,0,1,0,0
1,1,0,1,0,1,0,0,1,1,1,1,0,1,0,0,1,0,1,1,1,0,1,0,0,1,0,0,1,1,1,0,0,0
1,1,0,0,0,0,0,0,0,0,0,1,1,0,1,1,0,1,0,0,1,1,1,0,1,1,0,0,0,1,0,0,0,0
1,1,1,1,0,0,1,1,0,1,0,0,0,1,0,0,0,1,0,1,1,1,0,0,1,1,0,0,0,0,0,0,0,0
1,1,0,0,0,1,1,0,0,1,0,0,1,0,0,1,0,0,1,1,1,0,0,0,0,1,0,0,1,0,1,1,0,0
1,1,0,0,0,1,0,0,0,0,1,1,1,1,0,1,0,0,1,1,0,0,0,0,1,1,1,0,0,0,1,1,0,0
0,1,1,0,0,1,1,1,0,1,1,0,0,0,0,0,0,0,0,0,1,0,0,1,1,0,0,0,0,1,1,0,1,1
1,0,0,1,0,1,1,0,1,1,0,0,0,0,1,0,0,1,1,1,1,1,1,0,0,0,0,1,0,0,1,0,0,0
1,1,1,0,1,1,1,1,0,0,1,1,0,0,0,1,0,1,0,1,0,0,0,0,1,0,0,1,1,1,1,0,0,0
0,0,0,1,1,1,0,1,0,1,0,1,1,0,1,1,0,0,0,1,0,0,0,0,0,1,0,1,0,0,0,0,0,0
1,0,1,1,0,1,1,0,1,0,0,1,1,0,1,1,1,0,1,0,0,1,0,0,0,0,0,0,1,0,0,1,0,0
0,1,0,0,1,0,1,0,0,0,0,0,1,0,0,1,0,1,0,0,0,1,0,0,0,1,0,0,1,1,1,1,0,0
1,0,1,1,1,0,0,0,0,1,0,0,0,1,1,1,1,0,1,1,0,0,1,1,1,1,1,1,1,0,0,0,0,0
0,1,1,0,1,1,1,1,1,1,0,0,1,1,1,1,0,1,0,0,0,0,0,0,1,0,1,1,1,0,0,0,1,1
0,1,0,1,0,0,1,1,1,1,1,1,0,0,0,1,0,0,1,1,0,0,1,1,0,0,0,0,1,1,1,0,0,0
1,0,1,0,0,0,1,0,0,0,0,1,1,1,1,1,0,0,0,1,0,0,0,0,0,1,1,0,1,0,1,0,0,0
0,0,1,1,1,0,0,0,1,1,1,1,0,0,0,1,0,0,0,1,1,0,1,0,1,1,1,1,1,1,0,1,0,0
0,1,1,0,1,1,0,1,1,1,0,1,1,0,0,1,0,0,0,0,0,1,0,0,1,0,1,1,1,0,1,1,1,1
1,0,0,0,0,1,0,1,0,0,0,0,1,1,1,0,0,1,0,1,0,0,1,0,0,1,0,0,0,0,0,1,0,0
1,1,0,0,0,1,0,1,1,0,0,0,1,1,0,0,0,1,1,1,0,0,0,1,0,1,1,0,1,0,0,0,0,0
1,1,1,0,0,1,1,1,1,1,1,0,1,0,0,0,1,1,0,1,0,1,1,0,1,1,1,1,0,1,0,0,0,0
0,0,1,0,1,1,0,1,1,0,0,1,1,1,0,1,0,0,1,0,0,1,0,0,0,0,0,1,1,0,1,0,1,1
1,0,0,1,0,0,0,1,1,0,0,0,1,0,0,1,0,1,0,1,0,0,1,0,0,1,0,1,0,1,1,0,0,0
1,0,0,0,1,1,0,0,1,1,0,0,1,1,0,1,0,1,1,0,0,1,0,0,0,0,1,0,0,0,1,1,0,0
1,1,0,0,0,1,0,1,0,0,1,0,0,1,1,0,0,0,0,1,0,0,1,1,1,0,0,0,1,1,1,0,1,1
1,0,1,1,0,1,1,0,1,1,1,0,1,1,1,0,0,0,0,0,0,0,1,1,1,0,0,1,0,0,0,0,0,0
1,1,0,0,1,0,0,1,0,1,1,0,0,0,1,1,1,0,0,1,0,1,1,1,1,0,0,0,1,0,1,1,0,0
1,0,1,0,0,1,0,0,0,0,1,1,0,0,0,0,0,0,0,0,0,0,1,0,0,0,1,1,1,0,1,0,1,1
1,1,1,1,1,1,0,0,0,1,1,0,1,0,1,0,1,0,0,1,0,0,1,0,1,1,0,1,1,1,0,1,0,0
1,0,0,0,0,1,0,1,0,0,1,1,0,0,0,1,0,0,0,1,0,0,0,1,1,0,1,0,0,1,1,0,1,1
1,0,1,0,0,0,0,0,0,0,1,1,0,0,0,1,0,0,0,1,1,0,1,0,0,1,1,1,0,1,1,0,1,1
0,0,0,1,0,0,0,1,0,0,1,1,1,1,1,0,0,0,0,0,0,1,0,0,1,0,1,1,0,0,0,1,0,0
0,1,0,1,0,0,0,0,1,0,0,1,1,0,1,0,0,0,1,1,0,0,1,1,0,0,1,0,1,1,1,1,0,0
0,0,1,1,1,0,0,0,0,0,0,1,1,1,1,0,0,0,0,0,0,0,1,0,1,1,1,0,1,0,1,0,0,0
1,0,1,0,1,0,0,0,1,0,1,0,1,1,0,1,0,0,1,0,0,0,1,1,1,1,1,1,1,0,1,1,0,0
1,1,0,1,0,1,0,0,0,0,0,1,0,1,1,1,1,0,0,0,1,0,1,0,0,1,1,0,0,1,1,1,0,0
1,1,0,0,0,1,1,1,0,1,0,1,0,1,1,1,1,0,1,1,1,0,0,1,0,1,0,1,0,1,0,0,0,0
1,0,1,0,0,0,0,0,1,0,0,0,0,1,0,1,0,1,1,0,1,0,0,1,0,1,1,1,1,0,0,1,0,0
1,1,1,1,0,0,0,0,1,1,1,0,1,1,1,0,1,0,0,0,1,0,0,1,1,0,0,1,0,0,0,1,0,0
0,0,1,0,0,0,1,0,0,0,0,1,1,1,0,1,0,0,0,0,1,1,0,1,0,0,0,0,0,0,1,1,0,0
0,0,1,0,0,1,0,0,1,0,1,0,0,1,1,1,0,0,0,1,1,1,0,0,0,1,0,0,0,0,1,1,0,0
1,1,0,1,1,0,1,0,1,1,0,1,0,1,1,1,1,0,1,0,0,1,1,0,0,0,0,0,1,0,1,0,0,0
1,1,1,1,1,1,0,1,0,1,1,1,1,0,0,0,0,0,1,0,1,1,1,0,0,1,0,0,1,0,0,0,0,0
1,0,1,0,0,0,0,1,1,0,0,1,1,1,0,0,0,1,1,0,0,1,1,0,0,1,1,1,1,1,1,1,0,0
1,1,0,1,1,1,0,1,1,1,1,0,1,1,0,1,1,0,1,1,0,1,0,1,0,1,0,0,1,1,1,1,0,0
1,0,1,0,0,0,0,1,0,0,1,1,1,0,0,0,0,0,1,0,1,0,1,0,1,1,0,1,0,0,1,0,0,0
1,1,1,0,1,1,0,1,0,1,1,1,0,1,1,1,0,1,1,0,0,1,0,1,1,0,0,1,1,1,1,0,0,0
1,0,1,1,1,0,0,1,1,1,1,0,1,1,1,0,1,0,1,0,0,0,0,1,0,1,0,1,0,1,1,0,0,0
1,1,1,0,1,1,0,1,1,1,1,0,1,0,0,0,1,1,0,1,1,1,1,0,0,1,1,1,0,1,1,1,0,0
0,1,1,0,1,0,1,0,1,0,0,1,1,0,1,0,0,0,0,0,1,0,0,1,0,1,0,0,0,1,0,0,1,1
0,1,0,0,0,0,1,0,1,0,1,1,1,0,1,1,0,0,1,0,0,0,1,1,1,1,0,1,1,0,1,0,0,0
1,0,0,0,0,0,1,1,1,0,0,1,0,0,0,1,0,1,1,0,0,0,0,1,0,0,0,0,0,1,1,1,0,0
1,1,0,0,1,1,0,1,1,0,1,0,1,0,1,1,0,0,1,0,1,1,0,1,0,1,1,0,0,1,1,1,0,0
1,0,1,0,1,1,1,1,0,1,1,1,1,1,0,1,1,0,0,0,1,0,1,0,0,1,0,0,0,1,1,1,0,0
1,0,1,0,1,1,1,1,0,1,0,0,1,0,0,1,0,0,1,0,0,1,0,1,0,0,0,0,0,1,1,1,1,1
1,1,0,0,0,1,0,1,0,1,0,1,0,0,1,0,0,0,1,0,0,1,1,0,1,1,1,0,0,1,1,1,1,1
1,1,0,0,0,1,1,1,0,1,0,0,1,0,1,0,1,1,0,0,0,0,0,0,1,0,1,0,1,0,1,1,0,0
1,1,1,1,0,0,0,1,1,0,0,0,1,1,0,1,1,1,0,0,0,0,1,1,1,0,0,0,0,1,1,0,0,0
0,0,0,0,0,1,0,1,0,1,0,1,0,0,0,0,0,0,0,0,0,0,0,1,1,0,0,1,1,1,1,1,0,0
0,1,0,0,1,1,0,0,0,1,1,1,0,1,1,0,0,0,0,0,1,1,0,1,0,0,1,0,1,0,1,1,0,0
1,1,0,0,1,1,1,1,1,0,1,1,1,0,0,0,0,0,0,0,0,1,1,1,0,0,1,0,0,1,1,0,1,1
1,0,1,0,0,0,1,1,1,0,1,1,1,0,0,0,0,0,1,1,1,1,1,0,0,0,1,1,0,0,0,1,0,0
1,1,1,0,0,1,1,1,0,0,0,0,0,1,0,0,1,0,0,1,0,0,0,1,0,1,0,0,1,0,1,0,0,0
0,1,0,1,0,1,0,1,0,1,1,1,1,0,0,1,0,0,0,1,0,1,1,1,0,1,1,0,1,1,1,0,0,0
1,1,1,0,1,1,1,1,1,1,1,1,1,0,0,0,1,1,0,0,1,1,1,0,0,0,1,1,1,1,1,0,0,0
0,1,0,0,1,1,1,1,0,1,1,1,0,0,0,0,0,0,1,1,1,1,0,1,0,0,0,1,0,0,1,0,0,0
1,1,1,0,0,0,0,0,1,1,0,0,1,0,1,1,0,1,0,1,1,1,1,0,0,1,0,1,0,0,1,0,0,0
0,1,0,0,0,1,1,0,1,0,1,0,1,1,1,1,0,0,1,1,1,1,0,0,1,0,1,1,1,1,0,0,0,0
0,1,0,1,1,0,0,1,0,0,0,1,1,0,0,1,0,0,0,1,1,1,0,1,0,0,0,0,0,0,1,1,1,1
1,1,1,0,1,0,1,0,0,0,1,1,1,0,1,0,1,1,0,1,0,1,0,1,1,0,0,0,0,1,1,1,0,0
1,1,1,1,0,1,1,1,1,1,0,0,0,0,1,0,0,0,1,1,1,1,0,0,1,0,0,0,0,0,1,0,0,0
1,0,1,1,1,0,1,0,1,1,1,0,0,1,1,1,0,0,1,1,1,1,0,1,1,0,1,1,1,0,0,0,0,0
1,0,1,0,1,1,1,1,0,1,1,1,1,1,1,1,0,1,0,1,1,0,1,0,1,1,0,1,1,0,0,0,0,0
1,1,1,0,0,1,0,0,1,0,0,1,0,0,1,0,0,1,0,0,0,1,0,1,1,1,1,0,1,1,1,0,0,0
0,1,1,1,1,1,0,1,0,0,0,1,1,1,0,0,0,1,0,1,0,1,0,1,0,0,1,0,0,1,1,1,0,0
1,0,1,1,1,1,0,0,1,1,1,0,0,1,0,1,0,1,0,0,1,1,0,1,0,1,1,1,0,0,1,1,0,0
1,0,1,0,1,1,1,0,0,0,0,1,1,0,1,0,0,0,0,1,0,0,0,1,0,1,0,0,0,1,1,0,1,1
1,1,1,0,1,1,0,0,1,1,1,0,1,0,0,1,0,1,0,0,1,0,1,0,1,1,1,1,1,1,0,0,0,0
0,1,0,1,0,1,1,0,0,1,1,0,0,1,0,0,0,1,0,0,0,0,1,0,0,1,1,0,1,1,0,0,0,0
1,1,0,1,0,1,1,1,1,0,1,0,1,1,1,1,1,0,0,1,1,0,0,0,1,1,0,0,1,0,0,1,0,0
0,0,1,1,0,0,1,0,1,1,0,0,0,1,0,1,0,0,0,0,0,1,1,0,1,1,0,0,1,0,0,0,1,1
0,0,0,1,0,1,0,0,0,1,0,0,1,1,1,1,0,0,0,0,0,1,1,0,1,1,1,0,1,1,0,0,0,0
0,1,1,0,0,1,0,1,0,1,1,1,0,0,0,1,0,0,1,0,0,0,0,1,1,1,1,0,1,0,0,0,0,0
1,0,1,1,0,0,1,1,0,0,0,1,0,0,0,1,0,1,1,1,1,1,0,1,0,1,1,0,0,1,1,1,0,0
1,1,0,1,0,1,0,0,0,0,1,0,0,0,0,0,0,0,0,1,0,1,0,1,1,0,0,0,0,1,0,0,1,1
1,1,1,0,1,0,1,1,1,0,1,0,1,0,0,1,1,0,1,0,1,0,1,1,1,1,0,1,0,1,0,1,0,0
0,0,1,1,1,0,0,0,0,1,0,0,0,1,1,0,0,0,0,1,1,1,0,0,1,1,0,0,1,0,0,0,1,1
1,1,1,0,1,1,0,0,1,1,0,1,1,1,0,0,1,0,0,1,1,0,0,0,1,1,1,1,1,0,1,1,0,0
0,1,0,0,1,0,1,0,0,0,1,1,1,1,1,0,0,0,0,1,0,0,0,1,1,0,1,1,0,0,0,1,0,0
1,1,1,0,0,1,1,1,0,1,1,0,1,1,1,0,0,0,1,0,0,0,0,0,1,1,0,0,0,0,0,1,0,0
1,1,1,0,1,1,1,1,1,0,0,0,1,0,0,1,0,0,0,1,0,1,0,1,0,1,0,1,0,0,0,1,1,1
1,1,1,1,1,0,1,0,0,0,1,1,0,0,0,0,0,0,0,1,0,0,1,1,1,0,0,0,1,1,0,0,1,1
0,1,1,0,0,0,1,0,0,0,0,1,0,1,1,1,0,0,0,0,1,1,0,0,1,0,1,1,0,1,0,1,1,1
1,0,0,0,1,1,0,1,0,0,1,0,0,1,1,0,0,1,1,1,1,1,1,1,0,0,0,0,1,1,0,1,0,0
1,1,0,1,0,1,0,0,0,1,1,0,1,0,0,1,1,0,0,0,0,1,1,0,1,1,1,1,1,0,0,0,0,0
1,1,0,0,1,1,0,1,1,0,0,0,1,0,1,0,1,0,0,0,1,0,1,1,0,1,1,0,0,1,1,1,0,0
1,1,0,1,0,1,0,1,0,0,0,1,0,1,0,1,0,0,0,0,0,1,1,1,0,1,0,0,0,1,0,1,1,1
0,1,1,1,0,0,0,0,0,1,0,0,0,1,1,0,0,0,1,0,0,1,1,0,0,0,0,0,0,1,0,0,1,1
1,0,0,0,1,1,1,1,1,0,0,0,0,1,1,0,0,0,1,0,0,0,1,1,1,0,1,1,1,0,0,1,1,1
0,1,0,0,1,0,1,1,1,0,0,0,1,0,1,0,0,0,0,1,1,1,0,1,0,0,1,0,1,1,0,1,1,1
1,0,1,1,1,0,0,1,0,0,1,1,0,1,1,1,0,1,0,0,1,1,0,1,1,0,1,1,1,0,1,0,0,0
1,1,1,1,1,0,1,0,0,1,1,1,1,1,0,0,1,0,1,1,0,1,1,0,0,0,1,0,1,0,1,1,0,0
0,1,0,1,1,0,1,0,1,1,0,0,0,1,0,1,0,1,0,0,0,1,1,1,0,1,1,1,0,0,0,1,0,0
1,0,0,0,1,1,0,1,0,1,0,1,1,1,0,1,0,1,0,0,1,0,1,1,0,0,0,0,0,1,1,0,0,0
0,1,1,1,1,1,0,1,1,0,0,0,1,0,0,0,0,1,1,1,1,0,0,1,1,1,1,0,0,0,0,1,0,0
0,0,0,1,1,0,1,0,1,0,0,0,0,0,0,1,0,0,0,0,1,1,0,1,0,0,1,1,0,1,1,1,0,0
1,0,1,1,0,0,0,0,0,1,0,0,0,1,1,1,0,1,1,1,1,0,1,0,0,1,1,0,0,0,0,1,0,0
1,0,0,1,1,1,1,0,1,0,1,1,0,1,0,0,0,1,0,0,0,1,1,0,1,0,0,0,1,1,0,1,0,0
1,1,1,0,1,0,1,0,0,1,1,1,0,0,0,0,1,0,1,0,0,1,0,1,0,0,0,0,1,1,1,1,0,0
0,1,1,1,0,1,0,1,1,1,0,0,0,1,0,1,0,0,0,0,1,1,1,1,1,1,1,0,0,1,0,1,1,1
1,1,0,1,0,1,1,1,1,1,1,1,0,1,0,0,0,1,0,1,0,0,1,0,0,1,1,0,1,0,0,0,0,0
1,0,0,0,0,1,0,0,0,1,0,1,0,1,0,1,0,1,1,1,1,0,0,1,0,0,1,0,1,1,0,1,0,0
0,0,1,0,0,1,0,1,1,0,1,1,0,0,0,0,0,0,0,1,0,0,0,1,0,0,0,1,0,1,1,0,1,1
1,1,1,1,1,1,0,0,0,1,0,0,0,1,0,0,1,0,1,0,1,1,1,0,0,0,1,1,0,0,1,0,0,0
0,1,0,1,0,1,1,0,1,0,0,0,1,0,0,0,0,0,0,1,1,0,0,1,0,0,1,1,1,0,1,0,1,1
1,1,0,1,0,1,0,1,0,1,1,1,1,1,0,0,0,1,1,1,0,0,0,0,0,1,0,1,0,1,1,1,0,0
1,1,1,1,1,1,1,1,0,1,1,0,1,1,0,1,1,1,1,1,1,0,1,0,1,0,0,1,1,0,0,1,0,0
0,1,1,0,1,0,0,0,0,1,0,1,0,1,0,1,0,1,1,0,0,1,0,0,0,1,1,0,1,0,1,1,0,0
1,0,0,1,1,0,1,0,1,1,0,0,0,0,1,0,1,0,0,0,0,0,1,1,1,0,0,0,1,0,0,1,0,0
1,1,1,0,0,1,0,1,0,1,1,1,1,0,1,1,0,0,0,1,1,1,0,0,0,1,1,0,1,0,0,0,0,0
1,1,0,1,1,1,0,1,1,1,1,0,1,1,1,1,0,0,1,1,0,1,0,1,0,0,1,1,1,0,0,0,0,0
1,0,1,1,1,1,0,1,1,0,0,1,0,0,1,0,0,1,1,0,1,1,1,1,1,1,0,0,1,1,0,0,0,0
1,1,1,1,1,0,1,0,1,1,0,1,0,0,1,1,1,1,0,1,1,0,0,1,1,0,1,1,0,0,1,0,0,0
1,1,1,0,0,1,0,1,0,1,1,1,0,1,0,1,1,0,1,0,0,0,1,1,1,1,0,1,0,0,0,1,0,0
1,0,0,0,0,0,1,0,0,1,1,1,0,0,0,0,0,0,1,1,0,1,1,1,1,0,0,0,1,0,0,1,0,0
0,0,1,1,0,1,0,1,1,0,1,1,0,0,1,1,0,0,1,0,1,1,0,1,0,1,0,0,1,0,0,0,0,0
0,1,0,0,0,1,0,1,1,1,0,1,1,0,0,1,0,0,1,0,1,1,1,0,1,0,0,0,1,0,1,1,0,0
1,0,0,1,1,1,0,0,1,0,0,1,0,0,0,0,0,0,0,0,0,0,0,1,0,1,0,0,0,0,0,1,1,1
1,1,1,1,0,0,0,1,1,1,1,0,1,0,0,1,0,0,0,0,1,1,0,1,0,0,1,1,1,1,0,1,0,0
0,0,1,1,1,0,0,0,1,0,0,0,0,1,0,1,0,0,0,1,0,1,1,1,0,1,0,0,1,0,0,0,0,0
1,0,0,0,1,0,0,1,1,1,0,0,0,1,0,1,0,0,1,1,0,0,1,0,0,1,1,1,0,0,1,0,0,0
1,1,1,0,0,1,1,0,1,1,0,0,1,0,0,1,1,1,0,1,1,0,0,1,1,1,0,1,0,0,1,0,0,0
1,0,0,0,0,1,1,1,1,0,0,0,1,1,0,0,0,0,1,0,0,0,0,0,1,1,0,0,1,0,1,1,1,1
0,1,1,0,1,0,1,1,1,0,1,1,1,1,1,1,0,1,0,0,1,0,0,1,0,0,1,1,1,0,0,0,0,0
1,0,1,1,0,0,1,0,0,1,0,0,1,0,0,1,0,1,0,1,1,1,1,1,1,0,1,1,1,0,0,1,0,0
1,0,0,0,0,1,1,1,1,0,0,0,1,1,0,0,0,1,0,0,1,0,0,1,1,0,1,1,1,1,0,0,0,0
0,1,1,1,0,0,0,0,1,1,0,1,1,1,0,0,0,1,0,1,1,0,0,0,0,1,0,0,1,1,0,1,0,0
0,0,1,1,0,1,1,0,1,1,1,1,1,0,1,0,0,0,0,0,1,1,0,1,0,0,0,1,1,0,0,0,0,0
0,0,0,0,1,0,1,1,0,1,1,0,1,0,0,1,0,0,0,0,0,0,1,1,0,0,1,1,1,0,1,1,0,0
1,1,0,0,1,0,1,0,0,0,1,0,1,1,0,1,0,1,0,1,1,0,0,1,1,1,0,1,0,1,0,1,0,0
1,1,1,1,0,1,0,0,0,0,1,1,0,1,0,0,1,0,1,0,1,0,1,1,0,0,1,1,0,1,1,1,0,0
1,1,0,0,1,0,0,1,0,1,0,0,1,0,1,0,1,0,0,1,1,0,1,1,0,0,1,1,1,1,0,0,0,0
1,1,0,0,1,0,1,0,1,0,1,1,1,0,1,0,0,0,1,0,1,0,0,0,1,0,0,1,0,0,0,0,0,0
0,1,1,1,0,1,0,1,0,0,1,1,1,1,1,0,0,0,1,0,1,1,1,1,1,0,1,1,0,0,1,0,0,0
1,1,1,1,0,1,1,0,0,0,0,1,0,0,1,1,0,1,0,1,1,1,1,1,0,1,1,1,1,0,0,1,0,0
1,1,1,1,1,0,0,0,1,0,0,1,1,1,1,0,0,1,1,0,0,1,1,1,1,1,0,1,1,1,0,0,0,0
0,1,1,1,0,0,1,0,0,0,1,0,0,0,1,1,0,0,1,0,0,0,1,1,1,0,0,1,1,0,0,0,1,1
0,0,0,1,0,1,1,0,1,0,0,0,0,0,0,0,0,0,0,0,0,1,1,1,0,1,0,1,1,1,0,1,0,0
1,0,0,0,1,1,1,0,1,0,0,1,1,0,1,0,0,1,1,1,0,1,1,1,0,0,0,0,1,1,0,1,0,0
0,1,0,0,1,1,0,1,0,1,0,1,0,1,0,1,0,0,0,1,0,0,1,1,0,0,0,0,1,0,1,1,1,1
1,1,1,0,0,1,1,0,0,0,0,0,1,1,1,1,1,0,1,0,1,0,1,1,0,1,1,1,1,0,1,0,0,0
1,1,1,1,1,0,0,0,1,0,0,0,0,0,0,1,0,1,1,1,1,0,1,0,0,1,1,1,0,0,0,0,0,0
1,1,1,0,1,0,1,0,0,0,0,1,0,1,0,0,0,0,1,0,0,1,1,1,1,1,0,0,1,0,1,1,1,1
0,0,0,0,0,1,1,0,0,1,1,0,0,0,1,0,0,0,0,0,0,0,1,1,0,1,0,1,1,1,1,0,0,0
1,0,0,1,0,0,0,1,0,1,0,1,1,1,1,0,1,0,0,0,0,0,0,1,1,1,1,1,1,0,0,1,0,0
1,0,1,0,0,1,1,1,1,1,1,1,0,0,1,1,0,1,0,1,1,1,0,0,1,1,1,1,1,0,0,1,0,0
0,1,0,0,1,0,0,1,0,1,0,1,1,0,0,1,0,0,0,0,1,0,0,0,0,1,0,1,1,1,0,0,1,1
1,0,0,1,0,0,1,0,1,1,1,0,1,0,1,0,1,0,0,0,1,1,1,1,1,0,0,1,0,1,0,0,0,0
1,1,1,1,1,1,0,1,1,0,1,1,0,1,1,1,1,0,0,1,1,1,0,1,1,0,0,1,0,0,0,0,0,0
1,0,0,1,0,0,0,0,1,0,0,1,0,1,1,0,0,1,0,0,1,1,1,0,0,1,1,0,1,1,1,1,0,0
0,1,1,0,0,0,1,1,1,1,0,1,0,1,0,0,0,0,1,0,0,1,0,0,1,0,1,1,1,1,1,0,0,0
0,1,0,0,0,0,1,0,0,1,0,0,1,0,0,1,0,0,1,1,1,0,1,0,0,0,1,0,1,0,1,1,0,0
1,1,1,0,1,1,0,0,0,0,0,0,0,1,1,1,0,1,0,1,1,0,1,1,1,1,1,1,1,0,1,1,0,0
1,1,1,1,0,1,1,0,0,0,1,0,0,0,0,0,1,1,0,0,0,1,1,1,1,1,0,1,0,1,0,1,0,0
0,1,1,0,1,1,0,1,1,0,1,0,0,0,0,0,0,1,1,0,1,0,0,1,0,0,1,1,1,0,1,0,0,0
1,0,1,1,1,0,1,0,1,0,0,0,0,0,0,0,0,0,0,0,0,0,1,1,0,1,0,1,0,0,0,1,1,1
1,0,1,0,1,1,1,1,1,1,0,0,0,0,0,0,0,0,1,1,1,0,1,1,0,0,1,1,0,1,1,1,0,0
1,0,0,1,1,0,1,1,1,0,0,1,0,0,0,1,0,1,1,1,1,0,0,1,0,0,0,0,1,0,1,1,0,0
1,1,1,1,1,1,0,0,0,1,1,0,0,1,0,0,0,1,1,1,1,0,1,0,1,1,1,1,1,0,1,0,0,0
0,0,1,1,1,0,1,1,1,1,1,0,0,0,1,0,0,0,0,0,1,1,0,1,1,0,0,1,1,1,0,0,0,0
1,1,0,1,0,0,0,1,1,1,1,0,1,0,1,1,1,0,1,0,1,0,0,0,1,1,0,0,0,0,1,0,0,0
1,0,1,1,1,1,0,1,0,0,0,0,1,1,1,1,0,0,1,0,1,0,1,1,1,0,0,1,1,0,1,0,0,0
1,1,1,1,0,1,1,0,1,0,1,0,0,1,1,0,0,1,0,0,1,1,0,0,0,1,1,0,1,1,1,1,0,0
1,1,1,1,0,0,1,1,0,0,0,1,0,1,1,1,0,1,0,0,1,1,0,1,1,0,1,0,1,0,0,0,0,0
1,1,0,1,0,0,1,1,0,0,1,0,1,1,0,0,0,1,1,0,0,1,1,0,0,1,1,0,0,1,1,0,0,0
0,0,0,1,1,1,1,0,0,0,0,1,0,1,0,1,0,0,0,0,0,1,1,1,1,0,0,1,0,1,0,1,0,0
1,0,1,1,0,0,0,0,0,0,0,1,0,1,1,1,1,0,0,0,1,0,0,1,0,0,0,0,1,0,1,0,0,0
1,1,0,1,1,1,0,1,0,0,0,1,1,0,0,1,1,0,1,1,1,1,0,1,0,1,0,0,0,1,1,1,0,0
0,0,1,0,0,0,0,1,0,0,0,1,0,1,0,1,0,0,0,1,1,1,1,1,1,1,1,0,0,0,1,0,0,0
0,1,0,0,0,1,0,1,0,0,0,0,1,0,1,1,0,0,0,0,0,0,1,1,1,1,0,1,0,1,0,1,0,0
1,0,1,1,0,1,0,1,0,0,1,1,1,0,1,0,1,0,1,1,0,0,0,1,1,1,1,1,0,0,1,1,0,0
0,0,0,1,0,0,0,1,0,0,1,0,1,1,0,1,0,0,0,0,1,0,1,1,1,0,0,1,1,1,1,0,0,0
1,1,1,1,0,1,1,0,1,0,0,0,1,1,1,0,0,0,1,1,0,0,1,1,1,1,0,0,1,0,1,1,0,0
1,1,1,1,0,1,0,1,0,0,1,1,1,1,0,0,1,0,0,0,0,0,0,0,0,0,1,0,1,0,0,0,0,0
1,1,0,0,1,0,1,1,0,0,1,0,1,1,1,1,0,1,1,1,0,1,0,0,0,1,0,0,1,0,0,0,0,0
1,1,0,1,0,1,0,1,1,0,1,1,0,0,1,1,0,1,1,1,1,1,1,0,0,1,1,0,0,1,1,1,0,0
0,1,0,0,0,1,1,0,1,0,0,1,0,1,1,1,0,0,1,1,0,1,1,1,1,1,0,1,0,1,1,0,0,0
1,1,1,1,1,1,1,0,1,1,0,0,0,0,1,1,0,1,1,1,0,1,0,0,1,1,1,1,0,1,1,0,0,0
1,0,0,0,0,0,1,1,0,0,1,0,1,1,0,1,0,0,1,0,0,0,1,0,1,0,1,1,0,0,1,1,1,1
1,0,0,1,0,0,1,0,1,1,0,1,0,1,1,1,0,0,0,1,1,0,0,0,0,1,0,0,0,0,0,1,1,1
0,1,0,1,1,0,1,0,1,1,0,0,0,1,1,1,0,0,0,0,0,0,1,1,1,1,0,0,0,1,1,0,1,1
1,1,1,0,1,1,1,1,0,1,1,1,1,0,1,0,0,1,0,0,0,1,0,0,1,1,1,1,0,1,1,0,0,0
1,1,1,1,1,0,1,0,0,1,0,0,1,1,1,0,0,1,0,1,0,0,1,1,0,0,0,0,1,0,1,0,0,0
1,0,1,0,0,1,1,0,1,1,0,1,0,1,1,0,0,0,0,1,1,1,0,1,1,0,1,0,0,0,1,1,1,1
1,0,1,1,0,1,0,1,0,0,1,0,1,0,0,0,0,1,1,1,0,0,0,1,0,1,1,0,1,0,0,1,0,0
1,1,0,1,1,0,0,0,0,1,1,0,1,1,1,1,0,1,1,0,0,1,1,0,0,1,1,1,1,0,1,0,0,0
1,1,1,0,0,0,1,0,1,1,1,0,0,0,1,0,0,1,0,1,1,1,1,1,1,0,1,0,1,0,1,1,0,0
1,1,0,1,1,0,0,1,1,1,0,1,0,0,1,1,0,0,0,1,1,1,1,0,0,1,1,0,1,0,0,0,1,1
1,0,0,0,0,1,1,0,1,0,0,1,1,1,1,1,0,1,1,0,1,1,0,1,1,0,0,0,0,0,0,0,1,1
1,0,0,1,0,0,1,0,0,1,0,0,1,1,1,1,0,1,1,1,1,1,1,0,1,1,1,0,1,0,0,0,0,0
1,1,1,1,0,0,0,0,0,0,0,1,1,0,0,1,1,0,0,1,1,0,1,0,0,1,1,1,1,1,1,1,0,0
0,1,0,0,0,1,0,1,1,0,1,1,0,0,0,1,0,0,0,1,0,0,0,0,0,1,0,0,0,0,1,0,1,1
1,1,1,1,1,1,0,0,1,1,0,1,1,1,0,0,0,0,1,1,0,0,0,0,0,1,0,0,1,0,1,0,0,0
1,0,0,0,0,0,0,0,1,1,0,1,1,1,0,0,0,1,1,0,0,0,1,1,0,1,1,0,0,1,1,1,0,0
1,1,0,1,0,0,1,0,1,0,1,0,1,0,1,0,1,0,0,1,1,0,1,0,1,1,1,0,0,1,1,1,0,0
0,1,0,1,1,0,1,1,1,0,1,0,0,0,1,0,0,0,1,1,1,1,1,1,0,0,0,0,1,0,0,0,0,0
1,0,1,1,1,1,1,1,1,0,1,1,0,1,0,0,0,1,1,1,1,0,0,1,1,0,1,1,1,0,1,1,0,0
0,1,1,0,0,0,0,1,1,0,1,1,1,1,1,0,0,0,0,0,1,0,0,1,1,0,1,1,1,0,0,0,0,0
0,1,0,1,1,1,1,0,1,0,1,0,1,1,1,1,0,0,1,1,0,1,0,0,0,0,1,1,0,1,0,0,0,0
0,1,0,0,0,1,1,0,0,1,1,0,0,0,1,1,0,1,0,0,0,1,0,1,1,0,1,0,1,0,1,1,0,0
1,0,1,0,1,0,0,0,1,0,0,1,0,1,0,1,0,0,0,1,1,1,1,1,0,0,1,0,1,1,1,0,1,1
1,0,1,0,0,1,1,0,0,0,0,1,0,1,0,0,0,1,1,1,0,1,1,0,1,0,0,1,1,1,0,1,0,0
1,1,1,1,1,1,1,0,0,1,0,1,0,0,1,0,1,0,0,0,0,0,0,1,1,1,0,1,1,1,0,0,0,0
1,1,0,0,1,1,0,1,1,0,1,0,1,0,1,0,0,0,1,0,1,1,1,0,1,1,0,0,1,1,0,1,0,0
1,1,0,1,1,1,0,0,0,0,1,0,0,0,0,1,1,0,1,1,1,0,0,1,1,0,1,0,0,1,0,1,0,0
1,0,0,0,0,0,0,0,1,0,0,1,1,0,1,1,0,1,0,0,0,1,1,1,1,0,0,1,0,1,1,1,0,0
0,1,1,1,1,1,0,1,1,1,0,1,0,0,0,1,0,1,0,1,0,0,0,1,0,1,1,0,1,1,0,1,0,0
1,0,1,0,1,1,1,1,0,1,0,0,0,1,1,0,0,1,0,0,0,0,1,0,1,0,1,0,1,0,0,0,0,0
1,0,1,1,1,0,1,1,1,1,0,0,0,1,0,1,0,1,0,0,0,1,1,1,0,0,1,0,1,1,1,0,0,0
1,1,1,1,1,1,0,1,1,0,1,0,0,1,0,0,1,0,1,1,1,0,1,1,0,1,0,0,0,1,1,1,0,0
1,0,0,0,1,1,0,1,0,1,1,0,0,0,1,0,0,0,0,1,0,1,1,0,0,1,0,1,1,0,1,0,1,1
1,0,1,1,1,0,1,1,0,1,1,0,0,0,1,1,0,0,0,1,0,1,1,0,0,0,0,1,0,0,1,1,1,1
0,1,1,0,0,1,0,1,1,1,1,1,0,1,0,1,0,1,0,1,0,1,1,1,0,0,1,0,0,0,1,0,0,0
1,1,1,1,0,0,0,1,1,1,0,1,0,1,0,1,0,0,1,0,1,1,0,1,1,1,1,0,1,0,0,1,0,0
1,0,0,1,1,1,0,1,1,0,1,0,1,1,0,0,1,0,0,1,1,0,0,0,0,1,1,1,0,0,1,0,0,0
0,0,1,1,0,1,1,1,1,0,1,0,1,1,0,0,0,0,0,1,1,0,0,1,1,0,1,0,0,1,1,1,1,1
1,0,1,0,0,1,0,0,1,0,1,1,0,0,1,0,0,1,0,0,0,1,0,0,0,1,1,1,1,0,1,1,0,0
1,0,0,1,0,0,1,0,0,0,1,1,0,0,0,1,0,1,1,0,1,1,1,1,1,1,1,1,0,0,1,1,0,0
1,1,0,0,1,0,0,1,1,0,0,1,0,0,1,1,1,1,0,0,1,0,0,1,0,1,1,0,1,0,0,0,0,0
0,1,1,1,1,0,0,0,1,1,0,1,0,0,1,1,0,1,0,1,0,0,0,1,0,0,1,0,1,0,1,1,0,0
1,1,0,0,1,1,1,1,0,1,0,1,0,1,0,1,1,0,1,0,0,0,0,1,0,0,1,1,0,0,0,1,0,0
1,1,1,1,0,1,0,0,1,0,0,1,1,0,0,0,1,1,0,1,0,1,1,0,1,1,1,0,0,1,0,1,0,0
0,0,0,0,1,0,1,1,1,0,1,1,0,0,0,1,0,0,0,0,0,1,1,1,1,0,0,0,0,0,1,1,0,0
0,1,0,1,0,1,0,1,1,1,0,1,0,0,0,0,0,0,0,1,0,1,0,1,1,0,1,0,1,0,1,1,1,1
0,1,1,0,0,1,0,0,0,1,1,1,1,0,0,1,0,1,0,1,1,0,1,1,0,1,1,1,1,1,1,1,0,0
1,0,0,1,0,1,0,1,1,0,0,1,1,0,0,1,0,0,1,0,1,0,0,0,1,1,0,0,1,0,1,0,1,1
1,1,1,0,1,0,1,0,1,0,1,1,1,1,0,1,1,1,1,0,0,1,1,1,1,1,1,0,0,1,1,1,0,0
1,0,0,1,1,1,1,1,0,1,1,0,0,1,0,0,0,0,1,0,0,1,1,0,0,1,1,1,1,1,0,1,0,0
0,1,1,1,1,0,0,1,0,1,0,1,0,0,1,1,0,0,0,0,0,0,0,1,0,0,1,0,0,1,0,0,1,1
1,1,0,0,0,0,0,1,1,0,1,1,1,1,1,1,1,0,1,1,1,0,1,1,1,0,1,1,1,1,1,1,1,1
1,0,0,1,0,1,0,1,1,1,0,1,0,0,1,0,0,0,0,0,1,1,0,0,0,1,1,1,1,1,0,1,0,0
1,0,1,1,1,0,1,1,1,1,1,0,0,1,1,1,0,0,1,0,0,0,1,0,1,0,0,0,0,0,1,0,0,0
1,1,1,1,0,1,1,0,0,1,1,1,1,1,0,0,0,0,1,0,0,1,0,0,0,1,1,1,1,0,0,1,0,0
0,0,1,1,0,0,0,0,1,1,0,0,1,0,1,0,0,0,0,1,0,1,0,1,0,0,0,1,1,1,1,0,1,1
1,0,1,1,1,0,1,1,1,1,1,1,1,1,0,1,0,1,0,0,1,0,0,1,0,0,1,0,0,1,0,1,0,0
0,1,0,1,1,1,0,1,1,1,0,0,0,1,1,1,0,0,0,0,1,0,0,1,0,1,1,0,0,1,1,1,1,1
1,1,1,0,1,1,1,1,1,0,1,1,0,1,0,0,0,1,0,0,0,1,1,1,0,1,1,0,1,1,1,0,0,0
0,1,0,1,1,1,1,1,1,0,0,1,0,1,1,1,0,0,0,1,1,1,0,0,0,1,0,1,1,0,1,0,1,2
1,1,1,0,0,0,1,1,0,1,1,0,0,0,1,0,1,1,0,0,1,0,1,1,1,1,1,1,1,1,0,1,0,0
1,0,0,1,0,0,1,1,1,1,1,0,1,0,1,1,0,0,1,0,0,0,0,1,0,1,1,0,1,0,0,1,0,0
1,0,0,0,1,0,0,1,1,0,1,1,1,0,1,1,0,1,1,0,0,0,0,1,1,0,1,1,0,0,1,1,0,0
1,1,0,1,0,1,1,1,0,1,0,0,1,1,0,1,1,0,0,0,0,0,0,0,0,1,1,1,0,1,1,0,0,0
1,1,1,1,0,0,1,1,1,1,1,0,1,0,0,1,0,0,1,0,1,0,0,0,1,0,0,1,1,0,1,1,0,0
1,1,1,1,1,1,0,1,1,0,1,1,0,0,0,0,0,1,1,1,1,1,1,1,0,0,1,0,0,1,1,1,0,0
0,0,0,1,0,1,0,0,1,1,1,1,1,0,1,0,0,0,0,0,0,1,0,0,0,0,1,0,1,1,0,1,0,0
1,1,1,0,0,1,1,0,0,1,1,1,1,0,1,1,1,1,0,1,0,0,1,1,1,0,0,0,0,0,0,1,0,0
1,0,0,0,1,0,0,0,1,0,0,0,0,0,1,0,0,1,0,0,1,0,0,1,1,1,1,1,0,0,0,1,0,0
1,1,1,0,0,0,0,1,1,1,0,1,1,1,1,1,0,0,1,1,0,1,0,0,1,0,0,0,0,1,1,0,1,1
1,1,0,0,1,0,1,1,1,0,1,1,1,0,1,1,0,1,0,0,1,0,0,0,1,1,0,0,1,0,1,0,0,0
1,0,1,1,0,0,0,1,0,1,0,1,0,0,0,0,0,0,1,1,1,0,1,0,1,0,0,0,0,0,0,1,0,0
0,1,0,1,0,1,0,1,1,1,0,0,0,0,0,1,0,1,0,1,0,0,1,1,0,0,0,1,1,1,0,0,0,0
1,1,0,1,1,0,0,0,1,1,0,1,0,1,1,1,0,0,1,0,0,0,0,1,1,0,0,0,0,0,0,0,0,0
1,1,0,0,0,1,1,0,0,1,1,1,0,1,0,1,0,1,0,1,1,0,0,1,0,1,0,1,1,1,0,1,0,0
0,1,1,1,0,0,0,0,0,0,0,1,1,0,1,0,0,0,1,0,0,0,1,0,1,0,0,0,0,1,0,1,1,1
1,1,1,0,0,0,0,1,1,0,1,0,0,1,1,1,0,1,1,0,0,0,1,0,0,0,0,0,1,0,0,0,0,0
1,0,1,0,1,0,0,1,1,1,1,0,1,1,0,0,0,1,1,1,1,1,0,1,1,0,0,0,1,1,1,0,0,0
1,1,1,0,0,0,1,0,0,0,0,1,0,0,1,1,0,1,0,0,0,1,1,1,1,0,1,1,0,0,0,0,0,0
1,1,1,0,1,0,1,0,1,1,0,1,0,1,0,0,1,0,1,0,0,1,1,0,0,0,0,1,1,0,1,0,0,0
1,1,0,1,1,1,0,0,0,1,0,1,1,0,1,0,0,0,0,0,1,1,0,1,0,0,1,1,0,1,0,0,1,1
1,1,1,1,0,1,0,0,0,0,0,1,0,1,1,1,0,1,0,1,0,1,0,1,0,1,1,0,1,1,1,0,0,0
0,1,0,1,0,0,0,1,1,1,1,0,1,1,1,1,0,1,0,0,1,0,0,0,1,1,1,0,1,0,0,1,0,0
0,1,1,0,0,1,1,0,1,0,0,0,0,0,1,1,0,0,0,0,1,0,0,1,1,0,1,0,0,0,0,1,1,1
1,1,1,1,0,1,0,0,1,1,1,0,0,1,1,1,0,0,0,1,0,0,0,1,1,0,0,1,1,1,1,0,0,0
1,1,1,1,1,1,0,0,0,1,1,1,0,0,0,0,0,0,0,0,1,0,1,1,0,0,0,1,0,0,0,0,1,1
1,1,0,1,0,1,1,0,1,0,1,1,0,0,0,1,0,0,1,0,0,1,0,1,0,1,0,1,0,1,0,1,0,0
1,0,0,1,1,1,1,0,1,0,0,1,1,1,1,1,0,1,1,1,0,1,0,0,0,0,1,0,0,0,1,0,0,0
1,1,1,1,0,0,1,0,0,0,0,0,0,0,1,1,1,1,0,0,1,0,0,0,1,1,1,0,0,0,1,0,0,0
0,1,0,0,0,0,0,0,1,0,0,0,1,0,0,1,0,0,0,1,0,0,1,1,0,1,0,1,0,0,0,0,1,1
1,1,0,1,0,0,0,1,1,0,0,1,0,1,1,0,0,0,0,1,1,1,0,0,0,1,1,0,1,1,1,1,1,1
1,1,1,1,1,0,1,1,0,0,0,1,0,0,0,1,0,1,0,0,1,0,0,1,1,1,1,1,1,1,0,0,0,0
1,0,1,0,1,0,0,1,1,0,1,1,1,1,1,1,0,1,1,0,1,1,0,0,1,0,0,0,0,0,1,0,0,0
0,1,1,0,0,0,1,0,1,1,1,0,1,0,1,1,0,0,0,1,1,1,1,1,0,0,1,0,1,1,0,0,0,0
1,1,1,0,0,1,0,0,1,1,0,1,1,1,1,0,1,0,1,0,0,1,1,1,0,0,0,0,1,0,0,0,0,0
1,0,1,0,0,0,0,1,1,0,0,1,0,0,0,0,0,0,1,0,0,1,1,0,0,1,0,1,0,0,1,0,1,1
1,1,0,0,1,1,1,0,0,1,0,1,1,0,1,0,0,0,1,0,1,0,0,0,0,0,1,1,1,1,0,1,0,0
1,0,0,0,1,1,1,0,1,0,1,1,0,0,0,1,0,0,1,0,0,1,1,1,1,0,1,1,1,1,1,1,0,0
1,1,1,1,1,1,0,0,0,1,0,1,1,0,0,1,0,0,1,1,0,1,0,0,0,0,0,1,1,1,1,0,0,0
1,0,0,1,1,0,0,0,0,1,0,0,1,0,1,1,0,0,0,0,1,1,0,0,0,1,0,1,0,1,0,0,1,1
0,0,0,1,1,0,0,1,0,1,0,0,0,1,0,0,0,0,0,1,0,0,0,0,1,1,0,0,0,1,1,0,0,0
0,0,1,1,1,1,0,1,0,0,1,1,0,1,1,1,0,0,1,0,1,1,0,1,1,0,0,1,0,0,1,0,0,0
1,0,1,1,1,0,1,0,0,1,1,0,0,0,1,0,0,0,0,1,0,1,0,0,1,1,1,0,0,1,0,1,1,1
1,1,0,0,0,1,0,0,0,0,0,0,0,0,1,1,0,1,1,1,0,1,1,1,0,0,1,0,0,1,1,1,0,0
1,0,0,0,0,1,0,0,0,0,0,0,1,0,0,1,0,0,0,1,0,1,0,0,0,0,1,1,1,1,0,1,0,0
1,1,0,1,1,0,1,0,0,1,1,1,0,0,1,1,0,1,1,0,0,0,1,0,0,1,0,0,0,0,1,1,0,0
1,0,0,1,1,1,0,0,0,1,0,1,1,0,1,1,0,1,1,1,1,1,0,0,1,1,1,0,0,1,1,0,0,0
1,1,0,1,0,0,1,1,0,0,1,0,1,1,0,1,1,0,0,1,1,0,0,1,1,0,0,0,0,1,1,0,0,0
0,1,0,1,0,0,1,1,0,1,0,0,0,0,1,0,0,0,1,0,0,0,1,1,0,1,0,0,0,1,1,0,1,1
1,1,0,1,1,1,0,0,0,1,1,1,0,0,0,0,1,0,0,0,0,0,0,0,1,0,0,0,1,0,1,1,0,0
1,1,1,1,0,1,1,0,0,1,0,0,0,1,1,0,1,0,1,0,1,0,0,1,0,0,0,0,0,1,0,1,0,0
1,0,1,0,0,0,1,1,1,1,0,0,0,1,1,0,0,0,0,1,0,0,1,0,1,0,1,1,0,0,0,0,1,1
0,1,0,1,0,0,0,0,1,1,0,0,0,0,0,0,0,0,1,0,1,0,0,1,1,1,0,0,1,1,1,0,1,1
1,1,1,1,1,1,1,0,1,1,0,0,1,1,0,0,0,1,0,1,1,0,0,0,0,1,1,1,0,0,0,1,0,0
0,1,1,1,0,1,1,1,1,1,0,1,0,0,0,1,0,0,0,1,0,0,1,0,1,1,0,1,1,0,0,0,1,1
1,1,1,1,0,1,1,1,0,0,0,0,0,1,1,0,0,1,0,1,1,0,1,1,1,1,0,1,1,1,1,1,0,0
1,1,1,0,0,1,1,0,1,1,0,1,0,1,0,0,0,1,1,0,1,1,0,0,1,0,1,0,1,0,0,0,0,0
0,0,1,0,0,1,1,0,1,1,0,1,1,1,1,1,0,0,0,1,1,1,0,1,0,1,0,0,0,1,0,1,0,0
1,0,1,0,0,0,0,1,1,1,0,0,1,0,1,0,1,0,0,1,1,0,1,1,1,1,1,0,0,1,1,0,0,0
1,1,0,0,1,0,0,0,1,0,0,1,1,0,1,0,0,0,0,1,0,0,0,1,0,1,0,0,1,1,0,0,1,1
0,1,0,1,1,1,0,0,0,1,0,0,1,0,1,1,0,0,0,1,1,1,0,1,1,0,1,1,1,0,0,0,1,1
0,1,0,1,0,0,1,1,1,0,1,0,1,1,0,1,0,0,0,1,1,0,0,0,1,1,0,0,1,0,0,1,1,1
1,1,1,1,0,0,1,0,1,0,0,0,1,0,0,0,1,1,0,0,0,0,1,1,1,0,1,0,1,1,0,0,0,0
0,1,1,0,1,1,0,0,1,1,1,1,0,1,1,1,0,0,1,0,1,1,1,1,1,0,0,1,0,0,0,1,0,0
1,1,1,0,0,1,1,1,0,1,0,0,1,0,1,1,0,1,0,1,1,0,0,0,0,0,1,1,0,1,1,1,0,0
0,1,0,1,1,0,1,1,1,0,0,1,0,0,0,1,0,0,1,1,1,0,1,0,1,1,1,0,0,1,1,1,0,0
1,1,1,0,1,0,0,1,1,1,1,1,1,0,0,1,0,1,1,0,0,1,0,0,0,0,1,0,1,1,1,1,0,0
0,1,1,1,1,1,0,1,0,1,1,0,0,1,1,0,0,0,0,0,0,0,1,0,1,0,0,0,1,1,0,0,1,1
0,1,1,1,0,1,0,0,0,1,0,1,1,1,0,0,0,0,1,1,0,1,1,1,1,0,1,1,0,1,1,0,0,0
1,1,0,1,0,0,1,0,1,1,0,0,0,1,0,0,1,0,1,0,1,0,1,0,1,1,0,0,0,1,1,1,0,0
0,1,0,1,1,1,0,0,1,0,1,1,0,1,0,0,0,1,0,0,0,0,0,0,1,1,1,0,1,0,0,1,0,0
1,0,1,0,0,1,0,0,0,0,1,0,1,0,1,1,0,0,0,1,1,0,1,1,1,1,1,0,0,0,1,0,1,1
1,0,1,0,1,1,1,1,0,0,1,1,1,1,0,1,0,1,1,1,0,1,1,1,1,1,0,1,1,0,1,0,0,0
1,0,1,0,0,0,0,0,1,1,1,0,0,0,1,1,0,0,1,1,0,1,0,1,1,1,1,1,0,0,0,0,0,0
1,0,0,0,1,1,1,1,0,1,1,0,0,0,1,1,0,1,0,0,0,1,0,1,0,0,0,1,0,1,1,0,0,0
1,0,1,1,0,1,0,0,1,0,0,1,0,1,0,1,0,1,1,0,0,0,1,1,1,0,1,0,1,1,0,0,0,0
0,1,1,1,0,0,0,0,0,1,1,1,0,1,0,1,0,1,1,0,0,0,0,0,0,1,0,1,1,1,1,1,0,0
1,0,1,0,0,0,0,0,1,0,0,1,1,1,0,0,1,0,0,1,0,0,0,0,1,0,0,0,0,1,0,0,0,0
1,1,1,0,1,0,0,0,1,0,0,0,1,0,0,0,1,0,0,1,0,1,1,1,1,1,1,1,1,0,0,0,0,0
1,0,0,1,0,0,1,1,1,1,1,0,0,1,0,1,0,0,0,0,1,0,0,1,0,1,0,1,0,0,1,1,0,0
0,1,1,0,0,1,1,0,1,1,1,1,0,0,0,1,0,1,0,1,1,0,1,0,1,1,1,0,1,1,1,0,0,0
1,0,1,1,0,0,1,0,1,1,1,1,0,1,0,1,0,1,0,1,1,0,1,0,0,1,0,0,0,1,0,0,0,0
1,1,1,1,1,1,0,0,1,1,0,1,1,1,0,1,1,1,0,1,1,0,1,1,1,0,1,0,1,0,0,1,0,0
0,1,1,1,1,1,0,0,1,1,1,1,0,1,1,0,0,0,0,1,0,1,0,0,0,1,0,0,0,1,0,1,0,0
0,1,0,1,0,0,1,1,1,0,1,1,0,0,1,0,0,0,1,1,0,1,1,1,1,1,0,0,1,1,0,0,0,0
1,0,1,0,1,1,0,0,1,0,1,0,0,1,0,1,0,0,1,0,0,1,0,1,1,1,1,0,0,0,1,0,1,1
0,1,1,0,1,1,0,1,1,0,0,1,0,1,1,0,0,0,1,1,0,1,0,0,1,0,1,1,0,0,0,1,0,0
0,1,1,0,0,1,0,1,0,1,1,0,1,1,0,0,0,1,0,0,0,0,1,0,1,0,0,1,0,0,0,0,0,0
1,1,1,1,1,0,0,0,0,0,1,1,0,1,1,1,1,1,1,0,0,0,1,1,1,0,0,0,1,1,1,1,0,0
1,0,1,0,1,0,1,1,0,1,0,1,0,0,0,0,0,1,0,1,0,1,1,1,0,0,0,0,1,1,0,1,0,0
1,0,1,0,1,1,1,1,0,1,0,1,0,0,0,0,1,0,0,1,1,1,0,0,1,0,1,0,1,0,1,0,0,0
1,0,1,0,1,0,1,0,0,0,1,1,0,0,1,0,1,0,1,0,0,0,1,0,1,0,0,0,1,1,1,0,0,0
1,1,1,1,1,0,0,0,1,0,1,1,1,0,0,0,1,0,1,0,1,1,1,0,0,0,1,0,0,1,0,1,0,0
0,0,1,1,0,1,1,1,1,1,1,1,0,1,0,0,0,0,1,1,0,1,0,0,1,1,1,0,1,0,1,1,0,0
1,1,1,0,0,0,0,1,0,0,0,1,1,0,1,1,0,1,0,0,1,1,1,1,1,1,1,1,0,1,0,1,0,0
1,1,1,0,1,1,1,1,0,0,0,1,1,0,0,0,0,1,0,1,0,1,1,1,1,0,0,0,1,1,0,1,0,0
1,1,0,0,1,0,1,0,1,0,1,0,0,0,1,0,0,0,1,1,1,1,1,0,0,0,1,0,1,1,0,0,0,0
0,1,1,1,1,0,0,1,0,1,0,1,0,0,1,1,0,0,1,0,1,1,0,1,0,0,0,0,0,1,0,0,0,0
1,0,0,1,1,1,1,0,0,1,0,0,1,1,1,0,1,0,0,1,0,1,0,1,0,1,1,1,1,1,0,1,0,0
0,1,0,0,1,1,1,1,0,1,0,1,0,0,0,1,0,0,1,1,1,0,1,0,0,1,1,0,0,1,0,1,0,0
0,1,0,0,0,1,1,0,0,1,1,0,0,0,1,0,0,0,0,0,0,0,1,1,1,1,1,0,1,0,0,0,1,1
0,1,1,0,1,0,1,1,1,1,0,0,0,1,0,1,0,0,1,0,1,1,1,1,1,1,1,0,1,1,1,1,0,0
1,1,1,0,0,0,1,1,0,1,1,1,1,1,1,0,0,1,1,0,0,1,1,0,0,1,0,1,1,0,1,1,0,0
1,1,1,1,0,0,1,1,0,1,1,1,0,1,0,0,1,0,0,1,1,1,1,1,1,1,0,1,1,0,1,1,0,0
1,1,0,0,0,0,0,0,0,1,1,0,0,0,0,1,0,1,1,0,1,1,1,0,1,1,0,0,1,1,1,0,0,0
1,1,1,0,1,1,1,1,1,1,1,1,0,1,0,1,0,1,0,0,0,0,0,1,1,1,0,0,1,1,0,1,0,0
1,1,1,0,0,1,1,0,1,0,0,1,1,0,0,0,1,0,1,0,1,0,0,1,1,1,1,0,0,1,0,1,0,0
1,0,1,1,1,0,1,0,0,0,0,0,1,1,1,0,1,0,0,0,1,0,1,1,0,1,0,0,0,1,1,0,0,0
1,0,1,1,0,1,1,0,1,0,1,0,0,0,1,1,0,1,0,1,0,0,0,1,0,1,1,0,0,1,0,0,0,0
1,1,1,0,0,0,1,1,0,0,1,1,0,0,0,1,0,0,0,1,1,1,1,0,1,1,1,1,0,0,0,1,1,1
1,0,1,0,0,0,1,1,0,1,0,1,1,1,0,0,1,0,0,0,0,0,0,0,1,0,0,0,1,1,0,0,0,0
0,1,0,1,1,0,1,0,0,0,0,1,0,0,1,0,0,0,0,1,0,1,0,1,0,1,0,1,1,1,0,0,1,1
1,1,0,1,1,1,1,0,0,1,0,1,1,0,0,1,1,0,0,0,0,1,1,1,0,0,1,1,1,1,1,1,0,0
0,0,1,1,1,1,0,1,1,0,0,0,0,1,0,1,0,0,1,0,0,1,0,1,1,0,1,0,1,0,0,1,1,1
0,1,1,0,0,0,0,1,0,1,0,1,0,1,1,1,0,0,0,0,0,1,0,1,0,1,0,0,1,0,1,1,1,1
1,0,1,1,0,0,0,1,0,1,0,1,0,1,1,1,1,0,0,1,0,1,0,0,1,0,1,0,1,1,0,0,0,0
0,1,1,0,1,1,1,0,1,0,0,1,1,0,0,0,0,0,0,1,1,1,0,1,0,0,0,1,1,0,0,1,1,1
1,1,0,0,1,1,1,1,0,0,0,0,1,0,0,0,0,0,1,1,0,1,1,0,0,1,0,0,1,1,0,0,1,1
1,0,1,0,1,0,1,0,0,0,0,0,1,1,1,0,0,0,1,0,0,1,0,1,0,0,1,0,0,0,0,1,1,1
1,1,0,1,1,0,0,0,0,1,0,1,1,0,1,1,0,1,1,1,0,0,0,0,0,0,1,0,1,0,1,1,0,0
1,0,0,0,0,1,1,1,0,1,1,1,0,1,0,0,0,0,0,1,1,1,1,0,0,1,0,0,1,1,0,0,0,0
0,1,0,1,0,0,1,1,1,0,1,1,0,0,1,0,0,0,0,0,1,0,0,0,1,1,1,1,0,1,1,0,1,1
1,1,0,1,1,1,1,1,1,0,1,0,1,1,0,0,1,1,0,1,0,1,1,1,0,1,0,1,1,0,1,0,0,0
0,1,1,1,0,1,1,1,1,1,0,0,0,1,0,0,0,0,1,1,1,0,1,1,1,0,0,1,0,0,1,0,0,0
1,1,0,0,0,0,0,0,1,0,0,1,0,0,0,0,1,0,0,0,1,1,0,0,1,0,1,1,1,1,1,1,0,0
0,1,1,0,1,0,0,1,0,1,1,1,0,0,0,1,0,1,0,0,0,0,0,0,0,0,1,0,1,1,1,1,0,0
1,0,0,0,1,1,0,1,0,0,1,1,0,0,0,0,0,1,1,1,1,1,0,0,1,1,1,1,0,1,1,0,0,0
0,1,1,1,1,0,0,1,0,1,0,0,1,0,0,0,0,0,1,0,0,1,1,0,0,0,1,1,0,1,1,0,1,1
0,0,0,0,1,0,1,0,1,1,0,1,1,0,0,1,0,0,0,0,0,1,1,0,0,0,0,0,0,0,1,1,0,0
1,1,0,0,0,1,0,0,0,1,1,1,1,1,1,0,1,0,0,1,1,0,1,0,1,1,0,0,0,1,1,1,0,0
1,0,1,1,0,1,0,1,1,0,1,1,1,0,1,0,0,1,0,1,1,1,1,1,0,1,0,0,1,0,0,0,0,0
1,1,0,1,1,0,1,1,0,1,1,0,1,0,0,1,0,1,1,1,1,1,1,0,1,1,0,0,0,0,0,1,0,0
1,0,1,0,0,1,0,0,0,1,0,0,0,1,0,1,0,1,1,0,0,1,0,1,0,1,1,1,1,1,1,0,0,0
1,1,0,0,0,0,1,1,1,1,1,0,0,0,0,1,0,0,0,1,0,1,0,0,0,1,1,1,1,0,1,0,0,0
1,1,1,0,1,0,1,0,0,1,1,0,0,0,1,0,0,1,1,1,0,0,0,1,1,0,1,0,1,0,1,0,0,0
1,0,0,1,0,1,0,0,1,1,1,1,1,0,0,1,0,1,1,1,1,0,1,0,1,0,0,1,0,0,0,0,0,0
1,1,1,1,0,0,1,0,0,1,0,1,0,0,1,0,1,0,1,1,1,0,1,0,1,0,1,0,0,0,1,1,0,0
1,1,0,1,1,0,0,1,1,0,1,0,0,0,0,1,0,1,1,1,0,0,0,0,1,1,1,1,0,1,0,1,0,0
1,0,1,1,1,0,0,0,0,0,0,1,0,0,1,1,0,0,0,0,0,1,1,1,0,1,1,0,0,0,1,0,1,1
1,1,1,0,0,0,1,1,1,1,0,1,1,0,0,1,0,1,1,0,1,0,1,1,0,0,1,0,0,1,0,1,0,0
0,1,1,0,1,1,0,0,0,0,0,0,1,1,1,0,0,1,0,1,0,1,1,0,1,1,1,0,0,0,0,0,0,0
1,1,0,0,0,1,1,0,0,0,1,0,0,0,0,0,0,1,1,1,1,1,0,1,0,0,1,1,1,0,0,0,0,0
1,1,1,0,1,0,0,0,1,0,1,0,0,1,1,0,1,0,1,0,1,0,0,0,0,1,1,0,1,0,1,1,0,0
1,0,1,0,0,1,1,0,1,1,1,1,1,0,0,0,0,0,1,1,0,0,0,1,0,1,0,1,0,1,1,1,0,0
1,1,0,1,1,0,1,1,0,0,1,1,0,0,0,0,0,0,1,0,1,0,0,1,1,1,1,0,0,1,1,1,1,1
1,1,0,0,0,1,0,1,1,1,1,0,1,0,1,0,0,1,1,0,0,1,1,1,0,0,1,0,0,0,1,0,0,0
1,1,0,1,1,1,1,1,0,0,1,0,1,0,0,1,1,0,1,1,0,1,1,0,0,0,1,1,1,1,1,0,0,0
1,0,0,1,1,0,0,0,0,0,1,1,0,0,0,1,0,0,1,0,0,1,0,0,0,0,1,1,1,1,0,0,1,1
1,0,1,0,1,0,1,0,0,1,0,1,1,0,1,0,0,0,0,1,1,0,0,1,0,1,0,1,1,0,0,1,1,1
1,1,1,1,0,0,1,0,0,0,1,1,1,0,0,1,1,0,0,1,0,0,1,1,0,0,0,1,1,0,0,1,0,0
1,1,0,1,0,0,1,0,0,0,1,0,0,0,0,0,0,0,0,1,1,0,1,0,0,0,0,1,0,0,0,1,1,1
1,0,1,1,0,0,0,0,1,1,0,0,0,1,1,0,0,1,0,1,1,1,1,0,0,1,0,1,1,1,0,1,0,0
1,1,1,1,0,0,1,1,0,1,0,1,0,0,1,0,0,0,0,0,0,1,0,0,1,1,0,1,0,1,0,0,1,1
1,1,1,1,0,1,1,1,1,0,1,0,1,1,1,0,1,1,1,1,0,0,1,1,1,1,1,0,1,1,0,1,0,0
0,1,1,0,1,1,1,0,1,0,0,0,1,1,1,0,0,1,1,0,0,0,0,1,0,1,1,1,1,0,0,1,0,0
1,1,0,1,1,1,1,0,1,1,0,0,1,0,0,0,1,1,0,1,0,0,1,1,1,0,1,1,0,1,1,1,0,0
1,0,1,1,0,1,1,1,0,1,1,0,0,1,0,1,0,0,0,0,0,0,1,1,1,0,1,0,0,0,0,1,1,1
1,0,0,0,0,0,0,1,1,0,0,0,0,0,0,1,0,1,0,1,1,0,0,1,0,1,0,1,0,1,0,0,0,0
1,1,0,1,1,1,1,1,0,1,0,1,0,1,0,1,0,1,0,0,0,0,1,1,0,0,1,1,1,0,1,1,0,0
1,1,0,0,0,0,0,1,1,0,1,0,0,0,1,0,0,1,1,1,0,1,0,0,0,1,0,0,1,0,1,1,0,0
1,1,1,0,0,0,0,0,0,0,1,1,1,0,0,0,0,0,1,0,1,0,0,0,0,0,1,0,0,1,1,1,0,0
1,1,0,1,0,1,0,1,0,1,1,0,0,1,0,0,0,1,1,1,1,1,0,0,0,1,1,1,1,0,0,0,0,0
0,1,0,1,1,1,1,0,1,0,1,0,0,0,0,0,0,0,1,0,1,1,1,1,0,1,0,1,1,1,0,1,1,1
1,1,1,1,1,1,1,1,1,1,1,1,1,0,1,0,0,0,0,0,0,0,1,1,0,0,0,0,0,1,1,1,0,0
1,1,0,1,1,0,1,0,1,0,1,1,1,1,0,0,1,0,1,0,1,1,0,0,1,0,1,1,0,0,1,1,0,0
1,0,1,0,0,1,1,1,0,1,0,0,1,1,1,1,0,1,0,0,1,1,1,1,1,0,0,1,1,0,0,1,0,0
0,0,0,1,0,0,1,1,0,0,1,1,1,1,0,0,0,0,0,1,0,0,1,0,1,1,1,0,0,0,1,0,0,0
1,1,1,1,1,1,1,1,1,1,0,0,1,0,0,0,0,0,0,1,0,0,1,0,1,0,0,1,0,1,0,0,0,0
1,1,0,1,0,0,0,0,1,1,1,1,1,1,1,0,0,0,0,0,1,1,1,0,1,0,0,1,0,0,0,0,0,0
1,0,0,1,1,0,0,0,1,0,0,0,0,1,0,1,0,1,0,0,1,0,0,1,0,1,0,1,1,1,1,0,0,0
0,0,1,1,1,0,1,1,0,0,0,0,1,0,1,1,0,0,1,0,1,1,0,1,1,1,1,0,0,1,0,1,0,0
1,1,1,0,0,0,0,1,0,1,1,1,1,1,1,0,0,0,0,1,0,1,0,0,0,1,0,0,1,0,1,1,0,0
1,1,0,1,0,1,1,1,1,0,1,0,0,0,1,1,0,1,1,1,0,0,1,1,1,0,1,0,1,0,1,1,0,0
1,1,1,1,1,0,1,1,1,0,0,0,0,0,1,0,1,0,0,0,0,1,0,0,0,0,0,1,0,0,0,1,0,0
1,0,0,1,1,0,0,0,1,0,1,0,0,0,0,0,0,1,0,1,1,1,1,0,1,1,0,0,1,1,0,1,0,0
1,1,0,1,1,0,0,1,0,0,1,0,0,0,0,0,0,1,0,1,0,0,0,1,1,1,1,1,0,0,0,0,0,0
1,0,0,0,0,0,0,1,0,1,1,1,1,1,0,1,0,0,1,0,0,0,0,1,0,0,1,0,1,1,0,0,0,0
1,1,1,0,1,1,1,1,0,1,1,0,0,1,0,0,1,1,1,0,0,1,0,1,1,1,1,1,1,1,1,1,0,0
1,0,1,1,1,1,1,0,0,1,1,0,0,0,1,1,0,0,0,0,0,1,1,0,0,0,0,0,0,1,1,1,1,1
1,0,1,1,1,1,0,1,0,1,1,1,0,0,0,1,0,0,0,0,0,0,0,1,0,0,1,1,0,0,1,1,1,1
1,1,0,0,1,0,1,0,0,1,0,0,1,0,0,1,0,0,1,1,0,0,1,0,0,1,0,0,0,1,1,0,0,0
1,0,1,0,0,0,0,0,0,0,0,1,1,1,0,0,0,0,0,1,0,0,1,1,0,0,0,1,1,1,1,1,1,1
1,0,1,0,1,1,1,1,1,1,0,1,0,1,1,1,0,0,1,1,0,1,0,0,0,0,1,0,0,1,1,1,0,0
0,1,0,1,1,0,0,1,0,1,0,0,1,0,1,1,0,0,0,1,1,1,1,1,0,1,1,1,0,0,1,0,1,1
0,1,1,1,0,0,1,0,1,0,1,1,1,0,0,1,0,0,1,1,1,0,1,0,0,1,1,1,0,0,1,0,0,0
1,1,1,0,1,0,0,0,1,1,1,0,1,1,0,1,0,0,1,0,0,1,1,1,1,1,0,0,1,1,1,1,0,0
1,1,0,1,0,1,0,1,1,0,0,1,1,0,1,1,1,0,0,0,0,1,1,1,0,0,1,1,0,1,1,1,0,0
1,1,0,0,0,0,0,0,1,1,1,1,0,0,0,0,0,1,0,1,1,1,0,1,0,1,1,0,1,1,1,0,0,0
1,1,0,1,0,1,1,1,0,1,0,0,0,0,0,1,0,0,1,1,1,0,0,1,0,1,0,0,1,0,1,1,1,1
1,0,1,1,1,1,1,1,1,0,0,0,0,0,1,1,0,0,1,0,0,1,1,1,0,1,1,1,0,1,0,0,1,1
1,1,0,0,0,1,0,0,1,1,1,1,0,0,0,1,1,0,0,0,1,1,0,1,1,0,0,0,1,0,0,0,0,0
0,0,1,1,1,1,0,0,1,0,1,1,1,0,0,0,0,0,0,0,1,1,0,0,0,1,0,1,1,0,0,1,1,1
0,0,1,0,0,1,1,0,1,1,1,0,0,1,1,1,0,0,0,1,0,1,1,0,1,1,0,0,0,1,0,1,0,0
1,1,0,1,1,1,0,1,1,0,1,0,0,0,1,1,0,0,1,0,1,0,0,1,0,0,0,0,1,0,1,1,1,1
1,1,0,0,0,1,0,1,1,0,1,0,1,0,0,1,1,0,0,0,1,0,1,1,1,0,1,1,1,0,0,0,0,0
1,0,0,0,0,0,0,1,1,0,1,1,1,1,1,1,0,1,1,1,0,0,0,1,0,0,0,0,0,1,0,0,0,0
1,1,1,0,0,0,0,0,0,1,1,0,1,0,1,1,0,0,0,1,0,1,0,0,1,0,1,1,0,1,0,0,1,2
1,0,0,0,1,0,0,1,1,1,1,1,0,1,1,1,0,0,1,1,0,1,1,0,0,0,1,1,0,1,1,0,0,0
0,1,0,1,0,1,1,1,1,0,1,1,1,1,0,0,0,0,1,1,0,0,1,1,1,0,0,0,0,1,1,1,0,0
1,0,1,1,1,0,0,0,1,1,0,1,0,0,0,1,0,0,0,0,1,0,0,1,1,0,0,0,0,0,1,0,1,1
0,1,0,0,0,1,1,0,1,0,0,1,0,0,1,0,0,0,0,0,1,0,0,1,0,0,1,0,1,0,1,0,1,1
1,0,1,0,0,1,0,0,0,0,1,0,1,1,1,1,1,0,0,0,0,0,0,1,1,0,0,1,0,1,0,0,0,0
1,1,0,0,0,1,0,1,1,0,0,0,0,1,0,0,0,0,1,1,1,1,0,0,0,0,0,1,1,1,1,0,0,0
1,0,1,1,1,1,1,1,0,0,1,1,1,0,1,1,1,0,1,1,0,0,1,1,1,1,1,1,1,0,1,1,0,0
1,0,1,1,0,1,1,0,1,1,1,1,1,1,0,0,0,0,1,0,1,1,0,0,0,0,0,0,1,1,0,0,0,0
0,1,1,0,1,0,1,0,0,0,0,0,0,1,0,1,0,1,0,1,0,1,0,0,1,0,1,1,0,1,1,0,0,0
1,0,1,1,1,1,0,0,0,1,1,1,1,1,1,1,1,0,1,0,1,1,1,1,1,1,1,0,0,1,1,1,0,0
1,1,0,1,1,1,0,1,0,1,1,1,1,1,1,1,0,1,0,1,1,1,0,0,0,0,1,0,1,1,0,0,0,0
1,0,1,0,0,0,1,0,0,1,0,0,0,1,1,0,0,0,1,1,0,0,0,1,0,0,1,0,0,1,0,1,1,1
1,1,0,1,1,1,1,0,1,0,1,0,0,1,0,0,0,1,0,0,1,1,1,0,1,1,1,0,0,1,0,0,0,0
0,1,0,1,1,1,1,1,1,1,1,0,0,0,1,1,0,0,1,1,0,1,0,1,1,0,1,1,1,0,0,1,0,0
0,1,0,1,0,1,1,1,1,1,1,1,0,1,0,0,0,0,0,1,0,0,1,1,1,0,1,1,1,1,0,0,0,0
1,1,1,1,1,1,1,0,1,1,1,0,1,1,0,0,1,1,1,0,1,0,0,0,0,0,0,0,0,0,1,1,0,0
0,0,1,0,0,1,0,1,0,1,1,1,0,0,0,0,0,0,0,0,0,0,1,0,1,0,1,0,1,1,1,0,1,1
1,0,0,0,1,1,1,0,0,0,0,1,1,0,0,0,0,1,1,0,0,1,1,1,1,0,1,0,0,0,0,1,0,0
1,1,0,1,1,1,0,1,0,1,0,1,1,0,0,0,1,0,0,1,1,1,1,1,0,1,0,1,1,1,1,1,0,0
1,1,0,0,0,1,1,1,0,1,0,1,0,0,0,0,1,0,1,1,0,0,1,1,1,1,1,0,1,0,1,1,0,0
0,1,1,0,1,1,1,0,1,1,1,0,0,0,1,0,0,1,1,0,1,1,1,0,1,0,0,0,0,1,0,1,0,0
1,1,0,1,1,0,1,0,1,0,1,1,0,1,1,1,0,1,1,0,0,1,0,0,0,1,0,1,1,1,1,1,1,1
1,0,1,0,1,0,0,0,1,0,0,1,0,0,0,0,0,1,1,1,1,1,1,1,0,1,1,0,0,0,1,0,0,0
1,1,0,1,1,0,1,1,0,0,1,0,1,1,1,1,1,0,1,0,1,1,0,0,0,1,0,0,0,0,0,0,0,0
0,1,1,1,1,1,1,0,0,0,1,1,0,0,1,0,0,1,1,1,0,1,0,1,1,0,0,1,1,1,1,0,0,0
0,1,0,0,0,1,1,0,1,0,1,0,1,1,1,1,0,0,0,1,1,0,1,0,0,0,0,1,1,0,0,1,0,0
1,0,1,0,0,1,1,0,0,1,0,0,0,1,0,0,0,0,1,1,1,0,1,0,1,0,0,0,1,1,1,0,0,0
1,1,1,0,0,0,0,1,1,1,1,1,0,1,0,1,0,1,1,1,1,1,1,0,1,0,1,1,1,0,1,1,0,0
1,0,0,0,1,0,1,0,1,1,1,0,1,0,1,1,0,1,0,1,1,1,1,1,1,0,0,1,0,1,1,1,0,0
1,0,0,1,1,1,0,0,1,1,0,0,1,1,1,0,0,0,1,1,0,1,1,1,0,1,1,0,1,1,1,1,0,0
1,0,0,1,0,0,0,0,0,1,1,0,1,0,1,0,0,1,0,0,0,1,0,1,0,1,0,0,0,1,0,1,0,0
1,1,0,1,0,1,1,1,1,0,1,0,1,1,0,0,1,0,1,0,0,0,0,1,0,0,0,1,0,1,0,1,0,0
1,1,0,0,0,0,0,1,0,0,0,1,0,0,1,0,0,0,0,1,1,1,0,1,0,0,1,1,0,0,0,0,1,1
0,0,1,1,0,0,0,1,0,0,1,1,0,0,1,0,0,0,0,1,1,0,1,1,1,1,0,0,0,0,1,0,1,1
1,0,0,0,0,0,0,1,1,1,1,0,1,1,1,0,0,1,1,0,0,0,0,1,1,1,1,0,1,1,1,0,0,0
1,0,1,1,0,0,1,1,1,1,1,0,1,1,1,0,0,1,0,1,1,1,1,0,1,1,1,0,1,0,1,0,0,0
1,0,0,0,0,0,1,1,0,0,0,1,1,1,1,0,0,1,0,0,0,0,0,0,0,1,0,1,0,1,1,1,0,0
1,1,0,0,0,0,0,1,0,1,1,1,0,0,0,0,0,0,1,0,0,1,0,0,0,1,1,0,0,0,1,1,0,0
0,1,0,1,1,1,1,0,0,1,0,1,0,1,1,1,0,0,1,0,0,1,0,0,1,1,1,0,0,0,0,1,1,1
1,1,1,1,1,0,1,0,0,1,0,0,1,0,0,0,0,0,1,0,0,0,0,0,1,1,1,0,0,1,0,0,1,1
1,0,0,1,0,1,1,0,0,1,0,1,0,1,0,0,1,0,0,0,0,0,1,0,0,0,0,1,1,1,1,0,0,0
0,0,0,1,0,1,1,1,1,1,1,1,1,0,0,1,0,0,0,0,1,0,0,0,0,0,0,0,1,1,1,1,0,0
1,1,1,1,0,1,1,0,1,1,0,1,1,1,1,1,0,0,1,0,1,1,1,1,0,0,0,1,0,1,1,1,0,0
1,0,1,0,0,0,0,1,1,0,0,0,0,0,0,0,1,0,0,1,1,0,0,0,0,1,1,1,0,0,0,1,0,0
1,0,1,1,0,1,1,0,0,1,1,0,1,1,0,1,0,1,1,0,1,0,1,1,1,1,0,0,0,1,1,0,0,0
1,0,1,1,0,1,0,1,1,0,0,0,0,1,1,1,0,0,0,0,1,1,0,1,1,1,0,0,1,0,1,0,1,1
1,1,1,0,1,0,0,0,1,0,1,1,1,1,0,1,1,0,1,0,1,1,1,1,0,0,0,1,1,0,1,0,0,0
0,1,0,0,1,0,0,1,0,1,1,1,1,1,1,1,0,0,0,1,1,1,0,0,0,0,0,0,1,1,1,0,0,0
0,0,1,1,1,1,0,0,1,1,0,1,1,0,1,1,0,0,0,0,0,0,1,1,0,1,0,0,0,1,1,0,1,1
1,1,0,0,1,0,0,1,0,0,1,1,1,1,1,1,1,0,0,0,0,0,1,1,0,0,0,0,1,0,1,1,0,0
0,1,1,1,1,1,1,1,1,0,1,0,0,1,0,1,0,0,1,1,1,1,0,1,0,1,1,1,1,0,1,0,0,0
1,0,1,1,0,1,0,1,1,0,1,0,0,0,0,1,0,0,1,1,0,0,0,1,0,1,0,1,0,1,1,1,0,0
0,0,0,0,0,1,0,0,1,0,0,1,1,1,0,1,0,0,0,0,0,1,0,0,0,1,0,1,1,0,1,0,0,0
1,1,0,1,1,0,0,1,1,1,1,1,0,0,0,1,0,0,0,0,0,1,0,0,1,0,0,1,0,1,1,1,0,0
1,1,0,0,1,1,0,0,1,0,0,0,0,1,0,1,0,0,0,0,1,0,0,0,0,0,0,0,0,1,1,1,1,1
1,0,1,0,0,1,0,1,1,0,0,0,0,1,0,0,1,0,0,1,1,0,1,0,1,1,1,0,0,1,0,1,0,0
1,1,1,0,1,0,1,1,0,1,0,1,0,0,0,0,1,0,1,1,1,0,0,0,0,1,1,1,1,1,0,0,0,0
1,1,0,0,1,1,1,1,0,1,0,0,1,1,1,0,0,0,0,1,0,0,0,1,1,1,0,1,0,0,1,0,1,1
1,1,1,0,0,1,0,1,1,0,1,1,0,1,1,0,0,0,1,0,0,1,0,1,1,0,1,1,1,1,1,0,0,0
1,0,1,0,1,0,1,1,1,1,1,1,1,1,0,1,0,1,1,0,1,1,0,0,0,1,1,1,0,0,0,0,0,0
0,1,1,1,0,0,0,0,1,1,1,1,0,0,0,0,0,1,0,1,0,1,1,1,1,0,1,1,1,1,0,0,0,0
1,1,0,0,1,0,0,0,1,0,0,1,0,0,0,1,0,0,1,0,1,1,1,1,1,1,0,0,0,1,1,1,1,1
1,1,1,1,1,0,0,1,1,0,0,0,0,1,1,0,1,0,1,1,0,1,1,1,0,0,1,0,0,0,0,1,0,0
1,1,1,1,0,1,1,0,1,1,1,0,0,0,1,0,0,1,1,1,1,0,1,0,1,0,0,1,1,0,1,0,0,0
1,1,0,1,1,1,0,1,0,1,1,0,1,0,1,1,1,0,0,0,0,1,0,1,0,1,1,0,0,1,0,0,0,0
1,0,0,0,0,1,1,1,0,1,0,1,1,0,1,1,0,0,1,0,0,1,0,0,0,0,1,1,0,1,0,1,1,1
1,1,1,0,0,0,1,0,1,0,0,1,1,0,1,0,1,0,0,0,0,1,0,0,1,1,1,1,0,1,1,0,0,0
1,1,1,0,0,0,0,1,1,1,0,0,0,0,1,1,0,1,0,1,1,0,0,0,0,1,0,0,1,1,0,0,0,0
1,0,1,1,0,0,1,0,1,0,1,1,0,1,1,0,0,1,1,0,1,0,1,0,1,0,1,1,0,1,0,0,0,0
1,1,0,0,0,0,1,0,0,0,1,0,0,0,1,0,1,0,1,1,1,0,0,0,1,1,0,0,1,1,0,0,0,0
1,1,0,0,0,1,1,1,0,1,0,1,1,0,0,1,0,0,1,1,0,0,1,1,0,0,1,0,1,0,1,0,0,0
0,1,1,0,0,1,0,1,0,1,0,1,1,1,1,0,0,0,1,1,1,1,1,1,1,1,0,1,0,1,0,0,0,0
1,1,1,1,0,1,1,0,1,0,0,1,1,0,0,0,1,1,1,0,1,0,1,0,1,1,0,1,0,1,0,1,0,0
0,1,0,0,0,0,0,1,0,1,1,1,0,0,0,1,0,0,0,1,0,1,0,1,1,0,1,1,0,1,0,1,1,1
1,1,1,1,0,0,1,1,1,1,0,0,0,0,0,1,0,1,0,0,0,0,0,1,0,0,1,1,0,0,1,1,0,0
1,0,0,0,0,0,1,0,0,1,0,0,0,0,1,1,0,1,1,1,0,1,1,1,0,0,1,0,0,0,1,0,0,0
0,1,1,1,1,0,0,1,0,0,1,1,1,1,1,0,0,1,1,0,0,0,0,1,1,0,0,1,1,1,1,1,0,0
0,1,0,0,1,1,0,0,1,1,0,1,1,0,1,1,0,0,0,0,1,1,0,1,1,1,1,1,0,1,1,1,1,1
1,0,0,1,1,0,0,1,1,0,0,1,0,1,0,1,0,1,1,0,1,0,1,1,1,0,0,1,1,0,0,0,0,0
1,0,1,0,1,1,1,0,1,0,0,0,1,1,0,0,1,0,0,0,1,1,1,0,0,0,1,1,1,0,1,1,0,0
0,1,1,0,1,1,0,1,1,0,0,0,0,1,0,0,0,1,0,1,0,0,1,0,0,1,0,0,1,0,0,0,0,0
1,0,1,1,0,0,0,1,0,1,0,0,0,0,0,1,0,0,1,1,0,0,1,0,1,0,0,0,1,0,1,0,1,1
0,1,0,1,0,1,1,0,1,1,1,0,1,0,0,1,0,1,0,1,0,0,0,1,0,0,1,1,1,0,1,0,0,0
1,0,1,0,1,0,1,1,1,1,1,0,1,1,0,0,0,1,1,0,0,1,1,0,0,0,1,1,1,0,1,1,0,0
1,1,1,0,1,0,0,1,0,0,1,0,0,0,0,0,0,1,0,0,0,1,0,0,1,1,1,1,1,0,0,1,0,0
1,1,0,1,0,1,0,0,0,0,0,1,1,1,1,0,0,0,1,1,0,1,0,1,0,1,1,1,1,0,0,0,0,0
1,1,1,1,0,0,1,0,0,1,0,1,1,1,1,1,0,1,0,1,1,0,0,1,1,1,0,0,1,1,1,0,0,0
1,1,0,0,1,1,1,1,0,0,1,0,0,0,0,0,0,0,1,0,1,0,0,1,1,0,1,0,1,0,0,1,1,1
1,1,1,1,1,0,0,0,0,1,0,0,0,1,0,1,0,1,0,0,1,1,0,0,1,0,1,1,1,0,0,1,0,0
0,1,1,0,1,1,1,0,0,0,1,0,1,0,0,0,0,0,1,1,0,1,0,0,1,1,0,1,0,0,0,1,0,0
1,0,0,1,0,0,1,1,1,1,0,0,1,0,0,0,0,1,0,1,1,0,1,1,0,1,0,1,1,0,0,0,0,0
1,1,0,1,0,1,1,0,1,1,1,0,1,1,0,1,0,0,0,0,1,1,0,0,0,1,1,0,1,1,1,1,0,0
0,1,0,0,1,1,0,1,0,1,0,0,0,1,0,0,0,0,1,1,0,1,0,0,0,0,0,0,0,0,1,0,0,0
0,0,1,1,1,0,0,1,1,0,0,1,0,0,0,0,0,0,0,0,0,0,1,0,0,1,0,0,1,0,1,1,1,1
1,1,1,1,1,0,1,0,0,0,0,0,0,1,1,0,0,0,0,0,0,1,0,1,0,0,1,1,0,1,1,1,1,1
0,1,0,0,1,0,1,0,0,1,0,0,1,0,0,0,0,0,0,0,0,1,0,0,0,1,0,0,1,0,1,0,1,1
0,0,0,0,1,0,0,0,1,1,0,1,0,0,0,1,0,0,0,0,1,0,0,0,0,1,1,0,0,1,1,0,0,0
1,1,1,1,1,1,0,0,1,0,1,0,1,1,1,0,1,0,0,1,1,0,1,1,0,0,0,0,1,1,0,0,0,0
0,0,0,0,1,1,1,1,0,0,1,0,1,1,1,1,0,0,0,0,1,1,0,0,1,0,1,1,1,1,1,0,0,0
0,1,1,0,0,0,0,1,0,1,0,0,0,0,1,0,0,1,0,0,1,0,1,1,0,1,1,0,1,1,1,0,0,0
0,1,1,0,0,1,0,1,1,1,1,0,1,0,1,1,0,0,1,0,0,1,1,0,1,0,1,0,1,0,0,1,0,0
1,0,1,0,1,0,1,1,1,0,1,1,1,0,1,0,0,1,0,0,0,1,0,1,1,0,1,1,0,0,0,0,0,0
1,1,1,0,0,1,1,0,0,0,1,1,0,1,0,1,1,1,0,0,1,1,0,0,1,1,0,0,1,0,1,1,0,0
0,1,1,1,0,1,0,0,1,0,1,1,0,0,1,0,0,0,0,1,0,1,1,1,1,0,1,0,0,1,0,1,1,1
0,1,1,1,0,1,0,1,1,0,0,1,1,0,0,1,0,1,1,0,1,1,1,0,0,1,0,0,1,0,0,0,0,0
1,1,1,1,1,1,1,1,1,1,1,0,0,0,1,0,1,0,1,0,0,0,1,1,0,1,1,0,1,0,0,0,0,0
1,0,0,1,0,1,0,0,0,1,1,1,0,0,1,0,0,1,1,0,1,1,1,1,0,0,1,1,0,0,0,1,0,0
1,1,0,0,0,0,1,0,1,0,0,0,1,1,1,1,0,1,0,1,1,0,0,0,1,1,0,0,1,1,1,0,0,0
0,1,1,0,1,1,1,1,0,0,0,0,1,0,1,1,0,0,1,1,1,1,0,1,1,0,1,1,0,1,0,0,0,0
1,1,1,0,1,1,1,1,0,1,1,1,0,1,1,1,0,0,0,0,0,1,0,0,0,0,1,1,0,0,1,0,1,2
1,0,1,0,0,1,0,1,1,1,1,0,0,1,0,0,0,1,1,0,0,0,1,1,1,0,1,0,0,0,0,0,0,0
1,1,1,0,0,1,1,0,0,1,1,1,1,1,0,0,1,0,1,0,0,1,0,0,1,0,0,0,0,0,1,1,0,0
1,1,1,1,0,1,0,1,0,1,0,0,1,0,1,0,1,1,1,0,1,0,1,1,0,1,1,0,0,1,1,1,0,0
1,1,0,1,1,1,1,0,0,0,1,0,0,0,1,0,0,0,0,1,1,0,0,0,1,1,0,1,0,0,1,0,1,1
1,0,1,1,0,0,0,1,0,1,0,1,1,1,0,0,0,0,1,1,0,1,0,0,0,0,1,1,0,1,1,0,0,0
0,1,0,1,0,1,0,0,1,0,1,1,0,0,1,1,0,0,0,1,0,0,0,0,1,1,1,0,0,0,0,0,1,1
0,1,1,1,0,1,1,1,1,0,1,1,0,1,1,1,0,0,0,0,1,0,1,0,0,0,0,0,1,1,0,1,0,0
0,0,1,0,0,0,0,1,0,1,1,1,0,1,1,0,0,0,0,0,0,0,0,1,0,0,0,0,1,1,1,1,0,0
0,1,0,1,0,0,0,0,0,1,1,0,1,0,1,1,0,0,0,0,0,1,1,1,1,1,0,0,0,1,0,1,1,1
0,1,1,1,1,0,1,0,1,1,0,1,1,0,1,1,0,1,1,0,1,0,0,1,1,1,0,1,1,1,1,1,0,0
1,1,0,0,1,1,1,0,0,1,1,1,1,1,0,1,0,0,1,1,0,0,1,1,1,1,0,0,0,0,0,1,0,0
1,1,1,0,1,0,1,1,0,1,1,0,1,1,1,0,1,0,1,1,0,0,1,0,0,0,0,0,0,0,0,1,0,0
1,1,1,0,1,0,0,0,1,1,1,1,0,0,0,0,0,1,0,0,0,1,1,0,1,0,0,1,0,0,0,1,0,0
1,0,0,0,0,0,0,1,0,0,1,1,1,1,0,1,0,1,1,0,0,0,0,1,0,1,1,1,1,0,0,0,0,0
0,1,0,1,1,0,1,1,1,1,1,1,1,1,1,0,0,0,0,1,0,0,0,1,1,0,0,1,1,1,1,0,0,0
1,1,1,0,0,1,0,1,1,0,0,0,0,1,1,0,0,1,0,1,1,0,1,1,1,0,0,1,1,1,1,1,0,0
0,1,1,1,1,1,1,1,0,0,1,1,1,0,0,0,0,1,0,0,0,0,0,0,1,1,1,1,0,0,1,1,0,0
1,1,0,1,0,1,0,1,1,1,1,0,0,0,0,0,0,1,1,0,1,1,1,0,0,1,0,1,1,1,0,1,0,0
0,1,1,0,1,1,1,1,1,1,1,1,1,0,1,1,0,1,0,0,0,0,0,1,0,1,0,0,0,0,0,1,0,0
1,0,1,0,1,0,1,0,0,0,0,0,0,0,1,1,0,0,1,1,0,1,1,1,0,1,1,1,1,1,1,0,1,1
0,1,1,0,0,0,1,1,1,0,1,1,0,0,0,1,0,1,1,0,0,0,1,1,0,0,1,0,1,0,0,0,0,0
1,0,0,1,0,1,0,0,1,1,1,1,1,1,1,1,0,1,0,0,0,1,1,1,1,0,0,1,0,0,0,1,0,0
1,1,1,1,1,0,0,1,1,1,0,0,1,0,0,1,1,0,1,0,1,1,0,1,0,0,1,1,0,1,1,1,0,0
1,1,0,1,0,0,0,1,0,0,1,0,1,1,0,1,0,0,0,0,1,0,0,1,0,1,0,0,1,0,1,1,1,1
1,0,1,1,0,1,1,1,0,1,0,0,1,0,0,0,0,1,1,1,0,1,0,1,0,0,0,0,1,1,1,1,0,0
1,0,1,0,1,0,0,1,1,0,0,0,0,0,1,0,0,0,0,0,0,1,0,1,0,0,0,1,0,0,0,1,1,1
1,1,0,1,1,0,0,1,1,0,1,1,1,1,0,0,1,1,0,1,0,1,1,1,0,1,0,0,0,1,0,0,0,0
1,0,1,0,0,1,1,1,0,0,0,1,1,0,0,1,0,1,1,0,1,1,1,1,0,1,0,1,0,0,0,0,0,0
1,1,1,1,0,0,1,1,0,1,0,1,1,1,1,0,0,1,0,1,1,1,0,0,1,0,0,1,1,0,1,0,0,0
1,0,0,0,0,0,0,1,0,0,1,1,0,0,1,1,0,1,0,0,0,0,0,0,1,1,1,1,1,1,0,0,0,0
0,1,1,0,0,1,0,0,1,1,0,0,1,0,0,0,0,1,0,0,0,0,1,1,1,0,0,1,1,1,1,1,0,0
0,0,1,1,1,1,0,1,0,1,0,0,0,0,1,0,0,0,1,1,1,0,0,0,0,0,1,1,1,1,1,1,0,0
1,0,0,0,1,0,1,1,1,0,1,0,1,1,0,0,0,0,0,1,0,0,0,0,0,1,0,1,0,1,0,0,1,1
1,1,0,0,0,1,1,0,0,1,0,0,0,0,1,0,0,1,0,0,1,0,1,1,0,1,0,1,1,1,0,1,0,0
1,0,1,1,1,0,1,1,1,1,1,0,1,0,1,0,0,0,1,1,1,0,1,1,0,0,0,1,1,0,1,0,0,0
1,0,1,1,1,0,1,1,0,1,0,0,1,1,0,0,1,0,0,0,0,1,1,0,1,0,0,0,1,0,0,0,0,0
0,1,1,1,0,1,1,0,0,1,1,0,1,1,1,1,0,1,0,0,1,1,0,0,1,0,0,1,1,1,1,1,0,0
1,0,1,1,1,0,1,1,1,0,1,1,0,0,1,0,0,0,0,1,0,1,1,1,1,1,0,1,0,1,0,0,1,1
1,0,0,1,1,0,1,0,0,0,0,1,1,1,0,0,0,0,0,0,0,0,1,0,0,1,0,0,1,1,1,0,1,1
1,1,0,0,0,1,0,1,0,0,0,0,0,0,1,0,1,0,0,0,1,1,0,0,1,0,1,1,1,0,0,1,0,0
1,1,1,1,0,1,1,0,1,1,1,1,1,0,0,0,0,1,0,1,0,1,0,0,0,1,0,1,1,1,0,0,0,0
0,1,1,1,1,0,1,0,1,1,0,0,1,1,1,1,0,0,0,0,1,0,0,0,1,1,1,0,0,1,0,0,0,0
1,0,1,1,0,0,1,0,1,1,1,0,1,1,0,1,0,1,1,0,1,0,1,1,0,0,1,0,1,0,0,1,0,0
1,1,1,0,0,1,0,0,0,0,0,0,0,1,1,0,1,0,0,1,0,1,1,0,0,1,1,0,0,0,0,0,0,0
1,1,1,0,0,1,1,0,1,1,0,0,0,0,1,0,0,1,1,0,1,1,1,0,0,0,0,1,1,0,0,0,0,0
1,1,1,0,0,0,0,1,1,1,0,1,0,1,1,0,0,1,0,0,1,1,1,1,0,0,0,1,1,0,1,0,0,0
0,0,1,0,0,0,0,1,1,0,0,0,1,0,0,0,0,0,0,1,0,0,1,1,1,0,0,1,1,0,1,1,0,0
1,1,0,0,1,1,0,1,1,1,1,1,1,0,1,1,0,0,0,1,0,0,0,1,0,1,1,1,1,0,0,0,0,0
1,1,1,1,0,0,1,0,0,0,0,1,1,1,0,0,0,1,0,1,1,1,0,1,1,0,0,0,0,0,0,1,0,0
1,0,1,1,0,1,0,1,1,1,0,0,1,0,1,1,1,0,0,1,1,1,1,0,1,0,1,0,1,1,0,0,0,0
1,0,0,0,0,1,1,1,0,0,1,0,1,1,1,1,1,0,0,0,0,0,1,0,1,0,1,0,1,0,0,1,0,0
0,1,1,1,1,0,1,1,0,0,1,1,0,1,1,1,0,1,0,1,1,0,0,0,1,1,0,0,1,0,1,1,0,0
1,0,1,1,0,1,1,1,0,1,1,0,1,0,1,1,1,0,0,0,0,0,1,1,1,1,1,0,1,0,0,0,0,0
0,0,1,1,1,1,0,0,1,0,1,0,0,0,1,1,0,0,0,0,1,0,0,1,1,1,0,1,0,0,0,1,1,1
1,1,0,1,0,0,0,0,1,0,0,1,0,1,1,0,0,0,0,0,1,0,0,0,1,1,0,1,1,1,0,1,1,1
1,1,0,0,0,0,0,1,0,1,1,1,0,0,1,0,0,1,1,1,1,0,1,0,0,0,1,1,1,1,0,1,0,0
1,1,1,1,1,0,1,0,1,1,0,1,1,0,1,0,0,1,0,0,1,1,0,0,1,1,1,1,0,1,1,0,0,0
1,1,1,1,0,0,0,1,0,0,0,1,0,0,0,0,1,1,0,1,0,1,1,1,1,1,0,0,1,0,1,1,0,0
1,0,0,0,1,1,1,0,0,0,0,1,0,0,0,0,0,1,0,1,1,1,0,1,1,1,0,0,0,1,1,0,0,0
0,1,1,0,0,0,0,0,0,0,1,1,0,0,1,1,0,0,1,0,0,1,0,0,0,1,1,1,0,0,1,1,1,1
0,1,1,1,0,0,1,0,0,0,0,0,1,0,0,0,0,1,1,0,0,0,0,0,1,0,0,1,1,0,1,1,0,0
1,1,0,0,0,1,1,1,0,0,0,0,0,0,1,0,0,1,0,1,0,0,1,0,0,0,0,0,0,1,0,0,0,0
0,1,1,1,0,1,1,1,1,1,1,0,0,0,1,1,0,1,0,1,1,1,0,0,1,0,1,0,0,1,1,0,0,0
1,1,0,0,1,1,0,1,0,0,0,1,1,0,1,1,1,0,1,1,0,1,1,0,0,0,1,1,1,1,0,1,0,0
1,0,0,1,0,1,1,1,0,0,0,1,0,0,1,1,1,0,0,0,0,0,0,0,1,1,0,0,1,1,1,0,0,0
1,1,0,0,0,1,0,0,1,0,1,1,1,1,1,0,0,0,0,1,1,0,1,0,1,1,0,0,0,1,1,0,0,0
1,0,0,0,1,1,0,1,1,1,1,0,1,0,1,0,0,1,0,0,1,0,0,0,0,1,1,1,0,1,0,0,0,0
0,0,1,1,1,0,0,0,1,1,0,1,0,0,0,1,0,0,1,1,0,0,0,1,1,1,0,1,0,1,1,0,0,0
1,0,1,1,1,1,1,0,0,0,1,1,0,1,0,1,0,0,0,0,0,1,1,0,1,1,1,0,0,1,1,0,1,1
0,1,1,0,0,0,1,1,1,1,0,0,1,1,0,1,0,1,0,1,1,1,0,1,1,1,0,1,0,0,1,1,0,0
0,0,1,1,1,1,1,1,0,1,0,1,1,1,0,1,0,0,0,1,0,1,1,1,0,0,0,1,0,0,1,0,1,1
0,1,0,0,0,0,1,0,0,1,1,1,0,1,1,0,0,0,1,1,0,1,0,0,1,0,1,1,0,0,1,0,0,0
1,0,0,0,0,0,1,1,1,0,1,1,1,1,0,1,0,0,0,1,1,1,0,1,1,0,0,1,0,0,1,0,0,0
1,1,1,0,0,0,1,0,1,0,1,0,0,1,0,0,1,0,1,0,1,0,1,1,0,0,1,1,1,0,0,0,0,0
0,1,0,0,1,1,0,1,0,1,0,1,1,0,0,1,0,1,0,0,0,1,0,0,0,0,0,0,1,1,0,1,0,0
1,1,0,0,1,0,0,0,0,0,0,1,0,0,1,0,0,0,0,1,0,1,0,1,1,0,1,0,1,1,0,1,1,1
1,1,1,0,1,0,1,0,0,0,0,1,1,0,1,1,0,1,1,1,1,1,1,0,1,1,0,0,1,1,1,0,0,0
1,1,1,1,0,0,0,0,1,0,1,0,1,1,1,1,1,0,0,0,1,0,1,1,0,1,1,1,0,1,1,1,0,0
1,1,0,0,1,1,0,0,0,0,1,1,1,0,1,0,0,0,1,0,1,1,0,0,1,0,0,0,0,0,1,1,0,0
0,0,0,1,0,1,1,0,0,1,1,1,1,0,1,0,0,0,0,1,0,0,1,1,1,0,1,1,0,1,0,0,0,0
0,1,1,1,1,0,1,1,1,1,0,0,0,0,1,1,0,0,0,1,1,0,0,1,1,1,1,0,1,1,0,0,1,1
1,0,1,1,0,0,1,0,1,1,1,0,1,0,0,0,0,0,1,1,1,0,0,0,1,0,0,1,0,1,0,0,0,0
0,1,1,0,0,0,1,1,0,1,0,0,0,1,1,0,0,0,1,1,1,0,0,1,1,1,0,1,0,1,0,1,0,0
1,1,1,1,0,1,1,1,1,1,1,1,0,1,0,0,0,0,1,0,0,0,0,1,1,1,1,0,0,1,1,1,0,0
1,0,1,1,1,0,1,1,1,1,0,1,0,0,1,1,0,0,1,1,0,1,1,0,0,1,0,1,0,1,0,0,0,0
1,1,0,0,0,1,1,0,1,0,1,1,1,0,1,0,0,0,1,1,1,1,1,1,0,0,1,1,0,1,1,1,0,0
0,1,1,0,1,1,0,1,1,1,0,1,0,1,1,0,0,0,0,0,1,1,1,1,0,1,0,1,0,0,1,1,1,1
0,0,1,1,0,0,0,1,1,1,0,0,1,0,1,0,0,0,0,1,1,0,1,1,1,0,0,1,0,1,1,0,1,1
1,1,1,0,1,1,1,1,1,0,0,1,0,1,1,0,1,1,1,0,0,0,0,1,1,0,0,1,0,1,0,1,0,0
0,1,1,1,0,1,0,0,0,1,1,1,1,1,0,1,0,0,0,0,0,1,1,0,0,1,0,1,0,0,0,1,0,0
1,1,1,1,0,0,0,0,0,0,1,0,1,1,1,0,0,0,1,1,0,0,0,0,0,1,1,0,1,0,0,1,0,0
0,0,1,1,0,0,1,0,1,0,0,1,1,0,1,1,0,0,0,1,1,1,0,1,1,1,1,0,0,0,1,0,1,1
0,1,0,1,0,1,1,0,0,0,1,1,0,1,1,0,0,1,0,1,0,0,0,1,1,0,1,0,0,1,1,1,0,0
1,0,1,0,1,0,0,1,0,0,0,0,0,0,0,1,0,0,1,0,1,1,1,0,0,1,0,0,1,0,0,0,1,1
0,1,0,1,1,1,0,0,0,0,1,0,0,1,1,1,0,1,0,1,1,0,0,0,1,0,1,0,1,0,1,0,0,0
1,1,1,1,0,0,0,0,0,0,1,0,0,0,0,1,1,0,1,1,0,1,1,0,1,1,1,1,1,0,1,1,0,0
1,0,1,1,1,0,1,0,1,0,0,1,0,1,0,1,0,0,1,1,1,0,0,1,1,1,0,1,1,0,0,1,0,0
1,0,0,0,0,1,1,0,1,0,0,1,1,0,1,1,0,1,0,0,0,1,1,0,1,0,0,0,0,0,0,1,0,0
0,1,1,0,1,1,0,0,0,0,0,0,1,0,1,1,0,1,0,1,0,0,1,1,0,1,0,0,0,1,1,0,0,0
1,1,1,0,0,0,0,1,1,1,1,0,0,1,1,1,0,1,0,1,0,1,0,1,0,1,0,0,0,1,0,1,0,0
1,1,0,0,1,0,0,0,1,0,1,0,0,1,1,0,0,1,0,0,0,1,0,1,0,1,0,1,0,1,0,0,0,0
1,0,0,1,0,0,1,1,0,0,0,1,1,1,1,0,1,0,0,0,1,1,1,0,1,1,1,0,0,0,0,1,0,0
0,1,0,0,0,0,0,0,1,0,1,1,0,1,0,1,0,0,0,1,1,1,1,0,1,1,0,1,1,0,1,1,1,1
1,0,1,1,1,0,1,1,1,1,1,0,1,1,0,1,1,0,0,1,0,1,0,0,0,1,1,1,0,0,0,0,0,0
1,1,1,1,1,0,0,0,0,1,1,0,0,1,1,0,0,0,0,0,1,1,0,0,1,0,1,0,1,0,1,1,1,1
0,1,1,0,1,1,0,0,1,1,0,0,0,0,0,0,0,0,0,0,1,1,0,0,1,1,0,0,1,1,1,1,1,1
0,0,0,1,1,1,1,0,0,1,1,1,0,1,1,0,0,0,0,1,1,1,0,0,1,1,0,0,0,1,0,0,0,0
0,1,1,1,0,0,1,1,1,0,0,1,1,1,1,1,0,0,0,0,1,1,1,1,1,1,1,0,1,1,1,0,0,0
1,0,0,0,1,1,0,1,1,0,0,0,0,0,1,1,0,0,0,1,0,0,1,1,1,0,1,0,0,1,0,0,1,1
1,0,1,1,0,0,0,1,0,1,0,1,0,1,1,0,0,1,1,1,0,1,0,1,0,0,0,0,0,0,1,1,0,0
1,1,1,0,1,1,0,1,1,0,0,1,0,0,1,1,1,0,1,0,0,1,1,0,0,1,1,1,0,1,0,1,0,0
1,0,0,1,1,0,0,0,0,1,1,0,1,0,0,0,0,1,0,1,1,1,0,1,0,1,0,0,1,1,0,1,0,0
1,1,1,0,1,0,0,1,0,0,1,0,0,1,0,1,0,1,1,1,0,0,1,1,0,1,1,0,1,1,1,1,0,0
1,0,0,0,0,0,0,0,1,1,0,1,1,1,0,1,0,1,1,1,0,0,1,0,0,1,0,1,0,1,1,1,0,0
1,1,0,0,1,1,1,0,0,1,0,0,1,1,1,1,1,1,0,0,0,0,0,1,0,0,1,0,1,0,0,1,0,0
1,0,1,1,0,1,1,1,1,1,1,1,0,0,0,0,0,0,0,1,0,1,1,1,1,0,0,1,1,1,1,0,0,0
0,1,1,1,0,1,1,1,0,0,0,0,0,0,0,1,0,1,0,1,1,1,1,0,0,0,0,1,1,0,0,0,0,0
1,1,1,0,1,1,1,0,0,1,1,0,0,1,0,0,0,1,1,0,1,0,0,1,0,1,0,0,1,0,1,0,0,0
0,1,1,0,1,1,1,0,1,0,1,1,1,0,1,1,0,0,0,1,1,0,1,1,0,1,1,0,0,0,0,1,0,0
1,0,0,1,0,1,0,0,1,1,0,1,1,0,1,1,0,1,0,1,0,0,0,0,1,0,0,1,1,0,0,1,0,0
1,1,1,1,0,1,1,1,0,1,0,1,1,1,1,0,1,0,1,1,1,0,0,1,0,0,0,0,1,0,1,0,0,0
0,0,1,1,0,0,1,1,1,1,0,0,0,1,0,0,0,0,0,1,0,1,0,1,1,0,0,1,1,0,0,1,1,1
0,1,1,1,0,0,1,1,1,1,1,1,1,0,0,1,0,1,0,1,0,0,0,0,0,1,0,0,0,0,1,0,0,0
1,1,1,1,1,1,1,0,1,0,0,0,1,1,1,0,0,1,0,0,1,0,1,0,1,0,1,0,0,1,1,0,0,0
1,1,0,1,1,1,0,1,0,1,1,0,1,1,0,0,0,1,0,0,0,1,0,1,0,0,1,0,1,0,1,0,0,0
0,0,1,0,0,1,0,1,0,1,1,0,1,1,0,0,0,0,0,0,0,0,1,0,0,0,1,1,1,0,0,0,0,0
0,1,1,1,1,0,0,0,1,0,1,0,1,0,0,0,0,0,1,0,0,1,1,0,1,1,1,0,0,1,1,1,1,1
1,1,0,1,0,0,1,1,1,1,1,1,1,1,1,1,1,1,0,0,1,0,0,1,1,1,1,1,0,1,0,1,0,0
1,1,0,0,0,0,1,0,1,1,1,1,1,1,1,0,1,0,1,1,1,0,1,1,1,0,1,1,0,1,1,0,0,0
1,0,0,0,1,0,0,1,0,1,1,0,1,1,0,1,0,1,1,1,1,0,1,1,1,1,0,1,1,0,0,1,0,0
1,0,0,1,1,0,0,0,1,1,1,1,0,1,1,1,1,0,0,1,0,0,1,1,1,0,0,1,1,1,0,1,0,0
0,1,1,1,0,1,0,1,1,0,1,1,1,1,1,1,0,1,0,0,0,1,1,0,1,1,0,0,0,0,0,1,0,0
1,0,1,0,0,0,1,1,1,0,0,1,0,0,1,0,0,0,0,0,0,0,1,0,0,1,1,0,1,1,0,0,1,1
1,1,0,0,1,1,1,0,0,0,0,0,0,1,0,1,1,0,0,0,0,0,0,1,0,1,0,0,0,0,0,1,0,0
1,1,1,1,0,0,1,0,1,0,1,1,1,0,1,0,0,1,0,0,0,0,1,1,0,1,0,1,0,1,0,1,0,0
1,1,1,0,0,0,1,1,1,0,0,1,1,0,0,0,1,0,0,1,0,1,1,0,0,1,1,0,0,0,1,0,0,0
1,0,0,1,1,0,0,1,1,1,1,1,1,1,1,0,0,0,1,1,0,0,1,1,0,0,0,0,0,0,1,1,0,0
1,1,0,1,0,1,1,0,1,1,0,0,1,0,1,0,0,0,1,0,1,0,0,0,0,0,0,0,1,0,0,1,0,0
1,1,1,1,1,0,0,0,1,1,1,0,1,1,1,0,0,0,0,1,0,0,1,0,0,1,0,1,0,0,1,0,0,0
1,1,0,1,0,1,0,1,0,1,0,0,1,0,1,0,0,1,0,0,1,1,0,1,1,0,0,1,1,1,0,0,0,0
1,1,1,0,1,1,0,1,1,0,0,0,0,1,1,1,1,0,1,1,1,1,0,0,0,1,1,1,1,1,0,0,0,0
1,1,0,1,1,0,1,1,0,1,0,0,1,1,0,0,0,1,0,0,0,0,0,1,1,1,0,0,0,0,1,1,0,0
1,0,1,0,1,1,1,0,1,1,0,1,0,0,0,1,1,0,0,1,1,1,1,0,1,0,0,1,0,1,1,1,0,0
1,1,0,1,1,0,0,0,0,0,1,1,0,0,0,1,0,1,0,0,1,0,1,1,0,0,0,0,0,0,1,0,0,0
1,1,1,0,1,0,0,1,0,1,1,0,0,0,1,0,0,0,1,0,0,0,0,0,0,0,1,1,1,1,0,0,0,0
1,0,1,0,1,0,0,0,1,0,0,1,1,1,1,1,0,1,0,0,1,0,0,0,0,1,0,1,0,0,1,1,0,0
0,1,0,1,1,0,0,1,1,1,0,1,0,1,0,0,0,0,0,0,1,1,1,0,1,1,0,0,1,0,1,1,1,1
0,1,0,1,1,1,0,0,1,1,0,0,0,0,1,0,0,1,0,0,1,1,1,0,0,1,1,0,1,1,0,0,0,0
1,0,0,0,0,1,1,1,0,0,1,1,1,1,0,1,0,1,0,0,0,1,1,1,0,0,1,1,0,1,1,0,0,0
0,1,0,1,1,1,0,0,0,0,1,1,0,0,0,1,0,0,0,0,0,1,0,1,0,0,1,1,1,1,1,0,1,1
1,1,0,1,1,1,1,0,1,0,0,0,0,0,1,1,0,0,0,1,0,0,1,0,0,1,0,0,1,0,0,0,1,1
1,1,1,0,1,1,1,1,1,0,1,0,0,0,1,1,0,1,0,0,1,0,0,1,0,0,1,0,1,1,0,0,0,0
1,0,0,1,0,0,0,0,1,0,1,1,0,1,0,1,0,0,0,0,0,1,0,1,1,0,1,1,1,1,0,0,1,1
1,1,1,1,0,0,0,1,1,1,1,1,0,1,1,0,1,0,1,1,0,1,1,0,0,0,1,1,1,1,1,0,0,0
1,0,1,1,0,0,0,0,1,1,0,0,1,0,0,0,1,0,0,0,0,1,1,1,0,1,1,1,1,1,0,1,0,0
1,1,1,0,0,0,1,0,1,1,1,0,0,0,1,1,1,1,0,1,1,0,0,1,0,0,1,1,1,0,1,0,0,0
1,0,1,0,0,1,0,1,1,0,1,1,1,1,0,0,0,0,1,0,1,0,0,0,0,1,0,0,0,0,1,0,0,0
1,0,0,1,0,0,0,1,0,0,1,1,0,0,0,1,0,0,1,0,1,0,0,1,1,1,1,0,0,0,1,1,1,1
0,1,1,1,1,1,1,1,0,1,0,0,0,1,1,1,0,0,0,0,1,1,0,0,1,0,1,1,0,1,1,0,1,1
0,1,0,1,1,0,0,1,1,1,0,1,1,1,1,1,0,1,0,0,0,0,1,1,0,1,1,0,1,0,1,0,0,0
1,0,0,0,1,1,1,0,1,0,0,1,1,0,0,0,0,1,1,0,0,1,0,1,1,1,0,0,0,0,1,1,0,0
1,1,1,0,0,1,0,1,1,1,1,0,0,0,0,1,1,1,0,1,1,0,0,1,1,0,0,1,0,1,0,0,0,0
1,1,0,0,0,1,1,0,0,1,0,1,0,1,1,1,1,0,0,1,1,0,1,0,0,0,1,0,0,1,1,0,0,0
1,1,0,1,0,0,0,1,1,0,0,1,1,0,0,1,0,1,1,0,1,1,0,0,0,0,1,1,0,1,1,1,0,0
0,0,1,0,1,1,0,1,1,0,1,1,1,0,1,1,0,0,0,0,0,0,1,1,0,1,1,0,0,1,1,0,1,1
1,1,1,0,1,0,1,0,1,1,1,1,1,1,0,0,0,0,1,0,1,1,1,0,0,1,0,1,0,0,0,0,0,0
0,1,1,1,1,1,1,0,1,1,0,0,1,1,0,1,0,1,0,1,1,0,1,0,0,0,1,1,1,1,1,1,0,0
1,1,0,0,1,1,0,1,1,0,1,0,0,0,1,0,0,0,0,1,1,1,0,1,1,1,1,0,0,0,0,0,1,1
0,1,1,1,1,0,1,0,0,1,1,1,0,1,0,1,0,1,1,1,0,1,0,0,1,1,0,0,0,0,1,1,0,0
0,1,0,1,0,1,1,1,0,1,1,0,0,0,0,0,0,0,1,0,0,1,1,1,0,1,0,0,0,0,0,1,0,0
1,0,0,1,1,0,1,0,1,1,1,1,1,0,1,1,0,0,1,1,1,1,0,1,1,1,0,1,1,0,1,1,0,0
1,1,0,1,0,0,1,1,0,0,0,0,1,1,0,0,1,0,1,1,0,1,0,1,1,0,1,1,0,0,0,1,0,0
1,1,0,0,0,1,0,0,1,1,0,0,1,0,1,1,0,1,0,1,0,1,0,0,0,1,1,1,1,0,0,1,0,0
0,1,1,1,1,1,0,1,1,0,0,1,1,1,1,0,0,0,1,0,1,0,1,0,1,0,0,1,1,1,1,0,0,0
1,0,0,1,0,0,1,0,1,1,0,1,1,0,0,1,0,0,1,1,1,0,1,1,0,0,1,1,1,0,0,1,0,0
0,0,1,0,0,1,1,1,0,0,0,1,0,1,1,0,0,0,0,1,0,1,1,0,1,1,1,0,0,1,0,1,0,0
1,1,0,0,1,1,1,1,0,0,0,1,0,0,0,0,0,0,0,1,1,0,0,1,1,1,0,1,0,0,0,1,1,1
0,0,1,1,0,0,1,0,0,1,1,1,0,0,0,0,0,0,0,1,0,0,0,0,0,1,0,1,0,0,0,1,0,0
1,0,1,1,1,1,0,0,1,1,0,0,1,0,0,1,0,0,1,0,0,0,1,1,1,1,1,0,0,1,1,1,0,0
1,0,1,1,0,1,1,1,0,1,1,1,0,0,0,1,0,0,1,0,1,0,1,0,0,0,0,1,1,0,0,0,0,0
1,0,1,0,0,0,0,1,0,1,1,1,0,0,1,1,0,1,1,0,0,0,0,0,1,1,0,0,1,0,0,1,0,0
1,1,1,1,1,1,1,0,0,1,0,0,0,1,0,1,1,1,1,0,0,1,1,1,1,1,0,0,0,0,1,1,0,0
1,1,1,0,1,1,1,0,1,0,1,0,1,0,0,0,0,1,1,0,0,0,1,1,0,1,1,0,1,1,1,0,0,0
0,1,1,1,0,1,0,1,1,0,0,1,1,1,0,1,0,0,1,0,1,1,0,0,1,1,0,0,1,1,1,1,0,0
1,1,1,1,0,0,1,1,0,1,1,1,0,1,1,1,1,1,1,1,0,0,1,0,0,0,0,1,0,0,1,1,0,0
1,0,1,1,1,1,1,0,1,0,0,0,0,0,1,0,0,1,1,0,1,1,1,0,0,0,1,0,0,1,0,0,0,0
1,0,0,0,1,0,0,0,0,1,0,1,1,1,1,1,0,1,0,0,1,0,1,0,0,0,0,1,1,0,0,1,0,0
0,0,1,1,1,1,0,0,1,0,1,1,0,0,1,1,0,0,1,0,1,0,0,0,0,1,0,1,0,0,0,0,0,0
1,1,0,1,0,0,1,0,0,0,1,0,1,0,0,0,0,0,0,0,0,1,1,0,1,1,0,0,0,1,1,1,1,1
1,0,0,1,0,1,1,0,1,0,0,0,1,1,0,0,0,1,1,0,1,0,1,1,0,1,1,0,1,0,0,0,0,0
1,1,1,1,0,1,0,0,1,1,1,1,0,1,1,1,0,0,0,1,1,1,1,0,1,0,1,1,1,1,1,1,0,0
1,1,1,0,0,1,0,0,1,0,0,1,0,0,0,0,0,1,0,1,1,0,0,1,1,0,1,1,1,0,1,0,0,0
1,0,0,1,1,1,1,0,1,0,1,1,0,0,0,1,0,0,0,1,1,1,0,1,1,1,0,1,1,1,1,0,1,1
1,1,1,1,0,0,0,0,1,0,1,1,0,1,1,0,0,0,0,1,0,1,0,1,1,0,0,0,0,1,1,1,1,1
1,1,0,1,1,0,1,0,0,1,0,1,1,1,1,0,0,1,0,0,1,0,1,1,0,1,0,1,1,0,1,1,0,0
1,1,1,1,1,1,0,0,0,0,0,0,1,1,1,0,1,0,0,0,1,1,1,1,1,1,1,1,1,1,0,0,0,0
1,0,1,1,0,0,1,1,0,1,1,1,1,1,1,0,1,0,0,0,1,1,1,1,0,0,0,0,1,0,1,0,0,0
1,0,1,1,1,1,0,1,0,0,0,0,0,1,1,1,0,1,1,0,0,0,1,1,0,1,1,0,1,1,0,1,0,0
1,1,1,1,0,0,0,1,0,1,0,1,1,1,0,1,1,0,1,1,1,0,1,0,0,1,0,1,0,0,1,0,0,0
1,0,0,0,1,0,0,1,1,1,0,1,1,1,0,1,0,0,0,1,0,1,1,0,0,1,1,1,0,0,1,1,0,0
1,0,1,0,0,0,1,0,0,1,0,1,0,0,0,1,0,1,0,0,1,1,1,1,1,0,0,1,0,1,1,0,0,0
1,1,0,0,0,1,0,0,1,0,0,0,1,0,0,1,1,0,0,1,0,0,0,1,1,0,0,1,1,1,1,1,0,0
1,0,1,1,0,1,1,0,1,0,0,0,1,0,0,0,0,1,0,1,0,0,0,0,1,1,1,0,0,1,0,1,0,0
1,1,1,0,1,0,0,1,1,1,0,0,0,0,0,1,1,0,0,1,0,1,0,1,0,1,1,1,1,0,0,0,0,0
0,1,1,1,0,0,0,0,0,1,0,1,0,1,1,0,0,0,0,1,0,0,1,1,1,1,1,0,1,0,1,0,1,1
1,0,0,0,1,0,0,1,0,0,1,0,1,1,1,0,1,0,0,0,0,1,1,1,1,1,0,0,1,0,1,1,0,0
1,0,1,0,1,1,0,0,0,1,0,1,1,0,1,1,0,0,0,1,0,0,0,0,0,1,0,0,1,1,0,1,1,1
1,0,0,1,1,1,1,0,0,0,1,0,0,1,1,1,0,0,1,1,1,0,1,1,0,1,1,0,0,0,0,0,0,0
0,1,1,1,0,0,0,0,0,1,1,1,0,1,1,1,0,0,1,0,1,0,0,1,1,0,0,0,0,0,0,0,0,0
0,1,1,1,1,0,0,0,0,0,1,1,0,0,1,1,0,0,1,0,0,0,0,1,0,0,1,0,0,1,1,1,1,1
1,1,1,0,1,0,1,0,1,0,1,1,1,0,1,0,1,1,0,1,1,0,1,1,1,0,1,0,1,1,0,0,0,0
1,0,1,1,0,1,1,1,0,0,1,0,1,1,0,0,0,0,1,1,1,1,1,0,0,1,0,0,0,1,0,0,0,0
1,1,1,1,1,0,1,1,1,1,0,0,0,1,0,1,1,1,0,0,1,0,1,0,0,1,0,1,1,1,1,0,0,0
0,0,0,0,1,0,1,0,0,0,1,1,1,1,1,1,0,0,0,0,1,0,0,1,0,1,1,1,0,0,1,0,0,0
1,1,0,0,1,1,1,0,1,1,1,0,1,1,0,1,0,1,0,0,1,0,1,1,0,0,1,1,0,1,0,0,0,0
0,1,1,1,1,1,1,0,1,1,0,0,0,0,0,0,0,1,1,0,0,0,1,1,1,1,1,1,1,1,0,1,0,0
1,1,0,1,0,1,0,1,0,1,1,0,1,0,0,1,0,0,1,0,1,0,1,1,1,0,1,1,1,1,0,1,0,0
0,1,0,1,1,1,0,1,0,0,1,1,0,0,0,0,0,0,0,0,0,1,1,1,0,1,0,0,1,0,1,0,1,1
1,1,0,1,0,0,1,0,1,1,0,1,0,1,0,0,1,1,0,0,0,0,1,0,0,0,0,0,0,1,1,0,0,0
1,0,0,1,1,0,1,0,1,1,0,0,0,0,0,1,0,0,1,0,1,0,1,1,0,1,1,0,1,1,1,1,1,1
1,1,1,0,0,0,0,0,1,0,0,1,0,0,1,0,0,0,0,0,0,1,0,0,0,1,1,0,1,1,0,0,1,1
1,0,1,1,1,0,1,0,0,1,1,0,0,1,1,0,0,1,1,1,0,0,1,0,1,1,0,0,1,1,0,0,0,0
0,0,1,1,1,0,1,0,1,1,0,0,0,1,0,0,0,0,0,1,0,0,0,1,1,1,0,1,1,0,1,0,1,1
1,0,1,0,1,1,0,1,1,0,0,0,0,0,1,0,0,1,0,1,1,0,1,0,0,1,1,0,0,0,0,0,0,0
1,0,0,0,1,0,1,1,0,1,1,1,1,0,0,1,0,1,1,0,0,1,0,1,0,0,0,0,0,0,1,0,0,0
0,1,0,1,0,1,1,0,0,0,1,0,1,0,1,1,0,0,1,1,1,0,0,1,0,0,0,1,0,0,0,0,0,0
1,0,0,0,0,1,0,0,0,0,0,1,1,1,0,0,0,0,0,1,0,1,1,0,1,1,0,1,0,0,0,0,1,1
1,0,0,0,0,0,1,1,1,0,0,0,1,0,1,0,0,1,0,0,1,1,1,1,0,1,1,1,0,0,0,1,0,0
0,1,0,1,1,0,0,1,0,0,1,0,1,0,1,0,0,0,0,1,1,0,0,0,1,1,0,1,1,0,1,0,1,1
0,1,0,1,1,0,1,0,0,0,1,0,0,0,1,1,0,0,1,0,0,1,0,0,0,0,0,0,1,1,1,1,1,1
1,0,1,1,1,1,0,1,1,0,0,1,0,1,1,1,1,0,1,1,1,0,0,1,0,0,1,1,1,1,1,0,0,0
0,1,0,1,0,0,0,1,1,1,0,0,0,0,0,0,0,1,0,0,1,0,0,0,0,0,0,1,0,0,1,0,0,0
1,0,0,1,1,0,1,1,0,0,0,1,0,0,1,0,0,0,1,0,0,1,1,1,0,0,0,1,1,0,0,1,1,1
1,1,0,0,1,0,1,0,1,0,1,1,1,0,1,0,1,0,0,0,0,0,0,1,0,0,0,1,1,0,1,0,0,0
1,1,0,1,1,0,1,1,0,1,1,1,0,0,1,0,1,1,0,0,0,0,1,0,1,0,1,1,1,0,0,1,0,0
1,1,1,0,1,1,0,1,1,0,1,1,0,0,1,1,0,1,1,1,1,1,0,1,1,1,0,0,1,1,0,1,0,0
1,0,1,0,1,1,1,1,1,0,0,1,0,1,0,0,0,1,1,1,0,1,1,0,0,0,1,0,1,1,0,0,0,0
0,1,1,1,0,0,1,1,0,0,0,1,0,1,0,1,0,0,1,1,1,0,0,0,1,0,0,0,1,1,0,1,0,0
1,1,1,1,1,1,1,1,1,0,0,1,1,0,0,1,1,0,1,0,1,1,1,1,0,0,1,1,1,1,1,0,0,0
1,0,1,1,1,1,1,0,0,0,0,1,1,1,0,1,0,1,1,0,1,0,1,1,0,0,0,0,0,0,1,1,0,0
1,1,1,1,1,1,0,1,0,1,0,0,1,0,1,1,0,0,1,1,1,0,0,0,1,0,1,0,1,0,1,1,0,0
1,1,0,0,0,0,1,0,1,0,0,1,0,0,0,1,0,1,1,0,0,0,0,0,0,1,0,0,0,1,0,0,0,0
1,1,0,0,1,1,1,1,0,1,1,1,1,1,0,1,0,1,1,0,1,1,1,1,0,1,0,1,1,0,0,0,0,0
0,1,0,1,0,1,0,0,1,1,0,1,1,0,0,1,0,0,1,0,0,1,0,0,1,0,0,1,1,1,0,1,0,0
1,1,0,1,0,0,1,0,0,0,0,0,1,0,1,0,1,1,0,0,1,0,1,0,1,0,1,1,1,0,0,1,0,0
1,0,1,0,0,0,1,1,0,1,0,1,0,0,0,0,0,0,0,1,1,0,0,1,0,1,0,1,1,0,0,0,1,1
1,0,0,1,1,0,0,1,0,0,0,0,0,1,1,1,1,0,0,0,0,0,1,1,0,0,1,0,1,1,0,0,0,0
0,1,1,0,1,0,1,0,0,1,0,1,0,0,0,1,0,0,1,1,0,1,0,0,0,1,0,0,1,0,1,0,0,0
0,1,0,0,0,0,1,1,0,0,1,0,0,0,1,1,0,0,1,0,1,0,1,0,0,0,1,1,0,0,1,0,1,1
1,0,0,1,1,1,0,1,1,1,1,0,0,1,1,1,1,0,0,1,1,0,0,0,1,0,0,0,1,1,1,1,0,0
1,0,1,0,0,0,0,1,1,1,0,0,0,1,0,0,0,0,0,1,1,0,1,1,1,1,0,0,1,1,1,0,1,1
1,1,0,1,0,0,0,0,0,1,0,0,1,1,1,0,1,0,0,0,0,0,0,1,0,0,0,0,0,1,1,1,0,0
1,0,1,0,1,1,1,0,1,0,1,0,0,1,0,0,1,0,0,1,1,1,0,0,0,0,1,0,0,1,0,1,0,0
0,1,0,1,0,1,0,0,0,1,0,1,0,0,0,0,0,1,0,0,1,0,1,0,1,0,0,1,0,0,0,0,0,0
1,0,1,1,1,1,0,0,1,0,0,1,0,0,1,0,1,0,0,0,0,0,1,1,1,0,1,1,0,1,1,1,0,0
1,0,1,0,1,1,1,1,1,1,0,0,0,0,0,1,0,0,1,0,1,0,0,0,0,0,1,0,0,1,1,0,1,1
0,0,0,1,0,0,0,0,0,1,0,0,1,1,0,1,0,0,0,0,0,0,0,1,0,1,1,1,1,1,0,1,0,0
1,1,1,0,1,0,1,1,0,0,0,0,0,0,1,1,1,1,0,0,1,0,1,1,0,0,1,0,0,1,0,0,0,0
1,1,0,0,0,0,1,0,1,1,0,0,1,0,0,0,0,0,0,0,0,1,1,0,1,1,1,1,0,1,0,1,0,0
0,0,1,1,0,0,1,1,0,0,1,0,0,1,1,0,0,0,1,0,0,1,1,1,1,1,0,0,1,0,0,0,0,0
1,1,1,1,0,1,0,0,1,0,1,0,1,1,0,1,1,0,1,0,1,1,1,0,0,0,1,0,0,0,0,0,0,0
1,1,1,1,1,0,1,0,1,0,0,0,1,1,1,0,1,0,0,0,1,1,1,1,0,0,1,0,0,0,0,1,0,0
1,0,1,1,1,1,0,0,0,1,0,1,1,1,1,1,0,0,1,0,1,0,1,1,0,0,1,1,1,0,1,1,0,0
1,0,1,0,1,0,1,0,0,1,1,1,1,1,1,1,0,0,0,1,1,0,0,1,1,1,0,0,0,1,1,1,0,0
1,1,0,0,0,1,1,0,0,0,0,0,1,1,1,1,0,1,0,1,1,1,1,1,1,1,0,0,0,1,1,0,0,0
1,0,1,1,0,0,1,0,1,1,0,1,0,0,1,1,0,0,0,1,1,1,1,1,1,1,0,1,1,1,1,1,1,1
1,1,0,1,0,1,1,1,0,0,1,1,0,1,1,0,0,0,0,1,1,0,1,1,0,0,0,1,1,1,1,0,1,1
0,1,0,1,1,1,1,0,0,1,1,1,1,1,1,0,0,0,0,0,0,0,0,1,1,0,1,1,0,1,0,1,0,0
0,0,1,1,1,0,0,1,1,0,0,1,0,1,1,1,0,0,1,1,0,1,1,1,0,0,1,1,1,0,1,0,0,0
1,1,0,0,1,0,0,0,0,0,1,1,1,0,1,0,0,0,0,0,1,0,1,0,1,1,1,0,1,0,1,0,1,1
0,1,1,0,1,0,1,1,0,1,1,0,1,1,0,0,0,0,1,1,0,0,1,1,0,0,1,1,0,1,1,1,0,0
0,1,0,1,1,1,1,0,1,0,1,0,1,0,1,1,0,0,0,1,0,0,0,1,1,1,1,0,1,1,0,0,1,1
1,0,1,0,1,1,0,1,1,1,0,1,1,1,1,1,1,0,0,1,1,0,0,0,1,0,1,0,0,1,1,1,0,0
1,0,1,0,0,0,0,1,0,0,1,1,1,1,0,1,1,0,0,1,1,1,0,0,1,0,1,0,1,0,1,1,0,0
0,1,0,1,0,1,1,0,1,0,1,0,0,0,0,0,0,1,0,0,0,1,1,0,0,0,1,0,1,0,0,0,0,0
0,1,0,0,1,1,1,1,1,1,1,1,0,1,1,1,0,0,1,1,1,1,0,1,0,0,0,1,1,1,0,1,0,0
1,1,0,1,0,0,1,1,1,0,0,0,1,1,0,0,0,0,0,0,0,1,1,1,0,1,0,1,0,0,0,0,1,1
0,1,0,0,1,0,0,0,0,1,0,1,0,0,0,0,0,0,1,0,0,0,0,0,1,1,0,0,1,1,0,0,1,1
1,1,0,1,0,0,0,0,0,1,0,1,0,0,0,1,0,0,1,1,0,1,1,0,1,0,1,0,0,0,0,0,0,0
0,1,0,0,1,1,0,1,1,1,1,0,1,0,0,1,0,1,0,0,1,1,0,1,1,0,0,0,0,0,1,1,0,0
1,1,1,1,1,1,1,1,0,1,0,0,1,0,1,0,1,1,1,1,1,0,0,0,0,0,1,0,1,1,1,0,0,0
0,1,1,0,1,1,1,1,1,1,1,0,1,0,0,0,0,0,0,0,1,0,1,0,1,0,1,0,1,1,1,1,0,0
1,1,1,1,0,1,1,1,0,0,1,1,0,0,0,0,0,0,0,0,1,1,1,1,0,1,1,0,1,1,0,1,1,1
0,1,1,1,0,1,0,1,1,1,0,1,1,0,0,0,0,0,1,1,1,1,1,1,1,0,0,1,1,1,0,0,0,0
1,1,0,0,0,1,0,0,1,0,1,1,0,1,1,0,0,1,1,1,1,0,1,1,0,1,1,0,1,1,1,0,0,0
1,0,0,1,0,0,1,1,0,0,1,0,1,1,1,0,0,1,1,0,1,1,1,1,0,0,1,0,0,1,0,0,0,0
1,0,1,1,0,0,1,0,1,1,1,1,0,0,1,0,0,1,0,0,0,0,1,1,0,1,1,0,0,1,0,0,0,0
1,1,1,0,1,0,1,0,0,0,0,0,0,1,0,1,1,1,1,0,0,0,1,0,0,1,0,1,0,0,1,1,0,0
1,0,1,1,1,1,0,0,0,1,0,0,1,0,0,0,0,1,1,0,1,1,1,1,0,0,1,1,1,1,1,1,0,0
1,0,0,1,0,0,1,1,0,0,1,1,0,1,1,0,0,0,1,1,0,0,0,1,0,1,1,1,0,0,0,1,0,0
0,0,1,1,1,1,1,0,0,0,1,0,1,0,1,0,0,0,1,1,1,0,1,0,0,1,0,0,1,1,0,1,0,0
1,1,1,1,0,0,1,0,0,0,0,1,0,0,1,0,1,1,0,0,1,1,1,0,1,0,0,0,1,0,1,1,0,0
0,1,0,0,0,0,1,0,0,0,0,0,0,1,1,0,0,0,1,0,1,1,0,1,1,0,0,0,1,1,0,1,0,0
1,1,0,1,0,1,1,1,0,0,0,1,1,0,1,1,1,0,1,0,0,1,0,1,0,0,1,1,1,1,1,0,0,0
1,0,0,0,1,0,1,1,1,1,0,1,0,0,1,0,0,0,1,1,0,0,0,0,0,1,0,0,1,1,1,1,0,0
1,1,1,1,0,1,0,0,1,1,0,0,0,0,0,1,0,1,1,1,1,1,0,0,1,1,0,0,0,0,0,1,0,0
1,0,0,1,1,0,1,1,0,0,0,1,0,0,0,1,1,0,0,1,1,0,1,0,0,0,0,0,1,1,0,0,0,0
0,1,0,1,1,0,1,0,0,1,0,1,1,0,0,0,0,0,1,1,1,1,1,1,1,0,0,1,1,1,1,1,0,0
1,1,1,0,1,1,1,1,1,0,1,1,0,0,0,1,1,0,1,1,0,1,0,0,1,1,0,0,1,0,0,1,0,0
1,1,1,1,1,1,0,1,1,0,1,0,0,0,1,1,1,1,0,1,1,0,1,1,0,1,1,1,1,0,1,0,0,0
1,1,0,0,0,1,1,0,1,1,0,0,1,0,0,0,0,0,0,1,1,0,1,0,0,1,1,0,1,0,1,0,1,1
1,1,1,1,1,1,1,0,1,1,0,1,1,0,1,0,1,0,0,1,1,1,1,1,0,0,1,1,1,1,1,1,0,0
1,1,0,1,1,1,0,0,1,1,0,0,1,0,1,1,0,0,0,0,0,0,0,1,0,0,0,1,1,1,1,0,1,1
0,1,1,1,0,1,0,1,0,0,1,1,1,1,1,1,0,0,1,1,1,0,0,1,1,0,1,0,0,0,1,0,0,0
1,1,1,0,1,0,0,0,0,0,1,1,1,1,0,1,1,0,0,1,1,0,0,0,0,0,1,0,1,0,0,1,0,0
0,0,1,1,0,0,1,1,0,1,1,0,1,1,1,1,0,0,0,1,0,1,0,0,0,0,0,0,1,0,1,1,0,0
1,1,1,0,0,1,1,0,0,0,0,0,1,0,1,1,1,0,1,1,0,0,0,1,0,1,1,1,1,0,1,1,0,0
1,0,0,0,0,1,0,1,1,1,1,0,0,1,0,1,0,0,0,1,1,0,0,1,0,1,0,0,1,1,0,1,0,0
1,0,1,1,1,1,0,1,0,0,0,1,1,1,0,1,0,0,1,1,1,1,0,1,1,1,1,0,1,0,0,1,0,0
0,1,1,0,1,1,0,1,1,1,1,0,0,0,0,1,0,0,0,0,1,1,1,0,1,0,0,0,0,1,0,0,1,1
1,0,0,1,0,1,1,0,1,1,0,1,0,0,0,0,0,0,1,0,1,0,1,0,1,1,1,1,0,0,1,0,0,0
1,0,0,1,0,0,1,0,1,1,0,1,1,1,0,1,0,0,0,0,1,1,1,0,1,0,1,0,0,1,0,1,1,1
1,0,1,0,0,1,0,0,0,1,1,0,1,1,1,0,0,0,1,0,0,1,0,1,1,0,0,1,0,0,1,0,0,0
0,1,0,1,1,1,0,1,1,1,0,1,1,1,0,1,0,0,1,1,1,0,1,0,0,1,1,1,0,0,1,1,0,0
1,1,0,0,0,0,0,1,1,1,0,1,1,1,0,0,1,0,1,1,0,0,0,1,1,0,0,1,0,0,1,0,0,0
1,1,0,0,0,0,1,0,1,0,1,0,0,1,1,1,0,1,1,0,1,1,0,1,1,0,0,0,0,1,0,0,0,0
0,1,0,0,0,0,0,0,1,0,0,0,1,1,0,1,0,0,0,1,0,0,0,0,1,1,1,0,1,0,0,1,1,1
1,1,1,0,1,0,1,1,0,0,1,0,0,1,1,0,0,1,0,0,1,0,1,0,0,1,1,1,1,0,0,1,0,0
0,1,0,0,1,1,0,1,0,1,0,1,1,1,1,1,0,0,1,1,1,1,0,0,1,1,1,0,1,1,1,0,0,0
1,1,0,1,0,1,1,0,1,1,1,1,0,0,1,1,1,0,1,1,1,0,1,0,1,1,0,1,1,1,0,1,0,0
1,1,0,0,0,1,1,0,1,1,0,0,0,0,0,1,1,0,1,0,1,1,1,1,1,1,1,0,1,0,1,0,0,0
1,0,0,0,1,1,1,0,1,0,0,1,1,0,0,0,0,0,1,0,1,0,1,0,0,1,1,1,0,0,0,1,1,1
1,1,1,1,0,0,0,1,1,1,0,1,1,0,0,0,0,0,0,1,0,1,0,1,1,0,0,1,0,0,0,0,0,0
1,1,1,1,1,0,1,0,0,0,0,1,0,0,1,1,1,1,0,1,0,0,0,0,0,0,1,1,1,0,1,1,0,0
1,0,0,1,0,0,0,1,0,1,0,1,1,0,1,0,0,0,1,1,0,0,1,0,0,1,0,1,0,1,0,1,0,0
1,0,1,0,1,1,1,0,1,1,0,1,0,0,0,0,0,1,0,1,1,0,0,0,1,1,0,1,1,1,0,0,0,0
1,0,1,0,1,0,1,0,0,1,1,1,1,1,1,1,0,1,0,0,0,0,0,1,1,0,1,0,1,0,0,0,0,0
1,0,1,1,1,0,0,1,1,1,1,1,0,0,1,0,0,1,1,1,1,0,0,1,0,0,0,0,1,0,0,1,0,0
1,0,1,1,1,1,1,0,0,0,0,0,1,1,0,1,1,0,1,1,0,0,0,1,1,1,0,1,0,0,1,0,0,0
1,1,0,0,1,1,1,1,1,0,0,1,0,1,0,1,1,0,0,0,0,0,1,1,0,1,1,1,0,1,0,1,0,0
1,0,1,1,0,0,0,0,0,0,1,0,1,1,1,1,0,0,0,0,0,1,1,1,0,0,0,1,1,0,1,0,0,0
0,1,1,0,1,1,0,0,0,0,0,0,0,1,1,1,0,0,0,1,0,1,0,0,0,1,0,0,1,0,0,0,1,1
0,1,0,1,1,0,0,1,0,0,0,1,1,0,1,1,0,0,1,1,0,1,1,0,0,1,0,0,1,1,1,0,0,0
1,1,1,1,1,0,1,0,1,0,1,0,0,0,1,1,0,0,1,0,0,1,0,1,1,1,0,1,0,0,0,0,1,1
0,1,0,0,1,1,0,1,0,1,1,0,1,1,0,1,0,0,1,1,1,0,1,1,0,0,1,1,0,0,0,1,0,0
0,1,0,1,1,1,1,0,1,1,1,0,1,1,0,0,0,1,0,1,1,0,0,0,1,0,1,0,0,0,1,0,0,0
1,0,1,1,0,1,1,1,1,1,0,0,0,1,1,0,0,0,1,1,0,0,0,1,1,1,1,0,1,0,0,0,0,0
1,0,1,1,1,0,1,0,0,0,0,0,0,1,0,0,0,0,0,1,1,1,1,1,0,0,0,0,0,0,0,1,1,1
1,1,1,0,0,0,0,0,0,1,0,0,0,0,0,1,1,0,1,0,0,0,0,0,1,0,0,1,0,0,1,0,0,0
1,0,1,1,0,0,1,1,1,0,0,0,1,1,1,0,1,0,1,0,0,1,0,1,1,0,1,0,1,0,0,1,0,0
1,1,0,1,1,0,0,1,0,1,0,1,0,0,1,1,0,0,0,0,0,1,1,0,0,1,0,1,1,0,0,1,1,1
1,0,1,0,0,0,1,0,1,1,1,1,0,0,1,0,0,1,1,1,1,0,0,1,0,0,1,1,0,0,1,1,0,0
1,1,0,0,1,0,1,0,0,1,1,0,1,0,0,1,0,1,0,1,1,0,1,1,0,0,0,1,0,1,0,1,0,0
1,0,0,0,0,0,0,0,1,0,0,0,1,0,1,1,0,0,1,0,0,0,0,0,1,0,0,0,1,0,1,0,1,1
1,0,1,1,1,0,0,1,0,0,1,0,1,1,0,0,0,1,0,0,0,1,1,0,1,1,1,0,1,1,0,0,0,0
1,1,0,0,1,1,1,1,1,0,1,1,0,0,1,1,0,1,1,0,0,1,0,1,1,0,0,0,0,1,0,0,0,0
1,0,0,1,1,0,1,1,0,1,0,1,1,1,1,0,1,0,0,1,0,1,0,1,0,1,1,0,0,1,1,1,0,0
1,1,1,1,0,0,0,1,1,1,0,1,0,1,1,0,0,0,1,1,1,1,1,0,0,0,0,1,0,1,0,0,0,0
1,0,0,0,0,1,1,1,1,1,1,1,1,1,1,0,0,0,1,1,1,1,1,0,1,0,1,1,0,0,0,0,0,0
1,1,1,1,0,0,1,1,1,0,1,1,0,1,1,0,1,1,0,0,0,1,0,0,0,0,1,1,1,1,1,1,0,0
1,0,1,1,0,1,0,0,0,1,1,1,0,1,0,1,1,0,1,0,0,1,0,1,0,1,1,1,1,0,1,0,0,0
1,1,0,1,0,0,1,0,0,0,1,0,1,0,1,0,0,1,0,0,1,0,1,0,0,0,1,1,1,1,1,1,0,0
1,0,0,0,1,1,1,0,1,0,1,0,0,0,0,0,1,0,0,0,0,1,0,1,1,1,0,0,1,1,1,0,0,0
1,1,1,0,0,0,0,1,0,0,0,0,1,1,1,1,0,0,1,0,0,1,0,1,0,0,0,0,0,1,0,1,1,1
1,0,0,1,0,1,0,0,1,1,0,0,0,0,1,1,0,1,0,1,1,1,1,0,1,0,0,0,0,0,0,1,0,0
1,0,1,1,1,1,0,1,0,0,1,0,1,0,1,0,0,0,1,1,0,0,1,1,1,0,0,0,0,1,1,1,0,0
1,1,0,0,1,0,0,1,0,1,1,1,0,1,0,0,0,0,0,0,0,1,0,0,0,0,1,0,0,0,0,1,1,1
0,1,1,0,0,0,0,1,0,1,1,0,1,0,1,1,0,0,1,0,1,1,1,1,0,0,1,0,0,1,0,0,0,0
0,1,1,1,0,0,0,0,0,1,1,1,1,0,1,1,0,0,0,1,1,0,1,1,0,1,0,0,1,0,0,0,0,0
0,1,0,1,0,0,1,1,0,1,0,0,0,1,0,0,0,1,0,0,0,0,1,1,1,1,1,0,1,0,1,0,0,0
0,1,1,1,1,1,0,1,0,1,1,0,0,0,1,0,0,0,1,1,1,0,1,0,0,0,0,1,1,0,1,0,0,0
1,1,1,1,1,1,0,1,0,0,0,0,0,1,0,1,1,1,1,1,0,0,1,1,1,1,0,1,0,0,1,1,0,0
0,1,1,1,0,0,1,0,0,0,1,1,0,1,1,0,0,1,0,1,1,0,0,1,1,0,0,0,0,1,1,1,0,0
0,1,1,0,0,0,0,0,0,1,1,1,1,1,0,1,0,1,0,0,1,0,0,1,0,0,1,1,1,0,0,1,0,0
1,0,1,1,1,1,0,1,0,0,0,0,1,0,1,1,0,1,1,0,0,1,0,1,0,1,1,1,1,0,0,0,0,0
1,0,1,1,0,0,0,0,1,0,0,0,1,0,0,1,1,0,0,1,0,1,0,1,1,0,1,1,1,1,1,0,0,0
0,0,1,1,1,0,1,0,0,1,0,1,1,0,1,0,0,0,0,0,0,1,0,1,0,1,0,1,0,1,1,0,1,1
1,1,1,1,1,1,1,1,1,0,0,1,0,0,0,1,0,0,0,1,1,1,0,0,1,1,1,0,1,0,0,0,1,1
1,1,1,1,1,1,1,1,1,0,1,1,1,0,1,0,1,1,1,1,0,0,1,1,1,1,1,0,0,1,0,1,0,0
1,0,0,1,0,1,1,1,0,1,0,0,0,0,0,1,0,1,0,1,1,1,0,0,0,1,0,0,0,0,0,1,0,0
0,1,1,1,1,0,1,1,0,1,1,0,0,0,1,1,0,1,0,1,1,0,0,0,0,1,1,0,0,0,1,1,0,0
0,0,1,1,1,0,1,0,0,1,0,1,1,0,0,1,0,0,1,0,0,0,0,0,1,0,0,1,1,1,1,0,1,1
1,0,0,1,0,0,1,1,0,0,0,1,1,0,0,0,0,1,0,0,1,1,1,1,1,0,1,0,0,1,0,1,0,0
1,0,1,0,0,1,0,0,1,1,0,1,0,0,1,0,0,1,0,0,1,1,0,0,0,0,1,1,0,0,0,1,0,0
1,1,1,0,1,1,1,1,1,1,0,1,0,1,0,1,1,1,1,0,0,0,1,1,1,0,1,1,1,0,0,1,0,0
1,0,1,0,0,1,0,0,1,1,1,1,1,0,1,0,0,0,0,0,1,0,1,0,0,0,0,1,1,1,1,0,0,0
1,1,0,0,1,0,0,0,1,1,0,1,1,0,1,0,1,0,0,0,1,1,0,1,0,1,1,0,0,1,0,1,0,0
1,1,0,0,1,0,0,0,0,0,0,0,0,1,1,0,1,0,0,0,0,1,0,1,1,0,0,1,0,0,1,1,0,0
1,1,0,0,0,1,1,0,1,0,0,0,1,0,0,1,0,0,1,1,1,0,0,1,0,1,1,0,1,1,1,1,0,0
0,0,1,1,0,0,1,1,1,1,0,1,1,1,1,0,0,0,0,1,1,0,0,0,0,1,0,0,1,1,1,1,0,0
1,1,0,1,1,0,0,1,0,0,1,0,0,0,0,0,1,1,0,1,1,0,0,1,0,0,1,1,1,1,1,0,0,0
1,1,1,0,0,1,1,0,0,1,1,0,0,0,0,1,0,0,0,1,0,0,0,0,1,1,1,0,1,1,0,1,1,1
1,0,1,1,1,1,1,0,0,1,0,0,0,1,1,0,0,0,0,1,0,0,1,1,1,0,1,1,0,1,0,0,1,1
1,0,1,1,0,0,1,0,1,1,1,0,0,1,1,0,0,0,1,0,0,1,1,1,0,0,1,1,0,0,1,1,0,0
1,1,1,1,1,1,1,0,1,1,1,1,0,1,0,1,0,0,1,1,1,0,0,1,0,0,0,1,1,1,1,1,0,0
0,1,1,0,1,1,1,0,0,1,1,1,0,1,0,1,0,0,0,0,0,0,1,0,0,0,0,1,0,1,0,0,1,1
0,1,0,0,0,1,1,1,1,1,0,0,1,1,1,0,0,0,1,0,0,1,1,1,0,1,1,0,1,0,1,1,0,0
1,1,1,1,1,1,1,0,1,1,1,0,1,0,0,0,1,1,0,0,1,0,1,0,1,1,1,1,0,1,1,1,0,0
1,1,0,0,0,0,0,1,0,1,0,0,1,1,0,1,0,0,0,0,0,0,1,1,1,1,1,1,0,0,0,1,1,1
1,1,0,1,0,0,0,1,0,1,1,0,0,1,1,0,1,0,1,1,0,1,1,1,0,1,0,1,1,0,1,0,0,0
1,0,1,1,1,0,1,0,0,0,1,0,1,1,1,1,0,1,1,0,1,1,1,0,0,0,1,0,1,1,1,1,0,0
1,1,1,0,0,0,1,0,0,0,1,1,0,1,0,1,1,1,0,1,1,0,0,1,1,1,0,1,0,1,0,1,0,0
1,0,0,1,1,0,1,1,1,1,0,1,1,1,1,1,0,1,1,1,0,0,1,0,0,1,1,0,0,1,0,1,0,0
0,0,1,0,0,0,1,1,0,1,1,0,0,0,0,1,0,0,0,1,0,1,0,0,0,0,0,0,0,0,1,1,0,0
0,1,1,0,0,0,0,1,0,0,1,1,1,1,0,0,0,0,1,0,1,0,0,1,1,0,0,1,1,1,0,0,0,0
1,1,1,1,0,1,1,0,0,0,1,1,0,1,0,0,1,0,0,0,1,0,1,1,1,1,1,0,0,1,1,0,0,0
0,0,0,1,1,1,1,0,0,1,0,0,0,0,0,1,0,0,0,0,1,0,0,0,1,0,0,1,0,0,1,0,0,0
1,1,1,0,0,1,0,1,0,0,1,0,1,1,0,0,0,1,0,0,1,0,1,1,0,0,1,1,0,0,0,1,0,0
1,1,0,0,1,1,1,1,0,0,1,1,1,1,0,1,1,1,0,0,0,0,0,0,1,0,0,0,0,1,0,1,0,0
1,0,0,1,1,1,1,0,0,0,1,0,1,1,0,1,0,1,0,0,1,0,0,1,0,1,0,1,0,0,1,1,0,0
1,1,0,1,0,0,1,1,1,1,0,1,0,0,1,1,1,1,0,0,0,0,0,1,1,1,0,1,0,0,1,1,0,0
0,0,1,1,1,1,1,0,1,0,1,1,0,1,0,0,0,0,0,0,0,1,0,1,1,1,1,1,0,0,0,0,1,1
0,1,1,1,0,1,1,1,1,0,1,1,1,1,0,0,0,1,1,1,0,1,1,1,1,0,0,0,0,1,0,1,0,0
1,0,0,1,0,0,1,1,1,1,0,0,0,0,0,1,0,0,1,0,0,1,0,1,0,0,1,1,0,0,1,1,1,1
1,1,0,0,1,1,1,1,1,1,0,1,1,0,1,1,0,1,1,0,1,1,0,0,1,1,1,1,0,0,0,1,0,0
1,0,1,1,0,0,1,0,1,0,1,0,1,0,0,1,0,0,0,1,0,0,0,1,0,0,0,0,1,0,0,0,1,1
1,1,1,1,1,1,1,0,1,1,1,1,0,1,1,1,0,1,0,0,0,0,1,1,0,1,1,0,0,0,1,0,1,1
1,1,0,0,1,0,1,0,1,1,0,0,1,0,1,0,1,0,1,1,0,1,1,1,0,1,1,0,0,1,1,0,0,0
1,1,0,0,1,1,0,1,0,0,0,0,0,0,1,1,1,1,0,0,0,0,1,1,1,0,0,1,0,0,0,0,0,0
1,1,0,1,0,1,0,0,0,0,0,1,1,0,0,0,1,0,0,1,0,0,1,1,1,1,0,1,0,1,0,0,0,0
1,0,1,1,1,0,1,0,1,1,0,0,1,0,0,1,0,0,1,0,1,0,1,0,1,0,0,1,1,0,0,1,0,0
0,1,0,1,0,0,1,1,0,1,1,1,0,1,0,0,0,0,0,1,1,0,0,1,0,0,1,0,1,1,0,1,0,0
1,1,0,1,1,0,1,1,1,1,0,0,0,0,1,1,1,0,1,0,1,0,0,0,0,1,0,0,1,1,0,0,0,0
0,0,1,1,0,1,0,0,1,1,0,1,1,0,0,0,0,0,1,0,1,1,0,0,1,1,1,1,1,1,0,0,0,0
0,1,1,0,0,1,1,0,0,1,1,0,0,0,0,0,0,0,0,1,0,1,0,0,1,1,1,1,0,1,1,0,1,1
1,1,0,1,1,0,1,1,1,1,1,1,1,0,1,0,0,0,0,1,1,1,1,0,1,1,1,0,0,0,1,0,0,0
1,0,0,0,1,0,0,0,1,1,0,0,1,0,0,0,0,1,0,1,1,0,1,1,0,1,0,0,0,1,1,1,0,0
1,1,0,1,0,1,1,1,1,1,1,1,1,0,0,1,1,0,0,0,0,1,0,1,0,1,1,0,0,1,0,1,0,0
1,1,1,1,1,1,0,1,1,1,0,1,0,1,0,0,0,1,1,0,0,0,1,0,0,1,1,0,1,1,0,1,0,0
1,0,1,0,0,0,1,1,0,0,1,1,1,0,0,1,0,0,0,1,1,1,0,1,0,1,1,0,1,0,1,1,0,0
0,1,0,1,0,1,0,1,1,1,0,1,1,0,1,1,0,1,0,1,0,0,0,1,0,0,1,1,1,0,1,0,0,0
1,1,1,1,1,0,0,1,1,1,1,1,0,1,0,1,1,0,0,1,1,1,1,1,0,0,0,1,0,1,0,1,0,0
1,1,0,0,1,0,1,0,1,1,0,1,1,1,0,1,0,0,1,0,0,0,0,0,0,1,1,1,1,0,0,0,0,0
1,1,0,1,0,0,0,0,1,0,1,1,1,1,0,1,0,1,1,1,0,1,0,1,1,1,1,1,0,1,1,1,0,0
1,1,1,0,1,0,0,0,0,1,0,0,1,1,0,1,0,0,1,0,1,1,0,1,1,0,0,0,0,0,0,0,1,1
1,1,0,0,1,1,1,1,1,0,0,0,0,1,0,1,1,0,0,1,1,1,1,0,0,0,0,1,0,0,1,0,0,0
1,1,0,1,0,0,0,0,0,0,0,1,0,1,0,0,0,1,0,0,1,0,0,1,1,0,0,0,1,0,0,1,0,0
1,1,1,0,1,0,0,1,0,1,1,0,0,0,0,1,0,0,1,1,0,0,0,0,1,0,0,1,0,1,0,1,0,0
0,1,1,0,0,1,1,1,0,0,0,0,0,1,0,1,0,1,1,0,0,1,1,0,1,0,0,1,0,0,1,0,0,0
1,1,1,0,0,0,0,1,1,0,0,0,0,0,0,1,1,0,1,1,0,0,0,0,0,1,0,1,0,1,0,1,0,0
1,0,1,1,1,1,1,0,1,1,1,0,0,1,1,0,0,0,1,1,1,0,1,1,1,1,1,1,1,1,0,1,0,0
1,1,0,0,0,0,0,0,0,0,0,1,1,1,0,0,0,1,0,1,0,0,0,1,0,0,1,1,1,0,0,0,0,0
1,0,1,1,0,1,0,1,1,1,0,1,1,1,1,1,0,1,1,1,0,0,1,1,1,1,1,1,0,0,1,0,0,0
0,1,1,0,1,1,0,0,0,1,0,0,0,0,0,0,0,0,0,0,0,0,1,1,0,1,1,1,0,0,1,1,1,1
1,0,0,1,1,1,1,1,1,1,1,1,0,0,1,1,0,0,1,0,1,1,1,0,0,0,1,0,0,0,1,1,0,0
1,0,1,0,0,0,0,0,1,1,1,1,0,0,1,0,0,0,1,1,1,0,0,1,1,1,1,1,0,0,0,1,0,0
1,1,1,1,1,1,1,0,1,0,0,1,1,1,0,0,1,0,0,1,1,0,0,1,1,0,0,1,1,1,1,1,0,0
1,1,1,1,0,0,0,1,1,0,1,1,0,0,1,1,1,1,0,1,0,1,0,1,0,0,1,0,1,0,1,1,0,0
1,1,1,0,0,1,1,1,0,0,1,0,1,0,1,0,1,1,0,0,0,1,1,1,1,1,0,1,1,1,1,1,0,0
1,1,0,0,0,1,0,0,1,1,0,1,1,1,0,0,1,0,0,1,0,1,0,0,0,0,0,0,0,0,1,1,0,0
0,1,0,0,1,0,0,1,0,1,0,0,0,1,1,0,0,0,1,0,0,1,1,0,0,0,0,0,0,0,1,0,1,1
1,1,0,0,0,0,0,0,1,0,1,1,0,0,0,1,0,0,1,1,1,0,0,1,1,1,1,1,0,0,1,0,0,0
1,1,0,1,0,0,0,0,0,0,0,0,1,1,0,1,1,0,1,1,0,1,1,1,0,1,1,1,0,1,1,1,0,0
1,1,1,1,1,1,0,1,0,1,1,1,1,1,0,0,1,1,1,1,0,0,0,1,1,0,0,0,0,0,1,0,0,0
1,0,1,1,1,0,0,1,1,1,1,1,1,1,1,0,0,0,0,0,0,0,1,1,1,1,0,0,1,0,1,1,0,0
1,0,1,0,0,0,1,1,0,0,0,0,1,0,0,0,0,0,1,0,1,1,1,1,0,0,0,0,0,1,0,0,1,1
1,1,1,0,0,1,0,1,0,1,0,0,0,1,1,0,1,1,0,1,1,1,1,1,0,1,0,0,0,0,1,1,0,0
1,0,1,1,0,1,1,1,0,0,1,0,1,0,1,1,1,0,1,0,1,0,0,0,0,1,0,0,0,1,1,1,0,0
1,1,0,0,1,1,1,0,1,1,0,0,0,1,0,0,0,0,0,1,1,0,1,1,0,0,0,0,1,0,1,1,1,1
0,1,1,0,1,1,0,1,1,0,0,0,0,1,0,0,0,0,0,1,1,0,1,1,1,0,0,1,0,1,1,1,1,1
1,0,1,1,1,1,0,0,1,1,1,0,0,0,1,0,0,0,1,0,1,1,0,0,0,1,1,1,1,0,1,1,0,0
1,0,1,0,1,1,1,0,0,1,1,1,1,1,1,1,1,0,0,1,1,1,0,1,1,0,1,0,1,1,1,1,0,0
1,1,1,0,1,0,1,1,1,1,0,1,1,1,0,0,0,1,1,0,1,1,1,0,0,0,0,1,0,1,0,0,0,0
1,0,1,1,1,1,0,1,1,1,1,0,1,0,0,0,0,1,0,1,0,1,1,1,0,1,0,1,0,0,0,0,0,0
0,1,1,0,0,1,1,1,0,0,1,1,1,0,0,0,0,0,0,1,1,1,0,0,0,0,0,0,1,0,0,1,1,1
1,0,0,1,0,1,1,0,1,0,0,0,0,0,1,1,0,1,0,1,0,0,0,1,1,1,1,1,0,1,0,1,0,0
0,0,1,1,0,1,1,1,1,1,1,0,0,0,1,0,0,0,1,1,0,0,0,1,0,0,1,0,1,1,0,1,0,0
1,0,0,1,1,0,1,1,1,0,0,1,0,1,1,0,0,0,1,0,1,0,1,0,1,1,1,0,0,0,1,1,1,1
1,1,1,0,0,0,1,0,0,1,1,1,0,0,0,1,1,0,1,0,1,1,0,0,0,1,0,1,0,0,0,1,0,0
0,1,0,1,0,1,0,1,0,0,1,0,1,0,1,1,0,0,0,0,0,1,0,1,0,0,1,0,0,0,0,0,1,1
1,0,1,0,1,0,1,0,1,0,1,1,0,0,1,1,1,0,0,0,1,1,0,1,1,1,1,1,0,1,1,1,0,0
1,0,1,1,1,1,1,0,1,0,0,0,1,1,0,0,0,1,0,1,0,0,0,1,1,1,1,1,1,1,1,0,0,0
0,0,1,1,0,1,0,0,1,0,1,1,1,1,0,1,0,0,1,0,1,1,1,1,1,1,1,1,1,0,1,0,0,0
0,1,0,0,0,1,1,1,0,0,0,0,1,1,1,0,0,0,0,1,1,1,0,1,1,1,0,0,0,0,1,1,0,0
1,0,1,0,1,0,1,0,1,0,0,1,0,0,1,1,0,1,1,1,1,1,1,0,1,1,0,1,0,1,1,0,0,0
1,0,0,1,1,0,0,1,1,0,0,1,1,0,0,0,0,1,1,0,0,0,0,0,0,0,0,0,0,0,1,1,0,0
1,1,0,1,0,1,1,0,1,0,0,0,0,1,1,0,1,0,0,1,1,0,1,0,1,1,1,0,1,1,0,1,0,0
0,1,1,0,1,1,0,0,1,1,0,0,0,0,0,0,0,0,1,0,1,0,0,1,1,1,0,0,0,0,0,0,1,1
1,0,1,0,1,0,0,0,0,0,0,0,0,1,0,0,0,0,1,0,1,1,0,1,0,0,1,1,0,0,0,0,1,1
0,1,1,1,1,0,0,1,1,1,0,0,1,1,1,1,0,0,0,0,1,0,0,0,1,0,0,0,1,0,0,0,0,0
1,1,1,0,1,0,0,0,0,0,0,1,0,1,0,1,0,0,1,0,0,1,0,0,0,0,0,0,1,1,1,1,1,1
1,1,0,0,0,0,0,1,1,1,0,1,1,0,0,1,0,0,1,1,1,1,1,1,0,0,1,0,0,0,0,1,0,0
1,1,1,0,1,0,0,0,0,1,1,1,0,1,1,1,1,0,1,1,0,1,0,1,0,0,1,1,0,1,1,1,0,0
1,1,0,0,1,1,0,0,0,1,1,1,0,0,1,1,0,0,1,1,0,0,1,1,1,0,1,1,0,0,1,1,0,0
0,1,1,0,1,0,1,1,1,1,1,0,1,0,0,0,0,1,0,1,1,1,0,1,0,1,1,1,0,1,1,1,0,0
0,1,0,1,0,1,0,1,0,1,1,0,1,0,0,0,0,1,0,0,0,0,1,0,0,1,0,1,1,1,1,1,0,0
0,1,1,1,1,0,1,1,0,0,0,1,1,1,1,0,0,0,0,0,1,0,1,1,0,1,0,1,1,1,0,0,1,1
0,1,0,1,0,0,1,1,0,1,0,1,0,0,1,1,0,0,1,1,0,1,1,0,0,0,0,0,1,1,0,1,0,0
0,1,0,1,1,0,0,1,0,1,1,0,1,1,0,1,0,0,0,1,0,1,1,0,0,1,0,0,0,1,1,0,1,1
1,1,1,1,0,1,1,0,1,1,1,0,1,1,1,1,1,0,0,0,0,1,0,1,1,0,1,0,1,0,1,0,0,0
1,0,1,0,0,0,1,0,1,0,0,0,0,0,1,0,0,0,1,0,0,0,0,1,1,1,0,1,1,0,0,1,1,1
1,1,1,0,1,1,0,0,1,1,0,1,0,0,0,1,0,0,1,0,1,0,0,1,0,0,1,1,0,1,1,0,0,0
1,1,0,0,1,1,0,1,0,0,0,0,1,1,1,0,0,0,0,1,0,0,0,0,0,1,0,0,0,0,0,1,1,1
1,0,0,0,0,0,1,0,1,1,0,0,1,0,1,0,0,1,0,0,1,0,0,1,1,1,1,1,0,0,1,1,0,0
0,1,0,0,1,0,1,0,1,0,0,1,1,0,0,0,0,0,0,0,1,0,0,0,1,1,1,1,1,0,1,1,1,1
0,1,1,1,0,0,0,1,0,0,0,1,1,1,0,1,0,1,1,0,1,1,0,0,0,0,0,1,1,1,0,0,0,0
1,0,0,0,1,1,0,1,1,1,0,0,1,0,0,0,0,0,1,0,1,1,1,0,0,1,1,1,0,0,0,1,0,0
0,1,0,1,0,1,1,0,0,1,1,0,1,1,1,0,0,1,0,0,1,1,1,1,0,0,1,0,0,1,0,0,0,0
1,1,1,1,1,0,0,1,1,1,0,0,1,1,0,0,0,0,1,1,0,0,1,1,1,1,1,0,1,1,1,0,0,0
1,0,0,1,0,0,0,0,1,0,1,1,1,1,1,0,0,0,0,1,0,1,1,0,0,0,1,0,0,1,1,1,0,0
1,1,0,0,1,0,0,1,1,1,0,1,1,1,1,0,0,1,1,1,1,0,1,0,1,1,0,1,0,1,1,0,0,0
0,1,0,1,0,1,1,0,1,1,0,0,0,0,0,1,0,0,1,0,1,0,0,1,1,0,1,1,1,1,0,1,1,1
1,1,0,1,0,0,0,1,1,1,0,1,0,1,0,1,0,0,1,1,0,1,0,1,1,1,0,1,0,1,0,1,0,0
1,0,1,0,1,0,1,0,1,1,1,1,0,0,0,0,0,0,1,1,1,1,1,1,1,1,0,0,1,0,0,0,0,0
1,1,0,0,1,1,1,0,0,1,0,1,0,0,1,1,0,1,0,0,1,1,1,1,1,0,0,1,0,0,0,1,0,0
1,1,1,0,1,1,1,1,1,0,1,1,0,0,0,0,1,0,1,1,1,1,1,0,1,0,0,0,0,0,0,1,0,0
1,1,1,1,1,1,1,1,0,1,1,0,1,0,1,0,1,1,1,0,1,0,0,0,1,1,1,1,0,1,1,1,0,0
1,1,0,0,1,1,0,1,0,1,0,1,0,1,0,0,0,0,1,1,1,0,1,0,0,1,0,1,0,1,1,1,0,0
1,1,0,0,1,0,0,0,1,0,0,1,0,1,0,1,0,0,1,1,0,0,1,0,0,0,1,1,0,1,1,1,0,0
1,0,0,1,0,1,0,0,0,0,1,1,1,1,1,0,1,0,0,0,1,1,0,1,0,1,1,0,0,1,0,1,0,0
1,1,0,0,0,1,0,0,1,1,0,0,1,1,1,1,0,1,1,0,1,0,1,1,0,1,1,0,1,1,0,1,0,0
1,1,1,0,1,0,0,1,1,1,1,1,0,1,0,0,1,0,0,0,0,1,1,0,1,1,0,0,0,0,1,1,0,0
1,1,0,0,1,1,0,0,0,1,0,1,0,0,1,0,1,0,1,1,1,0,1,1,0,1,0,0,1,1,1,0,0,0
1,1,0,1,0,1,0,1,0,0,0,0,1,1,0,0,0,1,0,1,0,0,1,0,1,1,1,1,0,0,1,0,0,0
1,1,1,0,1,0,0,0,1,1,1,1,1,0,1,1,0,0,1,1,1,1,0,0,1,1,0,1,0,0,1,1,0,0
1,1,1,1,1,0,0,1,0,1,1,0,0,0,0,0,0,1,1,1,0,0,1,1,1,1,0,0,1,0,0,1,0,0
1,1,0,0,0,0,0,1,1,0,1,1,1,1,1,1,0,1,1,0,0,1,0,1,0,1,1,0,1,1,1,0,0,0
1,0,1,0,1,0,1,1,0,1,1,0,1,1,0,0,0,0,0,1,0,0,1,0,0,0,0,1,0,0,1,1,1,1
1,1,1,1,0,0,0,0,0,1,0,0,0,0,0,1,0,1,0,0,1,1,1,1,0,1,0,1,0,0,1,1,0,0
0,1,0,1,1,1,1,0,1,0,1,1,0,0,0,0,0,0,1,1,0,1,1,1,0,1,0,1,0,1,1,0,0,0
1,0,1,1,0,0,0,0,0,0,0,0,1,0,0,0,0,0,0,0,1,1,0,1,0,1,0,0,0,0,1,1,1,1
1,1,1,1,1,1,0,0,0,1,0,1,0,1,0,1,1,1,0,0,0,1,1,1,1,0,1,0,0,1,1,1,0,0
1,1,0,1,1,1,0,0,1,0,0,0,0,1,1,1,0,1,1,0,1,1,1,1,0,0,0,0,0,1,0,0,0,0
1,1,0,0,1,1,0,1,0,1,1,0,0,1,1,1,0,1,0,0,1,0,1,0,1,1,0,0,1,0,1,0,0,0
1,0,0,1,0,1,1,1,0,0,0,0,1,1,1,0,0,1,0,0,1,0,0,1,1,0,0,0,1,1,1,1,0,0
0,1,0,1,1,0,0,1,0,1,1,1,1,1,1,1,0,0,0,1,1,0,1,1,0,1,0,0,0,1,0,0,0,0
0,1,1,1,1,1,0,1,1,1,0,0,1,0,1,1,0,1,0,0,0,0,1,0,0,1,0,0,1,1,0,1,0,0
1,1,1,1,0,0,1,1,0,0,1,0,1,0,0,0,0,0,1,1,1,1,1,1,0,0,1,1,0,1,0,1,0,0
1,1,0,1,0,0,0,1,1,1,1,0,0,0,1,0,0,0,1,0,1,0,0,1,1,1,1,1,1,0,1,0,0,0
1,1,1,0,1,0,1,1,1,0,0,1,1,1,0,1,0,1,0,1,1,1,0,0,1,0,0,0,1,1,1,0,0,0
1,1,1,0,1,0,0,0,0,0,1,0,0,0,1,1,1,0,0,0,1,0,1,1,0,0,1,0,1,0,0,1,0,0
1,0,0,1,1,0,0,0,0,1,0,0,0,1,1,1,0,1,0,0,0,0,0,0,0,0,1,0,0,1,0,0,0,0
1,1,1,0,0,1,0,1,0,1,1,0,0,0,0,1,1,0,0,0,0,0,1,1,0,1,0,1,1,0,1,0,0,0
0,0,1,0,0,1,0,1,0,0,0,1,0,1,1,0,0,0,0,1,1,0,1,1,0,1,0,1,1,0,1,1,0,0
1,1,1,0,0,1,1,1,0,1,0,0,1,0,0,0,0,1,1,1,1,1,0,1,1,1,1,0,1,0,1,0,0,0
0,1,0,1,0,0,1,1,0,0,0,1,1,0,0,1,0,0,0,1,1,0,0,0,0,0,0,0,0,1,1,1,1,1
1,0,1,0,1,0,0,1,0,1,1,0,0,1,0,1,1,0,0,1,0,1,1,1,0,1,1,0,0,0,0,0,0,0
1,1,1,0,1,0,0,1,0,0,0,1,0,1,0,1,0,1,1,0,1,0,1,1,0,0,0,1,0,1,1,1,0,0
0,1,1,0,0,0,1,1,0,0,0,0,0,1,0,0,0,0,1,1,0,1,1,1,1,1,0,0,0,0,1,0,1,1
1,1,0,0,1,0,0,1,1,0,1,1,1,0,0,1,1,0,0,0,0,1,0,1,1,1,0,0,1,1,0,0,0,0
0,1,1,1,0,1,1,1,0,0,1,1,1,0,1,1,0,1,0,1,0,0,1,1,0,1,0,1,1,0,0,0,0,0
1,0,0,1,1,0,1,1,1,0,0,1,1,0,0,0,0,0,0,0,1,1,1,0,0,1,1,1,0,0,0,1,1,1
1,1,0,1,0,1,1,0,1,0,1,0,0,1,1,1,0,0,1,1,1,0,1,0,0,1,0,0,1,1,1,1,0,0
1,1,1,0,1,0,0,1,1,0,0,1,0,0,0,0,1,0,0,0,0,1,1,1,1,1,1,0,0,0,1,1,0,0
1,1,1,1,0,1,1,0,0,1,0,0,1,1,0,1,1,0,0,0,1,0,0,1,1,0,0,1,1,0,1,1,0,0
1,1,1,1,1,1,1,0,0,1,0,0,0,0,0,0,1,1,1,1,1,0,0,0,1,0,0,0,1,1,0,1,0,0
1,0,1,1,1,0,1,0,0,1,1,0,1,1,1,1,0,0,1,1,0,1,0,1,1,1,1,1,0,1,0,0,0,0
1,1,1,1,0,1,1,0,1,0,1,0,0,1,0,1,1,1,0,1,0,1,1,0,0,0,1,1,1,1,1,1,0,0
1,1,1,1,0,0,1,1,0,0,0,0,1,1,0,0,0,1,1,1,1,0,1,1,0,1,0,0,1,1,0,0,0,0
1,1,1,0,0,0,1,0,1,1,0,1,0,1,0,1,0,1,0,0,0,1,1,0,0,1,0,0,0,1,1,1,0,0
1,1,0,1,1,1,1,1,0,0,1,0,0,1,1,0,1,0,0,0,1,0,1,1,1,0,1,0,1,0,1,1,0,0
0,0,1,0,0,1,0,1,1,1,0,1,0,1,1,1,0,0,0,0,1,0,0,1,1,1,0,0,0,0,0,1,0,0
0,1,0,0,0,1,1,0,1,0,1,0,1,1,1,0,0,0,1,1,0,0,0,1,1,0,1,0,0,0,0,0,0,0
1,1,1,0,0,1,0,0,1,0,1,0,0,1,0,0,1,0,1,1,1,1,0,0,1,0,0,0,1,1,0,1,0,0
1,1,1,0,0,0,0,1,1,0,1,0,0,0,1,0,0,0,0,1,0,0,1,1,1,1,1,1,0,0,0,0,1,1
1,0,0,0,0,1,0,0,1,1,1,1,0,1,0,0,0,1,1,1,1,1,0,1,0,1,0,0,0,1,1,1,0,0
0,1,1,0,1,0,0,1,1,1,1,1,0,0,0,1,0,0,1,0,0,0,1,1,0,1,0,0,1,0,1,0,0,0
1,1,0,1,0,1,0,1,1,1,0,1,1,1,0,0,0,1,0,0,0,1,1,0,1,1,1,0,0,1,1,1,0,0
0,1,0,1,1,1,0,1,1,1,1,1,0,1,1,1,0,1,0,0,0,1,1,0,1,0,1,0,0,1,1,0,0,0
1,0,0,1,1,1,0,1,0,0,1,1,0,0,0,0,0,0,1,0,0,0,1,0,1,0,0,0,0,1,0,1,1,1
1,1,0,1,0,1,0,0,1,0,1,0,1,0,0,0,1,1,0,0,0,0,1,0,1,1,0,1,0,1,0,1,0,0
1,1,1,1,0,1,0,1,0,0,1,1,1,0,0,1,1,0,0,0,0,1,1,0,0,0,1,0,0,1,0,0,0,0
1,0,0,0,0,1,0,1,0,0,0,1,1,0,1,1,0,0,0,0,1,1,1,0,0,0,1,1,0,0,0,0,1,1
0,1,0,1,0,1,1,1,1,0,1,1,1,0,0,0,0,0,0,0,1,1,1,0,0,1,1,0,1,0,0,1,1,1
1,0,0,0,1,0,0,0,0,1,0,0,0,0,0,1,0,0,0,0,0,0,1,1,1,0,0,1,1,1,0,0,1,1
1,0,1,0,1,1,1,0,1,0,1,1,1,1,1,0,0,0,1,1,1,0,0,1,1,0,0,0,1,1,0,0,0,0
1,1,1,1,1,0,0,1,1,1,1,1,1,0,1,1,0,0,1,0,1,0,1,0,1,1,0,0,0,1,0,0,0,0
0,1,0,1,1,1,1,1,1,0,0,1,1,0,1,1,0,0,0,0,1,1,1,1,1,0,1,1,0,1,0,1,1,1
0,1,1,1,0,1,1,1,1,0,1,0,1,1,0,1,0,0,0,0,1,1,1,0,1,0,0,1,0,1,1,1,1,1
1,0,1,1,1,0,1,0,1,1,1,1,0,0,0,1,0,0,1,0,0,1,0,1,1,0,0,0,1,0,1,1,0,0
1,1,1,0,1,0,0,1,1,0,0,1,1,1,1,1,0,0,1,1,0,0,0,1,1,0,1,1,0,0,1,0,0,0
1,1,0,1,1,0,1,0,1,0,0,1,0,1,1,1,1,0,0,1,0,1,1,1,1,0,1,1,1,1,0,0,0,0
0,1,0,1,1,0,1,0,0,1,0,1,0,0,0,1,0,1,0,0,1,1,0,1,0,0,1,0,0,1,1,1,0,0
1,1,0,1,0,0,1,0,0,1,0,0,0,1,1,1,0,0,1,1,1,1,0,0,0,0,1,0,0,0,1,0,0,0
1,0,0,1,0,0,1,0,1,0,1,0,0,0,1,1,0,0,0,0,1,0,0,1,0,1,0,0,1,1,1,1,1,1
0,1,1,0,1,0,1,0,1,0,1,0,0,0,1,1,0,0,1,1,1,0,1,0,0,1,1,1,1,1,0,0,0,0
1,1,1,0,0,0,0,1,1,0,1,1,1,1,1,0,1,0,1,0,1,0,0,0,1,1,1,1,1,1,1,1,0,0
1,1,1,1,0,0,1,0,1,0,0,1,1,0,1,1,1,0,0,1,1,0,1,1,1,1,0,0,1,1,1,0,0,0
1,1,0,1,0,0,0,0,1,0,0,0,1,1,0,0,0,0,1,1,0,1,0,1,1,1,1,1,0,1,1,1,0,0
1,0,1,1,1,0,1,1,0,1,0,0,1,1,1,1,0,1,1,0,0,1,0,1,0,0,1,1,0,1,1,0,0,0
0,1,1,0,1,0,1,0,1,1,1,0,1,0,1,0,0,1,0,1,1,1,0,0,1,1,0,0,0,1,1,0,0,0
0,0,1,0,0,1,0,0,0,0,1,0,1,1,1,0,0,0,0,0,0,0,1,1,1,0,0,0,1,1,1,0,0,0
1,0,1,1,0,1,0,0,0,1,1,0,0,1,0,1,0,1,0,1,0,1,1,1,1,0,0,1,0,0,1,0,0,0
0,1,1,0,1,0,1,1,0,1,1,1,1,0,1,0,0,0,0,1,1,0,0,0,0,1,1,1,1,0,1,0,0,0
0,0,1,0,1,1,0,1,1,1,0,1,1,1,1,0,0,0,0,1,1,0,0,0,0,1,1,1,1,1,1,1,0,0
1,0,0,1,1,1,1,0,1,0,1,1,1,0,1,1,0,1,0,1,0,0,1,1,0,1,0,0,1,0,1,1,0,0
1,1,1,0,1,0,1,1,1,1,1,0,0,0,1,0,0,0,1,1,0,1,1,1,0,1,0,1,1,1,1,1,0,0
1,1,1,1,1,0,0,1,0,0,1,1,1,0,1,0,1,1,0,1,1,0,0,1,1,0,0,0,0,0,0,0,0,0
0,0,0,1,1,0,0,0,0,0,1,1,1,1,0,0,0,0,0,0,0,0,1,1,1,0,0,0,0,1,0,0,0,0
1,0,1,0,1,0,0,0,1,0,1,1,0,0,1,0,0,0,1,0,0,0,0,0,1,0,1,1,0,1,1,1,0,0
1,1,0,1,1,1,0,0,0,1,0,1,0,0,1,1,0,0,1,0,0,1,1,1,1,1,0,1,1,0,1,1,1,1
1,0,1,0,0,1,0,1,0,0,0,1,1,0,1,1,0,1,0,0,0,0,1,1,0,1,1,1,0,0,1,1,0,0
1,1,0,1,1,1,1,1,0,0,0,1,0,0,1,0,1,0,1,0,1,1,1,1,0,1,1,0,0,0,1,0,0,0
1,0,1,0,1,0,0,0,0,1,0,1,0,1,1,0,1,0,0,0,0,1,0,0,1,1,1,0,0,1,0,1,0,0
0,1,1,0,1,1,0,0,0,1,0,1,0,0,1,0,0,0,0,1,0,0,0,1,0,0,1,1,1,1,1,1,1,1
1,1,0,1,0,1,1,1,0,0,1,1,0,0,1,1,0,0,0,1,0,1,1,1,0,0,1,1,1,1,1,1,1,1
1,1,0,1,1,1,1,0,1,1,1,1,0,0,0,1,1,0,1,1,0,0,1,0,0,0,0,1,1,0,1,0,0,0
1,0,1,1,1,0,0,1,1,0,1,0,0,1,1,0,0,1,0,0,1,0,0,0,0,0,1,0,1,1,0,0,0,0
1,0,1,1,1,0,1,1,0,1,1,1,1,0,0,1,1,0,0,1,0,0,0,1,1,1,1,1,0,1,0,1,0,0
0,1,1,1,1,1,0,1,1,1,0,1,0,1,1,0,0,0,1,1,1,1,1,0,0,0,0,1,0,1,1,0,0,0
1,1,0,1,1,0,1,0,1,0,0,0,0,1,0,0,1,0,1,1,1,0,0,1,1,1,0,0,1,0,0,1,0,0
1,1,0,1,0,0,1,0,1,0,0,0,1,0,1,1,1,0,1,1,0,1,1,1,0,0,0,1,0,0,1,0,0,0
0,1,0,1,0,0,1,1,0,0,1,1,1,1,1,0,0,0,0,1,0,1,1,0,0,1,0,0,0,1,0,1,0,0
1,1,0,0,1,1,1,1,1,0,0,1,1,1,1,1,1,0,1,0,0,0,0,0,1,0,1,1,1,0,1,1,0,0
1,1,0,0,0,1,0,0,0,0,1,0,0,0,0,0,1,0,1,1,0,1,1,0,0,1,1,0,1,0,1,0,0,0
1,0,1,0,1,0,0,0,1,1,1,1,0,1,1,1,0,1,1,1,0,1,0,0,0,1,1,1,0,0,0,1,0,0
1,1,1,1,0,1,1,0,0,1,1,1,0,1,0,1,1,0,0,0,0,0,1,0,0,1,1,0,1,0,1,0,0,0
1,1,0,0,0,0,0,0,0,0,1,0,1,1,1,1,1,0,1,1,0,0,0,0,0,0,0,1,1,1,0,0,0,0
1,0,1,1,1,1,0,0,0,0,0,1,0,1,0,1,1,0,0,1,0,0,0,0,1,1,0,1,0,0,0,0,0,0
1,1,0,1,1,1,0,1,0,1,0,0,1,0,0,1,0,0,1,1,0,0,0,0,0,0,1,1,0,0,1,1,0,0
1,1,1,0,0,0,0,1,1,0,1,1,1,0,0,1,1,0,1,1,0,1,1,0,0,1,1,1,0,1,0,1,0,0
1,0,1,1,1,1,0,0,1,0,1,0,1,1,1,1,0,1,1,0,0,1,0,0,0,1,0,0,1,0,1,1,0,0
1,0,1,1,1,0,1,0,1,1,0,0,0,1,0,1,0,1,0,1,0,0,1,1,0,0,1,1,1,0,0,1,0,0
0,1,0,1,0,1,1,1,0,1,0,0,0,1,1,0,0,0,1,1,0,0,1,1,0,1,1,0,0,1,1,0,1,1
1,1,0,1,1,0,1,0,0,0,0,1,1,0,1,0,0,0,0,0,0,1,0,0,0,1,0,0,1,1,1,1,1,1
1,1,1,0,0,0,1,1,1,0,1,1,1,1,1,1,1,0,0,0,1,0,0,0,1,0,0,0,0,1,1,0,0,0
1,0,0,0,0,1,0,1,1,0,1,0,0,1,0,1,0,1,0,1,0,0,0,0,1,0,1,1,1,1,0,1,0,0
1,0,1,0,1,0,0,1,0,1,0,1,1,1,0,0,0,1,0,0,0,1,0,1,1,0,0,0,0,0,0,0,0,0
0,1,1,0,0,0,1,1,1,1,0,0,1,1,0,0,0,0,1,0,1,0,0,1,0,0,0,0,1,1,1,0,0,0
1,1,1,0,0,1,1,0,0,1,1,1,1,1,0,1,0,0,1,1,0,1,0,1,0,1,0,0,0,1,1,1,0,0
0,1,0,1,1,0,0,0,0,1,1,1,1,0,0,0,0,0,0,1,0,0,0,1,1,1,0,0,1,0,0,0,0,0
1,1,1,1,0,1,1,1,0,1,0,0,1,1,1,0,0,0,1,0,0,0,0,0,0,1,1,1,1,0,1,1,1,1
1,1,1,0,0,1,1,1,1,1,1,0,0,1,0,0,0,0,0,0,0,1,1,1,1,1,1,1,1,1,1,0,1,1
1,0,1,1,1,1,0,0,0,0,1,1,1,0,1,0,0,1,0,0,0,0,0,1,0,0,1,0,1,0,1,0,0,0
1,1,0,1,0,0,0,0,1,1,0,0,0,1,0,1,0,0,0,1,0,0,1,1,1,1,1,1,1,1,0,0,1,1
1,1,0,0,0,1,1,1,1,0,1,1,0,0,1,0,0,0,0,1,0,0,1,1,1,1,0,0,0,0,0,1,1,1
1,0,0,1,1,0,1,0,1,1,1,0,0,0,1,1,1,0,0,1,0,1,1,1,0,0,1,0,1,0,0,0,0,0
0,0,1,1,0,0,1,1,1,0,0,0,1,1,0,0,0,0,1,1,0,0,0,1,1,1,0,0,1,0,1,0,0,0
1,0,1,1,0,1,0,0,0,1,0,0,0,0,1,0,0,1,1,1,0,0,0,0,0,1,1,0,1,1,1,0,0,0
0,1,0,1,0,1,1,1,1,0,0,1,1,1,1,0,0,1,0,0,0,1,0,0,0,0,1,0,1,0,0,1,0,0
0,1,0,0,1,1,1,1,0,1,1,1,1,0,0,0,0,0,0,0,1,0,1,1,0,1,0,1,1,0,0,1,0,0
1,0,1,0,1,0,1,1,1,1,0,0,1,0,0,0,0,1,0,0,1,0,0,1,1,1,1,1,1,0,1,1,0,0
1,1,1,0,1,0,1,1,0,0,0,1,0,1,1,1,1,1,0,1,0,0,1,0,0,1,0,0,0,1,0,0,0,0
1,1,0,0,0,0,0,0,1,0,0,0,1,1,0,0,0,1,0,1,0,0,1,1,1,1,1,0,0,0,0,0,0,0
1,0,1,0,0,0,0,1,1,1,1,1,1,1,1,1,0,1,1,1,0,1,0,1,1,0,1,1,1,1,1,1,1,1
1,0,0,0,1,0,1,0,1,0,0,1,1,1,0,0,0,0,0,1,1,0,0,0,1,0,1,0,0,0,0,1,1,1
1,1,1,0,1,0,0,1,1,0,1,1,1,0,1,1,0,0,0,0,1,1,0,0,1,1,0,1,0,1,0,1,0,0
0,1,1,1,1,0,0,0,0,1,0,0,0,0,0,1,0,1,1,1,0,1,0,0,0,1,0,0,1,1,0,0,0,0
1,1,0,1,1,1,1,0,1,0,0,0,1,0,1,1,0,0,0,1,1,0,0,0,0,0,1,0,0,1,0,0,1,1
1,0,1,1,1,1,1,0,1,1,1,1,0,1,1,0,0,0,0,0,0,1,1,0,1,1,1,0,1,1,1,0,0,0
1,1,1,0,1,0,1,1,0,1,1,1,0,1,0,0,1,0,0,1,1,0,1,0,1,0,1,0,1,1,1,1,0,0
1,1,0,0,0,1,1,1,1,1,0,1,0,1,0,1,0,1,1,0,1,1,0,0,0,0,0,1,1,1,1,0,0,0
0,1,0,0,1,1,1,0,1,0,1,0,1,1,0,1,0,0,1,1,0,0,1,1,0,0,0,0,0,1,1,1,0,0
0,1,1,1,0,1,0,0,1,0,0,0,0,0,1,0,0,0,0,1,0,0,0,1,0,1,0,1,1,1,1,0,1,1
0,1,0,0,1,0,1,0,1,1,0,0,1,1,0,0,0,0,1,1,0,0,0,1,1,1,0,1,1,0,1,1,0,0
1,0,0,0,0,1,1,1,1,0,0,1,0,1,0,1,0,0,1,1,0,0,0,1,0,1,1,0,1,0,0,0,0,0
0,0,1,0,1,1,1,0,0,0,1,1,1,1,0,0,0,0,0,0,1,0,1,1,1,0,0,1,0,1,1,0,1,1
1,0,1,0,1,1,1,1,0,0,0,1,1,0,0,1,1,0,0,1,0,0,0,0,0,1,1,1,0,1,1,0,0,0
1,0,0,0,1,0,1,1,0,0,1,0,1,0,0,0,0,0,1,0,0,1,0,1,1,0,0,0,1,0,1,0,1,1
1,1,1,1,1,1,1,0,1,0,1,1,0,0,1,0,0,1,0,0,0,0,1,0,1,0,0,0,0,1,0,1,0,0
1,1,0,0,1,0,0,1,0,0,0,1,0,1,1,0,0,0,1,1,0,1,0,0,0,0,0,0,0,1,0,1,1,1
1,1,1,0,0,0,1,0,1,1,1,1,1,1,1,1,0,0,0,0,0,1,1,1,0,1,1,0,0,1,1,1,0,0
1,1,0,0,1,0,1,0,1,1,1,0,1,1,1,0,1,0,0,0,1,0,1,0,1,1,0,1,0,1,0,0,0,0
1,1,0,0,1,0,0,0,1,0,0,0,1,1,1,1,0,1,1,0,1,1,1,0,0,0,1,0,1,1,1,0,0,0
1,1,1,0,0,0,0,1,1,1,0,1,0,1,1,0,0,1,1,0,1,0,1,1,1,1,1,0,0,1,1,1,0,0
1,1,0,0,0,0,0,1,0,1,1,0,0,1,1,1,0,0,0,1,0,1,0,1,0,0,1,0,1,0,0,0,1,1
0,1,0,0,1,0,1,0,1,1,1,1,1,0,1,1,0,1,0,0,1,0,1,0,1,1,1,0,0,1,1,1,0,0
1,1,1,1,0,1,0,1,0,1,0,1,1,1,1,0,0,0,0,0,1,0,1,1,1,1,0,1,0,0,1,1,1,1
1,1,1,1,1,1,1,0,0,0,1,1,1,1,0,1,0,1,0,1,0,0,1,0,0,1,1,0,1,1,1,1,0,0
1,1,1,0,0,1,0,0,1,1,0,0,1,0,1,1,0,0,1,1,0,1,1,1,1,0,0,1,0,0,0,0,0,0
0,1,1,0,0,0,0,0,0,0,1,0,0,1,1,1,0,0,1,1,1,1,0,0,0,1,1,1,0,1,1,0,0,0
1,1,1,0,0,0,1,1,1,1,0,0,0,0,0,1,0,1,0,0,1,0,1,1,1,1,0,0,1,1,0,1,0,0
1,1,1,0,1,1,1,1,1,0,1,1,0,1,0,0,0,1,1,0,1,1,0,1,1,1,1,1,0,0,1,0,0,0
1,1,0,0,0,0,1,0,1,1,1,1,0,1,1,1,0,0,0,1,1,0,1,1,1,1,0,1,0,0,0,1,0,0
1,1,1,1,1,0,0,1,1,0,1,0,1,1,1,0,0,1,0,1,0,0,1,1,0,1,0,0,0,1,0,0,0,0
1,1,0,0,0,1,1,0,1,0,0,0,0,1,1,1,0,0,0,0,0,1,1,0,1,1,0,1,1,1,0,0,1,1
1,0,1,1,0,1,0,0,0,0,0,1,1,1,0,1,1,0,1,0,0,0,1,0,0,0,1,1,1,1,1,1,0,0
1,0,0,1,1,1,1,1,1,0,1,0,0,1,0,0,0,0,1,1,1,1,1,0,1,1,0,1,1,1,0,1,0,0
1,1,0,1,0,1,0,0,1,1,1,0,1,1,0,1,1,0,0,0,1,0,1,0,0,0,0,0,1,0,1,0,0,0
1,1,1,1,1,0,1,1,0,0,0,0,1,0,1,0,1,0,1,0,0,0,0,1,0,0,1,0,1,0,1,1,0,0
1,0,0,1,0,0,1,1,0,0,1,1,0,0,1,1,0,1,0,0,1,1,0,0,1,0,1,1,1,0,0,1,0,0
0,1,0,0,1,1,1,0,0,1,0,1,1,0,0,0,0,0,0,1,1,1,0,0,0,0,0,1,1,0,0,1,1,1
1,0,0,0,1,1,0,0,1,1,0,0,1,0,0,0,0,1,1,0,1,0,0,0,1,0,0,1,0,0,0,1,0,0
1,1,0,0,1,1,0,1,1,0,1,1,1,0,0,0,0,0,0,0,1,0,1,0,1,1,1,1,0,0,0,1,1,1
1,1,0,0,1,0,1,1,1,1,0,1,0,1,0,1,0,0,1,1,0,0,0,0,0,1,0,1,0,1,1,0,0,0
0,1,1,1,1,0,1,0,1,1,1,0,1,1,0,0,0,1,0,0,0,0,0,1,1,0,1,1,1,0,0,1,0,0
1,0,1,0,0,1,1,1,1,1,1,0,0,1,0,0,0,0,1,0,1,1,1,0,1,1,0,0,0,0,1,0,0,0
0,1,1,0,1,0,1,1,0,1,1,1,1,0,0,1,0,0,1,0,0,1,1,0,0,0,1,0,1,1,0,1,0,0
1,1,0,1,1,1,0,1,0,0,0,0,1,0,0,1,1,0,1,0,0,0,1,1,0,1,1,1,0,0,0,1,0,0
1,1,0,1,0,0,1,1,0,0,1,1,0,1,0,0,1,0,1,1,0,1,0,0,0,1,0,0,1,1,1,1,0,0
1,0,0,0,1,1,0,0,1,1,0,0,0,1,0,0,0,1,1,1,1,1,1,1,1,1,1,0,0,1,1,0,0,0
1,1,0,0,1,0,0,1,1,1,0,0,0,0,0,1,1,0,0,1,0,1,1,0,1,0,0,0,0,1,1,1,0,0
1,0,1,0,1,1,0,1,0,0,1,1,1,1,1,1,1,0,1,0,0,0,0,0,0,1,1,1,1,1,0,1,0,0
1,1,0,1,1,1,0,0,0,0,0,1,1,0,1,0,0,0,0,0,0,1,0,1,0,1,0,0,1,1,0,0,1,1
1,1,0,0,1,0,1,1,0,0,1,0,0,1,0,1,0,0,0,1,0,0,1,1,0,1,0,1,0,0,1,1,1,1
0,1,1,1,1,1,0,0,1,1,1,1,1,0,0,1,0,0,1,1,0,1,0,1,0,1,0,1,1,1,0,1,0,0
1,1,1,1,1,0,1,1,1,0,1,1,1,0,1,0,0,1,1,0,1,1,0,1,0,1,1,1,0,1,0,1,0,0
1,0,1,1,1,1,0,1,1,0,1,1,1,1,1,0,0,1,1,0,0,1,0,0,1,1,1,0,0,0,1,1,0,0
1,1,1,1,0,1,1,0,0,1,1,1,0,1,1,0,0,0,0,1,0,0,1,1,0,1,0,0,0,1,0,1,0,0
1,1,1,1,1,1,1,1,0,0,0,0,0,1,0,0,0,0,0,1,0,0,0,0,1,1,1,1,1,0,1,0,1,1
0,1,1,0,1,0,1,1,1,1,1,1,0,0,0,0,0,0,0,0,1,1,1,1,0,1,0,0,0,1,0,0,0,0
1,1,0,0,1,0,1,0,1,0,0,1,1,0,0,1,0,1,1,1,1,1,0,1,1,1,0,0,0,1,1,0,0,0
1,0,1,0,1,1,0,1,0,0,1,0,1,0,0,0,0,0,1,1,1,1,1,0,0,0,1,1,1,1,0,0,0,0
1,0,1,1,0,1,0,1,1,1,0,1,0,0,1,0,1,0,1,1,0,1,0,0,0,0,1,1,0,0,1,0,0,0
1,1,0,1,1,1,1,0,0,1,0,0,1,0,1,0,0,1,0,0,0,1,0,1,1,0,1,1,0,1,1,0,0,0
1,0,1,0,0,1,0,1,0,1,0,1,1,1,1,0,1,0,0,0,0,0,0,1,1,0,1,0,1,0,1,0,0,0
1,1,0,0,0,0,0,0,1,0,0,0,1,0,0,0,0,0,1,0,1,0,0,1,0,1,1,0,1,0,1,1,1,1
0,0,0,1,0,1,1,0,0,1,0,1,1,1,0,1,0,0,0,0,1,1,1,0,0,0,0,1,0,0,0,1,0,0
1,0,0,1,0,1,0,0,0,1,0,0,0,1,1,1,0,0,0,1,0,1,0,1,0,1,1,1,0,0,0,1,1,1
1,1,0,1,1,1,0,1,1,1,1,0,0,1,1,1,1,1,0,1,0,1,0,0,0,1,1,0,0,0,1,0,0,0
1,0,1,1,0,1,1,0,1,1,0,0,0,1,0,0,0,0,0,0,1,0,1,1,1,0,1,1,0,0,1,1,1,1
1,1,1,1,0,1,0,1,0,1,1,0,0,0,0,1,0,0,0,1,1,0,1,0,1,0,1,1,1,1,0,0,1,1
1,0,0,0,1,1,0,0,0,1,0,0,0,0,1,0,0,1,0,0,0,0,1,1,0,1,1,1,1,0,1,0,0,0
1,1,1,0,1,1,0,0,1,1,1,0,0,0,1,0,1,1,1,0,0,1,1,0,1,1,1,1,1,0,1,0,0,0
1,0,0,1,1,1,0,1,0,0,0,1,1,0,1,0,0,0,1,0,1,0,0,0,1,1,0,1,1,1,0,1,1,1
0,1,0,1,1,1,0,1,1,0,0,1,1,0,0,0,0,1,0,0,0,1,0,1,1,0,1,1,0,1,0,1,0,0
1,0,1,1,1,1,1,1,1,0,1,0,1,0,0,1,1,0,1,0,0,1,0,0,1,1,0,1,0,0,0,1,0,0
0,1,0,1,0,0,0,1,0,0,0,1,0,1,1,0,0,0,1,1,1,0,0,1,1,0,0,1,1,0,1,0,1,2
1,1,1,0,1,1,1,0,0,0,0,0,1,1,1,0,0,0,1,1,1,1,1,0,0,0,0,1,0,1,0,1,0,0
1,0,1,0,1,0,0,0,1,0,0,1,0,1,1,1,0,1,0,0,1,1,0,0,1,0,1,0,0,0,1,0,0,0
1,1,1,0,0,1,1,0,0,1,1,1,0,0,1,1,1,0,0,1,0,1,1,1,1,0,1,0,1,0,0,0,0,0
0,0,1,1,0,0,1,1,0,1,0,0,1,1,1,1,0,0,0,0,1,0,0,0,1,0,1,0,0,0,1,1,1,2
1,1,0,1,0,1,0,0,1,1,1,1,0,1,1,1,1,0,0,0,0,0,0,1,0,1,1,1,0,0,0,0,0,0
0,0,1,0,1,0,1,1,1,0,1,0,1,1,1,1,0,0,0,0,0,0,1,0,0,1,1,1,1,0,1,1,0,0
1,1,1,0,1,1,1,1,1,1,1,1,0,0,1,1,0,1,0,1,1,1,0,0,1,1,1,0,1,1,1,0,0,0
1,1,1,0,1,0,1,0,0,0,0,0,1,0,1,1,1,1,0,0,1,1,1,1,0,1,1,0,0,0,0,0,0,0
1,0,1,0,0,1,1,1,0,0,0,1,1,0,1,0,0,0,1,1,0,0,0,1,0,1,1,1,0,1,0,1,1,1
0,1,1,1,1,0,0,0,1,0,0,1,0,1,1,0,0,1,1,0,0,0,0,0,1,0,1,1,0,0,1,1,0,0
1,1,1,1,1,1,0,1,1,0,1,0,0,0,0,1,1,1,1,0,1,0,1,1,0,0,0,0,1,0,1,0,0,0
0,1,1,0,0,0,1,0,0,0,0,0,0,0,1,0,0,0,1,0,0,0,0,1,0,0,1,0,0,0,1,1,1,1
1,1,1,0,0,1,1,1,1,1,1,0,1,0,0,1,0,1,0,0,1,0,0,1,0,0,1,1,0,0,1,1,0,0
1,1,1,0,1,1,1,1,1,0,0,0,1,1,1,1,1,0,0,0,1,0,0,0,0,1,1,1,1,1,1,0,1,1
1,1,0,0,0,0,0,1,0,1,0,1,0,1,0,1,1,0,0,1,0,0,0,0,1,1,1,0,0,1,0,0,0,0
1,0,1,1,0,1,0,0,1,0,0,1,1,1,0,0,0,0,1,1,1,0,1,0,0,0,1,1,1,1,0,0,0,0
1,1,1,1,0,0,1,1,1,0,0,0,0,1,0,0,1,0,0,1,1,0,0,1,0,1,1,0,0,1,0,1,0,0
0,1,1,1,1,1,0,1,0,0,1,0,1,1,0,1,0,1,1,1,0,0,1,0,0,1,1,0,1,1,0,1,0,0
1,1,0,0,0,0,1,0,1,0,0,0,0,1,0,1,0,0,1,0,1,0,0,0,0,1,0,1,0,0,1,1,1,1
1,1,0,0,1,0,0,1,0,0,0,0,1,1,0,1,1,0,0,0,0,0,0,1,1,0,0,0,0,0,0,1,0,0
0,1,1,0,1,0,0,1,1,0,0,1,0,1,1,0,0,1,0,0,1,1,0,1,1,1,0,1,0,0,0,0,0,0
1,1,0,0,0,0,0,0,1,1,1,1,0,0,1,1,0,1,1,1,1,0,0,0,1,1,0,0,1,1,1,0,0,0
1,1,1,1,1,1,0,0,1,1,0,1,1,1,1,0,1,0,0,0,0,1,1,1,1,0,0,1,0,1,1,1,0,0
0,1,1,1,0,0,0,1,0,1,1,0,0,1,1,1,0,1,1,1,0,0,0,0,1,0,0,1,0,1,0,1,0,0
1,0,0,0,1,1,1,0,0,1,1,1,1,0,0,0,0,1,0,0,0,1,0,0,1,1,1,1,0,1,0,1,0,0
1,1,0,0,1,1,1,0,0,1,1,1,1,1,0,1,0,1,1,0,0,0,1,1,1,1,1,1,0,0,1,0,0,0
1,0,0,1,1,0,1,0,0,1,1,0,0,1,1,0,0,0,0,1,1,0,0,0,0,0,0,0,1,1,0,0,1,1
0,1,1,0,0,1,1,1,1,0,0,1,0,0,1,1,0,1,0,1,1,1,1,1,1,0,1,1,0,0,1,1,0,0
1,1,0,0,1,0,0,0,1,0,0,0,1,0,0,1,0,0,1,1,1,1,1,1,1,1,0,0,0,0,0,1,0,0
1,1,1,1,0,0,1,0,0,1,1,1,1,0,1,1,0,1,0,0,1,0,1,1,1,0,1,0,0,1,1,1,0,0
1,1,1,1,0,1,1,0,1,0,1,0,0,0,0,1,0,0,0,1,0,1,1,1,1,0,0,0,0,0,0,0,1,1
1,0,1,0,0,0,1,1,1,1,1,1,0,1,0,0,0,0,1,1,0,1,1,1,0,0,0,0,1,1,1,1,0,0
0,1,1,0,1,1,1,0,1,0,1,0,0,1,1,1,0,0,0,0,0,1,0,1,0,0,0,1,0,0,1,1,1,1
0,1,1,1,0,0,0,0,1,0,1,0,0,0,0,0,0,1,0,1,1,0,1,1,1,1,1,0,1,1,1,0,0,0
1,1,0,1,0,0,1,0,0,1,0,0,0,1,1,0,0,0,0,0,1,0,1,1,0,1,0,1,0,0,0,1,1,1
1,0,0,1,1,1,1,0,0,0,1,0,1,1,1,1,0,1,1,1,0,1,1,0,0,1,1,1,1,0,1,1,0,0
1,0,1,0,1,0,1,1,1,0,0,0,1,0,0,0,0,1,0,0,1,0,0,1,1,1,1,1,0,1,0,0,0,0
1,1,0,0,1,0,0,1,1,1,0,0,1,0,0,0,1,0,0,0,0,1,0,0,0,0,1,1,1,1,0,1,0,0
1,1,0,0,0,0,0,1,0,0,0,1,0,0,1,1,0,1,0,0,1,1,0,0,1,1,1,0,1,0,1,0,0,0
0,1,0,0,0,1,1,0,0,0,0,0,0,0,0,1,0,0,0,1,1,0,0,1,1,1,1,1,1,0,0,0,0,0
1,1,1,1,0,1,0,0,0,0,0,0,0,1,0,1,0,0,1,1,0,0,1,1,0,1,0,0,0,1,0,0,1,1
1,0,0,0,0,0,1,1,0,1,0,1,1,1,0,1,0,1,1,1,0,0,0,1,0,0,0,1,1,0,1,1,0,0
1,1,0,0,0,0,1,0,1,1,1,1,0,1,1,1,0,0,1,0,0,0,0,1,1,1,0,1,1,1,1,0,0,0
1,0,1,1,0,0,0,0,0,0,1,1,0,1,0,0,0,1,0,0,1,1,0,0,1,1,0,0,1,0,1,1,0,0
1,0,1,1,1,0,0,1,1,0,1,1,0,1,0,1,1,0,1,0,0,1,1,1,1,1,1,1,1,1,1,0,0,0
1,1,1,1,0,1,1,0,1,1,1,1,1,0,0,0,0,1,0,0,0,0,1,0,1,0,1,1,0,0,1,1,0,0
1,0,1,1,0,1,1,0,1,0,1,0,0,1,0,1,1,0,1,0,0,1,1,0,1,1,1,0,1,0,1,0,0,0
1,1,0,1,0,0,1,0,0,0,1,1,0,0,1,0,0,0,0,1,1,0,0,1,0,1,0,1,0,1,1,0,1,1
1,0,1,1,1,1,1,1,0,1,0,1,1,1,0,0,0,1,1,1,1,1,0,1,1,1,0,0,0,1,1,0,0,0
0,1,0,0,1,0,1,1,1,1,1,1,0,0,0,1,0,0,1,1,0,1,1,1,0,0,0,1,1,0,1,0,0,0
1,0,1,1,1,1,0,0,1,1,0,1,1,1,0,1,0,1,0,1,1,0,0,0,0,0,1,0,0,0,1,0,0,0
1,1,1,1,1,1,1,0,1,0,0,1,0,1,1,1,0,1,0,1,1,0,1,1,1,0,0,1,1,1,0,0,0,0
1,0,1,1,0,0,1,1,1,1,0,0,0,1,1,0,0,0,0,0,0,1,0,0,0,1,0,0,1,0,1,1,1,1
1,1,0,0,1,0,1,1,0,1,1,1,0,0,0,0,1,0,1,0,0,0,1,0,0,1,1,0,1,1,1,0,0,0
0,1,1,1,1,0,1,0,1,0,0,1,1,1,1,0,0,0,1,1,1,1,0,1,0,1,0,1,1,1,0,1,0,0
1,1,1,1,1,1,1,0,1,1,0,0,0,1,0,0,1,1,0,0,1,0,1,1,1,1,0,0,0,0,1,0,0,0
1,1,1,0,1,0,1,0,1,1,0,0,0,1,0,1,0,1,1,0,0,1,0,0,1,1,1,0,0,1,0,1,0,0
1,1,0,0,1,0,1,1,0,0,0,1,1,1,1,1,0,1,1,0,1,0,1,1,0,1,0,1,0,0,0,1,0,0
0,1,0,0,1,0,1,1,0,1,0,1,0,1,0,1,0,0,0,0,1,1,1,0,0,0,0,0,0,0,1,1,1,1
1,1,0,1,0,0,0,1,1,1,0,1,0,0,0,1,1,0,1,0,1,1,0,0,1,0,0,1,0,1,1,0,0,0
0,1,1,1,1,1,1,0,0,1,1,1,0,1,0,1,0,1,0,0,1,1,1,0,1,0,1,1,0,1,1,1,0,0
0,1,1,0,1,1,1,1,1,0,1,0,0,0,0,1,0,0,0,0,1,1,1,0,0,0,1,0,0,1,1,0,0,0
1,1,0,0,0,0,1,0,0,1,1,0,0,1,0,1,1,0,0,1,0,1,1,0,1,0,0,1,1,1,1,1,0,0
1,1,1,0,0,1,1,0,1,1,1,0,0,0,0,0,0,1,0,0,0,1,0,0,1,1,1,1,0,0,0,1,0,0
1,1,1,1,1,0,0,1,1,1,1,1,1,1,1,0,0,1,0,1,0,0,0,0,0,1,0,1,1,0,1,1,0,0
0,1,0,1,1,1,1,1,1,0,0,0,1,1,0,1,0,0,0,1,0,0,0,1,0,0,1,1,1,1,0,1,1,1
1,1,1,1,0,1,0,1,1,1,0,1,1,1,1,1,1,1,1,0,1,1,0,1,1,1,1,1,1,0,1,0,0,0
1,1,0,0,1,0,0,1,1,0,1,1,0,0,0,1,0,1,0,0,0,0,0,0,1,0,0,0,1,1,1,1,0,0
0,1,1,0,1,1,0,0,1,0,0,1,0,1,1,1,0,0,0,0,1,0,0,1,1,0,1,1,1,1,1,1,1,1
1,1,1,0,0,1,0,0,1,1,1,0,0,1,1,0,0,1,0,1,0,0,0,1,0,1,0,0,0,1,0,1,0,0
1,1,1,1,1,1,1,1,0,1,1,0,0,0,1,0,0,0,0,1,1,1,1,1,0,0,1,0,1,1,0,0,1,1
0,1,0,0,1,0,1,1,1,0,1,1,1,1,1,1,0,0,0,1,1,0,1,0,1,1,0,0,0,0,1,0,0,0
1,1,1,0,1,1,0,1,0,1,0,0,0,0,1,0,1,0,1,0,1,1,0,0,1,1,0,0,1,1,0,1,0,0
1,0,0,0,0,1,0,0,1,0,0,0,0,0,0,0,0,0,0,0,1,0,0,1,0,1,0,0,1,1,1,0,0,0
0,1,0,0,1,0,0,1,0,0,1,1,0,0,1,1,0,0,1,1,1,1,1,1,1,0,0,1,0,1,0,0,0,0
1,0,1,1,1,1,0,1,1,0,1,1,1,1,1,0,0,1,0,0,1,0,1,0,0,1,0,1,0,0,0,1,0,0
1,1,0,1,0,0,0,1,1,1,0,0,1,1,1,1,0,1,1,1,1,0,0,0,1,1,1,0,0,1,0,0,0,0
1,0,0,1,0,1,0,1,1,0,1,0,1,0,0,0,0,1,1,1,1,1,0,1,0,1,1,1,1,1,1,1,0,0
1,0,0,0,1,1,0,0,1,0,1,1,0,1,1,1,0,0,0,0,0,1,1,0,1,0,1,0,0,0,0,0,1,1
1,1,0,1,1,1,0,0,1,0,1,0,1,1,1,0,0,0,1,1,0,1,1,1,0,1,1,0,1,0,0,1,0,0
1,1,1,1,1,1,0,0,0,0,1,1,1,0,0,0,1,1,0,1,1,0,1,0,1,0,1,0,0,0,0,0,0,0
1,0,0,0,0,1,0,0,1,1,1,0,1,0,1,1,0,1,0,1,0,1,0,0,1,1,0,1,0,1,0,1,0,0
1,0,1,1,1,0,1,0,0,0,1,1,1,0,1,1,1,0,0,1,1,1,0,0,1,1,1,1,0,0,1,1,0,0
1,1,1,1,1,0,0,1,1,1,1,1,1,0,1,0,1,0,1,1,1,0,1,1,0,0,0,1,1,0,0,1,0,0
1,1,0,0,1,0,0,0,0,1,0,1,0,1,0,0,0,0,0,1,0,0,1,0,0,0,1,0,0,0,1,1,1,1
1,1,0,1,0,1,1,1,1,1,0,0,0,0,1,1,0,0,1,1,1,0,1,1,1,0,1,1,0,1,0,1,0,0
1,0,0,0,1,0,1,1,0,1,0,0,1,0,0,1,0,1,1,1,0,0,1,1,0,0,0,1,0,0,1,1,0,0
1,0,0,0,1,1,0,0,0,0,0,0,0,1,1,0,0,0,1,0,1,1,0,1,1,0,0,0,1,1,0,0,0,0
1,0,1,0,1,1,0,1,1,1,1,0,0,1,0,1,0,0,1,1,1,0,1,0,0,1,0,1,1,1,0,1,0,0
1,1,1,1,1,1,1,0,0,1,0,0,1,0,1,1,1,1,0,0,0,1,1,0,1,1,1,1,0,1,0,1,0,0
1,1,1,0,0,0,1,1,0,1,0,1,0,0,0,0,1,0,1,1,1,0,0,0,0,1,1,0,0,0,0,1,0,0
1,1,0,0,0,0,0,1,0,1,0,1,0,0,0,0,0,1,0,0,0,0,0,1,1,1,1,1,1,1,1,0,0,0
0,0,0,1,1,0,0,0,0,0,0,0,1,1,1,1,0,0,0,0,0,1,0,1,1,1,0,0,0,0,0,0,0,0
1,1,0,0,0,1,1,1,0,1,0,1,0,0,1,0,1,1,0,0,0,0,0,1,0,1,0,1,1,0,0,1,0,0
1,0,1,0,1,0,1,0,1,0,1,1,1,0,0,1,0,1,1,0,1,0,1,1,1,1,1,0,1,1,0,0,0,0
1,0,0,0,0,0,1,0,0,0,1,1,0,1,1,1,0,0,0,0,1,1,0,0,1,1,1,1,1,1,1,0,1,1
1,1,1,1,0,1,1,1,1,1,1,0,1,0,1,1,0,1,1,0,1,0,0,1,0,1,1,0,0,1,0,0,0,0
1,1,1,0,0,1,1,1,0,1,1,0,1,1,0,1,0,0,1,0,1,0,0,1,0,0,0,0,0,0,1,0,0,0
1,0,0,0,1,0,0,1,1,0,0,0,0,0,1,1,0,0,1,1,0,1,1,0,0,0,0,0,1,0,1,1,1,1
1,1,0,0,0,0,0,0,0,0,1,1,0,0,1,0,1,0,1,0,1,0,0,1,1,1,0,1,0,0,1,0,0,0
1,0,0,1,1,1,1,0,1,0,0,1,1,1,0,0,0,0,0,1,0,0,1,1,0,1,1,0,1,1,1,0,1,1
1,0,1,1,1,0,1,1,1,0,1,0,1,0,0,1,1,0,0,1,0,1,0,1,1,0,0,0,1,1,1,1,0,0
1,1,0,1,1,1,1,1,1,1,1,0,1,1,1,0,0,0,1,0,1,1,0,0,0,0,1,0,0,0,0,1,0,0
1,0,1,1,0,0,0,0,1,0,1,0,0,1,0,0,0,0,1,0,0,1,1,1,1,0,1,1,1,0,1,1,0,0
0,1,0,1,1,0,0,0,0,1,0,0,0,1,0,0,0,0,1,0,0,0,1,0,1,0,1,0,0,1,1,0,1,1
1,1,1,1,1,1,1,1,1,0,1,1,0,0,0,0,1,0,0,1,0,1,1,0,0,0,0,1,0,0,0,1,0,0
1,1,0,1,0,0,1,1,0,0,0,1,0,1,0,0,0,1,0,1,0,0,1,0,0,0,0,1,0,0,1,0,0,0
1,1,0,0,1,1,0,0,1,1,0,0,0,0,0,0,1,0,0,1,1,1,0,0,0,0,0,1,0,0,0,1,0,0
1,0,0,1,0,0,1,0,0,0,1,0,0,0,0,0,0,1,1,0,1,0,0,1,1,1,0,0,1,1,0,1,0,0
0,1,0,1,1,0,0,1,0,1,0,1,0,0,1,0,0,0,1,0,0,1,1,0,1,0,0,1,1,0,1,1,1,1
1,1,0,0,0,0,0,1,0,1,0,1,0,0,1,0,0,0,1,1,1,0,1,1,1,1,1,1,1,0,0,1,0,0
1,1,1,1,1,1,0,1,1,0,1,0,1,1,0,1,0,1,0,0,1,0,1,0,0,1,0,0,0,0,1,0,0,0
1,1,1,1,1,1,1,0,1,0,0,0,1,0,1,0,1,0,0,0,1,0,1,1,1,1,1,1,1,1,0,1,0,0
1,1,1,0,1,0,0,1,1,0,0,1,0,1,1,0,1,0,0,1,0,1,1,1,1,1,0,1,1,0,1,1,0,0
1,1,0,1,1,0,0,1,1,0,0,0,1,0,1,1,1,0,1,1,0,0,0,0,0,1,1,0,1,0,0,1,0,0
1,0,1,0,1,1,1,0,0,1,1,1,0,1,0,1,0,1,1,0,1,0,1,0,1,0,1,0,0,0,0,0,0,0
1,0,0,1,1,1,0,0,1,1,0,0,1,1,1,1,0,1,1,1,1,1,1,0,1,1,1,1,0,1,1,1,0,0
1,1,1,1,1,1,1,1,0,0,1,1,0,1,0,0,1,1,0,1,0,1,0,0,1,0,1,1,0,1,1,0,0,0
1,1,1,1,0,1,1,0,0,0,0,0,1,0,0,0,0,0,0,0,1,1,0,0,0,1,1,1,0,0,0,1,1,1
1,1,0,1,1,0,1,0,0,1,0,1,0,0,1,0,0,1,1,0,1,1,0,1,0,0,1,0,1,1,0,1,0,0
1,0,1,1,1,0,0,1,1,0,1,0,0,1,0,0,0,0,0,0,0,1,1,1,0,0,0,1,0,0,1,1,1,1
1,1,1,0,1,1,1,1,0,0,0,0,0,1,0,0,1,1,1,0,1,0,0,0,0,1,0,0,0,0,1,1,0,0
1,0,0,1,0,1,1,0,0,0,0,0,1,1,0,0,0,0,1,1,1,1,1,0,1,1,1,1,0,1,1,1,0,0
1,0,1,0,1,1,1,1,0,0,1,0,0,0,0,1,0,0,1,1,1,0,0,1,1,0,1,0,1,0,0,1,0,0
1,1,1,0,1,1,1,1,0,1,0,0,0,1,0,0,0,1,0,0,0,0,1,0,1,0,0,0,0,0,0,0,0,0
1,1,1,1,0,0,1,0,0,1,0,0,0,0,1,1,1,0,0,0,0,1,1,0,1,0,0,0,1,1,0,0,0,0
1,1,1,0,1,1,0,0,0,0,1,1,0,1,1,0,1,0,0,0,1,0,1,0,0,0,0,1,0,1,1,0,0,0
1,0,1,0,1,1,0,1,1,0,0,1,0,0,0,0,0,1,1,1,0,1,1,1,1,0,1,0,0,1,0,0,0,0
0,1,0,1,1,1,0,1,1,0,1,1,0,1,1,1,0,1,0,0,0,0,0,0,0,1,1,1,1,1,0,1,0,0
1,0,0,0,1,0,1,0,1,1,1,1,1,1,1,0,0,0,1,0,1,0,0,0,1,0,0,0,1,1,1,0,0,0
1,1,1,1,1,0,0,0,0,0,1,0,0,0,1,1,0,1,1,0,0,0,0,1,0,0,1,0,1,1,1,0,0,0
1,1,1,1,0,0,0,1,0,0,1,1,1,1,1,1,1,0,1,1,0,0,1,1,0,1,0,1,0,0,1,0,0,0
0,1,0,0,0,0,0,0,1,0,1,0,1,0,1,1,0,0,1,1,0,1,0,1,1,1,1,0,0,1,0,0,0,0
1,1,0,0,1,0,0,1,0,1,0,1,1,1,0,1,1,0,1,0,1,0,1,1,0,1,1,1,0,1,1,0,0,0
1,1,1,0,0,1,0,0,1,1,0,0,1,0,1,1,1,0,1,1,0,1,1,1,0,1,0,1,1,0,0,0,0,0
0,1,0,0,1,1,1,1,1,0,1,1,0,0,0,1,0,0,0,0,0,0,0,1,0,0,0,0,1,1,0,1,1,1
1,0,0,1,1,1,1,1,0,0,1,0,0,1,1,0,0,0,1,1,1,0,1,0,1,0,0,1,1,0,0,1,0,0
0,1,1,0,1,1,1,1,1,1,0,1,0,1,0,0,0,0,0,1,1,0,1,0,1,0,1,0,1,0,1,0,1,1
0,1,1,0,0,1,1,0,1,1,0,1,0,1,1,0,0,0,1,1,0,0,0,1,1,0,0,1,0,0,0,1,0,0
1,1,0,1,1,1,0,1,1,1,1,1,0,1,1,0,0,1,1,0,1,0,0,0,0,1,1,1,0,0,1,0,0,0
1,1,1,0,0,0,1,1,1,0,1,0,0,1,1,0,1,1,1,0,0,0,0,1,0,1,1,0,0,1,1,0,0,0
1,1,1,1,1,0,0,1,0,1,1,1,1,0,0,0,0,0,0,0,0,0,1,0,0,1,0,0,1,1,1,1,0,0
1,0,0,1,0,1,1,1,0,0,0,1,0,1,1,1,0,1,1,0,0,0,0,0,1,0,0,0,0,1,1,0,0,0
1,1,0,0,1,0,1,1,1,0,1,0,1,0,1,0,0,1,1,0,1,0,1,1,0,0,1,1,1,0,1,1,0,0
1,0,0,0,1,1,0,1,1,0,1,1,0,0,1,0,0,1,0,1,0,1,1,0,0,1,1,1,1,1,0,1,0,0
1,0,1,1,0,1,0,1,0,0,0,0,0,0,1,0,0,0,0,0,1,0,0,0,0,0,0,0,1,1,1,1,1,1
1,0,1,1,0,1,0,0,0,0,1,1,1,1,0,0,0,0,1,0,1,1,1,0,0,0,1,1,0,1,0,1,0,0
1,1,0,0,0,0,0,1,1,0,0,0,1,1,1,1,0,0,1,1,0,1,1,0,0,0,1,0,1,1,1,0,1,1
1,1,1,0,0,0,0,0,1,0,0,1,1,0,0,0,0,1,0,0,0,0,0,0,0,1,0,0,0,1,1,1,0,0
1,1,1,0,0,0,1,0,1,0,0,0,0,0,0,0,0,1,1,1,1,1,0,0,0,0,0,1,1,0,0,1,0,0
0,1,1,1,0,1,0,0,1,1,1,1,0,1,1,0,0,1,1,0,1,1,0,1,0,0,0,0,0,0,1,1,0,0
1,1,0,0,1,1,1,1,1,0,0,1,0,0,1,0,1,0,0,0,0,0,0,0,1,0,1,0,1,0,1,1,0,0
1,0,0,0,1,0,1,0,0,1,0,1,0,1,0,0,0,0,1,1,0,0,1,0,0,1,0,0,1,1,1,1,0,0
1,0,1,0,0,0,1,0,0,0,0,1,1,0,0,1,0,0,1,0,0,0,1,0,1,1,1,1,0,0,1,0,1,1
1,0,1,1,1,1,1,1,1,1,1,1,1,1,1,1,0,1,1,1,1,0,1,1,0,0,0,0,0,0,1,0,0,0
1,0,0,1,1,1,1,1,0,0,0,0,0,1,1,0,0,0,1,0,0,1,0,1,1,1,1,1,1,1,0,0,1,1
1,0,1,1,1,1,1,1,0,1,1,0,1,1,1,0,0,0,1,1,1,0,1,0,0,1,0,1,0,1,1,1,0,0
1,1,1,1,1,0,1,0,1,1,0,0,0,0,0,0,1,1,1,1,0,1,0,1,0,0,1,0,1,1,1,0,0,0
1,1,0,1,1,0,1,1,0,1,0,1,1,0,1,1,0,0,1,1,1,0,0,1,0,1,0,1,0,1,0,0,0,0
0,1,0,0,0,1,0,0,1,0,1,1,0,0,1,1,0,0,0,1,0,1,0,0,1,1,0,0,0,0,0,0,1,1
0,1,1,1,0,1,0,1,1,0,1,0,1,0,1,1,0,1,0,1,1,0,1,1,0,0,0,1,1,1,0,1,0,0
1,1,0,0,0,1,1,1,0,1,1,0,1,1,1,0,1,1,0,0,0,1,0,0,0,1,0,0,1,1,0,1,0,0
1,0,1,0,1,1,0,0,1,1,1,1,0,1,0,0,0,1,1,0,1,1,0,0,0,0,1,1,1,1,1,1,0,0
1,1,0,1,1,0,1,1,1,0,0,0,0,1,0,0,1,0,0,0,1,1,0,0,1,1,1,0,1,1,0,1,0,0
1,0,1,0,1,1,1,0,1,0,1,1,1,0,0,0,0,1,1,1,0,0,0,1,0,0,0,0,0,1,1,0,0,0
1,0,1,0,0,1,1,0,1,1,1,0,0,1,1,1,0,1,0,0,0,0,1,0,1,1,0,0,1,1,1,0,0,0
1,0,1,1,1,1,0,0,1,0,0,0,1,0,0,1,0,1,1,0,1,0,1,1,1,0,1,0,1,1,0,0,0,0
1,0,1,1,1,1,0,1,0,0,0,0,0,0,1,1,1,0,1,0,1,0,0,1,0,0,1,1,1,0,1,0,0,0
0,1,0,0,1,1,1,1,0,0,1,1,0,0,0,0,0,0,0,1,1,0,1,1,0,0,1,0,1,1,1,1,1,1
1,1,1,1,1,0,1,0,0,1,0,0,1,0,1,0,1,0,0,1,0,0,0,0,1,1,0,1,1,1,0,0,0,0
1,0,0,0,0,0,1,1,1,1,1,1,0,1,1,1,0,1,0,1,1,1,0,1,1,1,0,0,0,0,1,1,0,0
0,1,0,0,0,0,1,0,1,1,1,0,0,0,0,1,0,0,1,1,0,1,1,0,1,1,1,1,1,1,1,1,0,0
1,1,1,0,0,1,1,1,0,0,0,1,0,0,0,0,1,0,0,1,1,1,0,0,1,0,1,1,0,0,0,0,0,0
1,1,0,1,0,1,1,1,0,1,0,0,1,0,1,0,0,0,1,1,1,0,1,1,1,1,0,1,0,1,1,0,0,0
1,1,0,1,1,1,0,1,0,1,1,1,1,0,0,1,0,1,1,1,1,0,1,1,0,0,1,0,1,0,0,1,0,0
0,0,0,1,0,0,0,0,0,0,0,1,0,1,0,1,0,0,0,0,0,0,1,0,0,1,0,0,1,0,1,1,0,0
1,0,1,0,1,0,0,1,1,1,0,1,1,1,1,1,0,1,0,0,0,1,1,1,0,0,1,1,1,1,1,0,0,0
1,0,1,0,0,0,1,0,0,0,1,0,1,0,0,1,0,0,0,1,1,0,1,0,0,0,1,0,0,1,1,1,1,1
0,1,0,1,1,1,1,0,1,1,0,0,0,0,0,0,0,0,0,1,0,1,0,0,0,1,0,0,1,0,1,1,1,1
0,0,1,0,0,1,0,1,1,1,0,1,1,1,0,1,0,0,0,0,0,1,0,0,1,1,0,1,1,0,0,0,1,1
0,0,0,1,0,1,1,0,0,1,0,0,1,0,0,1,0,0,0,0,0,1,1,0,1,1,1,1,1,1,0,0,0,0
0,0,0,1,1,0,1,0,1,1,1,1,1,1,1,1,0,0,0,0,0,1,0,0,1,0,1,1,1,1,1,0,0,0
1,0,1,0,1,1,0,0,0,1,0,1,1,0,1,1,1,0,0,0,0,1,0,1,0,1,1,0,1,1,0,0,0,0
1,0,0,0,1,0,1,0,1,0,1,0,1,0,1,1,0,1,1,1,0,1,0,0,1,1,1,1,1,1,0,0,0,0
0,1,1,1,0,0,0,0,1,0,1,0,0,0,0,1,0,1,1,0,1,1,0,1,0,1,1,1,1,1,1,0,0,0
1,1,0,0,1,1,0,1,0,1,1,1,0,0,1,1,0,1,1,1,1,1,0,1,1,1,0,1,0,0,0,0,0,0
1,0,0,1,1,0,1,1,0,1,0,0,1,1,0,0,0,0,1,1,0,0,0,1,0,0,0,1,0,1,1,0,0,0
1,1,1,0,1,1,0,0,1,1,1,0,0,1,1,0,0,1,1,0,1,0,1,1,1,1,1,0,1,0,1,0,0,0
1,1,0,1,0,0,0,1,0,0,0,1,1,1,0,0,1,0,1,0,1,0,1,0,0,1,0,1,0,0,1,0,0,0
0,1,0,1,0,1,0,0,0,1,0,0,1,0,0,0,0,0,1,0,0,1,1,1,0,1,1,0,0,1,1,1,1,1
1,1,0,1,1,0,1,0,0,0,1,0,1,0,1,1,0,0,0,1,0,0,0,1,1,1,0,1,1,0,1,1,1,1
1,0,1,0,1,0,1,0,1,0,0,1,1,0,1,0,0,1,0,1,1,0,1,0,0,1,1,0,1,1,0,0,0,0
0,0,1,0,0,0,0,0,0,1,0,0,1,0,0,0,0,0,0,1,1,0,1,1,0,1,0,1,0,0,1,1,0,0
0,1,1,1,1,1,0,0,0,0,1,1,0,0,1,1,0,1,1,1,0,1,1,0,0,0,0,1,0,0,1,1,0,0
1,0,1,0,1,0,0,1,0,0,0,1,0,1,1,0,0,1,0,1,0,0,0,0,0,1,0,0,0,0,1,1,0,0
1,0,0,0,1,1,1,0,1,1,1,0,0,0,1,0,0,0,1,0,0,1,0,0,0,1,0,0,0,1,0,0,0,0
1,1,1,1,0,0,0,0,0,1,0,0,1,0,0,1,1,1,0,1,1,1,1,0,0,0,1,0,0,1,0,0,0,0
1,1,1,0,1,0,0,1,1,0,1,0,0,1,1,1,0,0,1,1,1,1,0,0,0,0,1,0,0,1,0,0,0,0
0,1,0,0,0,1,0,0,1,0,0,0,1,0,1,1,0,0,1,0,1,0,1,0,1,0,0,0,0,1,0,0,1,1
1,1,0,0,0,1,1,0,1,0,1,0,0,1,0,0,0,0,0,0,1,0,1,1,1,1,1,0,0,1,0,1,1,1
1,0,0,0,0,0,1,1,0,1,1,0,1,0,0,1,0,0,0,1,1,0,0,1,0,1,1,1,0,1,0,0,1,1
0,0,1,1,0,1,1,1,1,0,1,1,0,1,0,1,0,0,0,1,1,1,0,0,0,0,1,0,0,0,1,0,1,1
1,0,0,0,1,1,1,1,0,0,1,1,1,1,0,1,0,1,1,1,0,1,1,1,1,0,1,0,1,0,0,0,0,0
1,0,1,0,1,1,1,1,0,0,0,0,1,1,0,0,1,0,0,1,0,0,0,1,0,1,1,1,0,0,0,0,0,0
1,1,1,1,0,0,1,1,0,1,1,1,0,1,1,0,0,0,1,1,0,1,0,1,0,0,1,0,0,0,1,1,0,0
1,1,1,1,0,1,0,1,1,0,1,1,0,0,0,0,0,0,0,0,1,0,1,1,1,1,0,0,1,0,0,0,1,1
1,1,1,1,0,0,1,1,1,0,1,1,0,0,0,1,0,0,0,1,1,1,1,1,1,1,0,0,0,1,0,0,1,1
1,0,0,1,1,1,1,0,1,1,1,0,0,1,1,1,0,1,1,0,0,1,0,1,0,1,1,1,0,1,1,1,0,0
1,1,0,1,1,0,1,1,1,0,0,1,0,0,0,1,0,1,1,1,1,1,0,0,1,1,0,1,1,0,1,1,0,0
0,1,0,0,1,0,0,1,0,0,0,1,0,1,0,1,0,0,0,0,0,0,0,1,0,0,1,0,1,0,1,0,1,1
0,0,1,1,1,1,0,0,0,0,1,1,0,1,1,1,0,0,1,0,1,0,0,1,1,0,0,1,0,0,0,0,0,0
1,1,0,0,1,0,1,0,0,0,1,0,0,0,1,1,0,0,0,0,0,0,1,0,0,0,1,0,1,0,0,0,1,1
1,1,1,1,0,1,1,1,1,0,1,0,0,1,0,0,0,1,1,1,0,1,1,0,1,0,0,0,0,1,0,0,0,0
1,1,0,0,1,1,1,0,0,0,1,1,1,1,0,1,0,1,1,0,0,1,1,0,1,1,0,0,0,1,0,0,0,0
1,0,1,1,0,0,1,1,1,1,0,0,1,1,0,1,0,0,0,0,1,0,1,0,0,0,1,1,1,0,1,1,1,1
0,1,1,1,1,0,0,0,0,0,0,0,0,1,0,1,0,1,0,0,1,1,1,1,0,0,0,1,1,1,1,1,0,0
0,0,0,0,1,1,0,1,1,1,1,0,0,1,1,1,0,0,0,0,0,0,0,1,0,1,1,1,0,0,1,1,0,0
1,1,1,1,1,1,1,1,1,0,1,0,0,0,1,0,0,1,1,1,1,1,1,0,1,1,1,0,0,0,1,0,0,0
1,0,1,1,0,0,1,1,1,0,1,1,1,0,1,1,0,0,0,1,1,1,1,0,0,0,0,1,1,0,1,1,0,0
1,0,1,0,0,1,1,1,0,0,0,0,0,1,1,0,0,1,0,0,0,0,1,1,0,1,1,0,1,1,1,0,0,0
1,0,0,1,0,1,1,1,0,0,0,0,0,0,1,1,0,1,0,1,1,0,0,1,0,1,1,0,1,1,1,0,0,0
0,0,1,1,0,0,0,0,1,0,0,0,1,1,0,0,0,0,0,1,0,1,0,0,1,0,0,0,1,0,1,0,0,0
1,1,0,0,0,1,1,0,0,1,1,0,0,1,1,1,0,1,0,0,1,0,1,0,1,0,0,0,1,0,1,0,0,0
1,1,1,1,0,0,1,0,1,1,1,1,0,1,0,0,0,1,0,0,0,1,1,0,0,1,1,0,0,1,0,1,0,0
1,1,1,0,1,0,1,1,1,1,1,0,1,1,1,0,0,0,0,0,0,1,1,1,1,1,0,1,1,1,1,0,0,0
1,0,1,0,0,1,0,1,1,0,0,1,0,0,1,1,0,0,1,1,1,1,1,0,1,0,1,0,0,0,0,0,0,0
0,1,1,0,1,1,0,0,0,1,0,1,1,1,1,1,0,0,0,0,0,0,1,0,0,1,1,0,1,1,0,1,0,0
0,1,0,0,1,1,1,1,1,0,1,1,0,0,0,0,0,0,1,0,0,1,1,1,0,0,0,0,1,0,0,1,0,0
1,1,0,1,0,0,1,1,1,0,0,1,0,0,0,0,1,0,0,0,1,0,1,1,1,0,1,1,1,0,0,0,0,0
1,1,1,0,1,0,1,0,1,1,0,1,1,1,1,1,0,1,0,0,1,0,1,1,0,1,0,1,0,0,1,1,0,0
1,0,1,1,1,0,1,0,0,1,1,1,1,0,1,0,0,1,0,0,1,1,1,0,1,0,0,1,0,0,1,0,0,0
1,0,0,1,0,0,1,1,1,0,1,0,0,1,0,1,1,0,0,1,0,0,1,0,0,0,0,1,1,0,0,1,0,0
0,1,0,1,1,1,1,1,1,0,0,0,0,0,1,0,0,0,1,1,0,1,1,0,0,0,0,0,0,1,0,1,1,1
1,0,1,1,1,1,1,0,1,1,1,0,0,1,1,1,0,0,1,1,1,0,0,0,1,0,1,0,1,1,0,1,0,0
1,1,1,0,0,1,0,0,0,0,0,1,0,1,0,0,1,0,1,0,1,0,0,1,1,0,0,1,1,0,0,1,0,0
0,0,1,0,1,1,1,0,1,1,0,1,1,0,0,1,0,0,0,0,1,0,0,0,0,1,1,1,0,0,1,1,1,1
0,1,1,0,0,1,0,0,1,0,0,0,0,0,1,0,0,0,0,1,1,1,0,1,1,0,0,0,1,1,0,0,1,1
1,0,1,1,0,1,0,0,1,1,1,1,0,0,1,0,0,0,1,1,0,1,1,0,0,0,1,0,1,0,1,0,0,0
1,1,1,0,1,0,1,0,0,1,0,0,1,0,0,0,1,0,1,1,0,0,0,0,0,1,0,1,0,0,1,1,0,0
0,1,0,0,1,0,0,0,0,0,1,1,1,0,1,0,0,0,1,1,0,0,0,1,0,0,0,1,1,0,0,1,0,0
1,1,1,1,0,1,0,1,0,1,0,0,1,0,0,0,0,1,1,1,0,1,0,0,1,0,1,1,1,0,1,0,0,0
1,1,1,0,1,1,1,0,1,1,0,0,0,1,0,1,1,0,0,0,0,1,0,0,0,1,1,0,1,1,0,0,0,0
1,1,0,0,1,0,0,1,0,1,0,0,1,1,0,1,0,0,0,0,0,1,1,0,0,0,0,0,1,0,0,1,1,1
1,0,0,1,0,1,1,0,0,0,0,1,1,1,0,1,0,0,0,0,1,0,0,1,1,1,0,0,0,0,0,1,1,1
1,0,0,1,0,0,0,1,1,0,1,1,0,0,1,0,0,0,0,1,1,0,1,0,0,0,1,1,0,1,1,1,1,1
1,1,0,0,0,1,1,1,0,1,1,0,0,0,0,1,0,1,1,0,0,0,0,0,1,0,0,0,0,1,1,1,0,0
1,0,1,0,1,1,1,1,0,1,1,1,1,1,1,1,1,0,0,0,0,1,1,0,1,1,0,1,1,0,1,0,0,0
1,0,0,0,1,1,1,1,1,0,1,0,1,0,0,0,0,1,1,1,1,1,0,1,0,1,1,0,1,0,0,1,0,0
0,0,1,1,1,1,0,1,0,0,0,1,1,0,0,0,0,0,1,1,0,1,0,1,1,1,1,1,1,1,0,0,1,1
0,0,1,0,1,1,0,1,0,0,1,0,1,0,0,1,0,0,0,0,1,1,0,0,0,1,0,0,1,1,1,1,0,0
1,0,0,0,1,1,0,1,0,0,1,1,1,0,0,1,0,0,0,0,1,1,1,0,1,1,0,0,0,0,1,0,1,1
1,1,0,0,1,0,1,1,1,0,1,0,1,1,1,0,0,0,0,0,1,0,0,1,1,0,1,0,1,1,1,1,1,1
1,1,0,1,0,1,1,1,1,0,0,1,1,1,0,0,0,0,0,1,0,0,1,1,1,0,0,1,0,1,1,0,1,1
1,0,0,0,0,1,1,1,0,1,1,0,1,1,1,0,0,1,0,1,1,1,0,1,0,1,1,0,1,1,1,1,0,0
1,0,0,1,1,1,0,0,0,0,1,1,1,0,0,0,1,0,0,1,0,0,1,0,0,1,1,1,1,1,1,1,0,0
0,0,1,1,0,1,0,0,0,0,1,0,0,0,1,1,0,0,0,0,0,0,1,1,0,1,0,1,0,1,0,1,0,0
1,1,0,0,1,0,1,0,0,1,1,1,1,0,0,1,1,0,0,0,1,1,1,1,0,1,0,1,1,0,0,0,0,0
1,1,1,0,1,1,0,0,0,0,1,0,0,0,0,1,0,1,1,0,0,0,0,1,1,0,1,0,1,0,0,0,0,0
1,0,1,0,1,1,1,0,1,1,0,1,0,1,0,0,1,0,1,0,0,1,1,1,0,1,1,0,1,0,1,0,0,0
1,1,1,0,1,0,1,0,1,0,1,0,1,1,1,1,0,0,0,0,1,0,0,1,0,1,1,0,1,1,0,0,0,0
1,0,0,1,1,1,1,0,0,1,1,1,1,1,0,1,1,0,0,0,0,1,1,0,0,1,0,1,0,1,0,0,0,0
0,0,1,1,0,1,1,1,1,0,1,0,0,1,0,0,0,0,0,1,0,1,1,0,1,1,0,0,0,1,1,1,1,1
0,1,1,1,0,1,1,1,0,1,1,0,0,1,1,0,0,0,1,1,0,1,1,1,0,0,0,0,0,1,1,0,0,0
1,1,0,0,1,1,0,1,0,1,1,1,1,1,1,1,0,0,1,1,1,0,0,0,1,0,1,0,1,0,1,0,0,0
1,1,1,0,0,0,1,0,1,0,1,0,0,1,0,0,0,0,1,0,1,0,0,0,1,0,1,1,0,1,0,1,1,1
0,0,1,1,0,1,1,1,0,0,0,0,0,1,1,0,0,0,1,0,1,1,1,0,0,0,0,0,0,1,1,0,0,0
1,0,0,1,1,1,1,0,0,1,0,0,1,1,1,0,0,0,0,1,0,0,0,0,0,1,1,1,1,1,0,0,1,1
0,0,1,1,0,1,1,0,1,1,0,0,1,0,0,0,0,0,1,1,0,0,0,0,1,0,1,0,1,0,0,0,0,0
1,1,1,0,0,0,0,0,1,0,0,0,0,1,1,1,1,0,1,0,1,1,1,1,1,0,1,0,1,0,1,0,0,0
1,1,0,0,0,0,0,0,1,1,1,1,1,1,0,1,0,1,0,0,0,0,0,0,0,1,1,1,1,0,1,1,0,0
1,1,0,0,1,0,1,1,0,0,0,1,0,1,1,1,1,0,0,1,1,1,0,1,0,0,0,0,0,0,1,1,0,0
1,1,1,0,1,1,0,1,0,0,1,1,1,0,1,1,1,0,0,0,1,0,1,1,0,1,1,0,1,0,1,1,0,0
1,0,0,0,0,1,1,1,1,0,0,1,1,0,0,0,0,1,0,1,0,1,0,0,0,0,0,1,0,0,0,1,0,0
1,0,0,0,0,1,1,1,0,0,0,0,1,0,0,1,0,0,1,1,0,0,0,1,1,0,1,0,0,0,0,1,0,0
0,0,1,0,1,1,1,1,0,0,0,1,1,1,1,0,0,0,1,0,0,1,1,0,1,1,1,1,0,1,0,1,0,0
1,0,1,0,1,1,1,1,0,1,0,0,1,0,1,1,0,1,0,0,0,1,1,1,0,1,1,1,1,1,1,0,0,0
1,1,1,1,0,0,1,0,1,1,1,0,0,1,1,1,1,0,0,0,1,1,1,1,0,0,1,1,1,0,1,0,0,0
0,0,1,1,1,0,1,1,0,1,1,1,1,0,0,0,0,0,0,1,0,0,1,1,0,1,0,0,0,1,0,1,0,0
1,0,1,1,1,0,1,0,0,0,0,1,0,0,0,0,1,0,1,0,0,1,1,1,0,1,0,1,1,0,1,0,0,0
1,0,0,0,1,1,1,1,1,0,0,0,1,1,0,1,0,0,1,1,1,1,0,0,1,0,1,0,1,1,1,0,0,0
1,0,0,1,0,0,0,1,1,0,1,1,0,0,0,1,0,0,0,1,1,1,0,1,0,0,0,0,1,0,1,0,1,1
1,1,1,1,0,1,1,0,1,1,1,0,1,0,1,0,0,0,0,0,0,1,1,1,0,1,0,0,1,0,1,1,0,0
0,1,0,1,0,0,1,0,1,1,0,1,0,1,1,0,0,1,0,0,1,0,1,1,0,0,0,1,0,0,0,0,0,0
1,1,0,0,0,1,0,0,1,0,0,0,1,0,1,1,0,1,0,1,1,0,0,1,1,0,0,1,0,1,1,1,0,0
1,1,0,1,1,0,1,0,1,0,1,1,0,0,0,1,1,0,0,1,0,1,0,0,1,1,1,1,0,0,1,1,0,0
1,1,1,1,1,0,0,0,1,1,0,0,0,1,0,1,0,1,0,1,0,0,0,1,0,1,0,0,0,0,1,1,0,0
1,1,0,0,0,1,0,0,0,1,1,1,1,1,1,1,0,1,1,1,0,1,1,0,1,0,0,1,1,1,0,0,0,0
1,0,1,0,1,0,0,0,0,0,1,1,1,0,0,0,0,0,1,1,0,1,0,0,1,1,1,0,1,1,1,0,0,0
1,1,0,1,0,0,1,1,1,1,1,1,1,0,0,0,0,1,1,1,1,1,0,0,0,0,1,1,0,1,0,1,0,0
1,1,0,1,0,1,0,0,0,0,0,0,0,0,1,0,0,0,1,1,0,1,1,1,1,1,1,0,1,0,0,0,1,1
1,0,0,1,1,0,0,0,1,1,0,1,0,1,1,0,0,1,0,0,0,0,1,0,0,1,1,1,1,0,1,1,0,0
1,1,0,0,0,0,1,1,0,1,0,1,1,1,0,0,1,0,0,1,0,1,0,0,0,0,0,0,0,1,0,0,0,0
1,1,0,1,0,0,1,0,0,1,1,1,0,1,0,0,0,0,1,1,1,0,1,1,0,1,0,1,1,0,1,1,0,0
1,1,0,0,1,0,1,0,1,0,0,0,1,1,1,0,1,0,1,0,0,1,1,0,1,0,0,1,0,1,0,1,0,0
1,0,1,1,0,1,0,1,0,0,1,0,0,1,0,1,0,1,0,1,0,0,0,0,0,0,0,1,1,0,0,1,0,0
1,1,1,1,1,1,1,1,1,0,1,0,1,1,0,0,0,1,0,0,1,0,0,0,1,1,0,0,1,0,0,1,0,0
1,0,0,1,0,0,0,0,0,1,1,0,1,1,1,0,0,0,1,1,1,1,1,0,1,0,0,0,1,1,1,1,0,0
1,0,1,1,1,0,0,1,0,0,0,1,0,1,1,1,0,0,0,0,1,0,1,0,0,1,0,0,0,1,0,0,1,1
0,1,1,0,0,1,1,0,1,0,0,0,0,0,1,1,0,1,0,0,0,0,0,1,1,1,1,0,0,0,1,1,0,0
0,1,1,1,1,1,0,1,0,1,0,0,0,0,0,1,0,0,0,0,1,0,0,1,1,1,1,0,1,0,1,1,1,1
1,1,1,0,1,1,1,0,1,0,0,1,1,1,0,0,0,1,1,0,0,1,1,1,0,0,1,0,0,1,0,0,0,0
0,0,1,1,0,1,0,1,1,1,0,0,0,1,1,1,0,0,0,0,0,0,1,0,0,1,0,1,1,1,1,1,1,1
1,0,1,1,0,0,0,0,0,1,0,1,0,0,0,0,1,0,0,0,0,0,1,1,1,0,0,1,0,0,1,1,0,0
1,1,1,0,0,1,0,0,0,1,0,0,1,1,1,0,1,0,0,0,1,1,0,0,0,1,0,1,1,0,0,0,0,0
1,1,1,0,1,1,0,1,1,0,1,1,0,0,1,1,1,1,0,1,0,1,1,1,0,0,0,0,1,1,0,1,0,0
0,1,1,0,0,1,1,0,0,0,0,0,0,0,0,1,0,0,0,0,0,1,1,0,1,1,0,0,0,1,1,1,1,1
1,1,0,1,1,1,0,0,1,1,1,0,0,1,1,1,0,1,1,0,0,1,1,1,0,1,0,0,0,0,0,1,0,0
1,0,1,0,1,1,0,1,0,1,1,0,0,1,0,1,1,0,1,0,0,1,0,0,1,0,0,1,1,0,1,1,0,0
1,0,1,1,0,1,0,0,1,1,1,0,0,0,1,0,1,0,0,1,1,0,0,1,1,0,0,1,0,0,0,0,0,0
1,0,1,1,0,0,0,0,1,0,0,1,0,0,1,1,1,0,0,0,1,0,0,1,1,0,1,1,0,0,1,0,0,0
0,1,1,0,0,1,0,0,1,1,1,0,1,0,0,0,0,1,0,0,0,1,0,0,0,0,1,0,0,0,1,0,0,0
1,1,1,1,0,0,1,1,0,1,0,1,1,1,0,0,1,0,1,0,1,1,1,0,0,1,1,0,0,0,0,0,0,0
0,1,0,1,1,1,0,0,0,0,1,0,0,1,0,0,0,0,1,0,1,0,0,0,0,0,1,1,0,1,0,0,1,1
1,1,1,0,1,1,0,0,0,0,0,0,1,0,1,0,1,0,1,1,1,0,0,0,1,0,1,1,1,0,0,0,0,0
1,0,0,0,0,0,0,0,0,0,0,0,0,1,1,1,0,1,1,0,0,0,1,0,0,1,1,1,1,0,0,1,0,0
1,1,1,1,1,0,1,0,1,0,0,0,0,0,1,0,0,0,0,0,1,1,0,1,1,0,0,1,0,0,1,0,1,1
1,1,1,1,1,0,0,0,1,0,1,0,1,0,0,0,0,0,0,1,0,1,0,0,1,1,0,0,1,1,1,0,1,1
1,1,1,1,1,0,1,1,0,1,1,0,1,0,1,0,0,1,0,0,0,0,1,0,0,1,0,0,0,0,0,0,0,0
0,1,1,0,0,1,0,0,0,0,0,1,1,1,0,0,0,0,1,1,0,1,0,1,0,0,0,0,0,1,0,0,0,0
1,0,1,0,0,1,0,0,1,0,1,0,1,0,0,0,1,0,0,0,0,1,1,0,1,1,0,0,0,0,0,1,0,0
1,0,0,1,1,0,1,0,0,1,0,0,0,0,0,0,0,1,1,0,1,0,1,1,0,0,1,0,1,1,0,0,0,0
1,0,1,1,0,0,1,1,1,0,1,0,0,0,0,1,0,1,0,1,1,0,0,1,1,1,1,0,0,1,0,0,0,0
1,1,1,0,1,1,0,0,0,0,0,1,0,1,0,0,1,0,0,0,1,1,0,0,0,1,0,0,1,0,0,0,0,0
1,0,1,0,0,1,0,1,1,0,1,0,1,1,1,0,0,0,0,1,0,0,0,1,1,0,0,1,0,1,1,0,1,1
1,0,0,1,0,0,1,1,1,1,0,1,0,0,1,0,0,0,0,0,1,0,0,1,0,0,0,1,1,0,1,0,1,1
1,0,0,0,0,0,1,0,0,0,0,0,1,0,0,0,0,1,1,1,1,0,1,1,1,0,1,1,0,0,1,0,0,0
1,1,0,1,1,0,1,0,1,1,1,0,1,1,1,1,0,0,1,0,0,0,1,1,1,0,1,1,0,0,1,1,0,0
1,1,0,1,1,0,0,0,0,1,1,0,1,1,1,1,0,0,0,0,1,0,1,1,0,1,0,0,0,0,0,0,0,0
1,1,0,1,0,1,1,0,0,1,1,1,1,1,0,0,1,0,1,1,1,1,1,0,0,1,0,0,1,1,1,1,0,0
1,1,0,0,1,1,1,0,1,0,0,1,0,1,0,0,0,1,0,0,0,0,1,1,0,0,1,1,0,1,0,0,0,0
1,0,1,0,0,1,0,1,0,1,0,1,0,0,1,0,1,0,0,0,1,1,1,1,1,0,1,0,1,1,1,0,0,0
0,1,1,1,1,0,0,0,1,0,1,1,0,0,1,1,0,1,1,0,1,1,1,1,1,1,0,0,1,1,1,0,0,0
1,1,1,1,1,0,1,1,1,1,0,0,0,0,0,1,1,0,0,1,0,1,0,0,1,0,1,0,1,1,1,0,0,0
1,1,1,1,1,1,1,1,1,1,0,1,1,1,0,0,0,0,0,0,0,1,0,1,1,1,0,1,0,1,1,1,0,0
1,0,1,1,1,1,1,1,1,0,0,1,1,0,0,1,1,0,0,1,0,0,1,0,0,0,0,0,1,0,0,1,0,0
0,1,0,1,0,0,0,1,0,0,0,1,1,1,0,1,0,1,0,0,0,0,1,0,0,1,0,0,0,0,1,0,0,0
1,1,0,1,0,0,0,1,0,1,0,1,1,0,0,1,1,0,0,1,0,0,1,1,0,1,1,1,1,1,0,1,0,0
1,1,0,1,1,1,0,1,1,1,1,1,0,1,0,1,1,0,1,1,0,0,0,0,0,0,1,1,1,1,0,1,0,0
1,1,1,0,1,0,0,0,0,0,0,1,0,0,1,1,0,0,1,0,0,0,1,1,1,1,0,0,1,1,1,0,1,1
1,1,0,0,0,0,0,1,1,1,0,1,0,1,0,1,0,1,0,1,0,1,0,1,1,1,0,1,0,1,1,1,0,0
1,1,0,0,1,1,0,1,0,0,0,1,0,1,1,1,1,1,0,0,0,1,1,0,1,1,1,0,0,1,1,1,0,0
1,0,0,1,1,0,1,0,0,0,0,0,0,1,0,0,0,0,0,1,1,0,0,0,1,1,0,0,1,1,1,1,1,1
1,1,0,1,1,1,0,1,1,1,1,0,0,0,1,1,1,0,1,0,1,1,0,0,1,1,0,0,1,1,1,0,0,0
0,1,1,0,1,1,1,1,0,1,1,1,0,1,1,0,0,0,0,0,0,0,1,1,1,1,0,1,0,0,1,1,1,1
1,0,0,0,0,1,0,0,1,1,1,1,0,1,0,1,0,1,0,0,1,0,1,1,0,1,1,1,0,1,0,1,0,0
1,1,1,0,1,0,0,1,0,0,1,1,1,0,1,0,0,0,0,0,0,1,1,1,1,1,0,1,1,0,0,0,1,1
1,0,1,0,1,1,1,0,0,1,1,1,0,1,1,1,0,0,0,0,0,1,0,0,0,0,0,1,0,0,1,0,0,0
1,0,0,0,1,1,0,1,1,1,1,1,1,0,1,0,0,0,0,0,0,0,1,0,1,0,0,0,1,1,1,1,0,0
0,0,1,1,1,1,0,1,1,1,1,1,0,1,1,0,0,0,0,0,0,0,1,0,1,0,0,1,1,0,1,1,0,0
1,0,0,0,1,0,0,1,1,1,1,0,0,1,0,0,0,0,0,0,0,0,1,1,1,1,0,1,1,0,1,1,0,0
1,1,0,1,1,1,0,0,0,0,1,0,0,1,0,1,0,1,1,0,0,1,1,0,1,1,1,0,1,1,0,1,0,0
1,1,0,1,1,1,1,0,1,0,1,1,0,0,1,0,1,1,0,1,1,0,0,1,0,0,1,0,0,1,1,0,0,0
0,1,1,1,0,1,1,1,0,0,0,0,1,1,0,1,0,0,0,0,1,0,1,0,1,0,0,0,1,1,1,1,1,1
0,1,1,0,0,0,0,0,1,1,1,1,1,1,1,1,0,1,0,1,1,1,0,0,0,1,1,1,0,1,0,0,0,0
0,1,1,0,1,0,0,0,1,0,1,1,0,1,0,0,0,1,0,0,0,1,1,1,0,1,1,0,1,1,0,1,0,0
1,0,0,1,0,1,1,1,0,1,0,0,1,1,0,1,1,0,0,0,0,1,1,1,0,0,1,0,1,1,1,1,0,0
1,0,1,0,0,1,1,0,1,1,1,1,1,1,1,1,1,0,0,0,0,1,0,0,0,0,0,0,0,1,0,1,0,0
0,1,0,0,0,0,1,0,0,0,1,1,1,1,0,0,0,0,0,1,1,0,1,0,1,0,1,0,1,1,0,1,0,0
1,1,0,0,1,0,0,0,0,0,0,0,0,1,1,0,1,0,0,0,1,0,1,1,0,0,1,0,1,0,0,0,0,0
1,1,1,0,1,0,0,1,1,0,0,1,1,0,0,0,0,0,1,0,0,0,0,1,1,0,0,0,0,0,0,0,1,1
1,1,1,0,1,0,1,1,1,1,0,1,0,1,0,0,0,1,1,0,0,1,0,0,1,1,1,0,0,0,0,0,0,0
1,1,1,0,1,1,0,0,0,0,0,1,1,1,1,0,0,0,0,0,1,0,0,0,0,1,0,0,1,1,1,1,1,1
1,1,0,0,1,1,1,0,0,1,1,0,0,1,0,0,1,0,1,0,1,1,0,0,1,1,0,1,1,0,1,0,0,0
1,1,1,1,0,0,0,1,1,0,0,0,1,0,0,1,1,1,0,0,1,1,0,0,1,1,1,1,1,0,1,0,0,0
1,0,0,0,0,0,0,1,1,0,1,1,0,0,1,1,0,1,0,1,0,1,1,1,1,1,0,0,1,0,1,0,0,0
1,0,1,0,1,0,0,0,1,1,0,0,0,0,0,1,0,1,1,1,1,1,0,1,1,0,0,1,1,0,0,0,0,0
1,1,1,0,0,0,1,1,1,1,0,0,1,1,1,1,0,0,1,0,0,0,1,0,1,0,1,0,1,0,1,1,0,0
1,1,1,1,0,0,1,1,0,0,1,0,1,1,1,0,1,1,1,0,1,1,0,0,1,0,0,1,1,1,1,0,0,0
0,1,0,0,0,1,1,0,0,1,1,1,0,1,0,1,0,0,0,1,0,0,0,0,0,0,1,0,1,0,1,0,0,0
1,1,0,0,1,0,0,0,1,1,1,0,0,0,0,1,1,0,1,0,1,1,1,1,1,0,0,0,0,1,1,1,0,0
1,1,0,0,0,0,1,0,0,0,1,1,0,0,0,0,0,1,0,0,1,0,0,1,1,0,1,1,1,0,0,1,0,0
1,1,0,1,0,1,1,1,0,1,1,0,1,1,0,0,0,1,0,1,0,0,0,0,1,1,1,0,1,0,1,0,0,0
1,0,1,1,1,0,1,0,1,1,1,0,1,1,0,1,0,1,0,1,1,1,0,0,0,1,0,1,0,1,0,1,0,0
1,1,0,1,1,0,1,1,1,1,0,0,0,1,1,1,1,1,0,1,0,1,0,1,1,0,1,0,1,0,0,1,0,0
0,1,1,1,0,1,0,1,1,0,0,0,0,1,1,0,0,0,0,1,1,1,1,1,1,0,0,1,1,0,1,0,1,1
0,1,1,1,1,0,1,0,0,0,1,1,1,0,0,0,0,1,0,0,0,1,1,1,0,0,1,0,1,0,1,1,0,0
0,1,0,0,1,0,0,0,1,1,0,0,0,1,1,0,0,0,0,0,1,0,0,1,1,0,1,1,0,1,1,1,1,1
1,0,1,1,1,0,0,0,0,0,1,0,1,0,1,1,0,1,0,1,1,0,1,1,0,0,0,1,0,1,0,1,0,0
0,1,0,0,0,1,0,1,1,0,0,1,1,1,1,0,0,0,0,1,1,0,0,0,0,1,1,0,1,0,1,1,0,0
1,0,1,0,1,0,1,1,1,1,1,1,0,0,1,0,0,0,1,1,1,0,1,1,1,0,0,0,0,1,0,0,0,0
0,1,1,0,0,0,0,0,0,1,0,0,0,0,1,0,0,1,0,0,0,0,0,1,1,0,0,1,1,0,0,1,0,0
0,1,1,0,0,0,1,0,1,0,1,1,0,1,1,1,0,0,0,1,0,0,0,1,0,1,1,1,0,1,1,0,1,1
1,0,1,1,1,1,0,1,1,1,1,0,1,0,1,1,0,0,1,1,0,1,1,0,0,0,1,0,1,0,0,0,0,0
0,0,1,1,1,0,1,1,1,1,0,0,0,1,0,1,0,0,1,1,0,1,1,1,1,0,1,0,1,0,0,1,0,0
0,1,0,0,0,1,0,0,0,0,0,1,0,1,0,1,0,0,0,1,0,0,0,1,1,1,1,0,0,0,1,1,0,0
1,0,1,1,1,1,1,1,1,0,0,1,0,0,0,0,0,1,0,0,1,1,0,1,1,1,0,1,1,1,1,1,0,0
1,1,1,1,0,0,1,0,1,1,1,1,1,0,0,1,1,0,0,0,0,0,0,0,0,0,1,0,0,1,1,0,0,0
1,0,1,0,1,0,0,0,1,0,0,0,1,0,0,1,0,1,1,0,1,0,1,1,0,0,0,0,0,1,0,0,0,0
1,1,0,0,1,0,1,0,0,1,1,1,1,0,0,1,0,1,1,1,0,0,0,1,0,0,0,0,1,0,1,0,0,0
0,1,1,0,1,0,0,0,1,1,1,0,1,0,0,1,0,1,0,1,0,1,1,1,1,0,1,0,1,0,1,1,0,0
1,1,0,0,1,0,0,0,0,1,0,0,0,1,0,1,0,0,1,0,0,0,0,1,1,1,1,0,0,1,1,1,1,1
1,0,1,0,1,0,1,1,1,1,1,1,0,1,0,1,0,0,1,0,0,0,0,1,0,0,1,1,0,1,1,0,0,0
0,1,0,0,1,1,0,0,0,1,1,1,1,0,0,0,0,0,0,1,1,0,0,1,0,1,0,1,0,1,1,0,0,0
1,0,0,1,1,1,1,1,0,1,0,1,0,1,0,0,0,1,1,0,0,1,1,0,0,1,0,1,1,0,1,1,0,0
1,0,0,0,0,0,1,0,0,0,1,1,0,1,0,0,0,0,0,1,1,1,0,1,1,0,0,0,1,1,1,0,1,1
1,1,0,0,1,1,0,1,0,1,1,0,1,0,1,0,0,0,1,0,1,0,1,1,1,1,1,0,0,0,1,0,0,0
0,1,0,0,1,0,1,0,0,0,1,0,0,1,1,0,0,0,1,1,1,0,1,0,0,1,0,1,1,0,0,0,0,0
0,0,1,1,0,0,1,1,0,0,0,1,1,0,1,1,0,0,0,0,1,0,0,0,0,0,0,1,0,1,1,1,0,0
1,1,0,1,0,0,1,0,1,1,0,0,0,1,1,0,0,0,0,0,1,0,0,0,1,0,0,0,1,1,0,1,1,1
1,0,0,1,1,1,0,1,0,0,0,0,0,0,1,1,0,1,1,0,0,1,1,1,1,1,1,0,1,1,1,1,0,0
1,0,1,0,0,1,1,1,1,0,1,0,1,1,1,1,0,1,1,0,1,0,0,0,0,0,1,1,0,0,0,0,0,0
0,1,1,1,1,0,1,1,1,0,1,0,1,1,0,0,0,1,1,1,0,1,0,1,1,1,1,0,0,1,1,0,0,0
1,1,0,1,1,1,0,0,1,1,0,0,0,0,0,0,1,0,0,0,1,1,0,0,0,1,1,1,1,1,1,1,0,0
1,1,1,1,0,0,0,0,1,1,1,1,1,0,1,0,1,0,0,1,0,0,1,0,1,0,0,1,1,1,0,1,0,0
0,0,1,1,0,1,1,1,0,0,0,0,0,1,1,1,0,0,1,0,0,0,0,1,0,1,1,0,1,1,0,1,0,0
0,1,1,0,1,0,1,1,1,0,0,0,1,1,1,0,0,0,1,1,1,1,1,1,0,0,1,0,1,0,1,1,0,0
0,0,0,1,1,1,1,0,1,0,0,1,1,1,1,1,0,0,0,1,0,0,1,1,0,1,0,0,0,1,1,1,0,0
1,0,0,1,0,0,0,0,0,0,1,1,1,0,0,1,0,0,1,0,0,1,1,1,1,0,1,1,1,1,1,1,0,0
1,1,0,1,1,0,0,1,1,1,1,1,0,0,0,1,0,0,0,1,1,0,1,1,0,0,0,0,1,0,0,0,0,0
0,1,0,0,1,1,0,1,0,0,0,0,0,1,0,0,0,0,1,1,1,0,0,0,1,0,1,0,1,0,1,0,0,0
1,1,0,0,1,1,0,0,1,0,1,0,1,0,1,0,1,0,0,0,1,1,0,1,1,1,1,1,1,0,1,0,0,0
0,1,1,0,0,1,1,0,1,1,1,0,0,0,0,1,0,0,1,1,1,1,1,0,1,0,0,1,1,0,1,0,0,0
1,1,1,0,0,0,1,1,1,1,1,0,0,0,1,1,0,1,1,1,1,1,1,1,1,1,1,0,1,1,1,0,0,0
1,1,0,0,0,0,0,1,1,1,1,1,1,0,0,0,1,0,1,1,0,0,1,1,0,1,0,1,0,1,1,1,0,0
1,0,1,0,1,1,0,0,0,0,1,0,1,1,0,0,0,1,0,0,1,1,1,1,1,0,0,1,1,1,1,0,0,0
1,0,1,0,1,0,1,0,1,0,0,1,1,1,1,1,0,0,0,1,1,0,1,0,1,0,1,0,1,1,0,1,0,0
1,1,0,0,0,1,1,0,0,0,1,1,0,1,1,1,0,0,1,1,0,0,0,1,1,0,0,0,1,1,1,0,0,0
0,1,0,0,1,1,1,0,0,1,0,1,0,1,1,0,0,0,1,0,1,0,0,1,0,1,0,0,1,1,0,1,1,1
1,1,1,0,0,1,1,0,1,1,1,1,0,1,1,0,1,1,0,0,0,0,1,0,0,0,1,1,1,0,1,0,0,0
0,1,0,1,1,0,0,1,1,1,1,0,1,1,0,1,0,0,0,1,1,0,0,1,0,1,1,0,1,0,1,0,0,0
1,0,0,0,1,1,0,0,0,0,0,1,1,0,0,0,0,1,0,0,0,0,1,1,0,0,0,1,0,0,0,0,0,0
1,1,1,1,1,0,0,1,0,1,1,1,0,1,0,1,1,0,1,1,0,0,0,1,1,0,0,1,0,1,0,0,0,0
1,0,1,1,1,0,1,0,0,0,1,0,1,1,0,1,0,1,1,0,0,1,1,1,1,0,1,0,1,0,1,0,0,0
0,1,1,0,0,1,0,0,0,0,0,0,1,0,1,0,0,1,0,0,1,1,0,1,0,0,0,1,1,0,0,1,0,0
0,1,1,0,0,0,0,1,1,1,0,0,1,1,0,1,0,0,0,0,1,1,1,0,1,0,1,1,0,0,0,0,1,1
0,1,1,1,0,1,0,0,1,1,1,1,1,1,1,1,0,0,0,0,1,0,1,0,1,1,0,0,1,0,0,0,0,0
1,1,1,0,1,1,1,1,1,1,1,0,1,1,1,0,0,1,0,0,1,0,0,0,1,1,1,1,1,0,0,0,0,0
1,1,1,1,0,1,0,1,1,1,0,0,1,1,0,0,0,1,1,0,1,0,0,0,0,1,1,0,0,0,1,0,0,0
1,1,1,1,0,1,0,1,0,1,1,1,1,0,1,0,1,1,1,0,0,0,0,0,1,0,0,1,1,1,1,0,0,0
1,1,0,0,1,0,1,1,1,1,1,0,1,0,0,0,0,1,1,1,1,1,0,1,0,1,1,0,1,0,1,0,0,0
1,1,1,0,1,1,0,0,0,1,0,0,0,1,1,0,0,0,0,0,0,1,1,1,0,1,1,0,0,0,0,1,1,1
0,1,1,1,1,0,0,1,1,0,1,0,0,0,0,1,0,1,1,1,0,1,1,1,1,1,0,1,1,0,1,1,0,0
1,0,1,0,1,0,0,0,0,0,1,0,1,0,0,0,0,1,0,0,0,1,1,0,1,0,1,1,1,1,0,0,0,0
1,0,0,1,1,0,0,0,1,0,0,1,1,1,0,1,0,1,0,0,0,0,0,1,0,0,1,1,0,0,1,1,0,0
1,1,1,0,0,1,1,0,1,1,0,1,0,1,0,1,0,0,0,0,0,0,1,0,1,0,1,1,0,0,0,1,0,0
0,1,0,1,1,0,0,0,0,1,0,1,0,0,0,1,0,0,1,1,1,0,0,1,1,1,0,1,0,0,0,0,0,0
1,1,0,1,1,1,1,1,0,0,0,1,0,0,1,1,1,0,0,1,1,0,1,1,0,0,1,1,0,1,1,0,0,0
1,1,0,0,0,1,0,0,1,1,1,1,1,1,0,1,0,1,0,1,0,1,0,0,1,0,1,1,0,1,1,0,0,0
1,1,1,1,0,1,1,1,1,0,0,0,0,0,1,1,1,1,1,0,1,0,1,1,0,1,1,1,0,0,0,1,0,0
1,1,0,0,1,1,1,1,1,0,0,0,1,1,1,0,1,0,0,0,1,1,1,0,1,1,1,1,1,0,1,1,0,0
0,1,1,1,0,0,1,0,1,1,0,1,1,0,1,0,0,0,0,0,0,1,0,1,0,0,1,0,0,1,0,0,1,1
1,0,1,0,1,0,0,1,0,1,0,1,0,1,0,1,0,1,0,1,0,0,0,1,1,0,1,1,1,1,0,1,0,0
1,1,0,0,0,0,1,0,1,1,0,1,0,0,0,0,0,1,0,0,0,1,1,0,0,1,1,0,0,0,1,0,0,0
1,1,1,0,1,1,1,0,1,1,1,0,0,0,0,0,0,0,0,0,0,1,1,0,1,0,0,0,0,0,1,0,1,1
1,1,1,0,1,0,1,1,1,1,1,1,0,0,1,1,0,1,0,0,0,0,1,0,1,1,1,1,0,1,0,0,0,0
1,1,1,0,0,0,1,0,0,1,0,0,1,0,0,1,1,0,0,0,1,1,0,0,0,0,1,1,0,1,1,1,0,0
1,1,1,1,1,1,1,1,1,0,0,1,0,1,0,1,0,0,0,0,1,0,1,0,0,1,1,1,0,1,0,0,1,1
1,1,0,0,1,1,0,0,0,1,0,0,0,0,1,0,1,0,1,0,0,1,1,0,0,0,1,0,1,0,1,1,0,0
0,1,1,0,0,1,0,0,0,1,1,0,1,0,0,0,0,0,0,1,0,1,0,0,1,1,1,1,1,1,1,0,1,1
0,1,1,0,0,1,1,1,0,0,1,0,0,0,1,1,0,1,0,1,0,1,0,0,1,1,1,0,0,1,0,0,0,0
1,1,1,0,1,1,1,0,1,1,1,0,1,0,0,0,1,0,0,1,0,1,1,0,1,0,0,0,0,0,1,1,0,0
0,0,1,0,0,1,0,0,1,0,1,1,1,1,0,0,0,0,0,0,1,1,1,0,0,0,0,1,1,1,0,0,1,1
1,1,0,1,1,0,1,1,1,0,0,1,0,0,1,1,1,0,1,1,0,1,0,0,1,0,1,0,1,1,0,1,0,0
1,1,1,0,1,1,1,1,0,1,1,1,0,0,0,1,0,1,0,1,0,1,0,1,1,0,1,1,1,0,0,0,0,0
1,0,0,0,1,0,0,1,0,0,0,1,0,1,0,1,0,0,0,0,1,0,0,0,1,1,0,1,0,1,0,1,1,1
1,1,0,0,0,0,0,1,0,0,0,1,0,1,1,0,1,0,0,1,0,1,0,0,1,1,1,0,1,1,1,0,0,0
0,1,0,1,1,1,0,1,0,0,1,1,1,1,1,0,0,0,1,1,1,1,1,1,0,1,0,1,1,0,0,1,0,0
0,1,1,1,1,0,1,0,1,1,0,0,1,1,0,1,0,0,0,0,0,1,1,0,1,1,1,0,0,0,1,1,1,1
1,1,1,1,0,1,1,1,0,1,0,1,1,1,1,1,1,1,1,0,1,0,1,1,1,0,1,0,1,0,1,1,0,0
1,1,1,1,1,0,1,1,1,1,0,1,0,0,1,0,0,1,0,1,0,1,1,1,0,0,0,0,0,0,1,0,0,0
1,1,1,1,1,0,0,0,1,0,0,0,1,0,1,1,1,1,0,1,1,1,1,1,1,1,1,1,0,0,0,1,0,0
1,0,1,1,0,0,0,0,1,0,0,0,1,1,1,1,0,0,1,1,0,0,1,1,0,0,0,1,0,1,0,0,0,0
1,1,1,0,0,1,0,1,1,0,0,1,0,0,1,1,0,1,1,0,1,0,0,0,0,0,1,1,0,0,1,1,0,0
1,0,1,1,1,1,0,1,1,0,1,1,0,1,1,1,1,0,0,0,0,1,1,1,1,0,0,0,0,1,1,0,0,0
0,1,1,1,1,1,1,0,0,1,0,1,0,0,1,0,0,1,0,1,0,0,1,0,0,1,0,1,1,0,1,1,0,0
0,1,1,0,0,0,0,1,0,0,0,1,0,1,1,1,0,1,0,1,0,1,1,1,1,0,1,1,1,1,0,1,0,0
0,0,0,1,1,1,0,1,1,0,0,1,0,1,1,0,0,0,0,0,1,1,1,1,1,1,0,1,1,1,0,1,0,0
1,0,1,0,1,0,0,1,1,1,0,0,1,0,0,0,0,1,1,0,0,1,1,0,0,0,0,0,0,1,1,1,0,0
0,1,0,1,0,1,1,0,1,1,0,1,1,0,0,0,0,1,0,0,0,1,0,0,0,1,0,0,1,1,0,1,0,0
0,1,0,0,0,0,0,1,0,0,0,1,0,1,0,1,0,0,0,0,1,0,0,1,0,1,1,1,1,0,0,1,0,0
1,1,0,0,0,1,1,1,1,0,0,0,0,1,1,1,1,0,0,0,0,0,1,0,0,1,1,0,0,0,0,1,0,0
0,1,1,1,1,1,1,0,1,0,0,0,1,1,1,1,0,1,0,0,0,1,0,0,1,1,1,0,1,1,1,1,1,1
1,0,1,1,1,0,1,0,0,1,1,1,1,1,0,1,0,1,0,1,1,0,1,1,1,1,0,1,1,1,1,0,0,0
0,1,1,0,1,1,1,0,0,0,0,1,0,1,1,0,0,0,1,0,0,1,1,0,0,0,1,0,0,0,1,1,1,1
0,0,1,1,1,1,1,1,1,0,0,0,1,0,1,0,0,0,0,1,0,0,1,1,0,0,0,1,0,1,1,0,1,1
1,1,1,0,0,0,0,0,0,1,0,0,0,1,0,0,0,1,1,1,0,0,1,0,1,0,0,1,1,0,1,0,0,0
0,1,1,0,0,0,0,1,1,1,0,1,1,0,1,1,0,0,0,1,1,0,0,0,0,0,0,0,1,1,0,0,0,0
1,1,1,1,1,1,1,0,1,0,0,0,1,1,0,1,1,0,0,0,0,1,0,1,1,1,1,1,1,1,0,0,0,0
1,0,0,1,0,1,0,0,1,1,0,1,1,0,0,1,0,1,0,0,0,1,0,1,1,0,0,1,0,1,1,0,0,0
1,1,1,0,1,0,1,0,0,1,1,1,1,1,1,1,1,1,0,0,1,0,1,1,0,1,0,1,0,1,1,1,0,0
1,1,0,1,0,0,1,1,0,0,0,0,1,1,1,0,1,0,1,0,0,1,1,0,0,1,0,0,0,0,0,0,0,0
1,1,1,1,1,1,0,1,0,0,0,1,0,0,1,1,0,1,0,1,0,1,0,1,0,0,0,1,0,0,1,1,0,0
1,1,1,1,0,0,1,0,1,1,1,0,1,0,0,0,1,1,1,0,1,1,1,1,0,1,1,1,1,0,1,0,0,0
1,0,1,0,1,0,1,0,1,0,1,0,1,1,1,1,0,0,1,1,0,0,0,0,0,0,0,0,0,1,0,1,0,0
0,1,0,0,1,1,1,1,1,1,1,1,1,0,0,1,0,0,1,0,1,0,0,0,0,0,0,0,0,0,1,0,0,0
0,0,1,0,0,0,0,0,0,0,1,1,1,1,0,0,0,0,0,1,1,1,1,0,1,1,1,1,1,1,1,1,0,0
1,1,1,1,0,1,0,0,1,1,0,0,0,1,1,1,1,1,0,1,1,0,0,1,0,1,1,1,0,1,0,1,0,0
1,0,1,0,0,0,1,1,0,1,0,1,0,1,0,0,0,0,0,1,1,1,1,1,0,0,1,0,1,1,1,0,1,1
1,0,1,1,0,0,1,1,0,1,1,1,1,1,0,1,0,1,0,1,0,1,1,0,1,1,1,1,0,1,1,1,0,0
0,1,0,0,0,1,1,0,0,1,0,0,1,0,0,1,0,0,1,0,0,1,1,0,0,1,1,0,0,0,0,0,1,1
1,1,0,0,0,1,1,0,1,0,0,1,1,1,1,0,0,0,1,0,1,1,0,0,0,1,1,0,0,0,1,0,0,0
1,0,1,0,1,0,1,0,0,1,0,1,0,0,1,0,1,0,1,0,0,0,0,0,1,0,0,1,1,0,0,1,0,0
0,1,0,0,0,1,0,1,0,0,1,1,1,1,1,1,0,0,1,0,1,0,0,0,1,1,1,0,1,0,0,1,0,0
1,0,0,0,0,0,0,1,1,0,0,1,1,1,1,0,0,1,0,0,1,1,1,1,0,1,1,0,0,1,0,1,0,0
1,1,1,1,0,0,0,1,0,1,1,1,1,1,1,1,0,0,0,0,0,1,0,1,1,1,0,0,1,0,1,0,0,0
1,1,0,0,0,1,0,1,0,1,1,0,0,1,1,1,1,0,1,1,1,0,0,0,0,0,0,0,1,0,0,1,0,0
0,1,1,0,1,1,0,0,0,1,0,0,0,0,1,1,0,1,1,0,0,1,0,0,1,0,1,1,1,0,1,1,0,0
0,1,0,0,0,0,1,0,1,1,0,0,1,1,1,1,0,0,0,0,1,1,1,1,1,0,0,1,0,1,0,1,1,1
1,1,0,0,0,1,0,1,1,0,0,0,0,0,0,1,0,0,1,0,0,0,1,1,0,1,0,0,0,1,1,1,1,1
1,1,1,0,1,0,0,1,0,1,0,1,0,0,0,1,0,1,1,1,0,1,0,0,0,1,0,0,1,1,1,0,0,0
1,1,0,1,0,1,1,1,0,1,1,0,0,1,0,0,0,0,0,1,1,1,0,0,1,0,0,0,1,0,1,0,1,1
1,1,1,1,0,0,1,1,0,1,0,1,0,1,0,1,0,0,0,0,1,1,1,0,0,1,1,1,0,0,0,1,1,1
1,1,1,0,1,0,0,0,0,0,0,0,0,0,1,1,1,0,1,0,0,1,1,1,1,0,0,0,0,1,0,0,0,0
1,1,0,1,0,0,0,0,1,0,0,0,1,0,0,1,1,0,0,0,0,1,0,1,0,0,0,1,1,0,0,0,0,0
0,0,0,1,0,0,1,0,1,0,0,0,0,1,1,1,0,0,0,0,1,0,0,1,1,0,1,0,1,0,1,0,0,0
1,0,1,1,1,1,0,1,0,1,1,0,1,1,0,0,0,0,1,1,0,0,0,1,0,1,1,0,0,1,1,0,0,0
1,1,0,0,0,1,0,1,0,1,1,0,0,1,0,1,1,0,1,1,0,1,0,1,1,0,1,1,0,0,1,0,0,0
1,0,1,0,0,1,0,1,0,1,1,0,1,1,1,1,0,1,1,0,1,0,0,0,1,1,1,1,0,0,1,0,0,0
0,1,1,1,0,1,0,1,0,1,0,1,0,1,1,0,0,1,0,0,0,1,1,0,1,0,0,0,1,0,0,1,0,0
1,1,1,0,0,0,1,1,0,0,0,1,1,1,0,0,0,1,1,0,0,0,1,1,1,1,1,1,0,1,0,1,0,0
1,1,1,1,1,1,1,1,0,0,1,0,0,0,0,1,1,1,0,1,1,0,0,1,1,1,1,1,1,1,1,0,0,0
1,1,0,0,1,1,1,0,0,0,1,1,0,1,1,0,0,1,0,1,1,0,1,0,0,1,0,1,0,0,0,0,0,0
1,0,1,1,1,0,0,1,0,0,1,0,0,0,0,1,1,0,0,0,1,1,1,1,0,0,1,0,0,1,1,1,0,0
0,1,1,1,1,1,0,0,0,1,1,1,1,0,0,0,0,0,1,0,1,0,1,1,1,1,0,0,0,0,0,0,0,0
1,0,0,0,0,1,1,1,0,0,0,1,0,0,1,1,0,0,0,1,0,1,0,0,0,0,1,0,1,1,0,1,0,0
1,0,1,1,0,1,1,0,1,0,0,1,0,0,0,1,0,0,1,0,0,0,0,1,0,0,1,1,1,1,0,1,1,1
1,0,1,0,0,1,1,0,1,0,0,1,1,1,1,1,1,0,0,1,1,1,0,0,1,1,1,0,1,1,1,1,0,0
0,1,1,1,1,0,1,0,1,0,1,0,0,0,0,1,0,1,0,1,1,0,0,0,1,1,1,0,0,1,1,0,0,0
0,1,0,0,1,0,1,0,1,1,0,0,0,1,0,1,0,0,1,0,0,0,0,1,1,0,1,1,0,0,0,1,1,1
1,1,1,1,0,0,0,1,1,1,1,0,1,1,1,1,1,1,1,0,0,1,0,1,0,0,0,0,0,0,1,0,0,0
0,1,1,1,0,0,0,0,1,0,0,1,0,1,1,0,0,1,0,1,0,0,1,0,1,0,1,1,1,0,1,0,0,0
1,0,0,0,1,1,1,1,1,1,0,0,0,0,1,0,0,0,1,0,0,0,1,0,1,1,1,1,0,1,0,1,1,1
1,0,1,1,1,1,1,1,1,1,1,0,1,1,0,0,1,0,0,1,1,1,0,0,0,0,0,1,1,1,1,1,0,0
0,0,1,1,0,0,0,1,0,0,0,0,0,0,1,1,0,0,0,1,0,1,1,0,0,1,1,0,1,0,1,1,0,0
1,0,1,1,0,1,0,1,0,1,0,0,1,0,0,0,1,0,0,0,0,1,0,1,0,1,0,0,1,1,1,1,0,0
1,1,1,1,0,0,1,0,0,0,0,1,0,0,1,0,0,1,1,1,1,1,1,0,1,1,0,0,1,0,0,1,0,0
1,0,1,1,0,0,1,1,1,1,1,0,0,1,0,0,0,0,1,1,1,0,0,0,0,1,0,1,1,0,0,0,0,0
0,0,1,1,0,0,1,0,1,1,0,0,1,0,1,1,0,0,1,0,0,0,1,0,0,0,0,0,1,0,0,1,1,1
1,1,1,0,0,1,0,0,1,1,0,0,1,1,1,0,1,0,1,1,1,1,1,1,1,0,0,0,1,1,0,1,0,0
0,1,0,1,1,0,0,0,1,0,1,0,1,1,0,1,0,1,0,0,1,0,1,0,1,0,1,0,1,1,0,0,0,0
1,1,0,0,1,1,1,0,0,0,1,1,1,0,0,0,1,1,0,0,0,0,1,0,0,1,0,1,1,1,0,0,0,0
0,1,1,0,1,0,0,0,1,0,0,1,1,1,0,1,0,1,0,1,1,1,1,1,0,0,0,1,0,1,0,0,0,0
1,0,1,1,1,1,1,0,1,1,1,1,0,0,0,0,0,0,1,0,0,0,1,1,0,1,0,1,0,0,1,1,0,0
1,1,1,1,0,1,1,1,1,0,1,0,1,1,1,1,0,0,0,1,0,0,1,0,1,1,1,1,1,1,1,1,0,0
1,1,1,0,1,1,1,1,1,1,1,1,1,1,0,0,0,0,0,0,0,0,0,1,1,0,1,0,0,1,1,1,0,0
1,1,0,1,0,0,1,1,0,1,0,0,1,1,1,1,0,0,1,0,0,0,0,0,1,1,1,0,1,1,1,0,1,1
1,1,1,0,0,0,1,0,0,0,1,1,0,0,0,0,0,0,1,0,0,0,1,1,0,1,1,0,0,1,0,1,1,1
1,1,1,0,1,0,0,0,1,0,0,1,1,1,0,0,0,1,0,0,1,0,0,1,0,0,1,1,1,0,1,1,0,0
1,0,0,1,1,0,0,1,0,1,1,0,0,0,0,1,1,0,0,1,0,1,1,1,0,0,1,0,1,0,1,1,0,0
0,0,1,0,0,0,0,0,0,1,0,1,1,1,0,0,0,0,0,1,1,1,1,1,1,0,1,1,1,0,0,1,0,0
1,1,0,1,0,0,0,1,0,1,1,1,1,0,0,0,0,0,0,0,1,0,1,0,0,1,0,0,1,0,0,0,0,0
0,1,1,0,0,0,0,1,0,0,0,1,1,1,1,0,0,1,0,1,0,1,0,0,1,1,1,1,0,0,0,0,0,0
1,0,0,0,0,0,0,0,1,1,0,1,0,0,1,0,0,0,0,1,1,0,1,0,0,0,0,0,0,1,0,1,1,1
1,0,0,0,1,0,1,0,1,1,1,0,1,0,1,0,0,1,0,0,0,0,0,0,0,1,0,1,0,0,1,0,0,0
0,0,1,0,1,0,1,1,0,1,1,0,0,0,0,0,0,0,0,1,0,1,1,0,1,0,1,1,0,1,0,0,0,0
0,1,1,0,1,0,0,0,1,0,0,0,0,0,1,1,0,1,0,0,1,0,0,1,1,0,1,1,0,1,0,0,0,0
0,0,1,0,0,1,0,1,1,0,0,1,0,1,1,0,0,0,0,0,1,0,1,0,1,0,1,1,0,1,0,1,0,0
1,0,1,1,1,1,0,1,0,1,0,1,1,1,1,1,0,0,1,1,1,1,1,0,1,0,1,1,1,1,1,1,0,0
1,1,0,0,0,1,1,0,0,0,1,0,0,0,0,0,1,0,0,0,0,1,1,0,0,0,0,0,1,1,1,0,0,0
1,1,0,0,1,1,1,1,1,1,0,0,1,1,0,0,1,0,1,1,1,0,1,0,1,1,0,1,1,0,0,1,0,0
0,0,0,1,1,1,0,1,0,0,1,1,0,0,0,1,0,0,0,0,1,1,1,0,1,1,0,0,1,0,0,0,0,0
0,1,1,0,0,1,0,1,1,0,0,0,1,1,1,1,0,1,1,0,0,0,1,1,0,0,1,0,1,0,0,1,0,0
0,1,1,0,1,0,1,0,0,1,0,0,0,0,0,1,0,0,1,1,0,0,1,1,0,0,1,0,0,1,0,0,1,1
1,1,0,1,0,0,1,0,1,1,0,1,0,0,1,0,1,1,0,0,1,1,0,0,0,1,0,0,1,1,0,0,0,0
1,1,0,0,1,0,1,0,1,0,1,1,0,0,0,1,0,0,1,1,1,0,0,1,1,1,1,0,0,1,0,1,0,0
1,0,1,1,0,0,0,1,0,1,0,0,0,0,1,0,0,0,1,1,0,0,1,0,0,1,1,0,1,1,1,1,1,1
0,1,0,0,1,1,1,1,1,0,1,0,0,0,1,1,0,0,0,0,1,0,1,1,0,0,1,1,0,0,0,0,1,1
1,1,0,1,1,0,1,1,0,1,0,1,1,0,1,1,0,1,1,1,0,1,0,1,1,0,1,0,0,1,1,1,0,0
1,0,0,1,0,0,0,1,0,1,0,0,0,1,1,0,0,0,1,1,1,1,0,1,1,0,1,0,1,1,1,0,0,0
1,0,1,1,0,1,1,1,0,0,1,0,1,1,0,1,0,0,0,0,0,0,0,1,0,1,1,1,1,1,1,0,1,1
0,1,1,1,1,1,1,0,0,1,1,0,0,0,1,0,0,0,0,1,1,0,1,1,1,1,0,0,0,1,0,0,1,1
1,1,1,1,0,1,1,0,0,1,0,0,1,1,0,1,0,1,1,1,0,0,1,1,0,1,1,1,0,0,1,0,0,0
1,1,1,0,0,0,0,1,1,1,1,1,0,1,1,0,1,0,0,1,0,0,1,0,1,0,1,1,1,0,0,0,0,0
1,1,0,0,1,1,0,0,0,0,1,1,0,0,0,1,1,0,1,1,1,1,0,1,0,0,0,0,0,0,1,0,0,0
0,1,1,1,1,1,1,0,0,0,1,0,1,1,0,1,0,0,0,1,1,1,0,1,0,0,0,0,0,1,1,1,1,1
1,0,1,1,1,0,1,1,0,1,0,0,0,0,1,1,0,0,0,1,0,1,1,1,0,0,1,0,1,0,1,0,1,1
1,1,1,1,1,0,1,1,0,0,0,1,1,0,0,0,1,0,1,0,0,0,0,0,1,0,1,1,1,1,1,0,0,0
1,1,0,1,1,0,1,0,0,1,0,1,1,0,1,1,0,0,1,0,1,0,1,1,0,1,0,0,0,1,1,0,0,0
1,0,1,1,0,0,0,0,0,0,1,1,0,1,0,1,0,0,1,0,0,1,0,1,0,1,1,1,0,0,0,1,1,1
1,1,0,1,1,0,0,0,0,0,0,0,1,0,1,1,1,0,0,0,0,1,0,1,0,1,0,1,1,0,0,0,0,0
1,1,1,1,0,1,1,0,0,1,0,1,0,1,1,0,1,1,0,1,0,0,1,1,0,0,1,1,1,0,1,1,0,0
1,1,0,1,0,1,1,1,1,0,1,0,1,0,0,0,0,0,0,0,1,1,0,0,1,1,0,1,1,0,1,0,1,1
0,1,1,0,1,1,1,0,0,1,0,1,1,0,0,1,0,1,1,0,0,1,0,1,1,1,1,0,1,1,1,0,0,0
1,1,0,1,0,1,0,0,1,0,1,1,1,1,1,0,0,1,0,1,0,1,0,1,0,1,1,1,0,1,1,1,0,0
0,0,1,1,0,0,0,0,0,1,1,1,1,0,0,1,0,0,0,0,1,1,1,0,0,1,0,0,0,1,0,1,0,0
1,1,1,0,1,0,0,0,1,1,1,0,0,0,1,0,0,1,1,0,1,0,0,1,1,0,0,0,1,0,0,1,0,0
0,1,0,1,1,1,1,0,1,0,1,1,0,0,1,1,0,1,0,0,0,1,0,1,1,1,0,1,0,1,1,0,0,0
1,1,0,0,1,1,0,1,1,1,1,0,0,1,1,0,0,0,1,0,0,1,0,1,0,0,1,0,1,1,1,0,0,0
1,1,1,0,1,1,1,0,1,1,0,1,0,0,1,0,1,0,1,0,1,0,0,1,0,0,0,1,1,1,1,0,0,0
1,1,1,1,0,0,1,1,1,1,1,1,0,0,0,0,0,0,1,0,1,0,0,0,0,0,0,0,1,0,0,0,0,0
1,0,1,1,1,1,0,1,1,0,0,1,1,1,1,1,0,1,0,0,0,1,1,0,0,0,1,0,0,0,0,0,0,0
1,1,0,0,0,0,0,0,0,0,1,0,1,0,0,1,0,1,0,1,0,0,1,1,1,0,0,1,1,0,1,1,0,0
1,0,1,1,1,0,0,0,0,0,0,0,1,0,1,1,0,1,1,0,1,0,1,1,0,1,0,0,0,1,0,0,0,0
0,1,1,1,0,0,1,0,0,0,0,1,1,0,1,0,0,0,0,0,1,0,1,0,1,0,1,0,0,0,0,0,1,1
0,1,0,0,1,1,1,0,0,0,0,1,1,0,0,1,0,1,0,0,0,1,0,1,1,0,1,0,0,0,1,0,0,0
1,1,1,1,0,0,1,1,1,1,0,0,0,0,1,0,0,1,0,0,0,1,1,1,0,1,0,0,1,0,0,1,0,0
1,1,1,1,1,0,1,1,1,1,1,1,0,0,1,0,1,0,0,0,1,0,1,0,0,1,0,1,1,0,1,0,0,0
1,1,0,1,1,1,0,1,0,1,0,1,0,0,1,0,1,1,0,0,0,0,1,0,1,0,1,0,1,1,0,0,0,0
1,0,0,0,1,1,0,0,1,1,1,0,1,0,1,1,0,1,1,0,1,0,0,0,1,1,1,1,1,0,0,1,0,0
1,1,0,1,0,1,1,1,0,0,1,0,0,1,0,0,0,1,0,0,1,1,1,0,0,0,1,0,1,0,0,1,0,0
1,0,1,1,0,1,1,1,0,0,0,0,0,1,1,1,1,0,0,1,1,1,1,1,1,1,1,0,0,1,1,1,0,0
0,1,0,1,0,0,1,1,0,0,0,1,0,0,0,0,0,0,1,0,0,0,0,0,1,0,0,0,1,0,1,0,1,1
1,1,0,0,1,1,0,1,1,1,1,0,1,1,0,0,1,0,1,1,0,1,1,1,1,1,0,0,0,0,0,0,0,0
1,0,1,1,1,0,1,1,1,0,0,1,1,0,0,1,1,0,0,1,1,1,1,0,0,1,0,0,1,0,0,0,0,0
1,1,1,0,0,0,0,1,0,1,0,0,0,1,0,1,0,0,0,1,1,0,0,1,0,1,1,1,1,0,1,1,1,1
1,0,1,0,0,0,1,0,0,0,0,0,1,1,0,1,0,0,1,1,1,1,1,0,1,1,1,0,0,1,0,1,1,1
1,0,1,1,1,1,1,0,1,1,0,1,0,1,0,1,0,1,1,1,1,1,0,0,0,1,1,0,1,1,1,1,0,0
1,0,0,0,1,0,0,0,0,0,1,1,0,1,0,1,0,1,0,1,1,0,0,1,0,1,1,1,0,0,0,0,0,0
1,1,0,0,1,1,0,0,1,1,0,1,1,1,1,0,0,0,1,0,1,1,0,1,1,0,1,0,1,1,0,1,0,0
0,0,0,1,0,0,1,1,1,0,0,1,1,0,1,0,0,0,0,0,0,1,0,0,1,0,1,0,1,1,0,1,0,0
0,1,1,0,0,0,0,0,0,1,0,1,0,1,0,1,0,0,1,1,0,1,0,1,0,0,1,0,1,1,1,1,0,0
0,1,1,1,0,1,1,1,1,1,1,1,0,1,0,0,0,0,0,1,0,0,0,1,0,0,1,1,1,1,1,1,0,0
1,0,0,0,1,1,0,0,0,0,0,1,1,0,1,0,0,1,0,0,0,0,1,0,1,1,1,1,0,1,0,0,0,0
0,1,0,0,0,1,1,0,0,1,0,0,0,1,1,1,0,0,1,1,1,1,0,0,1,0,1,1,1,0,0,0,0,0
0,1,1,0,1,1,1,0,0,1,0,0,1,1,1,1,0,0,1,1,0,0,1,1,1,1,1,1,1,0,1,0,0,0
1,1,1,1,1,1,0,1,0,1,0,0,1,1,1,0,1,0,0,1,1,0,0,0,0,0,0,0,1,1,0,0,0,0
1,0,0,1,0,0,1,0,1,0,0,1,1,1,0,1,0,0,0,1,1,1,1,0,1,1,0,1,0,1,1,1,0,0
1,0,1,1,1,1,1,1,1,0,1,1,0,1,1,1,1,0,1,1,1,1,0,1,1,0,1,1,0,1,0,0,0,0
0,0,1,0,1,1,1,1,0,0,1,1,0,1,0,1,0,0,1,0,0,1,0,0,0,1,1,0,1,0,0,1,1,1
1,0,0,0,0,0,0,1,1,1,1,1,1,0,0,0,0,1,0,0,1,0,0,1,1,0,1,1,1,1,0,1,0,0
1,1,0,0,0,1,0,1,1,0,1,0,1,1,1,0,0,1,1,0,0,0,1,0,1,1,1,1,0,0,1,0,0,0
1,0,1,1,1,0,0,1,1,0,1,1,0,0,0,0,0,1,0,1,1,1,1,1,1,1,0,1,0,0,0,1,0,0
1,0,0,1,1,1,1,0,1,1,1,0,0,1,0,1,0,0,1,1,0,0,0,0,1,1,0,0,0,1,0,1,0,0
1,0,1,1,0,0,1,1,1,0,0,0,1,0,1,1,1,0,1,1,0,0,1,0,1,1,1,0,0,0,1,0,0,0
1,0,1,0,1,1,0,0,0,1,1,0,1,1,0,0,1,0,0,1,1,1,0,1,0,1,0,0,1,1,0,0,0,0
1,1,1,0,0,1,0,0,0,1,1,0,1,1,1,1,1,1,0,1,0,1,0,1,0,0,0,1,0,1,0,1,0,0
1,0,1,1,0,0,0,1,0,1,0,1,1,0,0,0,1,0,0,1,1,1,1,0,0,1,0,1,1,0,1,0,0,0
1,0,1,0,0,0,0,0,1,0,0,0,1,1,0,1,0,1,0,1,1,1,0,0,0,1,0,1,1,0,0,1,0,0
1,1,1,1,0,0,0,0,0,1,1,1,1,1,1,1,0,0,1,1,1,1,0,1,1,1,1,1,1,0,1,0,0,0
1,0,1,0,0,1,0,0,1,0,0,0,1,1,1,1,0,0,1,1,1,0,1,0,0,1,0,0,0,0,0,0,0,0
1,0,1,0,1,1,1,1,1,1,0,0,0,1,1,1,0,1,0,1,1,1,1,0,1,0,1,1,1,0,1,0,0,0
1,0,0,1,0,0,0,0,1,1,0,1,1,1,0,1,0,1,0,1,1,1,1,0,0,1,1,0,0,0,1,0,0,0
0,1,0,1,0,1,1,1,1,1,1,1,0,1,0,1,0,0,1,0,1,0,0,0,1,0,1,0,1,1,1,1,0,0
0,1,1,0,1,0,0,0,0,0,1,0,1,1,1,1,0,0,1,0,1,1,1,1,0,1,0,1,1,1,1,1,0,0
1,0,0,1,0,1,1,0,0,0,1,0,1,1,1,0,0,0,0,0,1,1,1,0,1,0,1,1,1,0,0,1,1,1
1,0,1,1,0,1,0,0,0,1,1,1,0,1,1,1,1,0,0,1,0,0,1,1,1,0,1,1,1,0,0,1,1,1
0,1,0,1,0,1,0,0,1,0,0,1,1,1,1,1,0,0,1,1,0,0,0,1,1,0,1,0,1,1,0,0,0,0
0,1,0,0,1,0,1,0,0,0,1,0,1,1,1,0,0,0,0,0,0,1,1,1,0,1,1,0,1,0,1,0,1,1
0,0,0,0,1,1,0,0,1,0,0,1,0,0,0,0,0,0,0,0,0,1,1,1,0,0,1,1,0,0,0,0,0,0
1,0,0,0,1,1,1,1,0,0,0,1,0,0,1,0,0,1,1,0,0,0,1,1,0,0,0,1,0,0,1,1,0,0
1,0,0,0,0,0,0,1,0,0,0,1,1,1,0,1,0,1,0,1,1,0,1,0,0,0,1,0,1,0,0,0,0,0
1,0,1,1,0,1,0,0,0,0,1,0,1,1,1,1,0,1,1,1,1,1,0,0,0,0,0,1,1,0,1,1,0,0
1,1,1,1,0,1,1,0,1,0,1,0,0,0,1,1,1,1,0,1,1,0,1,0,0,0,1,1,0,1,1,0,0,0
0,1,0,1,0,1,1,1,0,1,1,0,0,1,0,0,0,1,0,1,0,1,1,0,0,0,1,0,0,1,0,1,0,0
1,1,0,1,1,0,1,1,1,1,1,0,0,1,0,0,0,1,0,1,1,1,0,0,1,0,1,0,1,0,0,1,0,0
1,0,1,0,1,0,0,0,0,0,0,1,0,0,0,0,0,1,0,1,0,0,1,1,1,0,0,0,0,1,0,0,0,0
0,0,0,1,1,1,1,0,0,0,1,1,1,0,1,0,0,0,0,0,1,0,0,0,1,0,0,0,1,1,0,0,0,0
1,0,1,0,1,1,0,1,1,0,1,1,0,0,1,1,0,1,1,0,0,0,1,1,1,1,1,0,0,1,0,1,0,0
1,1,1,0,0,0,0,0,0,1,0,0,0,1,1,0,1,0,0,1,0,0,0,0,1,0,0,0,0,1,1,0,0,0
1,1,1,0,0,0,0,1,1,1,0,0,0,1,1,0,1,0,1,0,0,0,1,1,0,0,0,1,1,0,1,0,0,0
1,0,0,1,1,0,1,1,1,0,1,0,0,1,0,0,0,1,0,1,0,0,1,0,1,1,0,0,1,0,0,0,0,0
1,1,1,0,1,1,0,1,1,1,0,1,1,1,1,1,0,0,1,0,1,0,0,1,1,1,1,0,1,0,1,0,0,0
0,1,0,0,1,0,0,1,0,1,1,1,1,0,0,0,0,0,0,0,0,1,0,1,0,0,1,0,1,0,0,0,0,0
1,0,0,0,0,0,0,0,0,1,0,0,0,1,0,1,0,0,0,0,0,1,0,0,0,0,1,0,0,0,0,1,1,1
1,0,1,0,0,0,0,0,0,0,1,0,1,1,0,0,0,1,0,1,1,0,0,1,1,0,1,0,0,1,0,0,0,0
1,0,1,0,1,1,0,0,0,0,0,1,0,0,1,0,0,1,0,1,0,1,0,1,1,1,1,1,0,0,1,0,0,0
1,0,1,0,1,0,0,0,0,0,1,0,1,1,0,0,0,0,1,0,1,0,0,0,1,1,0,1,0,0,0,1,1,1
0,0,0,1,1,1,1,0,0,0,0,1,0,0,0,1,0,0,0,0,1,0,0,1,1,1,1,1,1,1,0,0,0,0
0,0,1,1,0,1,0,0,1,1,0,0,0,0,1,1,0,0,1,0,1,0,0,0,0,1,0,0,1,1,0,1,1,1
1,1,1,1,1,1,1,0,0,1,1,0,0,0,0,0,0,0,1,1,0,1,1,0,0,1,1,0,0,0,0,0,0,0
1,0,0,1,0,1,1,1,0,0,1,1,0,0,0,1,0,0,1,0,0,1,1,1,1,1,1,0,0,0,0,1,1,1
1,0,0,1,1,1,0,0,1,0,0,0,1,0,1,0,0,1,0,1,1,0,0,1,1,1,0,1,0,1,0,0,0,0
1,1,1,1,0,0,1,0,1,1,1,1,0,1,1,0,0,1,1,0,1,1,1,0,0,0,0,1,1,1,1,0,0,0
1,0,1,0,0,1,0,1,0,0,1,0,1,0,1,0,0,0,0,0,1,0,1,0,1,0,0,1,1,1,0,1,1,1
1,1,1,0,1,1,1,1,1,0,1,0,0,0,1,0,0,0,0,0,1,0,1,1,0,0,1,0,1,0,1,0,1,1
1,1,0,1,0,1,1,1,1,1,0,1,1,1,0,0,0,0,0,0,1,1,1,0,1,0,0,1,1,1,0,1,1,1
1,1,0,1,0,0,1,1,1,1,1,1,0,0,1,0,0,0,0,0,1,0,0,1,1,0,1,1,1,0,0,1,0,0
1,1,1,0,1,0,1,0,1,1,0,0,0,1,1,0,0,1,1,1,1,1,0,0,0,1,1,1,0,1,1,1,0,0
1,1,1,1,0,1,0,1,1,1,1,0,1,1,1,1,0,1,0,1,0,1,1,1,1,1,1,1,1,1,1,0,0,0
1,0,1,1,0,0,1,1,1,1,1,1,0,1,0,0,1,0,0,0,0,0,0,0,0,1,1,1,1,1,1,1,0,0
1,1,0,0,0,1,1,1,1,1,1,1,1,0,1,0,0,0,0,0,0,0,1,1,0,0,0,0,0,1,0,1,0,0
1,1,0,1,0,1,1,0,1,0,1,0,0,0,0,0,0,0,0,0,1,0,0,0,1,0,1,0,0,1,0,1,1,1
0,0,1,1,1,0,0,1,0,1,0,1,1,1,0,0,0,0,1,1,0,1,1,0,0,1,1,1,0,1,0,1,0,0
1,0,0,1,0,1,1,1,1,1,0,0,0,1,0,1,0,0,1,1,1,1,0,0,1,1,1,0,0,1,1,0,0,0
0,0,1,1,0,1,0,0,1,1,0,0,1,0,0,1,0,0,1,1,0,0,0,1,0,0,0,0,1,1,0,0,0,0
0,1,1,1,1,0,1,1,1,0,1,1,0,1,0,1,0,0,1,1,1,0,1,0,1,0,1,0,0,1,1,0,0,0
0,1,1,1,1,0,1,0,0,1,1,1,1,0,1,0,0,1,1,1,1,0,1,0,0,0,1,0,0,1,1,0,0,0
1,1,1,1,0,0,1,0,0,0,1,0,1,1,0,0,1,0,0,0,1,1,1,1,1,0,1,0,0,0,1,1,0,0
1,1,1,1,1,1,1,0,0,0,0,0,1,0,1,1,0,0,0,0,1,0,1,0,0,1,1,0,0,0,0,0,1,1
1,1,0,1,1,0,0,0,0,0,1,1,1,1,0,1,1,0,1,0,1,0,1,1,0,1,1,0,0,0,0,1,0,0
1,1,0,1,0,1,1,1,0,1,0,1,0,0,0,1,1,0,0,0,0,0,1,0,0,0,0,1,0,0,1,0,0,0
0,0,0,1,0,1,0,1,0,1,0,0,1,1,1,1,0,0,0,0,1,0,1,0,1,0,1,1,0,0,1,1,0,0
1,0,0,1,0,0,0,1,0,0,1,0,1,1,0,0,0,1,1,1,1,0,0,0,0,1,0,0,0,0,1,0,0,0
1,1,0,1,0,0,0,0,1,1,1,0,1,1,1,1,1,0,1,0,1,1,1,1,0,1,1,0,1,1,0,0,1,1
0,1,0,0,1,1,0,0,0,1,1,1,0,1,1,1,0,0,1,0,0,0,0,0,0,1,0,0,1,1,0,1,0,0
1,0,1,1,1,1,1,0,1,1,1,1,1,1,1,0,0,0,0,1,1,1,1,0,0,0,0,0,0,1,0,1,0,0
1,0,1,1,0,1,0,0,0,0,1,0,0,1,0,0,1,0,0,0,0,0,0,0,1,1,1,1,1,0,0,0,0,0
1,1,1,0,0,1,0,1,0,0,1,1,0,0,0,1,0,1,1,1,0,0,1,1,1,1,1,0,1,0,1,0,0,0
1,1,1,1,1,0,1,1,0,0,0,0,1,0,1,0,0,1,1,0,0,0,0,1,1,1,0,1,1,0,0,1,0,0
1,0,0,0,0,1,1,1,1,0,0,1,0,0,1,1,0,1,1,1,0,0,1,1,0,0,1,0,0,0,1,0,0,0
0,1,1,0,1,1,1,0,1,1,0,0,0,1,1,1,0,0,0,0,1,0,0,1,0,0,0,0,1,1,1,0,1,1
1,1,0,0,1,1,1,1,1,0,1,0,1,0,1,0,0,0,1,0,1,0,1,0,0,0,0,1,0,1,0,0,0,0
1,1,1,1,1,0,1,1,1,0,1,0,1,0,1,0,1,1,1,0,1,1,0,0,0,1,1,0,0,0,0,0,0,0
1,1,0,1,1,0,1,0,0,1,0,0,1,1,1,0,1,1,0,1,1,0,0,0,0,1,0,0,0,0,1,1,0,0
1,1,1,1,1,0,0,0,1,0,0,1,1,1,0,0,1,1,1,1,0,1,0,0,1,1,0,1,0,1,1,0,0,0
1,0,1,0,0,1,1,1,0,0,1,0,1,0,1,0,0,0,1,0,1,1,1,1,1,0,1,1,0,1,1,1,1,1
1,1,1,1,0,1,1,0,0,1,1,1,1,0,0,1,0,0,0,0,1,1,1,0,1,1,0,0,1,1,1,0,0,0
1,1,1,1,0,1,0,1,0,0,1,0,0,0,1,1,1,0,0,0,1,0,1,0,1,0,1,0,0,1,0,0,0,0
1,1,0,0,0,0,1,1,1,0,0,1,1,1,0,0,1,0,1,0,0,1,1,0,0,0,1,0,1,1,1,0,0,0
1,1,0,1,0,1,1,0,1,1,0,1,1,1,1,1,1,1,0,0,0,1,0,0,1,0,0,1,0,1,1,0,0,0
1,1,0,0,1,1,0,1,0,1,1,1,0,1,1,0,1,0,1,1,1,1,0,0,0,0,1,1,1,0,1,0,0,0
1,1,1,1,0,0,1,1,1,0,1,0,1,0,0,1,0,1,1,0,1,0,1,0,0,1,0,0,0,1,1,0,0,0
1,0,1,1,1,0,1,1,0,1,0,1,1,1,0,1,0,0,0,1,0,1,0,1,1,1,0,1,1,1,0,0,1,1
1,1,1,1,0,0,0,0,1,1,1,1,1,0,0,0,1,0,1,1,1,0,0,1,1,1,1,1,0,1,0,1,0,0
1,0,0,1,1,0,0,1,0,0,0,0,0,1,0,0,0,0,1,0,1,1,0,0,1,0,0,0,0,1,0,1,1,1
1,0,1,0,1,0,0,1,0,0,1,0,0,1,0,0,0,0,0,1,1,1,0,1,0,1,0,0,1,0,1,1,1,1
1,1,0,0,1,1,0,1,0,0,0,1,0,1,0,1,0,0,0,1,0,0,1,0,1,1,0,0,1,1,0,0,1,1
1,1,0,0,0,0,0,0,1,1,0,0,0,1,1,1,1,0,1,1,0,1,1,0,1,1,1,0,1,1,0,1,0,0
1,1,0,0,0,0,0,0,0,1,0,0,1,1,0,0,0,1,0,0,1,0,1,0,1,1,0,0,1,1,0,1,0,0
0,0,1,1,0,1,0,0,0,1,0,1,0,1,0,0,0,0,1,0,0,1,1,1,1,1,0,1,0,1,1,1,1,1
1,1,0,0,1,0,0,0,0,1,1,0,1,0,1,0,0,1,1,0,1,1,0,0,1,0,1,1,0,0,0,0,0,0
0,0,1,0,0,1,1,1,0,1,0,1,1,0,1,1,0,0,0,0,0,0,0,1,0,1,0,1,0,0,1,1,0,0
0,1,1,1,0,1,1,1,1,0,0,1,1,0,0,1,0,1,0,0,0,0,1,0,1,0,0,1,1,0,1,0,0,0
0,1,0,0,1,1,0,0,1,0,0,1,1,0,1,0,0,1,0,0,0,1,1,0,0,1,1,1,1,0,0,0,0,0
1,0,0,1,0,0,0,1,0,1,1,1,1,0,0,0,0,1,0,0,1,1,0,0,1,1,0,1,1,1,1,1,0,0
1,1,1,0,0,1,1,1,0,1,0,0,0,1,0,0,0,0,0,1,0,0,0,0,0,0,0,1,0,1,0,0,1,1
1,0,1,0,0,1,1,0,0,1,1,1,1,1,0,1,1,0,0,1,1,1,0,0,1,1,1,1,0,1,0,1,0,0
1,1,0,1,0,0,0,0,0,1,1,0,0,1,1,0,0,1,0,1,1,0,1,0,1,0,0,0,1,0,1,1,0,0
1,1,1,0,0,1,1,1,0,1,1,1,0,1,0,1,1,0,0,0,1,1,0,0,1,1,0,0,0,1,0,0,0,0
1,1,1,0,0,0,0,0,0,0,0,0,1,0,0,1,0,0,1,0,1,0,1,1,0,0,1,0,1,1,0,0,1,1
0,1,1,0,1,1,0,0,0,0,1,1,0,0,0,0,0,0,1,1,1,1,1,0,0,0,0,0,1,0,0,0,0,0
1,1,0,1,0,0,1,1,1,0,0,1,1,1,1,0,0,1,0,0,0,1,0,1,0,0,1,1,1,0,0,0,0,0
1,1,1,1,1,1,0,1,0,0,0,0,0,1,1,1,1,0,1,0,0,1,0,0,0,1,0,0,1,1,1,1,0,0
0,1,0,0,1,1,0,0,1,0,1,0,1,1,1,0,0,0,0,0,1,1,0,1,0,1,0,0,0,1,0,1,1,1
1,1,1,1,0,0,0,1,0,1,0,0,0,0,1,0,1,0,0,0,0,0,1,0,1,1,0,1,1,1,0,1,0,0
1,1,1,0,1,1,0,1,1,0,0,1,1,1,1,1,0,1,1,1,0,1,0,0,1,0,1,0,1,1,0,1,0,0
1,1,1,1,0,1,1,1,0,1,0,0,1,1,0,0,1,0,0,0,0,0,0,1,0,0,1,1,0,0,0,0,0,0
0,1,0,1,1,0,0,1,0,1,0,0,1,1,1,0,0,0,0,0,0,1,1,1,0,1,0,1,0,1,0,0,1,1
1,1,1,1,1,0,1,1,1,1,0,0,1,1,1,0,0,1,1,1,0,1,0,1,1,1,0,0,1,0,1,0,0,0
1,1,0,1,0,0,0,0,1,0,1,1,1,0,0,0,1,0,1,1,0,1,0,0,0,1,0,0,0,0,0,1,0,0
0,1,1,0,0,1,0,1,1,1,1,0,1,1,0,1,0,0,1,0,1,1,1,1,0,1,1,0,1,0,0,1,0,0
1,1,1,0,0,0,0,1,0,0,1,0,1,0,1,0,1,0,1,1,1,0,0,1,1,0,0,0,0,1,1,1,0,0
0,1,1,1,0,1,1,1,1,1,0,1,1,1,0,1,0,1,0,1,0,0,0,0,1,1,0,1,1,0,1,0,0,0
1,0,1,0,0,1,1,1,1,1,1,0,0,1,0,1,0,0,1,1,1,1,0,1,0,0,1,1,0,0,1,0,0,0
1,1,0,0,0,1,1,0,1,0,0,1,1,1,0,1,1,0,0,1,0,0,1,0,0,1,1,1,0,0,0,0,0,0
1,0,1,1,0,0,0,1,1,1,0,1,1,1,1,0,0,0,1,1,0,0,0,0,1,0,0,1,0,0,1,1,0,0
1,0,0,0,1,0,0,0,0,0,0,0,0,1,0,0,0,1,0,1,1,1,1,1,0,1,1,1,1,0,1,0,0,0
1,0,1,0,1,0,0,1,0,1,0,1,1,1,1,1,0,1,0,1,0,0,1,1,0,0,1,0,1,1,1,0,0,0
1,1,1,1,1,1,0,1,1,1,1,0,0,1,0,1,0,1,1,0,0,1,0,0,1,0,1,0,0,0,1,0,0,0
1,1,0,0,1,1,1,1,1,0,1,1,0,1,1,0,1,0,0,0,1,1,0,0,0,0,0,0,1,0,0,1,0,0
1,0,0,1,1,1,0,0,0,1,0,1,0,0,1,1,0,1,1,1,0,0,1,1,0,1,1,0,1,0,0,1,0,0
1,0,0,1,1,1,0,0,0,0,0,0,1,1,1,0,0,0,0,0,0,0,0,1,0,1,1,1,1,0,0,1,1,1
1,0,0,0,1,0,1,0,1,1,1,1,1,0,1,1,0,0,1,0,1,0,0,1,1,1,0,0,0,0,1,1,0,0
1,0,1,0,0,1,1,0,0,0,0,1,0,1,1,1,0,0,0,0,1,1,0,0,1,1,1,0,1,1,0,1,1,1
0,0,1,1,1,0,1,1,1,0,1,0,0,0,0,1,0,0,0,0,1,0,1,1,0,1,0,0,1,1,1,1,1,1
1,1,1,0,0,1,0,1,1,1,1,1,1,0,0,1,0,1,0,0,0,0,1,0,1,0,1,0,1,0,0,0,0,0
1,1,0,0,1,1,0,1,1,1,0,1,1,1,1,0,1,0,1,0,0,0,0,0,0,0,1,1,1,0,0,0,0,0
0,1,0,1,1,0,1,0,0,0,1,1,1,1,0,0,0,0,1,0,1,0,0,1,1,0,1,1,1,1,1,1,0,0
1,1,1,1,0,1,1,1,1,1,0,0,1,0,0,0,0,0,1,0,1,1,1,0,1,0,1,1,1,1,0,1,0,0
1,1,0,0,1,1,1,0,0,0,1,0,1,0,0,0,1,0,1,1,0,1,0,1,1,0,0,1,0,0,1,1,0,0
0,1,0,1,0,0,1,0,0,1,1,0,0,1,1,0,0,0,0,1,0,1,0,1,1,1,1,0,0,0,1,1,1,1
1,1,1,0,0,1,0,0,1,1,0,0,1,1,0,1,1,0,0,0,1,0,1,0,0,0,1,1,0,0,0,0,0,0
1,0,1,1,1,0,0,0,0,1,1,1,1,0,1,0,0,1,0,0,0,1,1,0,1,1,0,1,0,1,1,0,0,0
1,0,0,1,1,0,1,1,1,0,0,1,1,1,0,1,0,1,0,1,1,1,1,1,1,0,1,0,1,1,1,1,0,0
1,1,1,0,0,0,0,0,0,0,1,1,0,1,0,0,1,0,0,1,0,0,1,0,1,1,1,1,1,1,0,0,0,0
0,1,0,1,0,1,0,0,1,0,1,1,1,1,1,1,0,0,0,0,0,1,1,0,1,1,0,0,1,0,0,1,0,0
0,0,1,1,1,0,0,0,0,1,1,0,0,1,1,1,0,0,0,0,1,1,0,1,1,0,1,1,1,0,0,1,1,1
1,1,0,1,0,0,0,0,0,1,1,0,0,1,0,1,0,0,1,0,1,1,1,0,1,1,1,0,1,1,0,1,0,0
1,1,1,1,1,1,0,1,0,0,1,0,1,1,0,0,0,1,0,1,1,1,1,1,1,1,0,1,0,0,0,1,0,0
1,1,0,0,1,1,0,0,0,0,0,0,0,0,1,0,0,0,1,0,1,0,0,0,0,0,0,0,0,1,0,1,1,1
1,1,0,0,1,1,0,0,1,0,1,1,1,0,1,1,0,1,0,1,1,1,0,0,0,1,1,1,0,1,1,0,0,0
1,1,1,0,0,1,1,0,1,1,1,0,0,0,0,0,0,1,0,1,0,0,0,0,0,1,1,1,0,0,0,0,0,0
1,0,0,0,1,0,0,1,1,1,1,1,1,1,1,0,0,0,0,1,0,0,1,0,0,1,0,0,0,0,0,0,0,0
1,1,1,1,1,0,1,0,1,1,0,1,0,1,0,0,1,0,1,0,0,0,1,0,1,1,1,0,1,1,0,0,0,0
1,1,0,1,1,0,1,1,1,0,1,1,0,1,1,0,0,1,0,1,1,1,1,1,0,0,1,1,1,1,1,1,0,0
1,1,1,0,1,0,0,0,0,0,0,1,0,1,1,0,1,0,0,0,0,0,1,0,1,0,1,0,1,0,0,0,0,0
1,0,1,1,1,1,0,0,1,1,0,0,1,0,0,0,1,0,0,1,1,0,0,1,0,0,1,1,1,1,0,1,0,0
0,0,0,1,1,0,0,1,1,1,1,1,0,0,1,1,0,0,0,0,0,1,0,0,1,1,0,0,0,1,1,0,0,0
1,1,1,0,0,1,0,1,0,0,0,1,0,0,0,1,1,0,0,1,1,1,0,0,1,0,1,1,0,0,1,0,0,0
1,0,1,1,0,0,1,0,0,0,0,0,1,1,0,0,0,1,0,1,0,1,1,0,0,1,1,0,1,0,0,0,0,0
1,1,1,1,0,0,0,1,0,1,1,1,0,1,1,1,1,0,1,1,1,1,1,0,1,0,1,1,0,0,1,1,1,1
1,0,0,1,0,0,1,1,1,0,0,0,0,0,0,0,0,1,1,0,1,0,0,1,0,0,1,0,1,1,1,1,0,0
0,0,1,1,0,1,1,1,0,0,1,0,1,1,1,0,0,0,1,1,0,1,1,1,0,0,0,0,1,0,0,1,0,0
1,0,0,1,1,1,0,1,0,1,1,0,1,1,1,1,1,0,0,0,1,0,1,1,1,0,0,0,0,1,0,0,0,0
1,1,0,1,0,0,1,0,0,0,1,1,0,1,1,0,0,1,0,1,1,1,0,0,1,1,0,1,0,1,0,0,0,0
0,1,0,1,0,1,1,1,1,0,0,0,1,1,1,1,0,1,0,0,0,0,1,1,1,1,0,1,0,0,1,1,0,0
1,0,1,0,1,0,1,1,1,0,0,1,0,0,1,0,1,0,0,1,1,1,1,1,0,1,0,1,0,1,1,1,0,0
1,1,1,1,0,0,0,1,1,1,0,1,1,1,0,1,0,0,1,1,0,0,1,1,1,0,0,0,1,0,0,0,0,0
1,0,1,1,1,1,1,0,1,1,0,1,0,1,1,0,0,0,0,1,1,1,0,0,1,1,1,1,1,0,1,0,0,0
0,0,1,1,1,1,1,0,0,1,1,0,0,1,1,0,0,0,1,0,1,1,0,1,0,1,0,0,1,1,1,1,0,0
1,1,0,0,0,1,0,0,0,1,1,1,0,1,0,1,1,0,0,0,1,0,1,1,1,1,1,0,0,0,0,1,0,0
1,0,0,1,1,0,0,0,0,0,1,0,0,1,1,1,1,0,0,0,0,1,1,0,1,0,1,0,0,0,0,1,0,0
0,0,0,1,0,1,0,1,0,0,1,0,0,0,0,1,0,0,0,0,0,0,1,0,0,1,1,0,1,0,0,1,0,0
1,0,0,0,1,1,0,1,1,0,0,1,1,0,1,0,0,1,0,1,0,0,1,0,0,0,0,0,0,1,0,1,0,0
1,1,0,0,0,1,0,1,1,0,0,1,0,0,0,0,1,0,1,0,1,0,1,0,0,1,0,0,0,1,0,1,0,0
1,0,1,0,1,1,1,1,0,1,0,0,1,1,1,0,1,0,0,0,0,1,1,0,1,1,1,1,0,0,1,1,0,0
1,0,0,1,1,0,1,1,0,0,0,1,0,1,1,1,0,1,1,0,0,1,1,0,0,1,1,0,0,1,1,1,0,0
0,0,1,0,1,0,0,1,1,0,1,1,1,0,0,1,0,0,0,0,1,0,0,0,0,0,1,0,0,1,0,0,1,1
1,1,0,1,0,1,1,0,1,0,1,1,0,0,0,0,0,1,0,0,1,1,0,1,0,0,0,1,0,1,0,1,0,0
0,1,0,0,0,1,0,0,1,1,0,0,0,1,1,1,0,0,1,1,0,0,1,1,0,0,1,1,0,0,1,1,0,0
1,0,1,1,1,0,1,0,0,0,0,0,0,1,0,1,0,0,0,0,1,1,0,1,1,1,1,0,1,1,0,1,1,1
1,0,1,0,1,0,1,1,1,1,1,1,0,0,1,1,0,1,0,0,1,0,1,0,0,1,0,0,0,1,1,1,0,0
1,1,0,1,1,1,1,1,0,1,1,0,1,1,0,0,1,0,0,1,0,0,0,1,0,0,1,1,0,0,0,0,0,0
1,1,1,1,0,0,1,0,1,0,1,0,0,0,0,1,0,0,0,1,1,1,0,1,0,1,0,1,0,1,1,1,1,1
1,0,0,0,1,1,0,1,0,1,1,0,0,0,0,1,1,0,0,0,0,0,1,1,1,1,1,0,1,1,0,1,0,0
1,0,1,1,0,0,1,1,1,0,1,1,1,1,1,0,0,0,1,1,0,1,1,0,0,0,1,0,1,1,0,0,0,0
1,0,0,0,1,0,1,1,1,1,1,0,0,0,1,0,1,0,0,0,0,1,1,1,0,0,0,1,1,1,0,0,0,0
1,1,1,0,0,1,1,0,0,0,1,0,0,1,0,1,1,0,1,1,0,1,1,0,1,0,1,0,1,0,0,0,0,0
1,1,1,1,1,0,1,1,0,1,0,0,1,1,1,1,1,1,0,0,0,0,0,1,0,0,0,1,1,0,1,1,1,1
1,0,1,0,0,0,1,1,0,0,0,1,1,1,1,1,0,0,0,0,1,0,0,0,0,1,1,0,0,1,0,1,0,0
1,0,1,1,0,0,1,1,1,1,1,1,0,1,0,1,0,0,0,0,0,1,0,0,0,0,0,1,0,0,1,0,0,0
1,1,1,1,1,1,0,0,1,1,0,1,0,0,0,0,1,1,0,0,0,1,1,0,1,0,1,0,0,0,1,0,0,0
0,0,1,1,0,0,1,1,0,0,0,1,0,0,1,0,0,0,0,1,1,1,1,0,0,0,1,1,1,1,1,0,0,0
1,0,0,1,1,1,0,1,0,1,1,0,1,0,1,1,0,0,0,1,1,1,0,1,0,0,0,0,0,1,1,0,1,1
1,1,0,1,1,0,1,1,0,1,1,1,1,0,1,1,0,1,1,0,1,0,1,1,0,1,1,0,0,0,1,1,0,0
1,0,1,0,0,1,1,1,1,1,1,0,0,0,1,0,0,1,0,0,0,0,0,1,1,0,0,0,1,0,1,0,0,0
0,1,1,1,1,1,0,0,0,0,1,0,0,0,0,0,0,1,1,0,0,1,1,0,0,1,1,1,1,1,0,0,0,0
1,1,1,0,1,0,0,0,0,0,1,0,1,1,0,1,0,0,0,1,1,0,0,0,0,1,0,1,0,0,0,0,0,0
1,0,0,0,1,0,0,1,1,1,0,0,0,0,1,0,0,0,1,1,1,1,1,1,0,1,1,1,1,1,1,0,0,0
1,1,1,1,1,1,1,1,1,0,0,0,1,0,0,0,1,1,0,1,0,1,0,0,0,0,0,0,1,0,1,1,0,0
0,1,1,1,0,1,1,0,1,1,0,0,0,0,1,0,0,1,0,1,0,1,1,0,1,0,0,1,0,1,0,1,0,0
1,1,1,0,0,1,1,1,0,0,1,0,1,1,0,1,0,0,0,0,0,1,0,1,1,0,1,1,1,1,1,1,0,0
1,0,0,1,1,1,1,1,1,0,0,1,0,1,0,1,0,0,1,0,0,1,0,1,0,1,1,0,0,0,0,0,1,1
1,1,1,1,0,0,1,1,1,0,0,0,1,1,0,0,0,0,1,0,0,0,0,0,1,0,0,0,1,0,1,1,1,1
1,1,0,1,1,0,0,1,0,1,0,1,1,1,0,0,0,0,1,0,0,1,1,1,1,0,0,0,0,0,1,1,0,0
1,1,0,1,0,1,0,1,0,1,1,0,1,0,1,0,1,1,0,0,0,1,0,1,0,1,0,0,0,0,0,1,0,0
1,0,0,0,0,1,0,1,0,1,1,1,0,0,0,1,1,0,0,0,0,1,0,0,0,0,1,1,1,0,0,1,0,0
1,0,1,0,0,1,1,1,1,1,1,1,0,1,1,0,0,1,1,0,1,0,0,0,0,1,0,1,0,1,1,1,0,0
0,1,0,1,1,0,0,1,1,0,0,0,0,0,0,0,0,0,0,0,1,1,0,1,1,0,1,0,0,0,0,0,1,1
1,0,1,0,0,1,1,1,0,0,1,1,1,0,0,0,0,1,0,1,1,1,0,0,1,0,0,1,1,0,0,1,0,0
1,0,0,0,1,1,1,0,1,0,0,0,0,0,1,0,0,0,0,0,1,1,1,0,0,1,0,0,1,1,0,1,1,1
1,1,0,1,1,1,0,1,1,0,1,0,1,1,0,0,1,0,1,1,1,1,0,0,1,0,1,0,0,1,0,0,0,0
1,0,1,1,0,1,0,0,1,1,1,0,0,0,1,0,0,0,0,1,1,1,1,1,0,1,1,1,1,0,0,1,0,0
1,1,0,0,1,0,0,1,0,1,1,0,1,1,1,0,0,1,0,1,1,0,0,1,0,0,1,0,1,0,0,0,0,0
1,1,0,1,1,0,1,1,1,1,1,0,1,0,0,0,0,0,1,1,1,0,0,0,1,0,0,1,1,1,1,1,0,0
1,1,0,1,0,1,1,0,0,1,1,0,1,0,0,1,1,1,0,1,0,1,0,1,0,0,1,0,0,1,0,0,0,0
0,0,0,0,1,1,1,1,1,1,1,0,1,0,1,0,0,0,0,0,0,0,1,1,0,0,0,0,1,0,0,1,0,0
1,1,1,1,0,1,0,1,0,0,0,0,1,0,0,1,0,0,0,1,1,1,1,1,0,1,0,1,1,1,0,0,1,1
0,0,0,0,0,1,0,1,1,1,0,0,0,0,1,1,0,0,0,0,0,0,1,1,0,0,1,1,1,0,0,1,0,0
1,1,1,1,0,0,0,1,0,0,0,1,0,0,0,0,1,0,0,0,1,0,0,0,0,0,0,1,0,1,1,0,0,0
0,1,0,0,1,1,1,1,0,0,1,1,0,1,1,1,0,0,0,1,1,1,1,1,1,0,0,1,1,0,0,1,0,0
1,1,1,1,1,1,1,1,1,0,1,0,0,1,0,0,0,0,1,1,1,1,1,0,1,0,0,1,0,1,0,1,0,0
1,1,1,1,1,1,1,0,1,0,0,1,0,0,1,1,1,1,0,1,0,1,0,0,1,0,1,0,1,1,0,1,0,0
0,1,1,1,1,0,0,0,1,1,0,1,1,1,1,0,0,0,0,0,1,0,0,0,1,0,0,0,0,1,0,0,0,0
0,1,1,0,1,0,0,0,1,0,0,1,1,1,1,0,0,1,0,1,0,0,1,1,0,0,1,1,1,0,0,0,0,0
1,1,0,0,1,0,1,1,0,0,0,1,0,1,1,1,1,1,0,0,1,0,0,1,1,1,0,1,0,0,0,0,0,0
1,1,0,1,0,1,1,0,0,0,0,0,1,0,1,1,1,1,0,1,0,0,1,1,0,0,0,0,0,0,1,0,0,0
1,1,0,0,1,1,1,1,0,0,1,1,1,0,1,0,0,0,0,0,1,1,1,1,1,0,0,1,0,0,1,1,1,1
1,1,1,0,0,0,0,1,0,1,1,1,0,1,0,1,1,1,0,0,1,1,0,0,0,0,1,1,1,1,0,0,0,0
0,1,0,1,0,0,0,1,0,1,1,0,0,1,0,1,0,1,0,0,1,0,1,0,0,0,0,0,1,0,1,1,0,0
1,1,0,0,1,1,0,0,0,1,1,0,1,0,1,0,0,0,1,1,1,0,0,1,1,1,0,1,1,0,1,1,0,0
1,1,1,1,1,1,1,0,1,1,0,1,1,1,1,0,1,0,1,0,0,1,1,0,1,0,0,0,1,0,0,0,0,0
1,0,0,0,0,1,1,0,1,0,0,0,1,1,0,0,0,1,0,1,0,0,0,0,1,0,1,1,0,1,1,1,0,0
0,1,1,0,1,0,1,0,1,1,0,0,1,1,0,0,0,1,0,0,0,0,1,1,0,1,0,1,1,0,1,1,0,0
0,0,1,1,1,1,1,1,0,1,0,1,1,1,1,0,0,0,0,1,0,0,1,1,1,0,1,0,1,1,1,1,1,1
0,0,0,1,1,1,1,0,1,0,1,1,1,0,1,1,0,0,0,1,0,1,1,1,1,0,0,0,1,1,1,0,0,0
0,1,0,1,1,1,1,1,1,0,0,1,0,1,0,0,0,1,0,0,0,0,1,1,0,1,0,0,1,0,0,1,0,0
0,1,1,1,0,0,1,1,0,0,0,1,0,0,1,0,0,0,0,1,1,1,0,0,1,0,1,0,1,0,1,0,1,1
1,0,0,1,0,1,1,1,1,1,0,1,0,0,0,1,1,0,0,0,1,0,1,0,1,1,0,0,0,0,1,1,0,0
0,0,1,0,1,0,1,0,1,1,1,0,0,1,1,0,0,0,0,1,1,0,0,1,0,1,0,0,1,0,1,0,0,0
1,0,1,1,1,0,0,1,1,1,0,1,0,0,1,1,0,1,0,1,0,0,1,1,1,0,0,0,1,1,1,1,0,0
1,1,1,1,1,1,0,1,0,1,0,1,0,0,1,0,0,0,0,1,0,1,0,1,0,1,1,1,0,1,0,1,1,1
0,1,0,1,0,0,0,1,1,0,0,1,0,1,1,1,0,0,1,0,1,1,1,0,0,0,1,0,1,1,1,1,0,0
1,1,1,0,0,1,0,0,1,0,0,0,0,1,1,1,0,0,0,1,1,1,0,1,0,1,0,0,1,1,0,0,1,1
1,1,0,0,1,0,0,1,0,0,0,1,0,0,1,0,0,0,1,1,1,1,1,1,0,1,0,1,0,1,0,0,0,0
1,0,0,1,0,1,0,0,1,1,1,0,1,1,1,0,0,1,0,1,1,1,0,1,0,1,0,1,0,0,0,0,0,0
1,1,1,1,1,0,0,1,0,0,0,1,1,0,0,1,1,0,1,0,0,0,0,0,0,1,1,1,1,1,0,0,0,0
1,0,1,0,1,1,1,1,1,0,1,1,1,0,0,0,1,0,1,0,1,0,0,0,1,1,1,0,0,0,1,1,0,0
0,1,1,1,0,0,0,0,1,1,0,1,1,0,0,0,0,1,0,1,0,0,0,0,1,0,0,1,0,1,0,0,0,0
0,1,1,0,0,1,1,1,0,1,0,0,0,1,1,0,0,0,0,1,1,1,1,1,1,1,1,1,0,0,0,0,1,1
0,1,1,1,1,0,0,1,0,0,0,1,0,0,1,1,0,1,1,1,0,0,0,1,0,1,1,1,1,1,1,1,0,0
0,0,1,0,0,1,1,1,1,0,0,1,1,0,0,0,0,0,0,1,0,1,1,1,1,1,0,1,0,1,0,0,0,0
1,0,1,1,0,1,1,0,1,0,0,0,1,1,0,1,1,0,0,0,1,1,0,1,1,1,0,1,0,0,0,0,0,0
0,1,1,1,1,1,0,0,0,1,0,0,1,0,0,0,0,0,1,0,0,1,0,1,0,0,0,0,1,0,1,1,1,1
0,0,0,0,0,1,0,0,0,0,0,0,1,0,0,0,0,0,0,0,0,0,1,1,1,1,0,0,0,1,0,0,0,0
1,1,0,1,0,0,1,0,0,1,1,0,0,0,1,0,1,0,1,0,1,1,0,0,1,0,1,1,0,0,1,0,0,0
1,1,0,0,0,0,0,1,0,0,1,0,0,0,0,1,1,0,0,0,1,1,1,0,1,0,1,1,1,0,1,0,0,0
1,0,1,0,1,1,1,1,1,0,0,0,1,1,1,0,0,0,1,1,0,0,0,0,0,1,1,1,0,0,0,1,1,1
1,1,1,0,0,1,1,0,0,1,0,1,1,0,0,1,1,0,1,1,1,0,0,0,0,0,1,0,0,0,1,0,0,0
1,1,1,1,1,0,0,0,0,0,1,0,1,0,0,0,0,1,1,1,1,0,0,1,0,1,0,1,0,0,0,0,0,0
0,1,0,0,0,1,0,1,1,1,0,1,0,1,1,1,0,0,0,1,1,0,0,1,1,1,1,0,1,1,1,1,1,1
1,1,1,1,1,1,0,1,1,0,0,0,0,0,1,0,0,0,0,1,1,1,0,1,0,1,0,1,0,1,0,1,1,1
1,1,0,1,1,1,1,1,0,0,0,1,0,1,0,0,1,0,0,1,0,1,0,1,0,0,1,1,0,1,0,0,0,0
0,1,1,0,1,1,1,0,1,0,0,1,1,0,0,1,0,1,0,0,0,0,0,1,1,0,0,0,1,0,0,0,0,0
0,1,1,0,1,1,0,0,0,0,1,0,1,0,1,1,0,1,0,0,0,0,1,1,0,1,1,0,1,0,1,1,0,0
1,0,0,1,0,0,0,1,0,1,0,0,0,1,1,0,0,1,1,1,1,0,0,0,1,0,0,1,1,0,1,0,0,0
1,1,1,0,1,0,1,0,0,0,0,1,0,1,0,0,1,1,1,0,1,0,0,1,1,0,0,1,1,1,0,0,0,0
1,1,0,1,0,0,0,0,0,1,0,1,1,0,0,0,0,1,1,1,1,1,0,1,0,1,0,0,0,0,0,1,0,0
1,1,1,1,1,0,1,1,1,0,0,1,0,1,1,1,1,1,0,0,0,1,1,0,0,0,0,0,0,1,1,0,0,0
1,0,1,1,0,0,1,1,1,0,1,0,1,0,1,0,0,1,1,0,0,1,1,1,1,1,1,1,0,1,1,0,0,0
1,0,0,1,1,1,0,0,1,1,0,0,0,0,0,1,1,0,0,0,0,0,0,0,0,1,1,1,1,0,0,1,0,0
1,0,0,0,1,0,0,1,1,0,0,0,1,0,0,0,0,1,1,1,0,0,1,1,1,1,1,0,1,0,0,1,0,0
1,0,1,0,0,1,1,0,1,1,0,1,1,1,0,1,0,0,0,0,1,1,1,1,0,1,1,0,1,0,0,0,1,1
1,1,1,1,0,0,1,1,0,1,1,0,0,0,0,1,0,0,0,1,0,1,0,0,1,1,0,1,0,0,1,1,1,1
1,1,0,0,1,1,1,1,1,0,1,1,0,1,0,1,0,1,0,1,1,1,0,1,1,1,0,0,0,0,1,1,0,0
1,1,1,0,1,0,0,1,1,0,1,1,0,0,1,0,0,0,0,0,0,1,1,0,0,0,0,0,1,0,1,1,1,1
1,0,1,1,1,0,1,0,1,1,0,1,0,0,1,1,0,0,1,1,0,0,1,0,0,1,1,0,1,0,0,1,0,0
1,0,0,0,0,1,1,0,0,1,0,1,1,1,0,1,0,1,0,1,1,1,1,1,1,1,0,1,0,0,1,0,0,0
1,1,0,0,0,1,0,1,1,0,0,1,0,1,1,0,0,1,1,0,0,0,1,0,0,0,0,1,1,0,1,0,0,0
1,0,1,1,0,0,0,0,1,1,0,1,1,1,1,1,0,0,1,1,1,1,0,1,0,1,1,0,0,1,0,1,0,0
1,1,1,0,0,1,1,1,1,1,0,0,1,1,0,0,0,0,0,0,0,1,1,0,1,1,0,0,1,1,1,1,0,0
1,1,0,1,0,0,1,1,0,0,1,1,1,0,1,1,0,0,1,0,0,1,1,1,1,0,1,0,1,1,1,0,0,0
1,0,0,1,1,0,0,1,0,1,0,0,0,0,0,0,0,0,1,1,1,0,1,1,1,1,1,1,0,0,0,0,0,0
1,1,0,1,0,1,1,0,1,0,0,0,0,1,1,0,0,1,1,0,0,0,1,0,0,1,1,0,0,1,0,0,0,0
1,1,0,1,0,1,0,0,1,1,1,1,0,0,1,1,0,0,1,1,0,1,0,0,0,1,0,1,1,0,0,0,0,0
1,0,0,1,0,1,1,0,0,1,1,0,1,0,1,0,0,1,0,0,1,1,1,1,1,1,1,1,0,0,0,1,0,0
0,0,0,1,0,1,0,0,0,1,0,0,1,1,0,0,0,0,0,0,0,0,1,1,1,0,1,0,1,1,1,0,0,0
1,1,1,1,1,0,1,1,1,0,0,0,1,0,0,0,1,0,0,0,0,0,0,1,0,0,1,1,1,1,1,0,0,0
1,0,1,1,1,1,0,1,0,1,1,1,1,1,0,1,0,0,1,1,0,0,1,1,0,1,0,0,1,0,1,0,0,0
1,0,0,1,1,0,0,1,1,1,0,0,0,0,1,0,0,1,1,1,1,0,0,0,0,0,1,0,1,0,1,0,0,0
1,0,1,1,1,0,0,1,0,0,0,1,1,0,1,0,0,1,1,1,1,0,0,1,0,0,1,1,1,0,0,1,0,0
1,1,0,0,1,0,0,1,0,0,0,1,0,0,0,1,0,0,0,1,1,0,0,1,1,0,1,1,1,1,0,0,1,1
0,0,1,0,0,1,0,1,0,0,0,0,0,0,1,1,0,0,0,1,1,1,1,1,1,1,1,0,1,0,1,0,0,0
1,0,0,0,1,1,1,1,1,1,1,1,0,0,1,1,0,0,0,0,1,0,0,1,0,0,0,0,0,1,1,0,0,0
1,0,0,0,1,1,0,0,0,0,0,1,0,1,1,0,0,0,1,1,0,0,1,1,1,0,0,0,0,0,0,1,1,1
1,0,0,1,0,1,0,1,1,0,1,1,0,1,0,0,0,1,1,1,0,1,0,0,0,1,1,0,0,1,1,1,0,0
1,1,0,1,1,1,1,0,1,0,1,1,0,1,1,1,1,0,0,0,0,1,1,0,1,0,0,0,1,0,1,0,0,0
1,1,1,0,0,0,0,0,0,0,1,0,0,1,0,0,0,0,1,0,1,1,0,0,1,1,0,0,0,0,0,0,1,1
1,0,0,1,1,1,1,1,1,1,0,0,1,1,0,1,0,1,1,1,0,0,1,1,1,0,0,0,0,1,1,1,0,0
1,1,0,1,0,0,0,1,0,1,0,1,0,1,1,1,0,1,1,0,1,1,1,1,0,1,0,0,0,1,0,1,0,0
1,1,1,1,1,1,1,1,1,1,1,0,1,1,1,0,1,0,0,1,0,0,0,0,0,1,0,1,0,1,0,0,0,0
1,1,0,1,0,0,0,1,0,1,1,1,1,1,1,0,0,1,1,1,1,1,0,1,1,0,1,1,1,0,1,1,0,0
1,0,1,0,1,0,1,0,0,1,1,1,1,0,0,0,0,0,1,0,0,1,0,0,1,1,0,1,1,1,0,0,0,0
1,1,1,0,0,1,0,0,0,0,1,1,1,0,1,1,1,1,0,0,1,1,1,0,1,1,0,1,1,0,1,0,0,0
1,0,1,0,1,1,1,1,1,1,0,0,1,0,0,0,0,1,0,0,1,1,1,0,0,0,0,0,1,1,1,1,0,0
1,1,1,1,1,1,1,0,0,0,1,0,0,0,1,0,0,0,0,0,1,1,0,0,1,0,0,1,1,0,0,1,1,1
1,1,0,1,1,0,1,1,1,0,0,1,1,0,0,0,1,0,0,1,0,0,1,1,1,0,1,1,0,0,0,0,0,0
0,1,0,1,1,1,1,1,0,1,1,0,1,1,0,0,0,0,1,1,0,1,1,1,0,1,1,1,0,0,1,0,0,0
0,0,1,0,1,0,0,0,0,0,0,0,1,1,1,1,0,0,0,1,0,0,0,1,1,1,1,0,1,0,0,0,0,0
1,1,1,0,1,0,0,1,1,0,0,1,0,1,0,0,0,0,0,0,1,1,1,0,1,1,0,0,0,1,1,0,1,1
1,0,1,1,0,1,1,0,1,0,1,0,1,1,1,0,0,0,0,1,1,0,0,0,1,1,1,0,1,0,1,1,1,1
0,1,0,0,0,1,1,0,1,0,0,0,0,1,0,1,0,0,0,0,1,1,1,1,0,1,0,1,1,0,0,0,1,1
1,0,1,0,1,0,1,0,1,0,1,0,1,0,0,1,1,0,0,0,0,1,0,0,0,0,1,1,0,0,1,0,0,0
1,1,1,0,0,0,1,1,1,1,0,0,0,0,0,1,1,1,0,0,1,1,1,1,0,0,1,0,0,0,1,0,0,0
1,1,1,1,0,0,1,1,1,1,0,0,1,0,1,0,1,1,1,1,0,0,0,1,1,0,0,0,1,0,0,0,0,0
1,1,1,1,1,1,0,1,1,1,0,0,1,0,0,1,0,0,0,0,1,1,1,0,0,0,1,1,1,1,1,1,1,1
1,0,1,0,0,1,0,1,0,0,0,0,1,1,0,0,0,1,1,0,0,1,0,1,0,0,1,1,0,1,0,1,0,0
1,0,1,1,1,0,0,0,0,1,0,0,0,1,1,1,0,1,1,0,0,1,0,1,0,1,1,1,1,1,1,1,0,0
1,0,1,1,1,1,1,1,0,0,1,0,1,1,1,1,0,1,0,1,0,0,0,0,0,0,0,1,0,1,1,1,0,0
1,0,1,1,0,1,0,1,1,0,0,1,0,0,0,0,0,0,0,1,0,0,1,1,0,0,0,1,1,0,0,1,1,1
0,1,1,1,1,1,1,1,0,1,0,1,1,1,0,0,0,1,0,0,0,1,0,1,1,0,1,1,1,1,1,1,0,0
0,1,1,0,1,1,0,1,0,1,0,1,1,1,1,1,0,0,0,0,0,1,1,1,1,1,1,1,0,1,0,0,0,0
1,1,0,1,1,1,0,1,0,1,0,1,1,0,1,0,0,0,1,1,0,1,1,1,1,0,0,0,0,1,0,0,0,0
1,0,1,1,0,1,0,0,1,1,1,1,1,0,0,0,0,0,0,1,1,0,0,1,0,1,0,0,0,0,1,1,0,0
1,0,1,0,1,0,0,1,1,0,0,1,0,1,0,1,1,0,1,0,0,1,1,1,0,0,1,1,1,0,1,0,0,0
1,1,1,1,0,1,1,0,1,1,0,0,0,1,1,1,0,1,1,1,0,0,1,1,0,0,0,1,1,1,1,0,0,0
1,0,1,1,1,0,0,0,1,0,1,0,1,1,1,1,0,0,1,0,1,0,1,1,0,0,1,1,0,0,1,1,0,0
1,0,1,1,0,0,1,1,0,0,1,0,0,0,1,1,0,0,1,1,0,0,1,0,0,0,1,1,1,1,1,1,1,1
0,1,0,1,1,0,0,1,1,1,1,0,0,1,0,0,0,0,0,1,1,0,0,1,1,0,0,1,0,1,1,1,1,1
0,1,1,0,1,1,1,1,1,1,1,1,1,0,1,1,0,0,0,1,1,0,1,0,0,1,1,1,1,0,1,1,0,0
1,0,1,0,0,0,0,0,1,0,1,0,0,1,1,0,0,1,0,0,0,0,0,0,0,0,1,1,0,1,0,1,0,0
1,1,1,0,0,0,0,1,1,0,0,0,1,0,0,1,0,0,0,1,1,0,0,1,1,1,0,1,1,0,1,1,1,1
1,0,1,1,0,0,1,0,1,0,0,1,0,0,0,1,0,0,0,1,0,1,0,0,0,0,0,0,1,0,1,1,1,1
1,1,0,1,1,1,0,1,0,1,1,0,0,1,0,1,0,1,1,1,1,0,0,1,1,0,1,0,0,0,0,0,0,0
1,1,1,1,0,0,1,0,0,0,1,0,0,0,0,1,1,1,0,1,1,1,0,1,0,0,1,0,0,0,0,0,0,0
1,1,0,0,1,0,1,1,1,0,0,0,1,0,1,0,1,0,1,0,1,1,0,1,1,1,0,1,0,1,1,0,0,0
1,1,1,0,1,1,0,1,1,0,1,1,0,1,1,1,1,0,1,1,0,1,1,0,1,1,1,0,0,0,1,0,0,0
1,0,0,1,0,1,0,1,0,1,1,1,0,1,1,0,0,0,1,1,0,1,1,1,1,1,1,0,0,1,1,1,0,0
1,0,1,0,0,1,1,1,1,0,1,0,1,0,1,0,1,0,0,1,0,0,0,1,1,0,1,1,0,0,1,1,0,0
1,1,0,0,0,1,1,1,0,1,0,1,1,0,1,1,1,0,0,1,1,1,1,0,0,0,1,0,1,0,1,0,0,0
1,1,1,1,0,0,1,0,0,0,0,0,1,1,0,1,0,1,0,0,0,1,0,1,0,0,1,0,0,1,1,0,0,0
1,0,0,1,1,0,1,0,1,1,0,1,0,0,1,1,0,0,0,0,1,1,1,0,1,1,0,1,0,0,0,1,0,0
1,0,1,0,0,0,1,1,1,1,0,0,1,1,1,1,0,1,0,1,1,1,1,1,1,1,0,0,1,0,1,1,1,1
1,1,1,1,0,0,0,1,0,1,0,0,0,0,0,0,0,1,1,1,1,1,1,0,1,0,1,0,0,0,1,1,0,0
1,1,0,0,1,1,1,1,0,0,1,0,0,1,1,0,1,1,0,0,1,0,0,1,1,0,0,1,1,1,1,0,0,0
1,1,0,0,0,1,1,0,1,0,0,0,0,0,1,1,1,0,0,1,1,0,1,1,0,0,0,1,1,0,1,1,0,0
0,0,0,1,1,1,1,0,1,0,1,1,0,0,0,0,0,0,0,0,1,0,1,1,1,1,0,1,0,1,0,1,0,0
1,0,0,0,0,1,1,0,0,1,1,0,0,0,1,0,0,1,0,1,1,0,1,1,0,1,0,0,0,0,1,1,0,0
1,1,1,0,0,1,1,1,1,1,0,0,0,1,1,0,0,0,0,1,0,0,0,1,1,0,1,0,1,0,1,0,1,1
1,0,0,0,0,1,0,0,1,1,0,0,1,1,0,0,0,1,1,0,1,0,0,0,0,0,0,1,1,0,1,0,0,0
1,0,0,1,0,0,0,0,0,0,0,1,0,0,1,0,0,0,1,0,0,1,1,0,1,0,0,1,1,1,1,0,1,1
1,1,1,0,0,0,0,0,0,1,1,0,0,0,0,0,0,0,1,0,1,1,0,1,1,1,0,0,0,0,0,0,0,0
0,0,1,1,1,1,0,1,0,0,0,0,1,1,0,0,0,0,1,1,0,0,1,0,1,0,0,0,1,0,0,0,1,1
1,0,0,0,1,1,1,1,0,1,1,1,1,0,1,1,0,1,1,1,0,0,0,0,1,0,1,0,1,1,0,0,0,0
1,0,0,0,0,0,0,0,0,0,0,1,1,0,0,1,0,1,0,1,1,0,1,1,1,0,0,0,0,0,1,0,0,0
0,1,0,1,0,1,1,1,0,1,0,1,1,1,1,1,0,1,0,0,1,1,0,0,0,0,1,0,1,0,0,1,0,0
1,1,0,0,0,1,0,1,0,1,0,0,0,1,0,1,0,1,0,0,0,1,1,0,0,1,0,1,0,0,1,0,0,0
0,0,1,1,1,1,1,0,0,1,0,0,0,0,0,0,0,0,0,1,1,0,0,1,1,0,0,1,0,1,0,1,1,1
1,1,0,1,0,1,0,1,0,0,0,0,1,0,1,1,0,0,1,1,0,0,1,0,0,0,0,1,0,0,1,1,1,1
1,1,1,0,1,1,0,0,0,0,0,1,1,1,1,0,1,0,1,0,0,1,1,1,0,1,0,0,1,1,0,0,0,0
1,1,1,1,1,0,0,0,1,0,0,0,0,1,0,0,0,1,0,0,1,0,1,1,1,1,1,1,1,0,1,0,0,0
0,1,0,0,0,0,1,0,1,0,1,0,0,1,0,0,0,0,1,1,0,1,1,1,0,0,1,1,0,0,1,0,0,0
1,1,0,1,1,0,0,1,1,1,0,0,1,1,0,0,1,0,1,1,1,1,1,1,1,1,1,0,0,0,1,1,0,0
0,1,1,1,1,1,1,1,1,0,1,0,0,1,0,0,0,1,1,0,0,1,1,0,0,0,1,1,1,0,1,0,0,0
0,1,1,1,0,1,1,0,1,1,1,1,0,1,0,0,0,0,1,1,1,0,1,1,1,0,1,1,0,1,1,0,0,0
1,1,1,0,0,1,1,1,1,1,1,1,1,1,0,1,1,0,0,0,1,1,0,0,0,1,0,0,0,0,1,0,0,0
1,0,0,1,0,0,0,0,1,1,1,1,0,0,0,1,0,0,0,0,1,1,0,0,1,1,1,1,1,0,0,0,0,0
0,1,0,0,1,0,0,1,1,1,0,0,1,1,1,0,0,0,0,0,0,0,1,0,0,0,1,1,0,1,1,1,1,1
1,1,0,1,0,0,1,1,1,0,1,0,0,1,0,0,0,1,0,1,1,1,0,0,1,1,1,0,0,0,0,1,0,0
1,0,1,0,0,1,1,0,1,1,1,1,0,0,1,1,1,0,0,0,1,0,0,1,1,0,1,1,0,0,0,0,0,0
0,1,0,1,1,0,0,0,0,0,0,0,0,0,0,1,0,1,0,0,0,1,0,0,1,1,0,1,0,0,1,1,0,0
1,0,0,1,0,1,1,1,0,1,1,0,0,0,0,0,0,0,0,0,0,1,1,0,0,1,0,0,1,0,0,1,1,1
1,1,0,1,1,0,1,1,0,1,1,1,0,0,0,1,1,0,1,0,1,0,0,0,0,1,1,1,1,1,1,1,0,0
0,1,1,0,0,1,0,1,1,0,0,1,0,1,1,1,0,0,1,1,0,1,1,1,0,1,1,0,0,1,1,1,0,0
1,0,1,0,0,0,0,0,1,1,0,1,1,0,1,0,0,0,0,1,0,0,0,1,1,1,1,1,1,1,0,1,1,1
0,1,0,0,1,0,0,1,1,0,1,0,0,1,0,1,0,0,0,0,1,0,1,1,0,0,0,0,0,0,0,1,1,1
1,1,0,0,0,0,1,0,1,0,0,0,1,1,1,1,0,1,1,1,1,1,1,0,0,0,1,1,0,1,1,0,1,1
1,1,1,1,1,0,1,1,1,0,1,1,1,1,0,0,1,0,0,1,1,1,1,1,1,0,0,1,0,1,1,1,0,0
1,1,0,1,0,1,1,0,0,1,0,0,0,0,0,0,0,0,0,1,0,1,0,0,1,0,0,0,1,1,0,0,1,1
1,1,1,1,0,1,1,1,0,1,0,0,1,0,1,1,0,0,1,1,0,0,0,0,0,1,1,0,0,0,1,1,0,0
1,1,1,1,0,1,1,1,0,0,1,0,1,0,1,1,0,0,1,1,1,1,1,1,1,0,1,1,1,0,1,1,0,0
1,1,0,0,1,0,1,1,0,1,0,1,0,0,0,1,0,0,1,0,0,0,0,0,1,1,0,1,1,0,1,1,1,1
1,1,0,1,0,0,0,1,0,1,1,0,1,0,1,1,0,0,1,1,0,1,1,0,0,0,0,0,0,0,1,0,0,0
1,0,1,1,0,0,1,0,0,1,1,0,1,0,1,0,0,1,1,1,0,1,1,1,0,0,1,0,1,0,0,0,0,0
1,1,0,0,0,0,1,0,1,1,1,1,1,1,0,1,1,0,1,1,0,1,1,0,1,1,0,1,0,1,0,0,0,0
1,1,0,0,1,0,0,0,1,0,0,0,1,0,0,1,0,1,0,1,0,1,0,1,0,0,0,1,0,0,0,1,0,0
0,1,1,1,0,0,1,0,0,0,1,0,1,1,1,1,0,1,0,1,0,0,0,1,0,1,0,1,0,1,0,0,0,0
1,1,1,1,1,0,1,1,1,1,1,1,0,1,0,1,1,1,0,0,0,0,0,0,1,1,0,0,0,1,1,1,0,0
1,1,0,1,0,0,0,0,1,1,1,1,1,0,1,0,0,0,0,1,0,1,1,1,0,1,1,1,1,0,0,1,0,0
0,1,1,1,1,1,0,0,0,1,1,0,1,1,1,0,0,0,1,1,0,1,1,0,1,0,0,0,1,1,1,1,0,0
1,1,0,1,0,0,0,1,1,0,1,1,1,0,0,1,1,0,1,0,1,0,0,1,1,1,1,0,1,1,1,0,0,0
1,1,1,1,1,1,0,1,0,0,0,0,0,0,1,1,0,0,1,1,0,0,0,1,0,0,0,0,0,0,1,0,1,1
1,1,0,0,1,0,0,1,1,1,1,0,0,1,1,0,1,0,0,0,1,0,0,0,0,0,0,0,0,1,0,1,0,0
1,1,0,1,0,1,1,0,0,0,0,1,1,0,0,0,0,1,0,1,0,1,1,1,0,0,0,0,0,0,0,1,0,0
1,0,0,0,0,0,0,0,0,1,0,1,1,0,0,1,0,0,0,0,0,0,1,0,1,1,0,1,1,0,1,1,1,1
1,0,1,0,0,1,1,1,0,0,0,1,0,0,1,0,0,0,0,0,1,0,0,0,0,0,1,1,1,1,0,0,1,1
0,1,1,1,0,0,1,1,0,1,0,0,0,1,0,1,0,0,0,0,0,1,0,1,0,0,0,0,1,0,1,0,1,1
1,0,1,1,0,1,1,0,1,0,0,1,1,1,1,0,0,1,0,1,1,0,0,0,0,0,1,1,0,1,1,1,0,0
1,0,1,0,0,0,1,0,1,1,0,0,0,0,1,0,0,1,1,0,1,0,1,0,1,0,1,0,1,0,0,1,0,0
0,1,0,0,1,0,0,0,0,1,1,0,1,0,1,1,0,0,0,1,1,0,0,1,1,1,0,1,0,1,0,0,1,1
1,1,1,0,1,0,1,1,0,1,1,0,0,0,0,0,0,0,1,0,0,1,1,1,1,0,1,0,1,1,1,0,0,0
1,0,1,0,1,0,1,1,1,1,1,1,0,0,0,1,0,1,0,1,0,1,1,0,1,0,0,1,0,0,1,1,0,0
1,1,1,0,1,1,0,0,1,0,1,0,0,1,1,1,0,0,0,1,0,0,0,0,0,1,1,0,0,0,0,0,1,1
1,1,1,0,1,0,1,0,0,1,1,1,1,0,1,1,0,0,0,1,0,1,0,1,1,1,1,0,1,0,1,0,0,0
1,1,0,0,1,0,1,0,0,1,1,1,1,1,0,0,0,1,0,0,1,1,1,0,0,1,0,0,1,1,1,0,0,0
0,1,1,0,1,0,0,1,1,1,1,1,0,1,0,0,0,0,1,1,1,1,1,0,0,0,0,1,0,0,0,1,0,0
0,1,1,1,0,0,1,1,0,1,0,1,0,0,0,1,0,1,0,1,0,0,0,1,1,0,1,1,1,1,1,0,0,0
0,1,0,1,1,1,0,0,0,1,0,1,0,0,0,1,0,0,1,0,0,1,1,0,1,1,0,1,1,0,1,0,1,1
0,1,0,1,0,0,1,1,0,1,1,0,0,0,0,0,0,0,0,1,0,0,1,1,1,1,0,0,1,0,1,1,1,1
1,0,1,1,0,1,1,0,1,1,1,0,0,1,1,1,0,0,0,1,0,0,0,1,0,1,1,1,0,1,0,0,0,0
1,0,0,0,1,1,0,0,0,0,0,0,1,1,1,1,0,1,1,1,1,0,0,0,1,0,1,1,1,1,1,0,0,0
1,0,1,1,0,0,0,0,0,1,0,0,1,1,1,1,0,1,0,1,1,0,0,0,0,1,0,1,1,1,0,1,0,0
0,0,1,0,1,1,1,0,1,0,0,1,1,1,1,0,0,0,0,0,1,1,0,1,0,0,0,0,0,1,0,1,1,1
1,1,1,1,1,1,1,1,0,0,0,0,0,0,0,1,0,1,1,0,1,0,1,0,0,1,1,0,1,1,0,0,0,0
0,0,0,1,1,0,0,0,1,0,1,1,0,0,1,1,0,0,0,0,1,0,0,1,1,0,0,0,1,1,1,0,0,0
1,0,1,0,0,1,0,0,1,0,1,1,1,0,1,1,0,1,1,0,0,0,0,0,0,0,1,0,1,1,1,1,0,0
1,1,1,1,0,1,0,1,0,1,0,1,0,1,1,1,1,0,1,0,1,1,1,0,1,0,1,1,0,0,0,1,0,0
1,0,0,1,1,0,0,1,0,0,1,1,1,1,0,0,1,0,0,1,0,1,1,0,0,1,0,0,0,1,0,0,0,0
1,1,0,0,0,0,1,0,0,1,0,0,0,0,1,0,1,0,1,1,1,1,1,1,1,0,1,1,1,1,1,0,0,0
1,1,1,0,1,1,0,1,1,1,0,0,0,0,0,0,1,1,1,0,1,0,0,0,0,1,1,1,1,1,1,0,0,0
0,0,1,1,0,1,1,1,1,1,0,0,0,0,1,1,0,0,0,1,1,0,1,0,1,1,1,1,1,0,0,0,1,1
1,1,0,0,0,0,1,0,0,1,0,1,0,0,1,0,0,1,1,0,1,0,1,1,0,1,1,0,1,1,1,0,0,0
1,1,1,0,1,0,0,1,0,1,1,1,1,1,1,1,1,0,1,0,0,0,1,0,0,1,0,1,0,1,1,1,0,0
0,1,1,0,0,0,0,1,1,1,0,0,0,1,0,1,0,1,0,1,1,1,1,1,1,1,0,0,1,1,0,1,0,0
1,0,0,0,1,0,1,0,0,0,1,1,0,1,0,1,0,1,1,0,0,0,0,0,0,1,1,1,0,0,0,0,0,0
1,1,0,1,1,1,0,0,0,0,0,1,1,1,1,1,1,1,0,1,0,0,0,1,0,0,1,1,0,1,1,0,0,0
1,0,0,0,0,0,1,1,0,0,0,1,0,0,0,1,0,0,0,0,0,0,1,1,0,0,0,1,1,1,1,0,0,0
1,0,1,1,1,1,0,0,0,0,1,1,0,1,0,0,0,0,1,0,0,1,1,0,0,0,0,0,1,0,0,0,1,1
1,1,1,1,1,1,0,0,1,1,0,1,1,1,0,1,0,1,1,0,1,1,1,1,1,1,1,1,1,1,1,0,0,0
0,1,1,0,1,0,0,0,1,1,1,0,1,0,0,1,0,1,0,0,0,1,0,0,1,0,0,0,0,0,0,0,0,0
1,1,1,0,1,0,0,1,0,1,1,0,0,0,0,0,0,1,1,1,1,0,0,1,1,1,0,1,0,0,0,0,0,0
1,1,0,1,1,1,0,1,0,0,0,1,1,0,0,1,1,0,0,0,1,0,0,0,1,0,1,1,0,0,1,1,0,0
1,1,0,0,1,1,0,1,1,1,1,1,1,0,1,0,1,0,1,1,0,0,1,1,0,0,1,1,1,1,0,1,0,0
1,0,1,1,1,1,1,1,1,0,0,0,1,1,0,1,1,0,1,0,0,1,0,1,0,0,0,0,1,1,0,0,0,0
1,1,1,1,0,1,1,0,0,0,1,0,0,1,0,0,1,0,0,1,1,1,1,0,0,0,1,0,1,1,0,1,0,0
1,1,0,0,0,1,1,0,0,1,0,0,0,0,1,0,0,0,0,1,0,1,0,0,0,1,1,0,1,1,0,1,1,1
1,1,1,0,0,0,1,1,1,0,0,0,0,1,1,1,0,0,0,1,0,0,0,0,1,1,1,0,0,1,0,1,1,1
1,1,0,0,1,1,1,1,0,1,0,1,0,0,0,0,1,0,0,0,0,0,1,0,1,1,1,0,1,1,0,1,0,0
0,1,1,0,0,0,1,0,1,1,1,1,0,1,1,0,0,1,0,1,0,0,1,0,1,1,1,0,1,1,0,1,0,0
0,1,1,0,0,0,0,0,0,0,1,0,1,0,0,0,0,1,0,1,1,1,1,0,1,0,1,0,1,1,0,0,0,0
0,1,0,0,1,0,0,0,0,0,0,1,1,0,1,0,0,0,0,0,1,1,0,1,1,1,0,1,1,1,1,1,1,1
1,1,0,1,1,0,0,1,0,1,1,1,0,1,0,1,1,1,0,0,0,0,0,0,0,1,0,1,0,1,0,0,0,0
1,1,1,0,1,1,0,1,1,0,1,0,1,1,0,1,0,1,0,1,1,0,0,1,1,0,0,1,1,0,1,0,0,0
1,0,1,1,1,0,1,0,1,0,1,0,0,0,0,1,0,0,1,0,0,1,1,0,1,1,1,0,1,1,0,1,1,1
1,1,1,0,0,1,0,0,0,0,1,0,1,0,1,1,1,0,0,0,1,1,0,1,0,1,1,1,0,0,0,1,0,0
1,1,0,1,0,0,0,1,0,1,0,1,1,1,0,0,0,0,1,0,0,1,1,1,1,0,0,1,0,1,1,0,0,0
1,1,0,0,0,1,0,1,0,1,0,0,1,1,0,0,0,1,0,1,1,1,0,1,1,1,1,1,1,1,1,1,0,0
1,1,0,1,0,0,0,1,0,1,0,1,0,1,1,1,1,1,0,0,1,0,1,1,0,0,0,0,0,1,0,0,0,0
1,0,0,0,0,0,1,1,0,0,1,0,1,1,1,0,0,1,0,0,0,0,0,1,1,0,1,0,1,0,1,0,0,0
1,1,1,0,1,0,0,0,0,1,0,0,1,0,0,0,1,0,0,0,1,0,0,0,1,1,1,0,1,0,1,1,0,0
1,1,0,1,1,1,0,0,0,0,0,1,1,0,1,0,0,0,1,0,0,1,1,0,1,1,0,0,1,0,0,0,1,1
1,1,1,0,0,0,1,0,0,1,0,1,0,1,0,0,0,0,1,0,0,1,0,0,1,1,0,0,1,0,1,0,1,1
1,1,0,1,0,0,1,0,1,1,1,1,1,1,1,1,0,0,1,0,0,1,1,0,1,0,0,0,1,1,0,1,0,0
0,1,1,0,1,1,0,1,0,0,1,0,0,0,1,1,0,1,0,1,0,0,0,0,1,1,0,1,0,1,0,0,0,0
1,0,0,1,1,1,0,1,0,1,1,1,0,0,1,1,0,1,0,0,0,1,0,1,1,0,1,1,1,1,1,1,0,0
1,0,1,1,1,1,1,1,0,0,1,1,1,0,1,1,1,0,0,0,1,0,0,1,1,0,1,0,1,0,1,0,0,0
1,1,0,0,1,1,0,0,1,0,0,1,1,0,1,0,0,1,1,0,0,1,0,1,1,1,0,1,0,0,0,1,0,0
1,1,1,0,1,1,0,1,0,0,1,1,0,1,0,1,0,0,1,0,1,0,1,0,1,0,1,1,0,0,1,0,0,0
1,1,0,0,0,1,1,0,1,0,1,0,1,1,0,1,1,0,0,0,0,0,1,1,0,1,1,1,1,1,1,0,0,0
1,1,0,0,1,1,1,1,1,1,1,0,0,1,0,1,0,0,1,0,1,0,0,1,0,0,0,0,0,1,0,1,0,0
0,1,0,0,1,0,0,0,0,0,0,1,0,1,0,1,0,0,1,1,1,0,1,1,1,1,0,1,0,1,0,1,0,0
1,1,1,0,0,0,1,0,0,1,1,0,0,1,1,1,0,0,1,0,0,0,1,0,1,1,0,0,0,0,0,0,0,0
1,1,1,1,0,1,1,0,1,0,0,0,1,0,1,1,1,0,1,1,1,0,1,0,1,0,1,1,1,1,1,0,0,0
1,1,1,0,0,1,0,0,1,1,0,1,1,1,1,0,1,1,0,1,0,0,1,1,0,0,1,0,0,1,0,0,0,0
1,0,1,0,0,0,0,1,0,0,0,1,0,0,0,0,1,0,0,0,1,1,1,1,1,0,1,0,1,0,1,0,0,0
1,0,0,1,0,0,1,0,1,1,0,0,1,0,1,0,1,0,0,0,0,1,0,0,1,1,1,1,1,0,0,0,0,0
1,1,1,0,1,0,0,0,1,1,0,0,0,1,0,1,0,0,1,0,0,0,0,0,1,1,0,0,0,1,0,0,0,0
0,1,1,0,1,0,1,0,0,1,0,0,0,0,1,1,0,0,1,1,0,0,1,0,1,0,0,0,0,1,1,0,1,1
1,0,0,1,0,0,1,1,0,1,0,0,1,0,0,1,0,1,1,0,0,0,1,0,0,1,1,0,0,0,1,1,0,0
0,1,1,1,0,0,1,1,0,1,0,1,0,0,0,1,0,0,0,1,0,0,1,1,1,1,1,1,1,1,1,0,1,1
0,0,1,0,1,0,0,0,1,0,1,1,0,0,0,1,0,0,0,0,0,0,0,1,0,0,1,1,0,1,0,1,1,1
1,1,0,0,0,1,0,1,1,0,1,0,0,1,1,0,0,0,0,0,0,0,1,1,1,0,1,1,1,1,0,0,1,1
1,0,1,0,0,0,1,1,1,0,1,1,0,0,1,0,0,1,1,1,0,1,0,1,1,1,1,1,0,1,1,1,0,0
1,1,0,0,0,0,1,1,1,0,1,1,1,1,1,0,1,0,1,0,0,1,1,1,0,0,1,1,0,0,0,0,0,0
1,1,1,0,0,0,0,0,1,0,0,0,0,1,1,0,1,1,0,1,1,0,0,0,1,0,1,1,1,0,0,1,0,0
1,0,1,0,1,0,0,1,0,0,0,0,0,1,1,1,0,1,0,0,1,1,1,0,1,1,0,0,0,0,1,1,0,0
1,0,1,0,0,1,1,1,0,1,0,0,1,1,1,1,0,0,0,1,1,1,1,0,1,0,0,0,0,0,1,0,0,0
1,1,0,1,1,1,1,0,0,0,0,1,0,1,0,0,0,0,1,0,1,1,1,0,1,1,1,1,1,0,0,1,1,1
0,1,1,1,1,1,0,1,0,1,1,0,0,1,1,1,0,1,0,1,1,0,0,0,0,0,0,0,0,1,1,1,0,0
1,0,1,0,1,0,0,1,0,1,0,1,0,0,0,0,0,1,1,1,1,0,0,0,1,0,1,1,0,1,1,1,0,0
0,1,1,0,0,0,1,0,0,1,1,1,0,0,1,0,0,0,0,0,1,1,0,0,0,0,1,1,1,0,0,1,1,1
1,0,0,1,0,1,0,1,1,0,0,0,1,1,1,0,0,0,1,0,0,0,1,1,1,0,0,0,1,1,0,0,1,1
1,1,0,1,0,0,0,0,0,0,1,1,1,1,0,1,1,0,0,0,1,0,0,1,0,1,1,1,0,0,1,0,0,0
1,1,1,1,1,0,0,1,0,0,1,1,0,0,1,0,0,0,0,0,1,0,1,1,1,0,1,0,1,0,0,1,1,1
0,0,1,1,1,0,0,1,1,1,0,1,0,1,1,1,0,0,0,1,0,0,1,0,0,1,0,1,0,0,1,0,1,1
1,1,0,1,1,0,1,1,0,0,1,0,1,1,1,0,0,1,0,1,1,1,1,0,0,1,1,1,0,1,1,0,0,0
1,0,1,1,1,1,0,1,1,1,0,1,0,0,0,1,0,0,0,1,0,0,1,0,1,1,0,1,1,0,1,0,1,1
1,1,1,1,0,1,1,1,0,1,1,0,0,0,1,1,0,0,0,1,1,0,1,1,1,1,0,1,0,1,0,0,1,1
1,1,1,0,1,1,0,0,1,0,0,0,1,1,0,1,0,1,1,1,0,0,0,0,1,1,0,0,0,0,1,0,0,0
1,1,1,0,1,1,1,0,1,0,1,0,1,1,1,0,0,0,1,0,0,0,0,0,1,1,1,0,1,1,1,1,0,0
1,0,0,1,0,0,1,0,0,1,1,0,0,1,0,1,0,0,1,0,1,1,1,1,0,0,1,0,0,1,1,0,0,0
1,0,0,0,1,1,1,1,1,1,0,0,0,0,1,0,0,1,0,0,0,1,0,1,0,1,0,1,1,0,0,1,0,0
1,0,0,0,1,0,0,1,0,0,1,0,0,1,0,1,1,0,0,0,0,0,1,0,1,0,0,0,0,1,0,0,0,0
1,0,1,1,1,1,0,1,0,1,0,1,1,1,0,0,0,0,0,1,0,1,1,1,0,1,1,1,0,0,1,1,1,1
1,1,1,1,0,0,0,1,1,0,1,0,0,0,1,0,1,0,1,0,0,1,0,0,1,1,1,1,0,1,1,1,0,0
1,1,0,1,1,0,0,1,1,0,1,0,1,1,0,0,0,0,0,0,1,0,0,1,1,0,1,1,1,1,0,1,1,1
1,0,1,0,1,1,0,0,1,0,1,0,0,0,1,1,1,0,0,1,1,1,0,0,1,0,1,1,1,0,1,1,0,0
1,0,1,1,1,0,0,1,0,1,0,0,0,0,1,1,1,0,0,0,1,0,0,1,1,1,0,1,0,0,1,1,0,0
1,1,1,0,1,0,0,1,1,0,0,1,0,0,0,1,0,1,1,1,0,1,0,1,1,1,0,0,1,1,1,1,0,0
0,0,1,0,1,1,1,0,1,1,1,1,1,0,0,0,0,0,0,1,0,1,1,0,1,0,0,1,1,1,1,1,0,0
1,0,1,1,0,0,1,1,0,1,0,1,0,0,1,0,1,0,1,0,0,0,1,0,1,1,0,0,0,1,1,0,0,0
1,1,0,1,1,0,0,1,0,1,1,1,0,1,1,0,0,0,1,0,1,1,0,0,1,0,0,1,0,1,1,0,0,0
1,0,0,0,0,0,0,1,0,0,0,0,1,1,0,0,0,1,1,1,1,0,0,0,0,0,0,1,1,0,0,0,0,0
0,1,1,0,1,0,0,1,0,1,1,0,0,0,0,0,0,1,1,0,0,1,1,1,0,1,1,1,1,1,0,1,0,0
1,0,1,1,1,1,0,1,1,1,1,0,1,0,0,0,0,0,1,1,0,1,0,0,0,1,0,0,1,1,0,0,0,0
0,1,1,1,0,0,1,1,1,1,1,1,0,0,1,0,0,1,1,1,0,0,0,0,0,0,1,1,1,0,1,0,0,0
1,1,0,0,0,1,1,1,1,0,1,0,1,0,1,0,0,0,0,0,0,1,0,1,1,0,1,0,0,1,0,0,1,1
0,1,0,0,1,1,0,1,0,1,0,0,1,1,1,0,0,0,0,0,1,0,0,1,0,1,1,1,0,1,1,0,1,1
0,1,0,1,0,1,0,0,0,0,0,0,1,0,0,1,0,0,1,1,0,1,1,0,1,0,1,0,1,0,1,1,1,1
1,1,1,0,0,0,1,1,1,0,0,1,1,1,1,1,0,1,0,1,1,1,0,1,1,0,1,0,1,0,0,0,0,0
1,1,1,0,0,0,1,1,0,0,0,1,1,1,1,1,1,0,1,1,0,1,0,0,1,0,0,0,0,0,0,0,0,0
1,1,1,0,1,1,0,0,0,0,0,1,1,1,0,0,1,1,0,0,1,0,0,1,1,0,1,1,1,0,1,0,0,0
0,1,1,1,1,0,0,0,0,1,1,1,1,1,1,0,0,0,0,0,1,0,1,0,1,0,1,0,0,1,1,1,0,0
1,1,1,0,0,0,0,1,0,0,0,1,0,1,1,1,0,0,1,1,0,0,1,1,0,1,1,1,0,0,0,0,1,1
0,1,0,0,1,0,0,1,1,0,1,0,1,0,0,0,0,0,1,0,1,0,1,0,0,0,0,1,1,1,0,1,0,0
1,1,0,1,1,0,0,1,0,0,0,0,1,1,0,0,1,1,0,1,0,1,0,0,0,1,0,0,1,0,1,0,0,0
1,0,0,1,0,1,0,1,0,1,0,0,0,1,0,1,1,0,0,0,0,0,0,1,0,1,0,1,0,1,0,1,0,0
1,1,0,0,1,0,1,1,0,0,1,0,0,0,0,0,0,0,1,1,1,1,0,1,0,0,1,0,1,0,1,1,0,0
0,1,1,0,1,1,1,0,0,0,0,1,0,1,0,0,0,1,0,0,1,0,1,0,0,0,1,1,0,1,0,0,0,0
1,1,1,0,0,0,1,1,1,1,0,1,0,1,0,0,0,1,0,1,1,0,0,1,0,0,0,1,1,1,1,1,0,0
1,1,0,1,0,0,1,1,1,1,1,1,1,0,0,1,1,0,1,0,0,0,1,0,0,0,1,0,1,0,0,0,0,0
1,1,1,0,1,1,1,1,0,1,1,0,1,1,1,1,0,1,0,0,0,1,0,1,0,1,0,0,1,1,0,0,0,0
1,1,0,1,1,1,0,1,1,0,0,1,1,1,1,1,0,1,0,0,0,1,1,0,1,0,0,0,0,0,1,1,0,0
1,1,0,1,0,1,0,0,1,0,0,0,1,1,0,1,0,0,1,1,0,1,1,0,1,1,1,1,0,1,0,1,0,0
0,1,1,1,1,0,0,1,1,1,1,0,1,1,0,0,0,0,1,1,0,1,1,0,0,1,1,1,1,1,0,0,0,0
1,1,0,1,1,0,1,1,1,0,1,0,0,1,1,0,0,1,0,0,1,0,1,0,0,1,1,1,0,1,0,1,0,0
1,0,0,0,1,0,1,1,0,1,1,1,0,1,0,1,0,1,0,1,1,1,1,0,0,1,0,1,1,0,1,0,0,0
0,0,0,1,0,0,1,0,1,0,1,0,0,1,1,1,0,0,0,0,0,0,0,1,1,0,0,0,0,1,1,1,0,0
1,1,0,1,0,1,1,0,1,0,1,0,1,1,1,1,0,0,0,1,0,1,0,1,1,0,1,0,1,1,1,0,0,0
1,0,1,1,1,1,1,1,1,0,0,0,0,0,1,0,0,0,1,0,1,0,0,1,1,0,0,0,0,0,1,0,1,1
1,0,1,1,0,0,0,0,1,1,1,0,0,0,0,0,1,0,0,0,1,1,1,0,1,1,0,0,0,1,1,1,0,0
1,1,1,1,1,1,0,1,1,0,0,1,1,0,0,0,0,1,0,0,0,1,0,0,0,1,0,0,0,1,0,1,0,0
0,1,1,0,1,0,1,1,0,0,0,1,0,1,1,0,0,0,0,0,1,0,0,1,0,0,1,0,1,1,1,1,1,1
1,0,1,0,0,1,0,1,0,0,1,1,1,1,1,1,0,1,0,1,0,1,0,1,0,0,0,1,1,1,0,0,0,0
1,0,1,0,0,0,1,0,1,0,0,1,0,1,1,0,0,1,1,0,0,0,0,1,1,0,1,0,1,1,0,0,0,0
0,1,0,1,0,0,0,1,1,1,1,1,1,0,0,1,0,0,0,1,1,0,1,0,0,0,0,0,1,0,0,0,0,0
1,1,1,1,1,0,0,1,0,1,0,1,0,0,1,0,1,0,1,0,1,0,1,1,0,0,1,0,1,0,1,0,0,0
0,0,0,1,1,1,0,1,0,0,1,1,1,1,0,1,0,0,0,0,0,1,0,1,1,1,0,1,1,0,1,0,0,0
1,1,0,1,1,1,0,1,0,0,0,0,1,0,1,1,1,0,1,1,0,1,0,0,0,1,1,1,1,1,1,1,0,0
1,1,1,0,1,1,1,1,1,1,0,1,1,1,1,1,1,1,0,0,0,0,1,1,1,0,0,0,1,1,1,1,0,0
1,1,1,1,1,1,1,1,1,1,0,1,1,0,1,1,0,0,1,0,0,1,0,0,1,1,0,0,0,1,1,1,0,0
0,1,0,0,1,1,0,0,0,0,0,1,0,0,0,0,0,0,0,1,0,0,1,1,0,1,1,1,1,1,1,1,1,1
1,1,1,0,1,0,1,1,0,1,1,1,0,1,1,1,0,0,1,0,1,0,1,0,1,1,0,1,0,0,0,1,0,0
1,1,0,1,0,0,0,1,0,1,0,1,1,0,0,1,1,1,0,0,0,1,0,1,0,0,0,0,1,1,0,0,0,0
1,1,0,0,0,0,1,1,0,1,0,1,1,1,1,1,0,1,0,1,0,1,1,1,0,1,1,0,0,1,1,0,1,1
1,1,0,1,1,1,1,0,0,0,0,1,0,1,1,1,1,0,0,0,1,0,1,1,0,1,1,1,0,1,1,1,0,0
1,1,0,1,1,1,1,1,0,1,1,0,0,1,0,1,0,1,0,0,1,0,0,1,1,1,1,0,1,0,1,0,0,0
0,1,1,0,1,0,1,0,1,0,1,1,0,0,1,0,0,0,0,1,1,0,1,1,1,0,1,1,1,1,0,0,1,1
1,1,1,1,1,1,1,0,1,1,1,0,0,0,0,1,1,1,1,1,1,1,0,1,1,1,0,0,1,0,1,1,0,0
0,1,1,0,1,0,1,0,1,1,0,1,0,0,0,0,0,0,0,0,0,1,0,1,0,1,1,1,1,1,1,0,1,1
1,1,1,1,0,1,0,0,0,1,1,0,0,0,1,0,1,1,1,0,1,1,0,1,1,0,1,0,0,0,1,1,0,0
0,1,1,1,1,0,0,1,1,1,1,0,0,0,0,1,0,0,1,0,1,0,1,1,1,0,1,1,0,1,0,0,0,0
1,1,1,1,0,1,0,0,1,1,1,0,1,0,1,1,1,1,0,0,1,1,0,1,0,0,1,0,1,0,1,0,0,0
1,0,0,0,0,0,1,0,0,1,1,1,1,1,1,1,0,0,1,1,1,0,0,1,1,1,1,1,1,0,0,1,1,1
1,0,0,0,1,0,1,1,0,1,0,1,1,0,0,0,0,1,1,0,1,1,1,0,0,0,0,0,0,0,1,0,0,0
1,1,1,0,0,1,0,0,0,0,0,0,1,0,1,0,1,0,0,0,0,1,1,0,1,1,0,1,1,0,0,1,0,0
1,1,0,1,1,0,1,1,0,1,1,0,1,1,0,0,0,0,1,0,0,0,0,0,1,1,1,0,1,1,1,0,0,0
1,1,1,1,1,0,1,0,0,0,0,1,1,1,0,1,0,1,1,1,1,1,1,1,0,0,1,1,1,1,1,1,0,0
0,1,1,0,1,0,0,0,0,0,0,0,1,1,1,0,0,0,0,1,0,0,1,0,0,0,0,0,1,0,0,0,1,1
1,1,1,1,1,1,0,0,0,0,0,0,1,0,0,0,1,1,0,0,0,0,1,0,1,0,1,0,1,0,0,0,0,0
0,1,1,1,0,1,0,1,0,0,0,1,1,1,0,1,0,0,0,1,1,1,0,1,1,1,1,0,1,1,0,1,0,0
1,1,0,0,0,0,0,1,1,1,1,1,0,1,1,1,0,1,0,0,0,1,0,1,1,0,1,0,1,0,1,1,0,0
1,0,1,0,0,0,1,1,1,1,1,1,1,0,0,0,0,1,1,1,1,1,1,1,1,1,0,1,1,1,0,1,0,0
0,1,0,1,1,0,1,0,0,0,0,1,1,1,1,0,0,1,0,0,1,1,1,0,0,0,0,0,1,1,1,1,0,0
1,0,1,0,1,0,0,0,1,0,1,0,0,1,0,1,0,1,0,1,1,0,0,1,0,0,1,1,1,1,0,0,0,0
0,0,0,0,1,1,1,1,1,1,0,1,1,1,0,1,0,0,0,0,0,0,1,1,1,0,0,0,0,1,1,1,0,0
1,0,1,1,1,0,0,1,0,0,1,1,1,1,1,1,0,1,1,1,1,1,0,1,1,1,1,1,0,0,1,1,0,0
1,1,0,0,0,0,0,0,0,1,1,0,1,0,0,1,0,1,1,0,0,0,0,0,1,1,1,0,1,0,1,1,0,0
0,0,1,1,0,1,1,1,0,0,1,0,0,1,0,1,0,0,1,1,0,1,0,0,1,1,0,1,1,1,0,1,0,0
0,0,1,0,1,1,0,0,0,1,1,1,0,0,1,0,0,0,0,1,1,1,0,1,0,0,1,1,0,1,0,0,1,1
0,0,1,0,1,1,1,1,0,0,0,1,0,0,1,0,0,0,1,0,0,1,0,1,0,1,1,0,0,1,0,0,0,0
1,1,1,1,0,0,1,0,0,0,0,1,0,1,0,1,0,0,0,1,1,0,0,0,0,1,1,0,0,1,1,1,1,1
1,1,1,1,1,1,0,1,1,0,0,1,1,1,1,1,1,1,1,0,0,0,1,0,0,1,1,1,1,0,1,1,0,0
1,0,1,1,1,1,0,1,1,0,0,0,0,1,1,0,0,1,0,0,0,0,0,1,0,1,1,0,1,0,0,0,0,0
1,0,0,1,0,0,1,0,0,1,1,0,0,0,0,1,0,1,1,1,1,0,0,0,0,0,1,1,1,1,1,0,0,0
0,1,1,1,0,0,0,1,1,1,1,1,0,0,0,0,0,0,1,1,0,1,0,1,1,0,1,0,1,1,1,1,0,0
1,1,0,1,1,0,1,0,1,1,0,0,1,1,1,0,1,0,0,1,1,0,0,1,1,1,1,1,1,1,1,1,0,0
1,1,1,0,0,0,1,1,1,0,0,0,1,1,1,1,0,1,0,1,0,1,1,0,0,1,1,0,1,1,1,1,0,0
0,1,1,1,0,0,0,0,1,1,0,0,0,1,0,0,0,1,1,0,0,0,1,1,1,0,1,0,0,0,0,0,0,0
1,0,1,1,0,0,1,1,1,0,1,1,0,0,1,1,0,1,1,0,0,1,1,1,1,1,1,0,0,0,0,0,0,0
1,0,1,1,0,1,1,0,1,0,0,0,0,1,0,1,0,1,1,0,0,1,0,1,1,1,1,1,1,1,0,1,0,0
1,1,1,0,1,0,0,0,1,1,1,1,0,0,0,0,0,1,0,0,1,1,1,0,0,1,0,0,1,1,1,1,0,0
1,0,1,1,0,0,0,0,1,0,0,1,1,0,1,0,0,0,0,0,1,0,1,0,1,0,1,0,0,1,1,0,1,1
1,1,0,1,1,1,0,0,1,1,0,1,0,0,1,0,1,0,0,1,0,0,1,1,1,0,0,0,0,1,0,1,0,0
1,1,1,0,1,1,1,0,1,1,0,0,1,1,0,1,1,1,1,0,0,0,0,1,0,0,1,0,1,1,0,1,0,0
0,1,1,0,1,1,0,0,1,1,0,0,0,1,1,1,0,0,0,0,1,0,0,0,1,0,1,1,0,1,1,1,1,1
0,1,1,1,0,0,0,0,0,0,1,0,1,0,0,1,0,1,1,0,0,0,0,1,0,1,0,1,0,1,1,1,0,0
0,1,1,1,0,1,1,1,0,1,1,1,1,0,1,0,0,1,1,0,0,0,1,0,1,0,0,1,1,0,1,0,0,0
1,0,1,1,0,1,1,0,1,1,1,0,0,0,1,0,1,0,1,0,1,0,0,1,1,0,1,0,1,1,0,1,0,0
1,0,0,1,1,1,1,0,0,0,1,0,1,1,0,0,1,0,0,1,0,1,1,0,0,0,1,0,0,0,0,0,0,0
0,1,0,1,0,0,1,1,1,1,0,1,1,0,1,0,0,1,0,0,1,1,1,0,1,1,1,0,1,1,0,1,0,0
1,1,0,0,0,0,1,0,1,1,0,1,1,1,1,0,0,1,1,1,1,1,1,0,0,1,0,1,1,1,0,1,0,0
1,0,1,0,0,0,1,1,0,0,0,0,0,0,1,1,0,1,0,1,0,1,1,1,0,1,0,1,1,0,1,1,0,0
1,0,1,0,0,1,1,0,1,1,1,1,0,1,0,0,0,1,1,0,1,0,1,0,1,1,1,0,0,1,1,0,0,0
1,0,1,1,0,1,1,1,0,0,0,1,0,0,1,0,0,1,0,0,0,1,1,1,0,0,1,0,0,1,1,1,0,0
0,0,1,0,0,0,0,0,1,0,0,1,0,1,0,1,0,0,0,0,1,1,0,0,0,1,0,0,1,1,0,0,0,0
1,0,1,0,1,0,0,0,0,1,1,1,0,1,1,0,0,0,1,1,0,1,1,0,0,1,1,1,1,1,1,1,0,0
0,1,1,0,1,1,1,1,1,1,0,1,1,0,1,0,0,1,0,1,0,0,0,1,1,1,1,0,0,1,1,0,0,0
1,0,1,1,1,0,1,0,0,1,0,0,0,0,1,0,0,1,0,1,1,0,1,0,0,0,1,0,1,1,0,1,0,0
0,1,0,0,1,1,1,1,0,0,0,0,1,0,1,0,0,0,1,1,1,0,0,1,0,1,0,0,1,0,0,0,1,1
0,0,1,0,1,1,1,1,1,0,0,0,1,1,0,1,0,0,0,0,1,1,0,1,0,0,1,0,1,1,1,0,0,0
1,1,1,1,0,1,0,1,1,0,1,1,0,1,1,0,0,1,0,0,0,1,1,0,0,1,0,0,1,0,1,0,0,0
1,0,0,0,1,0,1,0,1,0,1,1,0,0,1,1,0,0,1,1,0,1,1,0,0,1,0,1,0,0,0,1,0,0
1,1,1,0,0,1,1,0,1,0,1,0,0,1,0,1,1,1,0,1,0,1,0,0,0,0,1,1,1,0,1,1,0,0
1,0,0,0,1,0,0,1,1,0,0,0,0,0,1,0,0,1,0,1,1,1,0,1,1,0,0,0,0,0,1,1,0,0
1,1,1,1,1,1,0,0,1,0,0,0,1,0,0,0,1,1,1,0,0,0,0,1,0,0,1,0,1,1,1,0,0,0
1,0,1,0,0,1,0,0,1,0,1,1,1,0,1,0,0,1,0,1,0,0,0,1,0,0,0,1,1,1,0,1,0,0
1,1,1,1,1,1,0,1,1,0,1,0,0,0,1,1,1,1,1,1,0,0,1,0,0,1,1,0,1,0,0,0,0,0
1,0,0,0,1,0,0,1,1,1,1,0,0,1,1,0,0,1,0,1,0,0,1,0,1,1,0,1,1,1,1,0,0,0
0,1,0,0,1,0,0,1,1,0,1,1,0,1,1,0,0,0,0,0,1,1,0,0,1,0,0,0,1,0,0,0,0,0
0,0,1,1,0,0,1,1,0,0,0,1,1,0,0,1,0,0,0,0,1,1,1,1,1,1,0,0,0,1,1,1,0,0
1,1,1,1,1,0,0,1,0,0,0,0,1,0,1,0,0,0,1,1,1,0,0,1,0,1,1,0,1,1,1,0,0,0
0,1,0,1,0,0,1,0,1,0,1,1,1,0,0,0,0,0,0,0,1,1,1,1,0,1,1,1,0,1,0,0,1,1
1,1,1,1,1,1,1,0,1,0,1,1,1,0,0,1,0,0,1,1,0,0,1,0,1,0,0,1,1,0,1,0,0,0
1,0,0,1,1,0,0,0,0,0,1,0,1,0,0,0,0,0,0,1,1,0,1,1,1,1,0,1,1,0,1,0,1,1
1,0,1,0,1,1,1,1,0,0,1,1,1,0,1,1,0,1,0,0,0,1,0,0,1,1,1,0,0,0,0,0,0,0
1,1,0,1,0,1,1,0,0,1,0,1,1,1,0,1,0,0,1,0,1,0,1,1,1,0,0,0,0,0,0,1,0,0
1,0,0,1,0,0,1,0,0,1,0,1,1,1,0,0,1,0,0,0,0,1,1,0,0,1,0,1,0,0,0,0,0,0
1,1,1,0,0,1,0,0,0,1,1,1,1,0,1,0,0,1,1,0,0,1,1,1,0,1,0,1,0,1,1,0,0,0
1,0,1,1,0,1,1,1,0,1,0,0,1,1,0,1,0,1,0,0,1,0,0,1,1,0,1,0,1,1,0,0,0,0
1,1,1,1,0,0,1,1,1,1,1,0,0,0,0,1,0,1,1,1,0,1,0,1,1,0,0,0,0,1,0,1,0,0
0,1,1,0,1,0,1,1,0,1,1,1,1,1,0,0,0,0,1,0,0,1,0,1,0,1,1,0,1,0,0,1,0,0
1,1,0,1,0,1,0,1,0,0,0,1,1,1,0,1,0,0,1,1,1,0,1,1,1,0,1,1,1,1,0,1,0,0
1,0,0,1,0,1,1,0,0,0,0,0,0,1,1,0,0,1,1,0,0,0,0,0,1,1,1,0,1,1,1,1,0,0
1,0,0,0,1,1,1,1,1,0,0,0,1,1,0,0,0,0,0,1,1,1,0,1,0,1,0,0,0,1,1,0,1,1
0,1,0,1,1,0,1,1,0,1,1,0,1,0,0,1,0,1,0,1,0,0,0,0,0,0,1,1,0,0,0,0,0,0
1,1,1,1,0,0,1,0,1,0,1,1,1,0,0,0,0,1,0,0,1,1,0,1,0,0,0,0,0,0,0,1,0,0
1,1,0,1,0,0,1,1,0,1,0,0,1,1,1,0,1,0,1,0,0,1,0,1,1,0,0,0,0,1,0,0,0,0
1,1,0,0,1,0,1,0,0,1,1,1,0,0,1,1,0,0,0,1,1,0,0,1,1,0,1,0,1,1,1,0,0,0
1,1,0,1,1,1,1,1,1,1,1,1,0,1,1,1,0,1,0,1,0,1,0,1,1,0,1,0,1,1,0,0,0,0
0,0,1,0,0,1,1,0,1,0,0,0,0,1,0,0,0,0,0,0,1,0,1,1,0,0,0,1,0,0,0,0,0,0
1,0,0,1,1,1,0,1,1,0,0,0,0,0,0,1,0,1,0,1,1,0,0,1,1,1,0,1,0,1,0,0,0,0
1,0,0,0,0,0,0,0,0,0,1,1,0,1,0,0,0,1,1,1,1,0,1,0,1,0,1,1,0,0,1,0,0,0
1,1,0,1,0,1,1,0,0,1,0,1,1,0,1,1,0,1,1,1,1,0,1,0,1,0,1,0,1,0,1,1,0,0
1,1,0,0,1,0,0,0,0,0,1,1,1,1,1,1,1,0,0,1,1,1,0,1,0,0,0,1,0,1,1,0,0,0
1,0,1,0,1,0,1,0,1,1,0,0,0,1,1,0,1,0,0,1,1,1,0,0,1,1,0,0,0,0,0,1,0,0
1,0,0,1,1,1,1,0,1,1,0,0,0,1,0,0,0,0,1,1,0,1,0,1,0,1,0,0,1,1,1,0,0,0
1,0,0,1,1,1,1,0,1,0,1,0,1,1,0,1,0,1,0,0,1,0,1,1,1,1,1,0,1,0,1,1,0,0
1,0,1,0,1,1,0,0,1,0,1,0,1,0,1,0,0,1,0,0,0,0,0,0,0,1,0,1,0,1,0,0,0,0
0,1,1,0,1,1,1,1,0,1,0,1,0,1,0,1,0,1,1,0,1,0,0,0,0,1,1,1,0,0,1,0,0,0
0,1,1,1,1,1,1,0,0,1,0,1,1,1,0,0,0,1,1,0,1,1,1,0,0,1,1,1,1,0,0,0,0,0
0,0,1,0,0,1,0,1,1,0,1,0,1,0,0,1,0,0,1,0,0,0,1,0,1,0,1,1,0,1,0,0,0,0
1,0,1,1,1,0,1,0,0,1,1,0,0,1,0,1,0,0,1,1,0,1,0,0,1,1,1,1,0,0,1,0,0,0
0,1,0,1,1,0,0,0,1,1,0,1,0,0,0,0,0,0,1,1,0,0,1,1,1,1,1,0,0,1,0,0,0,0
1,0,1,1,1,1,0,0,1,1,0,0,1,1,0,1,1,0,1,0,0,1,1,0,0,1,1,1,0,0,0,1,0,0
1,1,0,0,1,0,0,0,0,1,1,0,0,1,0,0,1,0,1,1,0,1,0,1,0,0,0,0,0,0,1,0,0,0
1,1,1,0,0,1,0,1,0,0,1,0,1,1,1,1,0,0,1,1,1,0,0,0,1,1,1,1,1,0,0,1,0,0
1,0,1,1,1,1,1,1,1,1,0,0,1,1,0,0,0,1,1,1,0,1,0,1,1,0,0,0,0,0,0,0,0,0
1,1,1,1,1,0,0,1,0,0,1,0,1,1,1,1,1,0,1,1,0,0,1,1,0,0,0,1,0,1,1,0,0,0
1,1,1,0,0,0,1,1,0,0,1,1,1,1,1,0,0,0,0,1,1,0,1,0,0,1,1,0,1,1,1,0,0,0
0,1,0,0,0,1,0,1,1,0,1,1,0,1,1,1,0,0,0,0,0,1,0,1,0,1,1,0,1,0,1,0,0,0
1,0,1,0,1,0,1,1,1,0,1,0,1,1,0,0,0,0,0,0,0,1,0,0,0,0,0,1,0,0,1,1,1,1
1,1,0,1,0,0,1,0,0,1,0,0,1,0,0,0,0,0,0,1,1,1,0,0,1,1,1,0,0,0,0,0,1,1
1,1,1,0,1,0,1,1,1,0,0,1,1,0,1,1,0,1,0,0,1,1,0,1,1,1,0,0,1,0,1,1,0,0
0,0,1,0,1,1,0,1,0,0,1,1,1,0,1,0,0,0,1,0,0,0,0,0,0,1,0,1,1,0,0,1,0,0
0,1,1,1,0,0,0,0,1,1,1,1,1,0,1,0,0,0,1,1,1,1,1,0,1,0,1,0,0,1,0,1,0,0
1,1,1,0,0,1,1,1,0,1,0,0,0,1,0,1,0,0,0,1,0,0,1,1,0,0,1,1,0,1,0,0,1,1
1,0,1,0,1,1,1,0,0,1,0,1,0,0,1,1,0,1,1,0,0,1,1,0,0,1,0,0,0,0,1,0,0,0
0,1,0,1,1,1,0,0,1,1,1,1,1,0,0,0,0,1,0,0,0,0,1,1,0,1,0,1,0,0,1,0,0,0
1,1,1,1,1,1,1,0,1,0,0,1,1,0,0,1,0,0,0,1,0,0,0,1,1,1,1,1,1,0,1,0,1,1
1,0,1,0,0,0,1,0,1,0,0,0,1,0,0,1,0,1,0,1,1,0,0,0,1,0,0,0,0,1,1,1,0,0
0,1,1,1,0,0,0,0,1,0,0,0,0,1,1,0,0,0,1,0,1,1,0,1,1,0,1,1,0,0,0,0,1,1
0,1,1,0,0,1,0,1,1,1,0,1,0,0,1,1,0,1,0,0,0,1,1,0,1,0,1,0,1,0,1,0,0,0
0,1,0,1,1,0,0,1,1,0,1,0,0,0,1,0,0,1,0,0,1,0,1,0,0,0,1,1,0,1,0,1,0,0
1,1,1,1,1,0,1,1,1,1,0,1,1,0,1,0,0,0,0,1,0,1,0,0,1,1,1,1,1,0,1,0,1,1
0,0,1,0,1,1,0,0,0,0,1,0,0,0,1,0,0,0,0,1,0,0,0,0,1,0,0,0,0,1,1,0,0,0
0,0,0,1,0,1,0,0,0,1,0,1,1,1,1,0,0,0,0,0,1,1,0,1,0,0,0,1,1,1,0,0,0,0
0,1,0,1,0,0,0,1,1,1,1,1,1,0,1,0,0,1,0,0,1,1,1,0,0,1,0,0,1,1,1,0,0,0
1,1,1,0,0,1,0,1,0,0,1,1,0,0,0,0,0,0,0,0,1,0,1,1,1,0,1,0,0,0,1,0,1,1
0,1,0,0,1,1,0,1,1,1,1,1,1,0,1,1,0,0,0,0,0,0,1,0,1,1,0,1,1,1,0,0,0,0
1,1,0,1,1,1,1,0,1,0,0,1,1,1,1,1,0,0,0,1,1,1,0,1,1,1,1,1,1,0,1,0,0,0
1,1,0,0,1,1,1,0,0,1,0,0,0,0,1,1,1,0,1,0,0,1,0,0,0,1,0,1,0,1,1,1,0,0
1,1,1,0,1,1,1,0,1,1,1,1,1,1,1,0,1,1,0,1,1,0,1,0,1,0,0,0,1,1,1,0,0,0
0,1,1,1,1,1,0,1,0,1,0,0,1,0,0,1,0,0,0,1,1,0,1,1,1,0,1,0,1,0,1,0,1,1
1,0,0,0,1,1,1,0,0,0,0,0,1,1,0,0,0,1,1,0,0,0,0,0,1,1,0,1,1,0,1,0,0,0
1,1,0,0,0,0,1,0,0,1,0,1,0,0,1,0,0,0,1,0,1,0,0,0,0,1,0,1,0,0,0,0,1,1
1,0,1,1,0,0,0,0,0,0,0,1,0,0,1,0,0,1,0,1,0,0,0,1,1,0,1,0,0,0,1,1,0,0
1,0,0,0,0,0,0,0,0,1,1,1,0,0,1,1,0,0,1,0,1,0,0,0,0,1,1,0,0,1,1,1,0,0
1,0,0,0,1,1,0,0,1,0,1,1,0,0,1,0,0,0,0,1,0,1,1,0,0,0,0,1,0,1,1,0,1,1
1,0,0,0,1,0,1,0,0,1,0,1,1,0,0,0,0,0,1,0,1,1,0,1,1,1,0,0,1,0,1,0,0,0
1,1,0,0,0,0,1,1,1,0,0,0,1,0,0,1,0,0,1,1,1,0,0,1,0,0,1,1,0,1,0,1,0,0
1,0,0,1,1,1,0,0,1,0,0,0,0,0,0,0,0,0,1,1,0,0,0,1,1,0,0,1,1,1,1,1,1,1
1,1,0,1,0,1,0,1,0,0,1,0,1,0,0,1,0,1,1,1,1,1,0,1,0,1,0,0,1,1,1,1,0,0
0,0,1,0,0,0,1,1,1,0,0,0,0,1,0,0,0,0,0,1,1,0,0,1,0,0,0,1,1,0,1,0,0,0
1,1,1,0,0,0,1,0,0,0,0,0,0,1,0,1,1,0,1,1,1,1,0,0,0,1,0,1,1,0,1,1,0,0
0,0,1,0,1,1,1,0,0,0,0,0,1,0,0,1,0,0,0,1,1,1,1,0,1,0,0,1,0,1,1,1,0,0
1,0,1,0,0,1,1,0,1,0,1,0,0,0,0,0,0,1,0,0,1,1,0,0,0,0,1,1,0,1,0,1,0,0
1,1,0,0,1,0,0,0,0,1,0,1,0,0,0,1,0,0,0,1,0,0,1,1,1,1,0,0,0,0,1,0,1,1
1,1,1,1,0,1,1,1,0,1,1,0,1,1,1,0,1,0,1,1,1,1,0,0,0,0,0,0,0,0,1,0,0,0
1,1,0,1,1,1,0,1,0,0,1,1,1,1,1,0,1,1,0,0,0,0,0,1,1,0,0,0,1,1,1,1,0,0
1,0,1,1,1,1,1,1,1,0,0,0,0,0,0,0,0,0,1,1,0,0,0,1,1,0,0,0,1,0,1,1,1,1
0,0,1,0,0,1,0,0,0,1,0,0,0,1,0,1,0,0,1,0,0,0,1,0,0,0,0,0,1,1,1,1,0,0
1,0,1,0,0,1,0,0,0,1,1,0,1,1,0,1,0,0,0,1,0,1,1,0,0,1,1,0,0,1,0,1,1,1
0,1,0,0,1,0,1,0,0,1,0,1,1,0,0,0,0,0,0,1,0,1,1,0,0,1,1,1,0,0,1,1,1,1
0,0,1,0,1,1,1,0,0,1,0,1,1,0,1,0,0,0,1,0,0,1,1,0,1,1,1,0,1,1,1,0,1,1
1,0,0,1,1,0,1,1,1,0,0,1,1,1,0,0,1,0,0,0,0,1,1,1,1,1,0,0,1,1,0,1,0,0
0,1,0,0,1,0,1,0,0,0,0,1,0,0,1,1,0,0,1,1,1,1,1,1,0,1,1,0,0,1,1,0,1,2
1,1,0,1,1,1,1,1,0,0,0,0,1,1,0,0,1,1,0,1,1,1,1,0,1,1,0,1,1,1,1,0,0,0
1,0,1,0,0,1,0,1,0,0,1,1,1,1,0,0,0,1,1,1,1,1,0,1,1,0,0,0,1,1,0,1,0,0
1,1,1,0,0,1,1,1,0,1,1,0,0,1,1,1,0,0,0,0,1,0,1,1,0,1,1,0,0,1,0,1,1,1
0,1,1,0,1,1,0,0,0,1,1,0,0,0,1,0,0,1,0,1,0,1,0,0,0,1,0,0,0,0,0,0,0,0
0,1,0,0,0,1,1,0,1,0,0,1,1,0,1,0,0,1,0,0,0,0,1,0,1,1,1,1,1,0,0,0,0,0
1,1,1,1,1,0,1,1,0,1,1,1,0,0,1,0,1,0,0,0,1,1,1,1,0,1,1,1,1,0,0,0,0,0
1,0,0,1,1,0,1,0,1,1,1,0,1,1,0,0,1,0,0,0,1,0,0,0,1,0,0,0,0,1,1,1,0,0
1,1,0,0,1,0,1,0,0,0,1,0,0,1,0,1,0,0,1,1,0,1,1,1,0,0,0,1,1,0,1,1,0,0
1,0,0,0,1,1,0,1,1,1,1,1,0,0,0,1,0,0,0,0,1,0,1,1,1,1,0,0,0,0,1,1,0,0
1,1,1,1,0,1,0,1,1,1,0,1,0,0,1,1,1,1,0,0,0,1,0,0,1,0,0,1,0,0,1,0,0,0
1,1,1,1,1,0,1,0,1,0,0,1,0,0,1,1,1,1,0,0,0,1,1,0,0,0,1,1,1,0,0,0,0,0
0,1,1,1,0,1,0,0,0,1,1,0,0,0,0,1,0,1,0,0,0,1,1,0,0,0,1,1,0,1,0,0,0,0
1,1,1,0,0,1,1,1,1,1,0,0,1,1,1,1,0,1,0,0,0,0,0,1,1,0,0,0,1,1,0,0,1,1
1,1,1,1,1,1,0,0,1,1,0,1,0,0,0,0,0,1,1,0,0,0,1,0,1,0,0,1,1,1,1,1,0,0
1,0,0,1,1,0,1,0,1,1,0,1,0,0,1,0,1,0,0,0,1,0,0,0,1,1,1,0,1,1,1,0,0,0
1,0,1,1,0,0,0,1,0,0,0,1,0,1,1,1,0,0,0,0,0,0,1,0,0,0,1,1,1,1,1,0,1,1
1,0,1,0,1,1,1,0,0,0,1,0,0,1,1,0,0,1,0,1,1,0,1,0,0,0,1,1,1,0,0,0,0,0
1,1,1,1,0,0,1,0,0,0,0,1,0,1,1,1,0,1,1,1,0,1,1,0,0,1,1,0,0,1,1,0,0,0
1,0,1,1,1,1,1,1,0,0,1,0,1,1,1,1,0,1,1,0,1,1,0,0,0,1,0,0,1,0,0,1,0,0
1,1,0,1,1,1,0,1,1,0,1,0,0,0,0,0,1,0,1,1,0,0,0,0,1,0,0,0,0,1,0,1,0,0
1,1,0,0,0,1,1,0,0,1,1,0,1,0,0,0,0,1,1,1,1,1,0,1,1,1,0,1,0,0,0,0,0,0
1,1,0,1,1,0,1,0,0,0,1,1,1,1,1,1,0,0,0,1,0,1,1,0,0,0,1,1,1,0,0,1,0,0
0,0,1,0,0,0,0,1,0,0,0,1,0,0,0,1,0,0,0,1,0,1,0,0,1,1,1,1,0,0,0,1,0,0
1,0,1,1,0,1,0,1,1,1,0,0,1,0,0,1,1,0,0,1,0,1,1,1,0,0,0,0,0,1,0,0,0,0
1,1,0,0,0,1,0,0,0,1,0,1,0,0,1,1,0,0,0,1,1,0,0,0,1,1,0,0,0,1,0,0,1,1
1,1,0,1,0,1,1,0,0,1,1,1,1,0,1,0,0,0,1,1,1,0,0,0,0,1,0,1,0,1,0,0,0,0
1,0,0,0,1,0,1,1,0,0,0,0,0,1,1,0,0,0,0,0,0,0,1,1,1,1,1,0,0,1,0,0,0,0
1,0,1,0,0,0,1,1,0,0,0,0,0,0,0,1,1,0,0,0,1,0,1,1,0,0,0,1,1,0,1,1,0,0
1,1,1,0,0,1,1,1,0,1,0,1,1,0,0,1,0,1,0,1,0,1,0,1,1,1,0,0,0,0,1,1,0,0
1,0,0,1,0,0,0,0,0,0,1,0,1,1,1,1,0,1,0,0,0,1,1,1,1,0,1,0,0,0,0,0,0,0
0,1,1,1,0,0,1,1,1,1,1,0,1,1,0,0,0,0,1,1,1,1,0,0,1,0,0,0,0,1,1,0,0,0
1,0,1,0,0,1,1,0,0,1,1,1,0,1,1,1,0,1,0,0,0,1,1,0,1,1,0,0,0,0,0,0,0,0
1,0,0,1,0,0,1,0,0,1,1,0,0,0,1,0,0,1,1,0,0,1,0,1,0,1,0,0,0,1,1,1,0,0
0,0,1,1,1,0,1,1,0,0,0,1,1,1,0,0,0,0,0,1,1,1,0,0,0,0,0,0,0,1,1,1,1,1
1,0,0,0,1,0,1,0,1,1,0,1,0,0,1,1,0,1,0,0,0,0,1,0,1,1,0,0,1,1,0,1,0,0
1,0,0,0,1,0,1,0,1,1,0,0,1,1,0,0,1,0,0,0,0,0,0,1,0,0,1,0,0,1,0,1,0,0
1,1,0,1,1,1,0,1,1,1,1,0,1,0,0,1,1,0,1,1,1,1,0,1,1,1,0,1,1,1,1,0,0,0
1,1,0,1,1,1,0,1,1,0,0,0,1,0,0,0,1,0,1,0,1,0,1,0,1,0,1,1,1,1,1,0,0,0
1,0,1,1,1,1,0,0,0,1,1,0,0,1,0,1,0,1,1,1,0,1,0,1,1,0,1,1,1,0,0,1,0,0
0,0,1,1,0,1,1,1,0,0,0,1,1,0,0,1,0,0,1,0,1,1,1,0,0,1,0,1,1,0,0,0,0,0
1,0,1,1,1,1,0,0,1,0,1,1,0,0,0,1,0,1,1,1,0,0,1,0,1,1,1,0,1,0,0,0,0,0
1,1,1,0,0,1,0,0,0,0,0,0,0,1,1,0,1,0,0,1,0,1,0,1,0,0,0,0,0,1,0,1,0,0
1,1,0,1,0,1,1,0,0,1,1,0,0,0,1,0,1,0,0,1,0,0,0,1,1,0,1,0,0,0,0,0,0,0
1,1,0,0,0,0,1,1,1,0,1,0,1,1,1,0,1,0,0,1,1,0,0,0,0,1,1,0,1,1,0,1,0,0
1,1,1,1,1,0,0,1,0,0,1,0,0,1,0,1,1,1,0,1,1,1,1,1,0,0,0,1,0,1,1,1,0,0
1,0,0,0,0,0,0,1,1,0,0,1,1,0,1,0,0,0,1,0,0,1,0,1,1,1,0,0,1,1,0,0,1,1
1,0,1,0,1,0,0,0,0,1,1,0,1,1,0,0,1,0,1,0,0,0,0,0,1,0,1,1,1,1,1,0,0,0
1,1,0,1,1,0,1,1,1,0,0,0,0,1,0,0,0,1,1,0,0,1,1,0,0,1,0,1,0,1,1,1,0,0
1,0,1,1,0,0,1,0,0,0,0,1,0,1,0,0,0,0,0,1,0,0,1,0,0,0,0,0,1,0,0,1,1,1
0,1,1,1,1,1,0,1,0,1,0,1,1,1,0,0,0,0,1,0,1,1,0,0,1,0,0,1,0,1,1,1,0,0
0,1,0,0,1,0,1,1,0,0,1,0,1,0,1,1,0,0,0,0,0,1,1,1,0,1,0,1,1,0,0,0,1,1
1,1,1,1,1,0,0,1,0,0,1,1,0,1,1,1,0,1,1,1,1,1,0,1,1,0,0,1,0,0,1,0,0,0
1,0,0,0,1,0,0,0,1,1,0,0,0,0,0,0,0,0,1,1,1,0,0,0,0,0,1,1,0,0,1,0,0,0
1,0,1,1,1,0,1,1,0,1,0,0,1,0,1,1,1,0,0,0,0,1,1,0,0,0,1,0,1,1,1,0,0,0
0,0,1,0,0,1,0,0,0,0,0,0,0,0,1,0,0,0,0,0,0,1,0,0,0,1,0,0,1,1,1,1,0,0
1,0,0,1,1,0,1,0,0,0,1,0,1,0,0,1,0,0,1,0,1,1,1,0,0,0,1,1,1,0,1,0,1,1
1,1,0,0,1,1,1,0,1,1,1,0,0,0,0,0,0,1,1,1,1,0,1,1,0,1,0,0,1,0,0,0,0,0
1,1,0,0,0,1,0,0,1,0,1,0,0,0,1,0,1,1,0,0,0,0,0,1,0,0,0,1,0,1,1,1,0,0
1,0,0,0,1,1,0,0,1,1,1,1,1,0,0,0,0,0,1,0,1,1,1,0,0,0,1,0,1,0,0,1,0,0
1,1,1,0,1,0,1,1,1,1,0,0,0,0,0,0,0,0,1,1,1,1,0,0,1,1,1,0,0,0,1,1,0,0
0,1,1,1,1,1,0,0,0,1,0,1,1,0,0,1,0,1,0,0,0,1,1,0,1,0,1,0,1,1,1,0,0,0
1,0,1,1,1,1,1,0,1,1,1,0,1,1,1,0,1,0,1,1,1,1,1,0,0,0,0,1,0,1,0,0,0,0
1,0,1,1,0,1,1,0,1,0,0,1,1,0,1,1,0,1,1,1,0,1,0,0,1,1,0,1,1,1,0,0,0,0
1,1,1,1,1,0,0,0,0,1,1,1,1,1,0,1,1,0,0,0,1,1,1,0,1,0,0,1,1,0,1,0,0,0
1,0,0,0,1,0,1,0,0,1,0,0,0,0,1,0,0,1,0,1,0,0,0,0,0,0,1,0,1,0,1,1,0,0
1,1,1,0,0,0,0,0,1,0,0,0,0,1,1,1,0,1,1,0,0,0,0,1,1,1,0,0,1,1,1,1,0,0
1,1,0,1,0,0,1,1,0,1,0,0,0,1,1,1,0,0,0,0,0,1,0,0,0,1,0,1,1,1,0,1,1,1
0,1,0,1,1,0,1,1,0,0,1,0,0,1,1,1,0,1,0,0,1,1,0,1,1,0,0,1,0,1,0,1,0,0
0,1,1,0,0,0,0,0,0,1,0,1,0,0,1,1,0,0,1,1,0,0,0,0,1,0,1,1,1,0,1,1,0,0
0,1,1,1,0,0,1,1,0,1,1,0,1,0,0,0,0,0,0,0,1,1,1,0,1,1,0,1,0,0,1,0,1,1
0,0,1,1,0,1,1,0,0,1,1,1,1,0,1,0,0,0,1,0,0,0,1,1,0,1,0,0,0,1,0,0,0,0
1,0,0,0,0,1,0,1,1,0,1,0,0,0,0,1,0,0,1,0,1,1,0,0,0,1,0,1,1,1,1,1,0,0
1,1,0,1,1,1,0,1,1,0,0,0,1,0,1,1,0,0,1,0,0,1,0,1,1,1,1,0,1,0,0,0,1,1
1,1,0,1,1,1,1,1,0,0,1,0,1,1,0,0,0,0,0,1,0,0,1,0,0,1,1,0,1,0,0,1,1,1
1,0,0,1,1,1,0,0,1,1,1,1,1,1,1,0,0,0,1,0,1,0,0,1,1,0,1,1,1,0,0,1,0,0
0,1,1,0,1,0,1,1,1,1,0,0,0,0,0,0,0,1,1,0,0,1,0,1,1,0,1,0,0,0,1,0,0,0
1,1,0,0,1,0,0,0,1,0,1,1,1,0,1,0,0,0,0,1,1,0,1,0,0,0,1,1,1,0,1,1,0,0
1,1,0,1,1,0,0,1,0,1,0,0,0,1,0,0,1,0,0,1,1,0,1,0,1,1,1,0,0,0,1,1,0,0
1,1,0,1,0,1,0,1,1,1,1,0,0,0,1,0,0,1,1,1,1,0,1,0,1,1,1,0,0,1,0,1,0,0
1,1,0,1,0,0,1,0,1,0,1,1,1,1,1,1,0,0,0,0,0,0,1,0,0,1,1,1,1,0,0,1,0,0
1,0,1,0,0,0,1,0,1,1,0,1,0,0,1,0,1,0,0,0,1,1,0,0,0,0,1,0,1,1,1,1,0,0
1,0,1,0,0,0,0,0,0,1,0,0,1,1,0,0,0,1,0,1,0,0,0,0,0,1,1,1,0,1,0,1,0,0
1,1,0,0,0,0,0,0,0,0,0,0,1,0,0,1,0,0,0,0,1,1,0,0,1,1,0,1,1,1,0,0,1,1
1,1,0,1,0,1,1,0,1,1,0,1,0,0,1,1,0,0,0,1,1,1,0,0,0,1,0,0,0,1,0,1,1,1
1,0,1,0,0,0,1,0,1,1,0,1,1,0,0,0,0,1,0,0,1,1,0,1,0,1,0,0,0,1,0,1,0,0
1,1,0,1,0,1,1,0,0,0,0,1,0,0,0,0,1,0,0,0,0,1,0,1,0,0,1,1,0,1,1,0,0,0
1,0,0,0,0,1,0,1,1,1,0,1,1,0,1,0,0,1,0,0,1,1,0,1,1,0,0,1,1,1,0,1,0,0
0,1,0,1,0,1,1,0,0,0,0,1,1,1,1,0,0,0,1,0,0,1,0,1,1,1,1,1,0,0,0,0,0,0
1,1,0,1,1,1,1,0,0,0,1,0,1,1,1,1,1,0,0,1,1,0,0,0,0,0,1,1,0,1,0,1,0,0
1,0,0,0,0,0,0,1,1,1,0,0,1,1,0,1,0,1,1,0,1,0,1,1,1,1,1,0,1,1,0,0,0,0
1,1,1,1,0,0,1,1,0,1,0,1,1,0,0,0,1,1,1,1,0,0,0,1,0,1,1,1,0,1,1,1,0,0
1,1,0,1,1,0,0,1,1,0,0,1,1,0,1,1,1,1,0,1,0,1,0,0,0,0,1,1,1,0,1,1,0,0
0,0,1,0,0,1,1,1,0,0,0,1,0,0,1,1,0,0,0,0,1,1,0,1,1,0,0,0,1,1,0,1,0,0
1,0,0,1,0,1,0,0,0,0,1,1,0,0,1,1,0,0,1,0,0,1,0,1,0,1,0,0,1,1,1,1,1,1
1,0,0,1,1,0,1,1,1,1,0,1,1,0,0,1,0,0,1,1,1,0,0,1,1,0,0,1,1,0,1,0,0,0
1,1,1,0,0,0,0,0,1,1,0,0,1,0,0,0,0,1,1,0,0,1,0,1,0,0,0,1,0,0,1,0,0,0
1,0,1,1,0,0,0,1,0,0,1,0,0,1,1,1,0,1,1,1,0,0,1,1,0,1,1,1,1,1,1,0,0,0
1,1,0,1,1,1,0,1,1,0,1,0,1,1,0,1,0,1,1,1,0,0,0,1,0,1,0,0,1,1,1,0,0,0
1,1,0,0,1,0,0,1,1,0,0,1,1,0,0,0,0,0,0,1,0,1,0,1,1,0,0,1,1,1,0,0,1,1
0,0,0,1,0,0,1,0,0,0,1,0,0,1,1,0,0,0,0,0,0,1,0,1,0,0,0,1,0,1,0,0,0,0
1,0,0,1,1,1,1,0,0,1,0,0,1,0,0,1,1,0,0,1,0,1,1,1,1,1,0,0,1,0,0,0,0,0
1,1,1,0,0,1,1,0,1,1,0,0,0,1,1,1,1,1,0,1,0,1,0,0,1,0,0,0,0,0,1,0,0,0
1,1,0,0,0,1,0,1,0,0,1,1,0,1,1,0,1,0,1,1,0,1,1,0,0,0,1,0,0,1,1,0,0,0
1,0,0,1,0,0,1,0,0,0,0,1,1,1,0,0,0,0,1,0,1,0,0,1,0,1,0,0,1,1,0,0,1,1
1,1,1,1,1,1,0,0,0,0,0,1,0,1,1,0,0,0,1,0,1,0,0,1,0,0,0,1,1,0,1,1,1,1
1,0,0,0,0,1,0,0,0,1,1,0,0,1,1,1,0,1,1,1,0,0,1,0,0,0,1,1,0,0,0,0,0,0
1,0,0,0,1,0,1,0,0,1,0,0,1,0,0,0,0,1,0,1,1,0,1,0,1,0,1,0,0,0,0,0,0,0
1,1,0,1,1,1,1,1,1,0,1,1,0,1,0,1,0,1,0,0,1,1,0,0,1,1,0,0,0,0,1,1,0,0
1,1,0,1,1,1,0,1,1,0,0,1,0,1,0,0,0,0,1,0,1,1,0,0,1,1,1,1,1,0,0,0,0,0
1,1,1,0,0,1,1,1,0,1,1,1,1,0,0,0,1,0,1,1,0,1,1,1,1,0,0,0,1,1,0,0,0,0
1,0,0,0,1,1,0,0,0,1,1,1,1,1,0,1,0,1,1,1,1,1,1,0,1,0,1,0,0,1,0,1,0,0
0,0,1,1,0,1,1,1,0,0,1,0,0,1,0,1,0,0,0,0,0,0,1,0,0,0,0,0,1,0,0,1,0,0
1,1,1,0,0,1,1,1,1,1,1,0,0,1,0,1,0,0,0,1,1,1,0,1,0,1,1,1,0,0,0,0,0,0
0,0,1,0,1,0,1,1,0,1,1,0,1,0,0,1,0,0,0,0,1,0,1,1,1,1,0,0,1,1,1,1,1,1
1,1,1,1,1,1,1,1,1,1,0,0,1,0,0,1,0,1,0,0,0,0,0,1,0,0,1,1,0,0,1,1,0,0
0,1,0,1,1,1,1,0,0,1,1,1,0,0,1,0,0,1,0,0,1,0,1,1,1,1,0,1,0,1,0,1,0,0
1,0,1,1,0,0,1,1,0,1,1,0,1,0,0,0,0,0,1,0,0,1,1,1,0,1,1,1,1,1,1,0,0,0
0,1,1,1,1,1,0,0,0,0,0,1,1,0,1,0,0,0,0,1,1,1,1,1,1,1,0,0,1,0,0,1,1,1
1,0,1,1,0,1,0,0,1,1,0,0,1,0,1,1,0,0,0,1,0,0,0,0,1,0,0,0,0,1,0,0,1,1
0,1,0,1,0,0,1,0,1,0,1,0,0,1,1,0,0,0,0,0,1,1,0,0,1,1,1,0,1,1,0,0,0,0
0,1,0,0,1,1,0,0,1,1,1,0,0,1,1,0,0,0,0,1,1,0,0,0,1,1,1,1,1,1,1,1,0,0
1,0,1,1,0,0,0,0,0,0,1,1,0,1,1,0,0,1,0,0,1,0,1,1,1,0,1,1,0,1,1,1,0,0
1,0,0,0,1,0,1,1,0,1,1,1,1,0,0,1,0,1,0,1,1,1,0,1,1,1,0,1,0,1,0,1,0,0
1,1,0,0,1,0,1,1,0,0,0,1,1,0,0,0,1,1,0,0,0,1,1,1,0,0,0,0,1,1,0,1,0,0
1,0,1,0,0,0,0,0,1,1,1,1,1,0,1,0,0,0,1,1,1,1,1,1,0,1,1,1,0,0,1,0,0,0
1,0,0,0,1,1,1,0,1,1,0,1,1,1,0,1,0,0,0,1,1,0,1,0,1,1,1,0,1,1,1,1,0,0
1,1,1,0,1,0,0,0,1,0,0,1,0,0,0,0,0,1,1,1,1,1,1,0,0,1,0,1,0,1,1,0,0,0
0,0,1,0,0,1,1,1,0,0,0,0,0,0,0,1,0,0,0,1,1,1,1,0,0,1,1,1,1,1,0,1,0,0
1,1,0,1,0,0,1,0,0,1,0,0,1,1,0,1,1,0,1,1,1,1,1,1,0,0,1,1,0,1,1,1,0,0
1,0,0,0,0,0,0,0,1,1,0,0,0,1,1,0,0,0,1,0,0,1,0,0,0,1,0,1,0,1,1,1,0,0
1,0,0,1,1,1,0,0,1,1,0,0,0,0,0,1,0,1,1,1,1,0,1,0,0,1,1,0,0,1,0,0,0,0
1,1,0,1,1,1,0,0,0,0,1,0,1,0,1,1,1,0,0,1,0,0,0,0,1,0,1,1,1,0,1,1,0,0
1,0,0,1,0,0,0,0,0,1,1,0,0,1,1,1,0,0,0,1,1,1,0,0,0,1,0,1,1,1,0,1,1,1
1,0,0,1,1,0,0,1,1,1,0,1,1,1,1,0,0,0,0,0,1,1,1,1,0,1,0,1,0,1,1,1,1,1
1,1,1,1,1,0,1,1,1,0,1,1,1,1,1,1,0,0,1,0,0,0,0,0,0,1,1,0,0,1,1,1,0,0
1,0,1,1,1,1,1,0,1,0,0,1,1,0,0,1,0,0,0,0,0,0,1,1,1,1,1,0,1,0,1,1,1,1
0,1,1,0,1,1,1,1,1,0,0,0,0,0,0,1,0,0,1,0,1,1,0,0,1,0,1,1,1,0,0,1,1,1
1,1,1,0,1,0,0,1,1,0,1,1,1,1,1,0,1,0,0,1,1,0,1,0,0,0,0,1,0,1,1,1,0,0
1,1,0,1,0,1,0,1,0,1,1,0,1,0,1,0,0,1,0,0,1,1,0,1,1,1,0,1,0,1,1,1,0,0
1,1,1,0,0,1,0,1,1,0,0,1,1,1,0,1,1,0,1,1,1,1,1,0,0,0,1,0,1,0,0,0,0,0
1,0,0,1,1,1,1,1,1,1,0,1,1,1,0,1,0,0,1,0,0,1,0,1,0,0,0,0,1,1,0,1,0,0
0,1,0,1,0,0,1,1,0,1,0,0,1,1,1,0,0,1,0,0,0,0,1,1,1,1,1,1,0,1,1,0,0,0
1,1,1,1,0,1,0,1,1,1,1,0,1,0,0,1,0,0,0,0,1,1,1,0,1,1,1,1,1,0,1,0,0,0
0,1,1,0,0,1,0,0,1,1,1,0,1,0,0,1,0,0,1,1,1,0,1,0,0,1,1,1,0,1,1,1,0,0
1,1,1,1,1,0,0,1,1,0,0,0,0,0,1,1,0,0,1,0,0,1,0,0,1,0,1,0,0,0,1,0,1,1
0,1,0,0,0,1,1,0,0,1,0,1,0,1,1,0,0,0,1,1,0,0,1,0,0,0,0,1,1,1,0,0,0,0
1,1,1,0,0,1,1,0,1,1,1,0,0,1,1,0,1,0,0,1,0,0,0,0,0,1,0,1,1,0,0,1,0,0
1,1,0,0,1,1,0,1,0,0,0,0,1,0,0,1,1,1,0,0,0,1,1,0,1,0,0,0,1,1,1,1,0,0
1,1,1,0,1,1,0,1,1,1,1,0,1,1,0,0,0,1,1,0,1,0,1,0,0,1,0,1,0,1,0,1,0,0
1,0,1,0,0,0,1,1,0,0,1,0,1,1,1,1,1,0,0,1,0,1,1,1,1,1,0,0,1,0,1,0,1,1
1,1,0,0,0,1,0,1,0,0,1,1,1,0,1,0,0,1,0,1,1,1,1,1,0,0,0,0,0,1,1,1,0,0
1,0,1,1,0,0,1,1,0,0,1,1,0,0,1,0,0,1,1,1,0,0,0,0,0,0,0,0,0,1,1,0,0,0
1,1,1,1,1,1,1,0,0,0,1,0,0,0,1,0,0,0,1,0,1,0,1,0,0,0,0,0,1,1,0,1,1,1
1,0,1,1,1,0,0,1,0,1,1,0,1,1,0,0,1,0,1,1,0,0,0,0,1,1,1,1,0,0,1,0,0,0
1,1,1,1,1,0,1,1,1,0,0,0,1,1,1,1,0,1,1,0,0,0,1,1,1,1,0,0,1,1,0,0,0,0
1,1,1,1,1,0,0,1,0,1,1,1,1,1,0,1,0,1,0,1,0,1,1,1,1,0,1,0,0,0,1,1,0,0
1,1,0,0,0,1,0,0,0,1,1,0,1,0,0,1,0,0,0,0,0,1,0,0,1,1,1,1,0,0,1,0,1,1
1,1,0,0,0,0,0,1,0,0,0,1,0,0,0,1,0,1,1,1,0,1,1,0,0,0,1,0,1,0,1,0,0,0
0,0,1,1,1,1,1,0,0,0,1,0,0,0,1,0,0,0,0,1,1,0,1,1,0,1,1,0,1,0,1,1,1,1
1,1,0,1,1,1,0,1,0,1,0,1,1,1,1,1,0,0,1,1,1,0,1,0,0,1,0,1,1,0,1,0,0,0
1,1,1,1,1,1,0,1,0,0,1,0,1,0,1,1,0,1,1,1,0,1,1,1,1,1,1,0,0,1,1,0,0,0
1,1,0,0,1,1,1,0,1,1,0,0,0,1,1,1,0,1,0,0,1,0,1,0,0,0,1,1,1,0,0,1,0,0
1,1,0,0,1,0,1,0,1,1,1,1,1,1,1,1,0,0,0,1,1,0,0,0,1,1,0,0,1,0,0,0,0,0
1,1,0,0,0,0,1,0,0,0,0,1,0,1,0,1,0,0,0,1,0,1,0,0,1,1,1,1,0,0,1,1,1,1
1,1,0,0,1,1,0,1,0,0,0,0,0,0,1,0,0,0,1,0,0,1,1,0,1,0,1,1,0,0,1,1,1,1
1,1,1,1,0,0,1,1,0,0,0,0,1,1,1,0,0,0,0,1,0,1,1,0,0,0,1,1,1,1,1,1,1,1
1,1,1,1,1,1,1,0,0,1,1,0,1,0,0,0,1,0,0,0,0,0,0,1,0,1,0,1,1,0,1,1,0,0
1,1,0,1,0,1,1,1,0,0,0,0,0,1,0,0,1,0,0,1,1,1,1,0,0,1,1,1,1,0,1,1,0,0
1,1,1,0,0,1,1,0,0,1,0,0,1,1,1,0,0,0,0,1,0,1,1,0,0,1,1,0,0,0,0,1,1,1
0,0,1,1,1,0,1,1,0,0,1,1,1,0,0,1,0,0,1,0,1,1,0,0,1,1,1,1,1,0,1,0,0,0
1,1,0,1,0,0,1,1,0,0,1,0,0,1,0,0,0,0,1,1,0,0,0,0,0,1,1,0,1,0,0,1,1,1
1,1,1,1,1,1,0,1,0,1,0,0,0,0,0,0,1,1,0,1,1,1,0,1,1,0,0,1,1,0,0,1,0,0
1,1,1,1,1,1,1,0,0,1,1,0,1,1,0,0,1,0,0,0,1,1,1,0,1,0,0,1,0,0,1,1,0,0
1,0,1,0,0,0,0,1,1,0,0,0,1,0,0,0,0,1,1,0,1,1,1,1,1,1,0,1,1,0,0,0,0,0
1,1,0,0,1,0,1,1,0,1,0,1,0,1,1,1,0,0,0,1,1,0,0,0,1,1,0,1,1,1,1,1,1,1
1,1,1,1,0,1,1,0,1,0,1,0,1,1,0,1,1,0,1,0,1,1,0,0,1,1,0,0,0,1,0,0,0,0
1,0,0,1,1,0,0,1,0,0,0,1,0,0,1,1,1,0,0,0,1,0,1,1,0,1,1,0,1,0,1,1,0,0
1,1,0,0,1,0,1,0,1,1,1,0,0,1,1,0,0,0,1,1,0,0,1,1,0,0,0,0,0,0,1,1,0,0
0,1,1,0,0,0,1,1,0,1,0,1,0,1,0,0,0,1,1,0,0,0,1,0,0,1,1,0,1,1,1,1,0,0
1,0,1,0,1,0,0,0,1,1,1,1,0,0,0,0,1,0,0,0,0,0,1,1,1,1,1,0,1,1,1,1,0,0
1,1,1,1,0,1,1,0,0,1,0,0,1,1,1,1,0,1,1,0,0,0,0,1,1,1,0,0,0,0,0,1,0,0
0,1,0,0,0,1,0,0,0,1,1,0,0,1,0,0,0,0,1,0,1,0,0,1,1,1,1,1,1,0,0,1,0,0
0,1,1,1,1,1,1,0,1,0,0,1,0,0,0,0,0,1,0,0,1,0,0,0,1,0,1,1,0,0,0,1,0,0
1,0,0,0,0,0,1,0,1,1,0,1,0,1,1,0,0,0,1,1,0,1,1,0,0,1,0,0,1,1,1,1,0,0
1,0,1,1,0,1,1,0,1,0,0,0,1,1,0,0,0,0,0,0,0,1,0,1,0,0,0,1,0,0,1,0,1,1
1,1,1,1,0,0,1,1,1,0,0,0,0,1,0,0,0,0,1,0,0,0,1,0,1,0,0,1,0,1,0,0,1,1
1,1,1,1,1,1,1,0,0,0,0,1,1,1,1,1,1,0,0,0,1,1,0,1,0,0,0,1,1,0,0,1,0,0
1,1,0,1,1,0,0,1,0,0,1,0,0,0,1,0,1,1,0,0,0,1,1,0,0,0,0,1,0,1,0,0,0,0
1,0,1,0,1,0,0,1,1,1,0,1,0,0,1,1,0,1,0,1,0,0,0,1,1,1,0,1,1,0,1,1,0,0
1,0,1,0,1,0,0,1,0,1,0,0,1,1,0,0,0,0,0,1,0,1,0,0,0,0,0,0,1,1,0,0,1,1
1,1,0,0,0,0,0,1,0,0,1,1,1,0,0,0,0,0,0,1,0,1,1,1,1,0,1,0,1,1,1,1,1,1
1,0,1,1,0,1,0,0,0,1,1,1,1,0,1,0,0,1,0,1,1,0,1,1,0,0,0,0,0,1,0,1,0,0
0,0,1,0,1,1,0,1,1,0,1,1,0,0,0,1,0,0,0,0,1,0,0,0,0,1,1,1,0,1,1,0,1,1
1,1,1,1,1,1,0,0,1,0,0,1,0,1,1,1,0,0,0,1,0,0,0,1,0,0,1,0,0,0,1,1,1,1
1,0,1,1,1,1,1,0,0,0,1,1,1,1,0,1,1,0,1,1,1,0,0,0,0,0,1,0,1,1,1,0,0,0
0,1,0,1,1,1,1,0,0,1,1,1,0,0,1,0,0,0,0,0,0,1,0,1,1,0,1,1,0,0,1,0,1,1
1,0,1,0,1,0,0,1,0,0,0,0,0,1,0,0,1,0,1,0,0,0,0,0,1,0,1,0,0,1,1,1,0,0
0,1,1,1,0,0,1,0,1,1,0,0,1,0,0,1,0,0,1,0,0,0,1,0,0,1,0,1,1,1,1,1,0,0
1,1,1,0,1,0,1,0,1,1,0,0,0,0,0,0,1,1,1,0,0,0,1,0,1,0,1,0,0,0,1,0,0,0
1,1,1,0,0,0,0,1,1,0,0,0,0,1,1,1,0,0,0,0,0,1,1,0,1,0,0,0,1,0,1,1,1,1
1,1,0,0,1,0,1,1,0,0,0,1,1,1,1,1,1,0,0,1,0,1,1,0,1,0,1,0,0,0,1,1,0,0
1,0,0,1,1,1,1,0,0,1,0,1,0,0,0,0,0,1,0,1,0,0,0,0,1,1,0,1,1,1,0,1,0,0
0,1,0,0,0,1,0,1,0,1,0,1,0,1,0,0,0,0,0,0,1,1,0,0,0,1,0,1,0,1,0,0,1,1
0,0,1,0,0,0,0,1,1,0,1,0,1,1,1,0,0,0,0,1,0,0,1,1,1,0,0,0,1,1,1,1,0,0
1,1,1,1,0,0,1,1,1,0,0,1,1,0,1,0,0,1,0,1,1,0,1,1,1,1,0,1,0,1,1,1,0,0
0,1,0,1,1,0,1,1,1,0,1,0,0,0,1,1,0,0,0,0,1,0,1,1,1,0,1,0,0,0,0,0,1,1
1,0,0,0,1,0,1,0,1,1,0,1,1,0,1,0,0,1,1,1,1,1,1,1,1,1,1,0,1,0,1,0,0,0
1,0,0,1,1,0,1,0,0,0,0,1,1,1,0,0,0,1,1,0,0,1,1,0,1,1,1,1,0,1,0,1,0,0
1,1,1,0,0,0,1,1,1,0,1,1,1,1,1,1,0,1,0,1,1,0,0,1,1,1,0,0,1,0,0,0,0,0
0,1,1,1,1,0,1,1,0,1,0,1,1,0,0,1,0,1,1,1,1,0,0,0,1,0,0,0,1,1,0,0,0,0
1,0,1,1,0,1,0,1,0,0,1,1,1,0,1,0,1,0,0,1,0,1,1,0,0,0,1,1,1,0,0,0,0,0
1,1,0,0,1,1,0,1,1,1,0,1,0,1,0,0,0,1,0,1,1,1,0,1,1,0,0,0,1,1,1,1,0,0
1,1,0,1,0,1,1,1,0,1,0,1,0,1,0,0,1,0,1,0,0,1,0,1,1,1,0,0,0,1,0,1,0,0
0,0,1,1,0,0,0,0,1,0,0,1,0,1,1,0,0,0,1,0,1,0,1,1,0,0,1,1,0,1,0,1,1,1
1,0,0,0,0,1,0,0,1,1,0,0,1,1,0,1,0,1,1,1,0,0,0,1,1,1,1,1,1,0,0,0,0,0
0,0,1,1,0,0,1,0,1,1,1,1,0,1,1,0,0,0,0,1,0,1,1,1,1,1,0,0,0,1,0,1,0,0
1,0,1,0,0,1,0,0,1,0,1,0,1,0,0,1,1,0,0,0,0,1,0,1,1,1,0,0,1,1,0,1,0,0
1,0,1,1,1,1,0,1,0,1,0,0,0,0,1,0,0,0,0,0,1,0,0,1,0,1,0,1,0,1,1,1,1,1
1,1,0,0,1,0,1,0,0,1,1,1,0,1,0,1,0,0,1,1,1,0,1,0,0,0,1,0,0,1,0,0,0,0
1,0,0,0,1,1,0,0,1,0,0,1,0,0,1,1,0,0,0,0,0,0,0,1,0,1,0,0,0,1,0,0,1,1
0,1,0,1,1,0,1,0,0,0,1,0,0,1,1,1,0,1,0,1,0,1,0,1,1,0,0,0,0,0,1,0,0,0
1,0,0,0,0,1,0,0,0,1,0,1,1,1,0,1,0,0,0,0,0,0,1,0,1,0,0,0,0,1,0,1,1,1
1,1,0,0,0,0,1,0,1,0,0,1,0,0,0,1,0,0,0,1,0,0,1,0,1,0,0,0,0,1,1,1,1,1
1,1,0,0,0,0,1,0,1,1,0,1,0,0,0,1,1,0,1,0,1,1,0,1,0,1,0,1,0,0,0,0,0,0
1,1,1,1,0,0,0,1,0,1,1,1,0,0,1,1,1,1,1,0,0,1,0,0,1,0,0,1,0,0,1,0,0,0
1,1,1,0,1,0,1,0,0,0,1,0,0,1,0,0,1,0,0,0,0,0,1,1,0,0,0,0,0,1,1,0,0,0
1,1,1,1,1,0,0,1,0,0,0,1,1,0,1,0,0,0,1,0,1,1,1,1,1,0,0,1,0,0,1,0,0,0
1,1,1,1,1,0,0,1,1,1,1,1,0,0,0,1,1,0,0,1,1,0,0,1,1,0,1,1,1,1,1,0,0,0
0,1,0,1,0,1,1,1,0,1,1,0,0,1,0,0,0,0,1,1,1,0,1,0,1,1,1,1,0,1,1,1,0,0
1,0,0,0,0,0,1,1,0,0,1,1,0,0,1,0,0,0,1,1,1,1,0,0,1,0,1,0,0,1,0,1,0,0
1,1,1,0,0,1,0,1,1,1,0,1,0,1,0,1,0,0,1,0,0,1,0,0,0,0,0,1,1,0,0,0,0,0
1,1,1,0,1,1,1,1,0,0,0,1,1,0,0,0,0,1,0,1,1,1,0,1,0,0,0,1,0,0,0,0,0,0
1,1,0,0,1,0,1,1,0,0,1,1,1,1,1,0,0,0,0,0,0,1,0,0,0,0,0,0,1,0,1,0,0,0
1,1,1,1,1,0,0,0,0,0,0,0,0,0,1,1,0,0,0,0,0,1,0,0,0,1,1,1,1,0,0,0,1,1
0,0,0,1,0,0,0,1,0,0,0,1,1,0,0,0,0,0,0,0,0,0,0,1,1,0,0,0,0,0,1,1,0,0
1,1,0,0,1,0,0,1,1,1,0,1,1,0,0,1,1,1,0,0,0,0,0,1,0,0,0,1,1,1,0,0,0,0
1,0,1,0,0,1,0,1,0,1,1,1,0,0,0,0,0,0,1,1,1,1,1,1,1,0,1,0,0,1,0,0,0,0
1,1,1,0,0,1,0,0,1,1,0,1,0,0,0,0,0,1,1,0,1,1,1,0,0,0,0,0,1,1,1,0,0,0
0,0,1,1,1,0,1,0,1,1,0,0,0,1,1,0,0,0,0,0,0,0,1,0,1,0,0,0,0,1,0,0,1,1
0,1,0,0,1,1,0,1,0,0,1,0,1,1,1,1,0,0,1,0,1,1,0,1,0,1,1,0,1,1,0,1,0,0
1,0,0,1,0,1,0,0,0,1,1,0,0,0,1,0,0,1,1,1,0,0,0,0,1,0,0,1,0,1,1,1,0,0
1,1,1,0,0,1,1,0,1,1,1,0,0,1,0,0,0,0,0,1,1,0,0,1,0,0,0,1,1,0,1,0,1,1
0,1,1,1,0,0,1,0,1,0,0,1,1,0,1,1,0,1,1,0,1,1,1,1,1,0,1,1,0,1,1,0,0,0
0,0,1,0,1,0,1,1,1,1,0,1,1,0,0,1,0,0,0,1,0,0,0,0,0,0,1,1,1,1,0,1,1,1
1,0,1,1,1,1,0,0,1,1,0,1,0,0,0,1,1,0,1,1,1,0,0,0,1,0,0,1,1,0,0,1,0,0
1,1,1,1,1,1,0,1,1,0,1,0,1,1,0,0,1,0,1,1,1,1,1,1,0,1,0,0,1,1,0,1,0,0
0,1,1,0,0,0,1,1,1,0,1,0,0,0,0,0,0,0,1,1,0,0,1,0,0,1,0,1,1,1,1,1,0,0
0,1,1,0,0,1,0,0,0,0,0,0,1,1,1,0,0,0,0,0,0,1,1,1,0,0,1,1,1,0,0,1,1,1
1,1,1,1,1,0,0,1,0,0,0,1,0,0,0,1,0,0,1,0,1,0,1,0,0,0,0,1,0,0,0,1,1,1
1,0,1,0,1,1,1,1,1,1,0,0,0,0,0,1,0,1,0,0,0,1,0,1,0,0,1,1,0,0,0,0,0,0
1,0,1,1,0,0,1,1,1,1,0,0,1,1,0,1,0,0,0,0,0,0,0,1,1,1,1,0,1,0,0,0,1,1
1,1,1,1,0,0,1,0,0,0,1,0,1,0,0,0,1,0,0,0,0,1,0,1,1,0,0,1,1,0,0,0,0,0
1,0,1,0,1,0,1,1,0,1,1,0,0,0,0,0,0,1,1,1,1,0,1,1,0,1,1,1,0,0,1,1,0,0
1,1,0,0,1,0,1,0,0,0,0,0,0,1,1,0,0,1,1,1,1,1,1,0,0,0,0,1,1,1,0,1,0,0
0,1,1,1,0,0,0,0,0,1,0,0,0,1,0,1,0,0,1,1,1,0,1,1,1,1,1,1,1,0,0,0,0,0
0,1,1,0,1,1,1,1,1,1,0,1,0,0,0,1,0,0,0,0,0,1,1,1,0,1,1,1,0,1,0,1,1,1
0,1,0,1,1,0,0,1,0,0,1,1,0,0,0,0,0,0,1,1,1,0,0,0,0,1,0,0,1,0,1,1,0,0
0,1,0,0,0,0,1,0,1,0,0,1,0,1,0,1,0,0,0,0,1,1,1,1,1,0,1,1,0,0,0,1,1,1
1,0,1,0,0,1,0,0,1,1,0,0,1,1,0,1,0,1,0,1,0,1,1,0,1,1,1,1,0,0,0,0,0,0
1,1,1,0,0,1,1,0,1,1,1,1,0,0,0,1,1,0,0,1,0,0,0,0,1,0,0,0,1,0,0,0,0,0
1,0,1,0,0,0,1,1,1,1,0,1,1,1,1,0,1,0,0,1,1,1,0,0,1,1,0,0,1,1,0,1,0,0
1,1,0,1,0,0,0,0,0,1,1,1,1,1,0,1,0,1,1,1,1,1,1,0,1,0,1,1,0,1,0,0,0,0
1,0,0,0,1,1,0,1,1,0,0,0,0,0,1,1,0,0,1,1,0,0,1,0,0,0,1,0,1,1,0,0,1,1
0,1,1,1,1,1,1,0,0,1,0,1,0,0,1,0,0,1,0,1,1,1,1,0,0,1,0,1,1,0,1,0,0,0
1,0,1,0,0,1,0,1,0,1,1,1,1,0,1,1,0,1,1,0,0,1,1,0,0,0,1,0,0,0,0,1,0,0
1,1,0,1,1,0,0,1,1,1,1,1,0,0,1,0,1,0,1,1,1,1,1,0,1,1,1,0,0,1,1,0,0,0
1,1,0,1,1,0,1,0,0,0,1,1,1,0,0,0,0,0,1,1,0,0,1,0,1,0,1,0,0,1,1,0,0,0
0,1,0,1,0,1,1,0,0,0,0,1,0,0,1,1,0,0,1,0,0,1,1,0,1,0,1,0,0,0,0,1,1,1
1,1,0,0,1,0,0,0,0,0,1,0,1,0,1,0,0,1,0,1,1,0,1,1,0,0,1,0,1,1,0,0,0,0
1,1,1,1,1,0,1,1,0,1,0,0,0,1,1,0,1,0,1,1,0,0,0,0,1,0,0,1,1,1,0,0,0,0
1,1,0,1,1,0,0,0,0,0,1,0,0,1,1,0,1,0,1,0,0,1,0,0,0,1,1,1,1,0,0,1,0,0
1,1,0,0,0,1,1,0,1,0,0,0,0,0,0,0,1,0,1,1,0,1,0,1,1,1,0,1,0,1,0,0,0,0
1,0,1,1,0,0,0,1,0,0,1,1,1,1,1,0,1,0,1,0,1,0,1,0,1,0,0,1,1,0,1,1,0,0
1,1,0,0,0,1,0,1,1,1,0,1,0,0,0,1,1,0,0,1,0,1,0,1,1,0,1,0,0,0,1,1,0,0
1,0,0,1,1,0,0,0,0,0,0,0,0,1,1,1,0,1,1,0,0,0,1,1,1,0,1,0,1,1,1,1,0,0
1,1,1,0,0,0,1,1,1,1,1,0,0,0,1,0,0,1,1,1,0,0,0,1,0,1,1,1,1,1,0,1,0,0
1,1,1,0,1,1,0,0,0,0,1,1,1,1,0,0,1,1,0,0,1,0,0,0,0,1,0,0,0,0,1,1,0,0
1,1,0,1,0,0,1,0,1,0,0,1,1,0,1,0,0,1,1,0,0,1,0,0,0,0,0,0,0,1,0,1,0,0
1,1,0,1,0,0,1,1,0,1,0,1,1,1,1,1,0,1,1,0,0,1,1,0,0,0,0,1,1,0,0,0,0,0
0,1,1,1,1,1,0,1,0,1,1,0,1,0,1,0,0,1,1,1,1,1,0,1,0,1,0,1,1,0,0,1,0,0
1,0,0,1,1,0,0,1,1,0,0,1,1,0,1,1,0,1,1,1,0,0,1,1,1,1,0,1,0,0,0,0,0,0
0,0,0,1,0,1,1,0,0,0,1,0,0,1,1,1,0,0,0,1,0,0,0,0,0,1,0,1,0,0,1,0,0,0
0,1,0,1,0,0,0,1,1,0,1,0,1,1,0,1,0,0,1,0,0,1,1,0,0,1,0,0,1,1,0,0,1,1
1,0,1,1,1,1,1,0,0,0,0,0,0,1,1,0,1,0,0,1,1,0,0,1,0,1,1,1,1,0,0,1,0,0
1,0,0,0,0,1,0,0,1,1,0,1,0,0,1,0,0,0,0,0,0,0,0,1,0,0,1,0,1,1,1,1,0,0
1,1,1,1,0,0,1,1,1,0,0,1,0,0,0,1,1,0,1,0,1,1,1,0,1,0,1,1,1,0,1,1,0,0
1,1,1,1,0,0,1,0,0,0,1,0,1,0,1,1,1,0,0,1,0,1,0,0,1,1,1,0,1,0,0,1,0,0
1,0,1,0,0,0,0,0,1,0,0,0,0,1,1,1,0,0,1,1,1,0,1,0,1,1,0,0,0,1,0,0,0,0
1,1,0,0,1,0,1,1,1,1,0,1,1,1,1,0,1,0,0,0,1,0,0,0,1,0,0,1,0,0,1,1,0,0
0,0,0,1,1,0,0,1,0,1,1,1,1,0,0,1,0,0,0,0,0,1,0,1,1,0,1,0,1,0,0,0,0,0
0,1,0,0,1,0,1,1,1,1,0,0,0,0,0,1,0,0,0,0,1,0,0,1,1,0,0,0,1,1,1,0,1,1
1,0,1,1,1,1,1,1,1,0,1,1,1,1,0,1,0,0,1,1,1,1,1,1,1,0,1,1,1,1,1,1,0,0
1,1,0,0,0,0,0,0,1,0,0,1,1,1,0,1,0,0,1,1,1,1,0,0,0,1,0,1,1,0,0,0,0,0
1,1,0,1,0,1,0,0,0,0,1,0,1,1,1,0,1,1,0,0,0,0,1,0,0,0,1,1,1,0,1,0,0,0
1,0,0,0,1,0,1,0,0,1,0,0,0,0,0,0,0,1,1,0,0,0,0,1,0,1,1,0,0,0,0,1,0,0
1,1,0,1,1,1,1,1,0,1,1,1,1,1,0,0,0,0,0,1,1,0,0,0,1,1,1,1,1,1,1,1,0,0
0,0,1,0,1,0,1,1,0,1,0,0,0,1,1,0,0,0,0,1,1,0,0,1,0,0,1,1,1,0,0,1,0,0
0,1,0,1,0,0,1,1,0,1,0,1,1,0,1,0,0,0,1,1,1,1,1,0,1,1,0,0,1,1,0,1,0,0
1,1,1,0,0,0,0,0,1,0,0,0,1,1,1,1,1,0,1,0,1,1,0,1,0,0,0,1,0,0,1,0,0,0
1,1,1,1,1,0,1,1,1,0,1,1,1,1,1,0,1,1,1,0,1,0,0,1,0,0,0,1,0,0,1,0,0,0
1,0,1,0,1,0,1,1,0,1,0,1,1,1,1,1,0,0,0,0,0,0,1,1,0,0,0,0,0,1,0,1,0,0
0,1,0,1,1,1,0,1,0,1,1,0,1,1,0,0,0,0,1,0,0,1,1,0,0,1,0,0,0,0,1,0,0,0
1,1,1,1,0,1,0,1,0,1,1,0,1,1,0,0,0,1,1,0,0,0,0,0,1,0,1,1,0,1,0,0,0,0
1,1,1,0,1,0,0,1,0,1,1,0,0,0,1,0,0,0,0,0,1,0,1,1,0,1,1,1,0,0,0,1,1,1
0,1,1,0,0,0,0,0,1,0,1,1,1,1,0,0,0,0,1,1,0,0,0,0,0,0,1,1,0,1,0,0,0,0
1,1,1,1,1,1,0,1,1,1,1,0,0,0,0,1,0,0,1,1,0,0,0,0,1,0,0,1,0,1,0,0,0,0
0,0,1,0,0,1,1,1,0,0,0,1,0,1,1,0,0,0,0,1,1,0,0,0,0,1,0,1,1,0,1,0,0,0
1,0,1,0,0,0,1,1,0,0,0,0,1,1,1,1,0,1,1,1,1,0,1,1,0,0,0,0,1,0,1,0,1,1
1,0,1,0,1,1,1,1,0,0,0,0,1,0,0,0,1,0,0,0,0,1,1,0,0,0,0,0,0,1,1,1,0,0
0,1,1,1,0,0,1,0,0,0,0,0,0,0,1,0,0,1,1,0,1,0,0,0,1,0,1,1,1,0,1,1,0,0
0,1,1,1,0,0,0,0,0,1,1,0,1,0,0,1,0,1,0,0,0,1,0,1,1,1,1,1,1,0,0,1,0,0
1,0,1,0,0,1,1,0,1,1,0,1,1,1,0,0,0,1,0,1,1,0,1,0,0,0,1,0,1,0,1,1,0,0
0,1,1,0,0,1,0,1,0,1,0,1,0,1,0,1,0,0,1,0,0,0,1,1,1,1,1,1,1,0,1,0,1,1
1,1,1,0,0,0,0,0,1,1,1,0,1,0,1,1,0,1,1,1,1,1,0,1,0,0,1,1,1,0,1,0,0,0
1,1,1,0,0,0,0,1,1,1,0,1,1,1,0,0,0,1,1,0,0,1,1,0,0,1,0,0,1,0,0,1,0,0
1,0,0,1,0,0,1,0,0,1,1,1,0,1,0,0,1,0,0,0,0,1,0,1,1,1,0,0,1,0,0,1,0,0
1,1,1,1,1,1,0,0,1,0,0,0,1,0,0,1,0,1,1,0,0,0,1,0,0,1,0,1,1,0,1,0,0,0
1,1,1,0,1,0,0,0,1,1,1,0,1,1,1,1,1,1,0,1,0,1,1,0,0,0,1,1,1,0,0,0,0,0
1,1,0,1,1,0,0,1,0,1,0,0,0,1,0,1,0,1,1,0,0,1,1,1,1,0,1,0,1,0,1,0,0,0
1,0,0,1,1,1,1,1,1,0,1,1,0,1,0,0,0,0,0,1,1,1,0,0,1,1,1,1,0,0,0,0,1,1
1,1,1,0,0,0,1,1,0,0,1,1,1,1,1,1,0,0,0,1,0,0,0,0,1,1,1,1,1,1,1,0,0,0
1,0,0,1,0,1,1,1,0,1,0,0,1,0,1,0,0,1,1,0,1,1,1,0,1,1,1,1,0,0,0,1,0,0
1,0,1,1,1,1,0,0,1,1,1,0,1,0,0,1,0,1,1,1,0,0,1,0,1,1,0,1,1,1,0,1,0,0
1,0,0,1,0,1,1,1,1,0,1,0,0,0,1,1,1,0,0,0,1,1,0,0,0,0,1,0,0,0,0,1,0,0
0,1,1,0,1,1,1,0,1,0,1,0,0,0,0,0,0,1,0,0,0,0,0,0,1,1,1,0,1,0,0,0,0,0
1,1,0,1,0,0,1,1,0,1,0,0,1,0,0,0,0,1,1,0,0,0,1,0,1,1,1,1,0,1,0,0,0,0
1,0,0,1,0,0,1,0,0,0,1,0,1,1,0,1,0,0,1,0,1,1,0,1,1,1,0,0,0,1,0,1,0,0
1,1,0,1,1,0,1,1,1,1,1,1,0,1,1,1,0,0,1,1,1,0,0,0,1,0,0,0,0,0,1,1,0,0
1,1,0,1,0,1,0,0,1,1,1,1,1,1,1,1,0,0,0,1,1,1,0,1,1,1,1,1,1,1,0,0,0,0
1,0,0,1,0,0,0,0,1,1,0,0,0,1,0,0,1,0,0,0,1,1,1,0,0,1,1,1,0,1,0,0,0,0
1,1,1,1,0,1,0,0,1,0,0,0,0,1,0,1,0,1,1,0,1,0,1,0,1,0,0,1,1,1,1,1,0,0
0,1,0,0,1,1,1,1,1,1,0,0,0,0,1,0,0,0,1,0,1,1,1,0,0,0,1,0,0,1,0,1,1,1
1,1,0,0,0,1,1,1,0,0,1,0,1,1,1,1,0,1,1,0,0,1,1,0,0,1,0,1,0,0,0,1,0,0
1,1,0,0,0,1,1,1,1,0,1,0,1,1,0,0,1,0,0,0,0,0,0,0,0,1,1,1,0,1,0,0,0,0
1,1,0,0,1,1,0,1,0,1,1,1,0,0,1,0,0,0,1,1,1,0,1,0,0,0,0,0,1,1,0,0,0,0
1,0,0,0,1,1,1,0,1,0,0,1,0,0,0,0,0,1,1,1,1,1,0,0,1,0,0,0,1,1,0,1,0,0
1,1,0,1,1,0,1,1,0,1,1,1,0,1,1,1,0,0,0,0,1,0,1,0,1,1,0,1,1,0,0,0,0,0
1,0,0,1,0,1,0,0,1,0,0,0,1,0,0,0,0,0,1,0,1,0,0,0,1,0,0,1,0,0,0,0,1,1
1,1,1,1,1,0,0,1,1,1,0,0,1,0,0,1,1,1,0,1,0,0,1,1,1,0,0,0,0,0,1,0,0,0
1,1,1,1,0,1,1,1,0,1,0,0,1,1,0,0,0,0,1,0,0,0,0,1,0,0,1,1,1,1,0,1,1,1
1,0,1,0,1,1,0,0,0,1,1,0,0,1,1,1,0,1,0,1,0,0,1,1,0,1,1,0,1,1,0,1,0,0
1,1,1,1,0,0,0,0,0,1,0,1,0,1,0,1,0,1,0,1,1,0,0,1,0,1,1,0,1,0,1,1,0,0
1,1,0,0,1,1,1,0,0,1,1,0,0,1,0,0,0,1,0,1,0,0,0,0,1,1,1,0,0,0,1,1,0,0
0,1,1,0,1,1,0,0,0,0,0,1,0,1,1,1,0,1,0,0,1,1,1,1,0,0,1,1,1,1,0,0,0,0
1,0,0,0,1,0,1,0,1,0,1,0,1,0,1,0,0,0,0,0,0,1,0,0,0,0,0,0,1,1,0,1,1,1
0,1,1,0,0,1,0,0,0,0,1,0,1,1,0,0,0,1,0,1,1,1,1,0,1,1,0,1,1,0,1,1,0,0
1,0,0,1,1,1,0,1,1,0,1,1,0,0,0,0,0,1,0,0,0,1,1,0,0,0,0,0,0,1,0,0,0,0
1,1,0,0,1,1,0,1,0,1,0,1,0,0,0,1,0,1,0,0,1,1,0,1,0,1,0,1,1,0,0,1,0,0
1,0,0,1,1,1,0,1,1,1,0,0,0,1,1,1,0,1,0,1,0,0,1,1,1,0,0,1,0,0,0,0,0,0
1,1,0,1,0,0,0,0,0,1,1,0,0,1,0,1,0,0,0,1,0,0,1,1,1,0,1,1,0,1,1,0,1,1
1,0,0,1,0,0,0,0,0,0,1,1,1,1,1,1,0,0,1,0,0,1,1,0,0,0,1,0,1,1,0,1,1,1
1,1,1,1,0,1,0,0,1,1,0,0,0,1,0,1,1,1,1,0,1,1,0,0,1,0,1,1,1,1,0,1,0,0
1,0,1,0,0,0,0,1,1,0,1,0,0,1,1,1,0,1,1,1,0,0,1,0,0,1,0,1,1,0,1,0,0,0
0,1,1,1,0,1,1,1,1,0,1,0,0,0,1,0,0,1,1,0,1,0,1,0,1,1,0,0,1,1,0,0,0,0
0,1,1,1,0,0,0,0,0,0,1,1,0,1,1,1,0,1,1,0,1,0,0,0,1,1,0,1,1,1,0,0,0,0
1,0,1,1,1,0,0,1,1,1,1,1,1,0,0,0,0,1,0,0,0,1,1,1,0,0,1,0,0,0,0,1,0,0
0,1,0,1,0,0,0,0,0,1,1,1,1,1,0,1,0,0,1,1,1,1,1,1,1,1,0,1,1,1,0,1,0,0
1,0,1,1,0,1,1,0,0,0,1,1,1,1,1,1,0,1,1,0,0,1,1,1,1,0,1,1,0,1,0,0,0,0
1,1,0,0,0,0,1,1,1,1,0,0,1,1,0,1,1,0,1,0,0,0,1,0,0,1,1,0,1,1,0,1,0,0
1,0,0,0,0,1,0,0,1,0,0,0,0,1,0,1,0,1,0,0,1,1,0,1,0,1,0,1,0,1,1,0,0,0
1,1,0,0,0,1,0,1,0,1,0,1,1,1,0,1,0,0,1,0,0,1,1,0,0,0,0,0,1,0,1,0,0,0
0,1,1,1,1,1,0,1,1,0,1,0,0,1,1,1,0,0,0,0,0,0,0,1,1,0,1,1,1,1,1,0,1,1
1,0,1,0,1,1,1,1,1,1,0,0,1,1,0,1,0,1,1,1,1,0,0,1,0,0,1,0,0,1,0,0,0,0
1,1,0,1,0,0,1,1,0,1,0,0,1,0,0,0,0,0,1,0,0,1,0,1,0,1,1,1,1,0,1,0,1,1
1,0,1,1,1,1,0,1,1,1,1,1,1,1,1,0,0,1,0,0,0,0,0,0,1,1,0,0,1,1,1,1,0,0
1,1,0,0,0,1,0,1,1,0,0,0,1,0,1,0,0,1,0,1,1,1,1,1,0,1,1,1,0,0,1,0,0,0
1,1,1,0,0,1,0,1,1,0,0,1,0,1,1,0,0,1,1,0,1,0,1,1,1,0,1,1,1,0,1,0,0,0
0,1,1,1,1,1,0,0,0,1,0,0,0,0,0,0,0,0,0,1,0,1,0,1,1,1,0,0,0,1,1,1,1,1
1,1,1,1,0,0,1,1,0,0,0,1,0,0,1,1,0,1,0,0,0,1,0,0,1,1,0,1,1,0,0,1,0,0
0,1,1,0,0,1,0,1,0,0,0,1,1,1,1,0,0,1,0,1,0,1,0,0,1,1,1,0,0,0,1,0,0,0
1,1,1,1,1,1,0,1,1,0,1,1,0,0,0,0,0,0,1,1,1,1,0,0,0,1,1,1,1,0,1,1,0,0
1,0,0,0,0,0,1,0,1,0,1,1,0,1,1,0,0,0,1,0,1,1,1,1,1,0,1,0,0,1,0,0,0,0
1,0,0,0,1,0,1,0,0,0,1,1,0,0,1,0,0,1,0,1,1,0,1,0,0,0,0,1,1,1,0,0,0,0
1,1,1,1,1,0,1,0,0,0,1,1,1,0,1,0,1,0,1,1,0,0,0,1,0,0,1,0,1,1,1,0,0,0
1,0,1,1,0,1,0,1,0,0,1,1,0,1,0,1,0,1,0,0,0,1,1,1,1,0,0,0,1,0,0,1,0,0
0,1,0,0,1,0,1,0,0,1,0,0,1,1,0,0,0,1,0,0,0,1,0,1,1,0,1,0,1,1,0,1,0,0
1,0,0,1,1,0,0,0,1,0,0,0,0,0,1,0,1,0,0,0,0,1,1,0,1,0,0,1,0,1,1,1,0,0
1,1,1,1,1,1,0,1,0,0,0,0,1,0,1,1,1,1,0,0,0,0,1,0,1,1,0,1,1,0,1,1,0,0
1,1,1,1,0,1,1,1,0,0,1,0,0,1,1,0,0,1,0,0,0,1,0,1,0,0,1,0,0,1,0,0,0,0
1,1,1,0,0,0,0,0,0,1,1,0,1,0,1,1,0,1,0,1,0,0,0,1,0,0,1,0,0,0,1,1,0,0
1,1,0,1,1,1,0,1,1,1,1,0,0,1,1,0,1,0,1,0,1,1,1,1,0,1,0,1,0,0,1,1,0,0
1,1,0,0,0,1,0,1,1,1,0,0,1,1,1,1,0,0,1,0,1,0,1,1,0,1,1,1,0,1,1,0,0,0
1,1,1,1,0,1,0,1,1,0,0,1,0,1,0,1,1,0,0,1,0,0,0,1,0,0,1,1,1,0,1,1,0,0
0,1,1,0,1,0,1,0,1,1,1,1,1,0,1,0,0,1,1,0,0,0,0,1,0,1,1,0,1,1,0,1,0,0
1,0,1,1,1,0,1,1,1,0,0,1,1,0,0,0,0,1,0,1,1,1,0,0,0,1,0,0,1,0,1,0,0,0
0,1,1,0,0,1,0,0,0,0,1,1,0,0,1,1,0,1,0,1,1,1,0,1,0,0,1,0,0,1,1,1,0,0
1,1,1,0,1,0,0,1,1,1,1,0,0,1,1,0,0,0,1,1,0,1,1,1,1,1,1,1,0,1,1,1,0,0
0,1,0,1,1,0,1,1,0,1,1,0,0,1,0,0,0,0,1,1,0,0,1,1,1,0,1,1,0,0,0,0,0,0
1,1,1,1,0,0,0,1,1,1,1,1,1,1,1,1,1,1,0,1,1,0,1,0,1,0,0,0,0,0,1,1,0,0
0,1,0,0,0,0,0,0,1,1,0,0,1,0,1,0,0,0,0,1,1,1,0,0,0,1,0,0,1,0,1,1,1,1
1,1,1,0,1,0,1,0,0,1,1,0,1,1,1,1,1,0,1,0,1,1,1,1,1,0,1,0,1,0,1,1,0,0
1,1,0,1,0,1,1,1,1,1,0,1,0,0,1,1,1,0,0,1,1,1,0,0,0,1,0,1,0,1,0,0,0,0
1,1,1,0,0,1,1,0,1,1,0,1,1,1,0,1,0,0,0,0,1,1,0,0,0,1,1,0,1,1,1,1,1,1
1,0,0,0,0,1,0,1,0,0,1,1,1,1,0,1,1,0,0,0,0,1,0,0,1,0,0,0,1,0,0,1,0,0
1,1,0,1,1,0,0,1,0,1,0,0,1,1,1,0,1,0,0,0,1,0,1,0,1,0,1,1,0,1,1,1,0,0
0,1,1,1,1,0,1,1,1,0,1,0,0,1,0,1,0,0,1,1,1,0,0,1,1,1,0,1,1,0,0,0,0,0
0,1,0,0,0,0,0,1,1,1,1,1,0,0,0,1,0,0,1,0,0,1,1,0,0,0,0,1,1,1,1,0,0,0
1,1,0,0,0,0,1,0,1,1,0,1,1,1,0,0,1,0,1,0,0,0,0,1,0,1,0,0,1,1,0,1,0,0
0,0,1,1,1,1,0,1,0,0,0,1,1,0,1,1,0,0,1,1,1,0,1,0,1,1,1,1,0,0,1,0,0,0
1,0,1,1,1,0,1,1,1,0,0,0,0,0,0,1,1,0,0,0,1,0,1,0,0,1,1,1,1,1,0,0,0,0
1,0,1,0,0,1,0,0,0,1,0,0,0,0,1,0,0,0,1,1,1,1,1,0,0,1,0,1,1,0,0,0,0,0
1,0,0,0,0,1,1,0,1,1,0,0,1,1,0,0,0,0,0,0,0,0,0,1,1,0,0,0,1,0,0,0,1,1
1,1,0,0,1,1,0,0,0,1,1,0,0,0,0,1,0,0,1,0,0,1,1,1,0,1,0,0,1,1,1,0,0,0
1,0,1,0,1,0,0,1,1,0,1,1,0,1,0,1,0,1,1,0,0,1,1,1,1,1,0,0,1,0,1,1,0,0
1,1,0,0,0,0,0,1,1,1,0,0,0,1,0,1,0,0,0,0,0,1,1,0,0,1,0,0,0,0,1,1,1,1
1,0,0,0,1,1,1,0,1,1,1,1,0,1,1,1,0,0,0,1,0,0,1,1,0,0,0,1,1,0,0,0,0,0
0,1,0,1,0,0,1,1,1,0,1,0,1,0,1,1,0,0,0,1,0,1,0,1,0,0,1,0,0,0,1,0,1,1
0,1,0,1,1,1,0,0,1,1,0,0,1,1,0,0,0,0,0,1,0,1,1,1,1,1,1,1,0,0,1,0,1,1
1,0,0,1,0,0,1,0,1,0,0,0,1,1,0,0,0,0,0,0,1,1,0,0,1,0,0,0,1,0,1,1,1,1
1,1,0,1,1,1,1,0,1,1,0,1,1,0,1,1,0,0,1,1,0,1,0,1,0,0,1,0,1,0,1,1,0,0
0,1,1,0,0,0,1,0,0,0,1,1,0,1,1,0,0,0,0,0,1,0,1,1,0,0,0,1,1,0,0,1,0,0
1,1,0,0,0,1,0,0,1,0,0,0,1,0,0,0,0,0,0,0,0,0,1,0,0,0,0,1,1,1,1,1,1,1
1,0,1,1,0,0,0,0,0,1,0,1,0,0,0,0,1,0,1,0,0,1,1,1,1,0,0,0,1,0,1,0,0,0
1,1,1,1,0,0,1,1,0,0,1,1,1,1,1,1,1,1,1,0,0,1,0,0,0,1,1,0,0,1,0,1,0,0
1,0,0,0,0,1,0,1,1,0,0,0,0,1,0,1,0,1,1,0,0,1,0,1,0,1,0,1,1,1,0,1,0,0
1,0,1,0,0,1,0,1,1,0,0,0,0,0,0,0,0,1,1,1,0,0,1,0,1,0,0,1,0,1,1,0,0,0
0,1,1,1,0,1,0,0,0,0,1,1,1,0,1,0,0,0,1,0,0,1,1,1,0,0,1,1,0,1,0,1,0,0
1,1,1,1,1,0,0,1,0,0,0,0,1,1,0,0,1,1,0,0,1,1,0,1,0,0,0,1,1,0,1,1,0,0
0,1,0,0,1,0,1,0,0,0,0,0,0,1,1,0,0,0,0,0,0,1,0,1,1,1,1,1,0,0,1,1,0,0
0,1,0,1,1,1,1,1,0,0,0,0,0,0,1,1,0,1,0,1,0,0,1,1,1,1,1,0,0,0,0,1,0,0
0,1,1,1,0,1,0,0,0,1,1,1,1,0,0,0,0,0,0,0,1,0,1,0,1,0,1,0,0,0,1,1,0,0
1,0,1,1,1,0,1,1,0,1,0,0,0,0,0,1,0,0,1,1,0,0,0,0,0,0,1,1,1,0,1,1,1,1
0,1,1,1,0,0,1,1,1,0,0,0,0,0,0,1,0,1,1,0,1,0,1,0,1,0,1,0,0,1,0,1,0,0
0,1,1,1,1,1,1,0,0,0,0,1,1,1,1,1,0,1,1,0,0,1,0,1,0,1,0,0,1,1,0,1,0,0
1,1,0,0,1,1,1,1,1,0,0,0,1,0,0,0,0,1,0,1,1,1,1,0,0,1,1,1,1,1,0,0,0,0
1,0,0,0,0,0,1,1,1,1,0,0,1,1,1,1,0,0,0,0,1,1,1,0,0,0,0,0,1,1,1,0,1,1
1,0,1,1,1,0,1,0,1,1,0,0,1,1,1,0,0,1,1,0,0,1,1,1,1,0,0,1,0,1,1,1,0,0
1,1,1,1,0,1,0,0,1,1,1,0,0,0,0,1,1,1,1,0,1,0,0,1,1,0,0,0,0,0,0,0,0,0
1,1,1,1,0,1,0,1,0,0,0,0,0,1,1,1,1,1,1,0,1,1,0,0,0,1,0,1,1,1,1,1,0,0
1,1,1,0,1,0,1,1,0,1,0,1,0,0,0,0,0,0,0,1,0,1,1,1,1,0,1,0,0,0,1,0,1,1
1,1,0,1,1,1,0,0,0,0,1,0,0,1,1,0,1,0,1,0,1,1,0,1,1,0,0,0,0,0,1,0,0,0
1,0,1,0,1,0,1,1,0,0,0,0,0,1,0,0,0,0,0,0,1,0,1,0,0,1,1,1,1,0,1,1,1,1
1,0,0,1,0,0,1,1,1,1,0,1,1,0,1,0,0,0,1,0,0,0,1,0,1,1,0,1,0,0,1,1,0,0
0,1,0,1,1,1,0,1,0,0,0,1,0,1,1,1,0,0,0,1,0,0,0,0,1,1,1,0,0,1,0,0,0,0
0,1,0,1,1,1,0,1,0,1,0,0,0,1,0,0,0,0,1,1,0,1,1,0,0,0,1,1,0,0,0,1,0,0
0,0,1,1,0,1,0,1,1,1,0,0,0,1,1,0,0,0,1,1,0,0,1,0,1,1,1,1,0,1,1,1,0,0
0,1,0,1,1,0,0,1,1,1,0,0,1,0,1,0,0,0,0,0,1,1,0,0,0,1,0,0,0,0,1,1,1,1
1,1,0,0,0,1,1,0,0,0,1,1,0,1,0,1,1,0,0,0,0,1,1,0,1,0,1,0,1,1,1,1,0,0
1,1,1,1,0,1,1,0,0,1,1,0,1,0,0,0,0,1,0,0,0,0,0,1,0,1,1,0,0,1,1,1,0,0
1,1,1,0,1,1,0,1,1,1,0,0,0,1,0,1,1,0,0,0,0,1,0,0,0,0,1,1,1,1,1,1,0,0
1,1,0,0,0,1,0,1,1,0,0,1,1,1,1,1,1,0,0,0,0,1,0,0,0,0,1,1,0,1,1,0,0,0
1,1,1,0,1,0,0,1,0,1,1,0,0,0,0,0,0,1,0,1,1,0,1,1,0,0,1,0,0,0,1,0,0,0
1,0,1,1,1,0,1,1,0,0,0,0,1,1,0,0,0,1,1,0,0,1,1,0,0,1,0,0,0,0,0,1,0,0
1,0,1,1,1,0,1,0,0,1,0,1,1,0,0,1,0,1,0,1,1,0,0,0,1,1,1,1,0,1,0,1,0,0
1,1,1,1,0,1,1,1,1,0,0,1,1,1,0,1,1,1,1,1,0,0,0,1,1,0,1,0,0,0,0,1,0,0
1,1,1,1,0,1,1,1,1,0,0,0,1,0,1,1,0,1,1,1,0,1,1,0,1,0,0,0,0,1,1,0,0,0
1,1,1,1,0,1,1,1,1,1,0,0,1,1,1,1,0,1,1,0,1,0,0,1,0,1,0,1,0,0,0,1,0,0
1,1,1,1,1,0,1,0,0,0,1,1,1,1,1,1,1,0,0,0,0,0,1,1,1,0,1,0,0,1,1,1,0,0
1,0,1,0,0,0,0,1,1,0,1,0,0,0,1,1,0,1,0,0,0,1,1,1,0,1,1,0,1,1,1,0,0,0
1,1,1,1,0,1,0,0,0,0,1,1,1,1,0,1,0,0,1,0,1,0,0,1,0,0,0,1,1,0,0,1,0,0
1,1,0,1,0,0,0,1,0,0,1,0,1,0,0,0,0,1,1,1,1,0,1,1,1,1,1,0,0,0,0,0,0,0
1,0,0,0,1,0,0,1,1,0,0,0,1,0,1,0,0,0,1,0,1,0,0,0,0,0,0,0,1,0,1,1,1,1
1,0,1,1,0,1,1,1,0,0,1,0,1,1,0,1,0,1,0,0,0,0,1,1,1,0,1,1,1,0,0,1,0,0
1,0,1,0,0,1,0,0,1,0,1,0,0,0,1,1,0,0,1,1,0,1,0,1,0,0,1,1,0,0,0,0,0,0
1,0,0,1,1,0,0,0,0,0,0,0,1,1,1,0,0,0,0,0,1,1,0,0,1,0,1,0,1,1,1,1,1,1
1,1,1,0,1,1,1,0,0,1,0,0,0,0,0,0,1,1,0,1,0,1,0,0,0,1,1,1,1,1,0,0,0,0
1,1,0,1,0,0,1,1,1,0,1,0,0,0,0,0,1,1,0,0,0,1,1,0,0,0,0,1,0,0,1,0,0,0
0,1,1,0,0,1,1,0,0,0,0,1,1,1,0,0,0,1,1,0,0,0,1,0,0,1,1,1,0,1,1,0,0,0
1,0,0,1,1,0,1,1,0,1,1,0,0,0,1,0,1,0,0,0,1,0,0,0,0,1,0,0,1,0,0,1,0,0
0,0,0,1,1,1,0,0,1,0,0,1,0,0,0,0,0,0,0,0,0,0,1,0,0,1,0,0,1,1,1,0,0,0
1,1,1,1,1,0,1,0,1,0,1,1,0,0,0,0,1,1,0,1,0,1,1,1,0,0,1,1,1,1,1,0,0,0
1,1,1,1,1,0,0,1,1,1,0,1,1,0,1,1,0,1,0,0,1,1,1,0,0,0,0,1,0,0,0,0,0,0
1,1,0,0,1,0,0,1,0,0,0,0,1,0,1,1,0,1,0,0,0,1,0,1,1,1,0,0,1,1,1,0,0,0
1,1,1,1,1,1,0,1,0,1,1,0,0,1,0,0,1,0,1,0,1,1,0,0,0,0,1,0,0,1,1,1,0,0
1,1,1,0,1,1,0,1,0,0,1,1,0,0,0,0,1,0,0,1,1,0,0,0,1,0,0,0,1,0,1,1,0,0
1,1,0,0,0,0,1,0,1,0,0,1,1,1,0,1,1,0,0,0,1,0,0,1,0,1,0,1,1,0,0,1,0,0
1,0,0,1,1,1,0,1,1,0,0,0,1,1,1,0,0,0,0,1,0,0,1,1,0,0,0,1,0,0,1,0,1,1
1,1,1,1,1,1,1,0,0,0,1,0,0,0,1,1,0,1,0,0,1,1,0,1,0,1,0,0,0,0,1,1,0,0
1,1,0,0,0,1,1,1,1,0,1,0,0,1,0,1,0,1,0,0,0,0,0,0,0,0,1,0,0,1,0,0,0,0
1,1,1,0,1,1,1,1,0,1,0,1,0,1,1,0,0,0,1,0,0,1,1,0,0,1,0,0,0,1,1,0,1,1
1,1,0,1,1,1,0,0,0,1,1,1,1,1,1,1,0,1,0,1,0,1,0,1,0,1,0,1,0,0,1,0,0,0
1,1,1,1,1,1,0,1,0,1,0,1,0,0,1,0,0,1,0,1,1,1,1,0,0,0,1,1,1,1,0,1,0,0
1,0,0,1,0,1,0,0,1,0,0,0,0,0,1,0,0,1,0,0,1,1,0,1,0,0,0,1,1,0,0,0,0,0
1,1,1,0,0,0,1,1,1,1,0,0,0,0,1,0,0,0,1,1,1,1,1,0,1,0,1,1,0,0,1,0,0,0
1,0,1,1,1,1,1,1,0,0,0,0,1,0,0,0,0,1,1,0,1,0,0,0,1,1,0,0,1,0,1,0,0,0
1,1,1,1,1,1,0,0,0,0,1,0,1,0,0,0,1,1,0,0,1,0,1,0,0,1,1,0,1,1,1,0,0,0
1,1,1,0,0,1,0,0,1,1,0,1,0,1,1,0,1,1,0,1,0,0,1,0,1,0,0,0,1,0,1,0,0,0
1,1,0,1,0,0,0,1,1,1,1,1,0,1,1,1,0,0,1,0,1,0,1,0,1,1,0,1,0,0,0,0,0,0
1,0,0,0,1,1,1,1,0,0,1,0,1,1,0,1,0,1,0,1,1,0,1,1,0,1,1,1,1,1,0,0,0,0
0,1,0,1,1,0,1,0,0,1,0,1,1,0,1,1,0,0,1,0,0,0,0,1,1,0,0,0,1,1,1,1,1,1
1,1,1,1,1,1,1,1,0,1,1,1,0,1,1,1,1,0,0,1,0,0,0,0,0,1,0,1,0,1,1,1,0,0
1,0,1,0,1,1,0,1,1,1,1,0,0,0,0,0,0,1,0,0,0,0,0,0,0,1,0,0,1,1,1,0,0,0
1,0,1,0,1,0,1,0,0,1,1,1,1,0,1,0,0,1,0,0,0,0,1,0,1,1,1,0,1,0,0,1,0,0
1,0,1,1,0,0,1,0,1,1,1,1,0,1,0,1,0,0,1,1,1,1,0,1,1,1,0,0,1,1,0,0,0,0
1,1,0,0,1,0,0,1,1,1,0,0,1,1,0,1,0,1,1,0,0,1,1,0,0,1,0,1,0,0,1,1,0,0
1,0,0,1,1,0,1,0,1,0,1,1,0,1,1,1,0,1,1,0,1,1,1,1,1,0,1,1,0,1,1,1,0,0
0,1,1,1,1,0,0,0,0,1,0,0,1,1,1,1,0,0,0,0,1,0,0,0,0,0,0,0,1,1,1,1,1,1
1,0,0,0,1,1,0,0,0,0,1,1,1,0,1,1,0,0,0,0,1,0,0,1,1,1,0,0,0,1,0,0,0,0
1,1,0,1,0,1,0,1,1,0,1,0,1,0,0,0,0,1,0,1,0,0,1,0,0,1,1,0,0,1,0,1,0,0
0,1,1,1,1,1,1,1,0,1,1,1,0,1,1,0,0,0,0,1,0,1,0,1,0,1,0,0,0,1,1,0,0,0
0,1,0,1,1,1,0,1,1,0,1,1,1,0,0,0,0,0,1,1,0,0,1,1,1,1,0,0,1,0,0,1,0,0
0,1,1,1,1,1,0,0,1,1,1,1,0,0,1,1,0,0,1,0,0,0,0,1,1,1,0,1,0,1,1,1,0,0
1,0,0,1,1,1,1,1,0,1,1,0,1,1,1,1,0,1,0,1,1,1,1,0,0,1,0,0,1,0,0,1,0,0
1,1,0,0,0,0,1,0,1,0,1,0,0,1,0,1,0,1,1,1,1,1,1,0,1,0,0,0,0,0,0,0,0,0
1,1,1,0,1,0,0,0,1,0,1,1,0,0,1,0,1,0,1,1,1,0,1,1,1,1,1,0,1,0,0,1,0,0
1,1,1,0,0,0,0,0,1,1,1,1,1,0,1,0,0,0,1,1,0,0,1,1,1,0,1,1,0,1,1,1,0,0
0,0,1,1,0,0,0,1,0,0,1,1,0,1,0,1,0,0,0,1,0,1,1,0,0,0,0,0,1,1,1,0,1,1
1,1,0,0,0,1,0,0,0,0,0,1,1,1,1,1,1,0,1,0,1,0,0,1,0,0,1,0,0,0,0,1,0,0
1,1,0,1,1,0,1,0,0,1,1,1,0,1,1,0,0,0,1,1,0,1,1,0,1,0,0,0,1,0,0,1,0,0
0,1,0,1,1,1,1,0,0,1,1,1,0,0,1,1,0,0,1,0,0,1,1,0,1,1,1,1,0,1,1,0,0,0
1,0,0,1,1,1,1,0,1,1,1,1,1,0,0,0,1,0,0,0,1,0,0,0,0,0,0,0,1,0,1,1,0,0
1,0,1,0,1,0,1,0,1,1,0,0,1,1,1,1,0,0,0,0,0,1,0,0,0,0,1,0,0,0,0,1,0,0
1,0,1,0,0,0,0,1,0,0,0,0,1,1,1,1,0,1,1,1,0,1,0,1,1,0,0,0,0,1,0,0,0,0
1,1,0,0,0,1,0,0,1,1,1,0,0,0,1,0,1,0,0,0,1,0,1,1,1,0,0,1,0,0,0,0,0,0
1,1,0,1,1,0,0,1,0,1,0,1,0,1,1,1,0,1,0,1,0,0,1,1,0,1,1,0,1,0,0,1,0,0
1,1,1,1,0,0,1,0,0,0,1,1,1,0,1,1,1,1,0,1,1,0,1,0,1,0,0,1,0,0,1,1,0,0
0,1,0,0,0,0,0,1,0,1,0,1,0,1,0,0,0,0,0,1,1,0,0,0,1,1,0,1,1,1,0,1,1,1
0,0,1,0,0,0,1,0,1,0,1,1,1,0,0,0,0,0,0,1,0,0,1,0,1,1,0,0,1,1,1,0,1,1
0,1,1,1,0,1,0,1,0,0,1,0,1,1,1,1,0,0,1,1,1,0,0,1,1,0,0,0,1,1,1,1,0,0
0,1,1,0,0,1,0,1,0,1,0,0,1,1,1,1,0,1,0,1,1,1,1,0,0,1,1,1,0,0,0,1,0,0
1,0,1,0,0,1,0,1,1,0,0,1,0,0,0,0,0,1,0,1,1,1,0,1,0,0,1,1,0,0,1,1,0,0
0,1,0,1,0,0,1,0,0,0,0,0,1,1,0,0,0,0,1,1,0,1,0,1,1,0,1,0,0,0,1,1,1,1
1,0,0,1,1,1,1,1,0,1,0,1,1,0,1,0,0,0,1,0,0,1,1,1,0,0,1,0,1,0,0,0,0,0
1,1,1,0,0,0,1,0,1,1,0,0,1,1,1,1,1,0,1,1,0,0,0,1,1,0,0,0,1,1,0,0,0,0
1,1,1,1,0,0,1,0,0,0,1,0,0,1,0,0,0,0,1,1,0,1,0,0,0,0,1,1,0,1,0,1,0,0
1,0,1,1,1,1,0,0,0,1,1,1,1,1,0,0,0,1,1,1,0,0,1,1,0,1,0,0,0,0,1,0,0,0
1,1,1,0,1,1,0,1,1,0,1,1,0,1,1,0,1,1,0,1,1,0,1,1,1,1,1,0,0,1,1,1,0,0
1,1,1,1,1,1,1,0,1,1,1,0,0,0,0,1,1,0,0,0,1,0,0,1,1,1,1,1,0,1,1,1,0,0
1,1,0,1,0,0,0,1,1,0,0,1,1,0,0,1,1,0,1,1,0,1,0,0,1,0,0,1,0,1,0,0,0,0
1,0,1,1,1,0,0,1,1,1,1,0,0,0,0,1,0,0,0,0,0,0,1,0,0,0,1,0,0,0,0,0,0,0
1,1,1,1,1,0,0,0,0,1,0,0,0,0,0,1,0,0,1,1,0,0,0,1,0,0,0,0,1,0,0,0,1,1
1,1,0,0,1,0,1,0,1,0,1,0,1,1,0,0,0,1,0,0,1,1,0,1,1,1,1,0,0,0,0,1,0,0
1,0,1,0,0,0,0,1,0,1,1,1,1,0,1,1,1,0,0,0,0,0,1,0,0,1,0,1,0,0,1,1,0,0
1,0,1,0,1,1,0,1,0,1,0,0,1,1,1,1,0,0,0,1,0,0,0,1,0,0,0,1,1,0,1,1,0,0
1,1,0,0,0,1,1,1,0,1,1,1,1,1,0,0,0,1,0,0,1,1,0,1,0,1,0,1,1,0,0,0,0,0
1,1,1,1,1,0,1,1,0,1,1,1,0,1,0,1,1,1,1,1,0,1,1,0,1,0,0,0,0,1,0,1,0,0
0,1,1,0,1,1,0,0,1,1,0,1,1,0,0,1,0,0,0,0,0,0,1,0,1,1,0,0,1,1,0,0,0,0
1,1,1,1,0,0,1,1,0,1,1,0,0,0,0,1,1,0,0,0,0,0,1,1,0,1,1,0,1,0,0,0,0,0
1,0,1,0,1,0,0,0,1,0,0,0,0,1,0,1,0,1,0,1,1,0,1,0,1,0,1,0,0,1,0,0,0,0
0,1,1,0,0,0,1,1,0,0,0,1,1,0,0,1,0,0,0,0,1,1,1,0,1,1,0,0,1,1,0,1,1,1
1,1,0,1,0,1,0,0,0,1,1,0,0,0,0,0,1,0,0,0,0,1,0,0,0,1,0,0,0,1,1,1,0,0
1,0,1,0,1,0,1,0,1,1,0,1,0,0,1,0,1,0,1,0,0,0,1,1,0,0,1,1,1,1,1,0,0,0
1,1,1,0,0,1,1,0,0,0,0,0,0,1,1,0,1,0,1,0,0,0,0,1,0,1,1,1,1,0,1,1,0,0
1,1,1,1,0,0,1,0,0,0,1,1,0,0,1,1,1,0,1,1,0,1,1,1,1,1,1,1,1,0,1,1,0,0
1,1,0,1,0,0,0,1,0,0,1,1,0,1,0,1,0,0,1,0,1,0,1,0,1,0,1,1,0,0,0,1,0,0
1,0,1,1,1,0,0,1,1,1,1,0,0,0,1,1,1,0,0,0,1,1,0,0,1,0,0,0,0,0,1,0,0,0
1,1,1,0,1,0,1,1,1,1,0,1,0,0,0,1,0,1,0,1,1,1,0,1,0,1,1,0,0,0,1,1,0,0
1,1,1,1,0,0,0,0,1,0,0,0,1,0,0,0,1,0,0,0,0,0,0,1,0,0,0,1,0,0,0,1,0,0
1,0,1,0,1,0,0,1,0,0,0,1,0,1,1,1,0,1,0,0,0,0,0,0,1,1,0,1,1,0,1,1,0,0
1,1,1,1,0,0,0,1,0,0,1,1,0,1,0,1,1,1,1,0,0,0,0,1,0,0,0,1,0,1,0,0,0,0
1,0,1,1,1,1,1,0,0,0,1,0,0,0,0,1,1,0,0,0,0,1,1,1,0,1,0,1,1,0,0,1,0,0
1,1,0,0,1,1,0,0,0,0,0,0,0,1,1,1,0,0,0,1,1,1,0,1,1,1,0,0,0,0,0,0,1,1
0,1,0,0,1,0,1,1,1,0,1,0,0,0,0,0,0,0,0,0,1,0,1,1,0,0,0,1,1,1,1,0,1,1
1,1,1,1,1,0,1,1,1,1,0,0,1,1,1,0,1,1,0,0,0,1,1,0,1,0,1,1,0,1,0,1,0,0
1,0,0,0,1,0,1,1,1,1,1,0,1,1,0,0,0,1,0,0,0,0,1,0,1,1,0,1,0,0,1,1,0,0
0,1,0,1,1,0,1,1,1,0,0,0,1,1,0,1,0,0,1,0,0,0,1,1,1,0,1,1,1,1,0,0,1,1
1,1,0,1,1,1,1,1,1,1,1,0,0,1,1,0,0,0,1,0,1,0,0,0,0,0,1,0,0,0,1,0,0,0
0,1,0,0,1,0,0,1,1,0,0,0,1,1,1,1,0,0,0,0,0,1,0,1,1,1,1,0,0,0,0,0,1,1
1,0,0,0,0,0,1,1,1,0,0,1,0,0,1,1,0,1,0,0,1,0,0,0,1,0,1,0,0,1,1,0,0,0
1,0,1,0,0,0,0,0,1,1,1,0,0,0,0,1,0,1,0,1,0,0,0,0,0,1,0,1,0,1,1,1,0,0
1,1,1,0,1,1,0,0,1,0,0,0,1,1,1,0,1,1,0,0,0,1,1,1,0,1,1,0,1,0,0,1,0,0
1,0,1,0,0,0,0,1,0,0,0,0,1,1,0,0,0,0,0,1,0,0,1,1,1,0,1,1,0,0,0,1,1,1
1,1,0,1,1,1,0,1,1,1,1,0,0,0,0,1,0,0,0,1,1,0,0,0,0,1,0,0,1,0,0,0,0,0
1,1,1,0,1,1,1,1,1,0,0,1,0,0,1,1,0,1,1,0,1,1,1,1,1,1,1,1,0,0,0,0,0,0
1,1,1,1,0,0,1,1,1,0,0,0,1,0,0,0,1,0,0,0,1,0,0,0,0,1,0,0,0,1,1,1,0,0
1,1,1,1,1,1,0,0,0,0,1,1,1,1,1,0,0,1,1,1,1,0,1,0,1,0,0,1,0,0,1,0,0,0
1,1,1,0,0,1,0,1,1,0,0,1,1,0,1,0,0,0,1,1,0,1,1,1,1,1,1,1,1,0,0,1,0,0
1,1,1,1,0,0,0,1,0,0,1,0,0,1,1,1,1,0,1,1,1,1,0,1,0,1,0,1,0,0,1,1,0,0
1,0,1,0,1,1,1,0,0,1,1,1,0,0,1,0,0,1,1,0,1,0,0,0,1,1,1,1,1,1,0,1,0,0
0,1,1,0,1,1,1,1,1,1,0,1,0,0,0,0,0,0,0,1,0,0,0,1,0,1,1,1,0,0,1,1,1,1
1,0,1,0,0,0,1,1,0,0,1,1,1,1,1,1,0,0,0,1,0,1,0,0,1,1,0,1,1,0,1,1,0,0
1,0,0,1,1,1,1,1,1,0,0,1,0,1,1,1,0,1,0,0,1,1,1,1,0,1,0,1,0,0,1,0,0,0
1,1,1,0,0,1,1,0,1,1,0,0,1,1,1,1,1,0,1,1,0,0,0,1,0,1,1,0,0,1,1,0,0,0
1,0,0,0,0,0,0,1,0,1,1,1,1,1,1,1,0,1,0,1,1,0,1,0,0,1,1,1,1,0,0,0,1,1
1,0,0,0,0,0,0,0,1,1,1,0,0,0,1,1,0,0,1,0,0,0,1,0,0,0,1,0,0,1,0,0,0,0
1,0,1,1,0,0,0,0,0,0,0,1,0,0,1,0,1,0,1,0,1,1,0,0,0,1,1,1,0,1,0,1,0,0
1,1,0,1,0,1,0,0,0,1,1,0,1,0,1,0,1,0,1,1,0,0,0,0,0,1,0,0,1,1,0,1,0,0
1,0,0,0,0,0,1,1,1,1,0,1,1,1,1,0,0,0,1,0,1,0,0,1,1,1,0,1,0,0,0,1,0,0
1,0,0,0,1,1,0,0,1,0,0,0,1,1,0,1,0,1,1,1,0,0,0,0,1,1,0,1,0,1,1,0,0,0
1,0,1,1,0,0,1,1,0,0,1,0,0,1,0,0,1,0,0,0,0,0,0,0,1,1,1,1,1,1,0,1,0,0
0,0,1,0,0,1,1,0,0,0,0,1,1,0,1,1,0,0,0,1,1,0,1,0,0,0,1,0,0,1,0,0,0,0
1,0,1,1,0,1,0,1,0,1,1,0,1,0,0,1,0,0,0,0,0,0,1,0,1,0,1,1,1,1,0,1,1,1
1,0,0,1,1,1,1,0,0,1,0,1,1,1,0,1,0,0,1,1,1,0,0,0,1,0,0,0,0,0,0,0,0,0
0,1,0,1,1,1,1,0,0,0,1,0,1,0,0,0,0,0,0,0,1,0,1,0,1,1,0,1,0,0,1,0,1,1
1,1,1,1,0,1,1,0,1,1,1,0,0,0,0,1,0,1,0,1,0,1,1,1,1,1,0,0,1,1,0,1,0,0
0,1,0,1,1,1,0,1,0,0,0,0,1,0,1,0,0,0,1,1,0,1,1,1,0,0,0,1,0,0,1,1,1,1
1,1,0,1,1,0,1,1,0,1,1,1,1,1,0,1,0,1,0,0,0,0,0,1,0,1,0,0,1,0,1,1,0,0
1,0,1,1,0,1,1,1,0,1,1,1,1,1,1,0,0,1,1,1,0,1,0,1,1,1,1,1,1,0,1,1,0,0
1,0,1,0,0,1,1,1,1,1,1,0,1,0,0,0,1,0,0,1,1,0,1,1,1,0,1,0,1,0,0,1,0,0
1,1,0,0,0,0,0,1,0,0,0,1,0,1,1,1,1,0,1,0,1,0,1,0,1,1,1,1,1,0,1,0,0,0
1,1,0,0,1,0,1,0,0,1,1,0,1,1,0,0,0,0,0,0,1,1,0,1,1,0,1,0,0,0,1,1,1,1
1,0,0,0,0,1,1,0,1,1,0,0,0,1,0,0,0,0,0,1,1,0,0,1,0,1,0,1,1,0,1,0,1,1
1,1,0,0,1,1,0,0,1,1,1,1,1,1,1,1,0,0,0,0,1,0,1,1,1,0,1,1,1,1,0,0,0,0
1,1,1,0,1,1,0,1,1,0,0,1,0,1,1,0,0,1,1,0,1,1,0,0,1,0,1,1,0,1,0,1,0,0
0,1,0,1,1,1,1,0,0,1,1,0,1,1,1,1,0,0,1,0,1,0,1,1,0,0,0,0,0,0,1,0,0,0
1,1,1,0,1,0,1,0,1,0,0,1,0,0,0,1,0,1,1,1,1,1,0,1,0,1,0,0,0,1,1,0,0,0
1,1,1,0,1,0,0,0,1,1,1,1,0,1,0,0,1,1,1,0,0,1,1,0,0,0,0,1,1,1,0,0,0,0
1,0,1,0,1,0,0,0,0,1,1,1,0,0,0,0,0,1,0,0,0,1,0,0,0,1,0,0,0,0,1,0,0,0
0,1,0,0,0,0,1,0,0,1,1,1,0,0,1,0,0,0,0,1,0,1,1,0,1,0,1,1,1,1,0,0,1,1
1,0,1,0,1,1,1,1,1,0,1,1,1,0,0,1,1,0,0,1,1,0,0,0,0,0,0,1,1,1,1,1,0,0
1,1,0,0,1,0,0,0,1,0,1,1,0,1,1,0,0,0,1,0,1,1,1,0,1,1,0,0,1,0,1,0,0,0
1,1,0,1,0,1,1,0,1,1,1,0,0,0,1,1,0,0,1,0,1,1,0,1,0,1,1,1,1,0,1,1,0,0
1,1,1,1,0,1,0,1,0,0,1,0,1,0,1,0,1,1,1,0,1,1,1,0,1,0,1,1,1,0,1,1,0,0
1,1,0,1,1,1,1,1,0,1,0,1,0,1,0,0,0,1,1,0,1,1,1,0,0,1,1,1,0,0,1,1,0,0
0,1,0,1,1,1,0,1,1,0,1,1,1,0,0,1,0,1,0,1,1,1,0,0,0,0,0,0,0,1,0,1,0,0
1,1,0,1,1,1,1,0,1,1,1,0,1,0,1,1,1,0,1,1,1,1,0,0,0,0,1,0,0,0,0,1,0,0
1,0,0,0,1,1,1,0,0,0,0,0,0,1,1,1,0,1,0,1,1,0,0,0,0,0,0,1,0,1,1,1,0,0
1,1,1,1,0,0,1,0,0,0,0,0,0,1,0,1,0,0,0,0,0,0,0,1,0,1,0,0,1,0,0,1,1,1
0,1,1,0,0,0,0,0,0,0,0,0,0,0,1,0,0,0,1,1,1,1,1,0,0,0,0,1,0,0,1,0,1,1
1,1,1,1,0,1,1,0,1,1,0,0,0,1,0,1,0,0,0,0,1,0,0,1,1,1,1,0,0,1,0,1,1,1
1,0,0,1,1,0,1,0,0,1,0,0,0,0,0,0,0,0,0,0,0,0,1,1,0,1,0,1,0,0,1,0,1,1
1,1,0,0,1,1,0,1,0,0,0,1,0,1,0,0,0,0,1,1,0,1,1,0,1,0,0,1,0,1,0,0,0,0
0,1,1,0,1,1,1,1,1,1,0,0,1,0,0,1,0,0,0,0,1,0,0,1,1,1,0,0,1,0,0,1,1,1
1,1,1,1,1,0,0,0,1,1,1,0,0,1,0,1,0,1,0,0,0,1,0,0,0,0,0,1,1,0,0,1,0,0
1,0,0,0,1,1,0,1,0,0,1,0,0,1,1,0,0,1,0,0,0,1,1,1,1,0,0,0,1,0,1,0,0,0
1,1,1,0,1,1,0,1,0,0,0,1,1,0,0,1,1,0,0,1,1,1,1,1,0,1,0,0,1,0,0,0,0,0
1,0,0,1,1,1,1,1,1,1,0,1,1,1,0,0,0,0,0,1,0,0,0,1,0,0,0,1,0,1,0,0,1,1
1,0,0,0,1,1,1,1,1,1,1,0,0,1,1,1,0,1,1,1,1,1,1,0,0,1,0,0,1,0,0,0,0,0
1,0,0,0,1,1,1,1,1,0,1,1,0,0,1,1,0,0,0,1,1,1,1,1,0,1,1,1,1,1,1,0,1,1
1,1,1,0,0,1,0,0,0,0,0,1,0,1,1,0,1,0,1,0,0,0,1,1,1,1,0,1,1,1,1,1,0,0
1,1,1,0,1,0,0,1,0,0,0,1,0,1,0,0,1,0,1,0,0,0,1,0,0,1,1,0,0,0,1,1,0,0
1,1,0,1,1,1,0,0,1,1,0,1,1,1,0,0,1,1,0,0,0,0,1,0,0,0,0,0,1,0,1,0,0,0
1,1,1,1,1,0,0,0,1,1,1,0,1,1,1,1,1,0,1,1,1,0,1,0,0,1,0,0,1,1,1,0,0,0
1,1,0,1,1,0,1,1,1,1,0,1,1,0,0,1,0,0,0,1,1,1,1,0,0,1,1,0,1,0,1,0,0,0
1,1,0,0,0,1,1,1,1,1,0,1,1,0,0,1,0,0,0,0,1,1,0,1,1,1,1,1,0,0,0,0,0,0
0,1,0,0,0,0,0,0,1,0,0,0,1,0,1,0,0,0,1,1,1,1,1,1,0,1,0,1,1,0,1,0,1,1
0,0,1,1,1,1,0,1,0,0,1,1,0,0,0,0,0,0,1,0,0,0,0,1,1,1,0,1,0,0,0,1,1,1
1,0,1,0,1,1,1,0,1,1,1,0,1,0,0,1,0,0,0,0,0,0,1,0,1,0,0,0,1,0,1,0,0,0
1,0,1,1,1,1,1,1,1,1,1,0,1,1,0,1,0,0,1,1,1,0,1,1,1,0,0,0,1,0,0,1,0,0
0,0,0,1,1,0,1,1,0,0,1,0,0,1,1,0,0,0,0,1,0,1,0,1,1,1,1,0,1,1,1,0,0,0
1,0,1,0,1,1,0,1,0,1,0,0,1,0,0,1,0,1,1,0,0,1,1,0,0,1,1,1,1,1,1,1,0,0
1,1,0,1,1,1,1,0,1,1,1,1,1,1,0,1,1,0,0,1,1,0,0,1,0,0,1,1,1,0,1,1,0,0
1,1,0,0,1,1,1,1,0,0,0,0,0,1,1,0,0,0,0,0,0,1,0,1,1,1,0,0,0,0,1,0,1,1
1,0,1,1,1,0,0,1,0,1,1,1,1,0,0,0,0,1,1,1,0,1,1,1,1,1,1,0,1,0,0,1,0,0
1,0,1,0,0,0,1,1,1,0,1,1,1,1,0,1,0,0,1,1,1,0,0,0,0,0,0,0,0,1,1,0,0,0
1,0,1,0,0,0,0,0,0,1,0,0,1,0,0,0,0,0,0,0,1,0,0,1,0,0,0,0,0,1,0,0,1,1
1,1,1,0,0,0,0,0,1,1,1,0,0,1,0,1,1,0,0,0,1,1,1,0,0,1,1,0,0,1,0,1,0,0
1,1,0,0,1,0,0,0,0,1,0,1,0,1,1,1,0,0,1,0,0,0,0,0,0,0,0,0,0,1,1,1,1,1
0,1,0,1,0,0,1,0,0,0,1,1,0,1,1,0,0,0,1,0,1,1,1,1,0,0,1,1,0,1,0,1,0,0
1,0,1,1,1,0,1,1,0,1,1,1,1,0,1,1,0,0,1,1,1,1,1,1,0,0,1,0,0,0,1,0,0,0
1,1,1,0,0,1,1,0,0,1,1,0,1,0,1,0,0,0,1,0,1,0,0,1,1,1,0,0,0,0,1,0,0,0
1,0,1,1,0,1,1,1,1,0,0,1,0,1,0,1,0,1,0,1,1,1,0,1,0,0,1,1,1,1,0,1,0,0
1,1,1,0,1,1,0,0,0,1,1,0,1,1,1,0,0,1,0,1,0,1,1,0,0,1,1,1,0,1,1,0,0,0
0,1,0,1,1,0,1,1,0,0,0,1,0,0,1,0,0,0,0,1,1,1,0,1,0,0,0,0,1,0,0,1,1,1
0,1,1,1,0,0,1,0,0,0,0,0,1,0,0,1,0,1,1,0,1,1,1,0,1,1,0,1,0,0,1,0,0,0
1,0,0,1,1,0,1,1,1,1,1,1,1,0,0,1,0,1,0,1,0,1,1,1,1,1,1,0,1,1,0,1,0,0
1,1,0,0,0,0,0,1,0,1,0,0,0,1,1,1,1,0,1,1,1,0,1,1,1,1,0,1,0,0,0,0,0,0
0,1,1,1,1,1,1,0,0,1,1,1,0,1,1,1,0,0,0,0,1,1,1,0,1,1,0,1,1,0,0,1,0,0
1,1,0,1,1,1,0,0,0,0,0,1,1,0,1,0,0,1,0,0,0,0,1,0,0,1,0,1,0,1,1,1,0,0
1,0,1,1,0,0,1,1,1,1,0,0,0,0,1,0,0,0,1,1,1,0,0,1,0,0,0,1,1,0,1,0,0,0
1,1,0,0,1,1,0,0,1,0,1,0,1,0,0,0,0,0,0,1,0,0,0,0,1,0,0,0,0,1,0,0,1,1
1,1,0,0,0,1,0,0,0,0,1,1,0,1,1,1,1,0,1,0,1,0,0,0,1,0,0,0,0,1,1,1,0,0
0,0,1,1,1,1,1,0,1,0,1,0,1,0,1,1,0,0,0,0,1,0,1,1,1,1,1,0,0,0,1,0,1,1
1,1,1,0,0,1,1,0,0,1,0,0,0,1,1,0,1,0,1,0,0,0,1,1,0,0,0,0,1,1,0,0,0,0
1,0,0,1,1,0,0,0,1,1,0,0,1,0,1,1,0,1,0,0,1,1,1,1,0,0,0,1,0,0,0,0,0,0
1,1,1,0,1,1,0,1,1,0,0,1,1,0,0,0,0,0,0,1,1,1,0,0,1,1,0,1,0,0,0,1,1,1
1,1,0,1,1,1,0,1,1,1,0,0,0,0,1,0,0,1,0,1,1,0,0,0,0,0,0,1,1,1,0,1,0,0
1,1,1,1,1,0,1,1,1,0,0,1,0,1,0,0,0,1,1,0,0,1,0,1,0,0,0,0,0,1,1,1,0,0
1,0,0,0,1,0,0,1,0,1,1,0,0,0,1,0,0,1,0,1,0,0,0,0,0,0,1,0,1,0,1,0,0,0
1,1,0,0,0,0,1,1,1,1,1,0,1,1,0,1,1,0,1,1,0,1,0,1,1,1,0,1,1,0,1,0,0,0
0,1,0,1,1,1,1,1,0,0,1,0,0,0,0,1,0,1,0,1,1,1,1,1,0,0,0,1,0,1,0,1,0,0
1,0,0,0,1,1,1,0,1,0,0,0,1,1,1,1,0,1,1,1,1,1,1,0,1,1,0,1,1,0,0,1,0,0
1,1,1,1,1,0,0,0,1,1,1,1,0,0,0,1,0,1,0,0,0,0,0,1,0,1,1,0,1,0,1,0,0,0
0,1,1,0,0,1,0,1,0,0,0,0,1,0,1,1,0,0,1,0,1,1,0,0,0,1,0,0,0,0,1,1,1,1
1,1,1,0,0,0,1,0,0,0,0,1,0,1,1,1,1,0,1,1,1,0,1,1,1,1,0,1,1,1,1,1,0,0
0,1,1,1,1,1,0,1,0,1,1,0,0,0,1,0,0,1,0,0,0,1,0,1,0,0,0,0,1,1,1,1,0,0
1,0,1,1,1,1,0,0,0,0,0,1,0,0,1,1,0,1,0,0,0,0,1,1,1,1,1,1,0,1,0,0,0,0
1,1,0,0,0,0,1,0,0,1,0,0,0,0,0,0,0,1,0,1,1,1,0,1,1,1,1,1,1,0,1,0,0,0
1,0,1,1,1,1,1,1,0,1,1,1,1,0,1,1,0,1,0,0,1,1,0,0,1,0,0,0,0,1,1,1,0,0
0,1,1,0,0,0,1,0,0,0,0,1,1,0,0,0,0,0,1,0,1,1,0,1,1,1,0,0,0,1,1,1,1,1
1,0,0,1,0,0,0,1,1,1,0,0,0,0,0,0,0,0,0,1,0,1,0,1,0,0,0,1,0,1,0,1,1,1
1,1,0,1,1,1,0,1,1,0,1,1,1,0,0,0,1,1,0,0,1,0,0,0,1,1,1,1,1,0,1,1,0,0
0,1,0,0,0,1,1,1,0,0,1,0,1,1,1,1,0,0,1,1,1,1,1,1,0,1,0,1,1,0,1,1,1,1
1,0,0,1,0,1,0,1,0,0,1,1,1,1,1,1,0,0,1,0,0,1,0,1,1,0,0,1,1,1,1,0,0,0
0,1,1,0,0,0,0,1,1,0,0,0,0,0,0,1,0,1,0,1,1,0,1,0,0,1,0,0,0,0,0,0,0,0
1,1,0,1,0,0,1,0,1,0,1,0,1,0,1,1,1,0,0,0,1,0,1,0,0,0,0,0,1,1,0,1,0,0
0,1,1,0,1,0,1,0,0,1,0,1,1,1,1,1,0,1,0,0,0,1,0,0,0,1,1,0,1,0,1,1,0,0
1,0,0,0,0,1,0,0,0,1,0,0,0,1,1,1,0,1,1,1,1,0,0,1,1,0,1,1,1,0,1,0,0,0
1,1,0,1,1,0,1,1,1,0,0,1,1,1,0,0,0,0,0,0,0,0,1,1,1,0,0,0,0,0,0,0,1,1
0,1,1,1,1,0,0,1,1,0,1,0,1,0,0,1,0,0,1,1,1,0,0,1,1,0,0,1,0,1,1,1,0,0
1,0,1,0,0,0,1,1,1,0,1,1,1,1,0,1,0,1,1,0,1,0,1,1,1,1,0,1,1,0,0,1,0,0
0,1,0,1,0,0,1,0,0,0,0,0,0,0,0,1,0,0,0,1,0,1,1,1,0,1,1,0,0,0,0,1,1,1
1,1,1,0,0,1,1,0,1,1,1,0,1,1,1,1,0,0,0,0,1,1,0,1,1,1,1,0,0,1,0,0,0,0
1,0,1,1,0,1,1,1,1,1,0,0,0,0,1,0,1,0,0,0,1,0,1,1,0,0,1,1,1,0,0,1,0,0
0,1,1,0,1,1,1,0,1,1,1,0,0,0,1,0,0,0,0,1,1,0,0,1,0,0,1,1,0,1,1,0,1,1
0,1,0,1,1,0,0,1,1,1,1,0,1,1,1,0,0,1,0,1,0,0,1,0,1,0,1,1,0,0,0,0,0,0
1,1,1,1,0,0,0,1,0,1,1,0,1,0,0,0,1,1,0,1,1,1,0,1,1,1,1,1,1,1,0,1,0,0
1,1,1,0,0,1,1,1,0,1,0,0,0,0,1,0,1,0,0,1,1,0,1,1,1,1,1,1,0,0,1,0,0,0
1,0,1,0,0,0,0,0,0,1,0,1,1,1,1,1,0,1,0,1,0,1,0,1,1,0,0,1,0,1,1,0,1,1
0,0,0,1,0,1,0,1,1,0,0,1,1,0,1,0,0,0,0,0,1,1,0,0,0,1,1,1,1,1,1,0,0,0
1,0,1,0,0,0,1,1,0,1,1,0,0,1,0,0,0,0,0,1,0,0,0,1,1,0,0,1,1,0,1,0,1,1
1,0,1,0,1,1,0,1,1,1,1,0,1,0,0,1,1,0,0,0,0,1,1,1,0,1,0,0,0,1,0,1,0,0
0,0,1,1,1,1,0,1,1,1,1,0,0,0,1,0,0,0,1,0,1,0,0,0,1,1,1,0,0,1,0,1,0,0
1,1,1,0,0,0,1,0,0,0,0,0,1,1,0,1,0,0,0,1,0,1,0,1,0,1,1,1,1,1,1,0,1,1
1,1,0,0,0,1,0,0,0,0,1,1,1,1,0,1,0,1,0,0,1,0,0,1,1,0,1,0,0,1,1,1,0,0
1,1,0,1,1,1,1,1,0,1,1,0,0,0,0,0,1,0,0,0,1,0,1,0,1,1,0,0,0,1,1,1,0,0
1,0,0,0,1,0,1,1,0,0,1,0,0,0,1,0,0,1,1,0,0,1,1,1,0,0,1,0,1,1,1,1,0,0
1,0,1,1,0,0,0,0,1,0,0,1,0,0,1,1,1,0,0,1,1,0,1,1,0,0,0,0,0,0,1,0,0,0
1,0,1,1,1,1,0,1,0,0,1,1,0,1,1,1,1,0,0,1,1,1,1,1,0,1,1,1,1,0,1,0,0,0
1,0,1,1,0,0,1,0,1,1,1,0,0,0,1,1,0,0,0,0,1,0,1,0,0,0,1,1,1,1,1,1,0,0
1,1,0,1,0,1,0,0,1,1,0,0,0,1,0,0,1,0,0,1,0,1,1,1,0,0,0,0,0,0,0,1,0,0
1,0,0,1,1,0,1,0,0,0,0,1,1,1,0,1,0,0,0,0,1,0,1,0,1,0,1,1,1,0,0,1,1,1
1,0,0,0,1,1,1,1,0,0,0,1,1,1,1,1,0,1,1,1,0,1,0,0,1,1,0,0,0,1,0,0,0,0
0,1,1,0,0,0,1,0,1,1,0,0,0,0,1,0,0,1,0,1,1,1,1,1,0,0,0,1,1,0,0,1,0,0
1,1,1,0,0,1,0,0,0,1,1,0,1,1,1,1,0,1,0,1,0,0,1,1,1,1,0,0,0,0,0,0,0,0
1,1,0,1,1,0,0,1,1,1,0,0,1,0,1,0,1,0,1,0,0,1,0,1,0,1,1,1,0,1,1,0,0,0
1,1,0,0,1,1,1,1,0,1,0,1,0,0,0,0,1,0,1,1,1,0,0,0,0,0,1,1,1,0,0,1,0,0
1,1,0,0,1,0,0,1,1,0,0,1,0,1,0,1,0,0,0,1,1,1,1,1,1,1,0,1,0,1,1,1,1,1
1,0,0,0,1,1,1,0,0,1,0,0,1,0,0,1,0,0,0,1,0,1,0,0,0,1,1,1,1,1,1,0,1,1
1,1,1,1,0,1,0,1,1,0,1,0,1,1,1,0,1,0,1,1,1,0,1,1,0,1,1,0,0,0,0,0,0,0
1,1,1,1,0,1,0,1,0,0,0,0,1,0,0,0,1,1,0,1,1,1,1,0,0,0,1,0,1,0,0,0,0,0
0,0,1,1,1,1,1,1,1,0,0,0,1,1,0,1,0,0,0,0,0,1,0,0,1,1,1,1,1,1,0,0,1,1
1,1,0,1,1,1,0,0,1,1,0,1,0,0,0,1,0,1,1,1,0,0,1,0,0,0,1,1,1,0,1,1,0,0
1,1,0,1,1,0,1,1,0,1,0,0,0,1,1,1,0,1,1,1,0,0,1,1,1,1,0,0,1,1,0,1,0,0
1,0,1,1,0,1,1,0,0,0,0,1,0,0,0,1,0,0,1,0,1,1,0,0,0,0,0,0,0,1,0,0,1,1
1,1,1,0,0,1,0,0,0,1,1,1,0,1,0,0,1,0,1,0,1,0,1,0,1,0,1,0,1,0,0,1,0,0
1,1,1,1,1,1,1,0,0,0,0,0,1,0,1,0,0,1,1,1,1,1,0,0,0,0,1,1,0,0,0,0,0,0
1,1,0,1,0,1,1,1,0,1,0,0,0,1,0,1,0,0,1,0,1,0,1,1,0,0,1,0,1,1,1,1,1,1
1,0,1,0,0,1,1,1,1,1,0,0,0,0,0,0,0,1,1,0,0,0,1,0,0,1,1,1,0,1,1,1,0,0
1,0,0,1,0,1,1,0,0,1,1,0,0,1,0,1,0,1,0,0,1,1,1,0,0,1,0,0,0,1,0,0,0,0
1,0,0,0,1,0,1,0,0,0,1,0,1,1,0,0,0,1,0,1,1,1,0,1,1,0,0,0,1,1,0,1,0,0
0,1,1,0,1,1,0,1,0,1,1,0,0,1,0,0,0,1,0,0,1,0,1,1,0,0,1,1,0,1,1,0,0,0
0,1,1,0,1,0,0,0,1,0,0,1,1,1,1,1,0,0,1,0,1,1,1,1,0,0,0,0,1,1,1,0,0,0
1,1,0,1,0,0,1,1,0,1,1,1,0,0,1,0,0,0,1,0,1,1,0,1,1,0,1,1,0,1,0,0,0,0
1,1,1,0,1,1,0,1,0,1,0,1,1,0,0,1,1,0,1,1,1,0,0,0,0,0,1,0,1,0,1,0,0,0
0,1,0,1,1,1,0,0,1,1,0,0,1,0,1,0,0,0,0,1,0,0,1,1,1,1,0,0,0,0,1,1,1,1
1,0,0,1,0,0,1,0,0,0,1,1,1,0,0,0,0,1,1,1,1,0,1,1,1,1,0,1,0,1,0,0,0,0
0,1,1,1,1,0,1,0,1,0,0,0,1,1,1,0,0,1,0,1,0,1,0,0,0,0,1,0,1,0,1,0,0,0
1,1,0,1,0,1,1,1,0,0,0,1,1,1,1,1,0,1,1,1,1,1,1,0,1,0,0,1,1,0,1,1,0,0
1,0,1,1,0,1,1,1,1,0,1,1,0,1,1,1,1,0,1,1,0,0,0,1,0,1,1,1,0,1,0,0,1,1
0,0,1,1,0,1,1,0,0,0,1,1,0,0,1,0,0,0,1,1,0,1,0,1,0,0,1,0,1,1,0,0,0,0
1,1,0,1,1,1,1,1,1,0,1,1,0,1,0,0,0,0,0,1,0,0,1,1,0,1,1,0,1,1,0,1,1,1
0,1,0,1,1,1,0,0,0,1,0,0,1,0,0,1,0,0,1,0,1,1,1,1,1,1,0,1,1,1,1,1,1,1
1,0,1,1,0,1,0,0,1,0,0,1,0,1,0,0,0,0,0,0,0,1,0,0,0,0,1,0,1,1,1,0,1,1
1,1,0,1,0,1,0,0,1,1,1,0,1,0,1,1,0,1,1,0,1,0,1,1,1,0,1,0,1,0,0,0,0,0
0,0,1,0,0,1,1,1,1,1,0,0,0,1,1,0,0,0,0,0,1,0,0,1,0,1,1,1,1,1,1,0,0,0
1,1,0,1,1,1,0,1,1,0,1,0,1,1,1,0,1,1,0,0,0,0,0,0,0,0,0,0,1,1,1,1,0,0
1,1,0,1,1,0,1,1,0,0,0,1,0,1,0,0,0,0,1,0,0,0,1,0,0,0,0,1,1,1,1,0,1,1
1,1,1,0,1,0,1,0,1,1,0,1,0,0,1,0,0,1,1,0,0,1,1,0,1,0,0,1,0,1,1,0,0,0
0,1,0,0,1,1,1,0,1,0,1,0,0,1,1,1,0,1,0,0,1,1,1,0,0,1,0,1,1,1,0,0,0,0
1,1,0,1,1,1,0,1,0,0,1,1,1,1,0,1,0,1,1,0,0,0,0,0,0,0,0,1,0,1,1,0,0,0
1,1,1,0,0,0,1,1,0,0,0,1,1,1,0,0,1,0,0,0,0,1,0,1,1,1,1,0,1,0,0,0,0,0
1,1,0,0,0,0,0,0,0,1,0,0,0,1,1,1,0,1,1,1,1,1,0,0,0,1,1,1,1,0,0,0,0,0
1,1,0,1,0,1,0,1,1,0,1,0,0,1,0,1,1,0,0,1,1,0,1,0,0,0,0,0,0,0,0,1,0,0
1,0,1,1,0,1,0,0,1,1,1,1,1,0,0,1,1,0,0,0,0,1,0,0,1,0,1,0,1,1,1,1,0,0
1,1,0,0,0,1,0,0,1,0,1,0,1,0,0,0,1,0,0,0,1,1,0,0,0,1,0,0,0,1,1,0,0,0
1,1,0,1,0,0,0,0,0,0,1,0,1,0,0,0,0,1,1,0,1,1,1,0,0,0,1,1,1,1,0,0,0,0
0,1,1,1,0,1,1,0,1,0,0,1,0,0,0,1,0,1,1,1,0,0,1,0,0,1,0,0,1,0,1,0,0,0
1,0,0,1,1,0,1,0,1,0,0,0,1,0,1,1,1,0,0,1,1,0,0,1,1,1,1,0,1,1,1,0,0,0
1,0,0,0,1,1,1,0,0,1,0,0,0,0,1,0,0,0,1,0,0,0,0,1,0,0,0,0,1,0,1,1,1,1
1,1,0,0,0,0,0,0,1,1,1,0,1,1,1,0,0,1,1,1,1,1,1,1,1,1,0,1,0,1,0,1,0,0
1,0,0,0,1,1,1,0,0,0,1,1,1,0,1,0,0,1,1,0,1,1,0,1,1,0,1,0,1,0,0,0,0,0
1,1,1,1,1,0,1,0,0,1,0,0,1,1,0,1,0,1,0,0,0,1,0,1,1,1,0,0,1,0,0,1,0,0
0,1,1,1,1,0,1,1,1,1,0,1,1,1,1,1,0,1,0,0,1,0,0,1,0,1,1,1,1,1,1,1,0,0
1,1,1,0,0,0,1,1,1,1,1,0,1,0,1,1,1,1,0,0,1,0,0,0,0,0,1,0,1,1,1,0,0,0
1,0,0,1,0,1,1,0,1,0,0,1,1,1,0,0,0,1,1,1,0,0,0,1,0,1,1,0,0,0,1,1,0,0
1,0,1,0,0,1,1,0,0,0,0,0,1,0,1,0,0,1,1,1,0,0,0,0,1,0,0,0,1,0,0,0,0,0
1,0,1,1,0,0,1,1,0,0,0,0,1,0,1,1,1,0,0,0,1,0,1,0,0,0,0,1,0,1,0,1,0,0
0,1,1,0,0,1,1,0,0,1,0,1,1,0,1,0,0,0,1,1,1,1,1,0,1,0,1,0,1,0,1,0,0,0
0,1,0,0,0,1,0,1,1,1,0,1,1,1,0,0,0,0,0,0,0,1,1,0,0,0,0,1,1,0,1,0,1,1
1,1,1,0,1,0,0,0,0,1,0,1,1,1,1,0,0,0,0,0,0,0,0,1,1,0,0,0,1,0,1,1,1,1
1,0,1,1,0,1,1,0,1,1,1,1,1,1,0,0,1,0,1,0,0,1,1,1,0,1,1,0,1,1,1,0,0,0
1,1,1,0,1,1,1,1,1,1,1,0,0,0,0,1,0,1,0,0,1,0,1,1,0,1,0,0,1,0,1,0,0,0
1,0,1,1,0,1,1,0,0,1,1,0,1,1,0,1,0,1,0,0,1,0,1,1,0,1,1,1,1,1,1,0,0,0
1,0,1,0,0,1,1,1,1,0,1,1,0,1,1,1,1,0,0,0,0,0,1,1,1,0,1,1,0,0,1,0,1,1
0,1,0,1,1,1,0,0,1,0,0,0,0,1,1,1,0,1,0,1,0,0,0,1,1,1,0,0,0,1,0,0,0,0
1,0,1,0,1,1,0,0,0,0,0,1,1,0,1,1,1,0,1,0,0,0,0,1,0,0,1,0,0,1,0,0,0,0
1,1,0,0,0,1,0,1,0,0,1,0,0,0,0,1,0,0,0,0,0,0,1,1,0,1,0,0,0,0,1,1,1,1
1,0,0,0,1,0,1,1,1,0,0,1,0,1,0,0,0,1,1,1,0,1,0,1,1,1,1,1,1,0,1,1,0,0
1,1,1,1,1,1,0,0,1,0,0,1,0,1,0,1,0,0,1,0,1,1,1,1,0,1,1,1,1,0,1,0,0,0
0,1,1,1,1,1,1,1,1,1,0,0,0,0,1,0,0,1,1,1,0,0,0,0,1,1,0,0,1,0,1,0,0,0
1,1,0,1,0,1,0,0,1,1,1,1,1,0,0,1,0,1,1,0,1,1,1,0,1,1,0,0,1,0,0,1,0,0
1,1,1,1,1,1,1,1,0,0,0,0,0,0,0,1,1,1,1,1,1,0,1,1,1,0,0,0,1,1,0,1,0,0
1,1,1,1,1,1,0,0,1,0,1,0,1,1,0,1,1,1,0,0,0,0,1,0,1,1,0,0,0,1,0,0,0,0
1,1,0,0,1,1,1,0,1,0,1,0,0,0,1,1,1,0,0,1,0,0,1,1,1,0,1,0,1,1,0,1,0,0
1,1,0,1,0,0,0,1,0,1,1,0,0,0,0,1,1,0,1,0,0,0,0,0,1,1,1,0,1,0,1,0,0,0
1,0,0,1,1,0,1,1,1,1,0,0,0,1,0,1,0,0,1,1,1,0,0,0,1,1,0,0,1,0,0,0,0,0
1,0,1,0,0,1,1,1,0,1,0,1,0,0,1,1,0,0,1,0,1,0,0,1,0,1,1,1,0,0,1,1,1,1
0,1,0,0,1,1,0,1,0,0,1,0,1,0,0,1,0,0,1,1,1,1,0,1,1,0,0,1,1,1,0,0,0,0
1,0,1,0,0,0,0,0,0,0,0,1,0,0,0,1,0,0,0,1,1,1,1,0,1,1,0,0,1,1,1,1,1,1
0,1,0,0,0,0,0,1,0,0,1,1,1,0,1,0,0,0,0,0,0,0,1,1,0,0,1,1,1,0,1,0,1,1
0,1,1,0,0,1,0,0,0,0,0,1,1,0,1,0,0,0,0,0,1,1,0,0,0,1,1,0,0,0,0,1,1,1
0,1,0,1,1,0,1,0,1,0,1,0,0,1,0,1,0,0,0,0,1,0,0,0,0,1,1,0,1,0,1,0,1,1
1,1,0,0,1,1,0,1,0,1,1,0,1,0,0,0,1,0,0,1,0,1,1,1,0,1,0,0,0,1,0,0,0,0
1,1,1,1,0,0,1,0,0,0,0,0,1,1,1,1,0,0,0,1,0,1,1,1,1,0,0,0,1,1,0,1,1,2
1,0,1,1,0,0,1,0,0,1,0,0,1,0,1,1,0,0,0,1,1,0,1,0,1,1,1,1,0,0,0,1,1,1
1,1,1,0,0,1,1,0,1,0,1,1,1,1,0,1,0,0,0,0,1,1,0,0,0,0,1,1,0,0,1,1,0,0
1,1,0,0,0,1,0,1,0,1,0,0,1,1,1,0,0,1,0,1,0,0,1,1,0,1,0,0,1,0,1,0,0,0
1,1,0,0,1,1,1,0,1,0,0,0,0,0,0,1,0,1,0,1,1,1,1,0,0,1,1,1,1,1,0,1,0,0
1,0,1,0,0,0,1,1,1,0,0,1,0,0,0,1,0,1,1,0,0,1,1,1,1,1,0,1,1,1,0,0,0,0
1,1,1,1,1,1,0,0,0,1,0,1,1,1,1,1,1,0,0,1,1,0,0,1,0,1,1,1,1,0,1,1,0,0
1,0,1,1,1,0,1,0,1,1,1,0,0,1,0,0,0,0,1,1,1,1,1,1,0,0,1,0,1,0,1,0,0,0
0,0,1,1,0,1,1,0,1,1,1,1,1,0,0,1,0,0,0,1,0,0,0,0,1,1,0,0,1,0,0,1,0,0
1,1,1,1,1,0,0,1,0,1,0,0,0,1,0,1,1,1,1,0,1,0,1,0,0,0,1,0,1,0,0,0,0,0
0,1,1,1,0,1,0,0,0,1,1,0,1,1,0,1,0,1,0,0,0,0,0,0,1,0,1,0,0,0,0,0,0,0
1,1,0,0,0,1,1,1,0,1,1,0,1,0,0,1,0,0,1,1,1,1,1,1,0,1,1,0,1,1,0,1,0,0
1,1,0,1,0,0,0,1,1,1,1,0,1,1,1,1,0,1,1,0,0,0,1,1,0,0,0,1,0,1,0,1,0,0
0,0,1,1,1,1,1,0,0,1,1,0,0,0,0,0,0,0,1,0,1,1,1,1,1,0,0,0,1,1,1,0,0,0
1,0,0,1,1,0,1,0,1,1,0,0,0,0,0,0,1,0,0,0,1,0,1,1,0,1,1,0,1,0,0,0,0,0
1,1,0,0,0,0,0,0,1,0,1,1,0,1,0,1,0,0,0,0,1,0,0,0,1,0,0,1,1,1,0,0,1,1
1,0,0,1,1,1,1,0,0,0,0,0,1,1,0,1,0,0,0,0,1,1,1,1,0,1,0,0,0,0,0,0,1,1
1,1,0,0,1,0,1,1,0,1,1,1,1,0,0,1,0,0,0,1,0,1,0,1,0,0,0,1,0,1,0,0,0,0
1,0,0,1,1,1,1,1,1,0,0,1,1,0,1,1,0,1,1,0,1,1,0,1,0,1,0,1,1,1,0,1,0,0
1,0,1,0,1,1,1,1,1,1,1,0,1,1,0,1,1,0,0,0,1,1,1,0,1,1,1,1,0,1,1,1,0,0
0,1,0,1,0,0,0,0,1,0,0,1,0,1,1,1,0,0,1,0,1,0,1,0,1,0,0,1,1,1,0,1,1,1
1,1,1,1,1,0,1,0,1,1,0,1,0,0,1,0,0,1,0,0,0,0,0,1,1,0,1,1,1,0,0,1,0,0
1,1,0,1,1,1,1,1,1,0,0,0,1,0,1,0,0,0,0,0,1,1,0,1,0,1,1,0,0,0,1,0,1,1
0,1,1,1,0,0,1,1,0,1,1,1,1,1,0,0,0,1,0,0,0,0,1,0,1,0,1,1,0,1,0,0,0,0
1,1,0,1,1,0,0,1,1,1,1,0,0,1,1,1,0,0,1,1,1,1,1,0,0,1,1,1,0,0,1,0,0,0
0,0,1,1,1,0,0,0,1,1,0,0,0,1,1,1,0,0,1,1,0,1,0,0,1,1,0,1,0,0,0,0,0,0
0,1,1,1,1,1,1,0,1,0,0,1,1,0,1,0,0,1,0,0,1,1,1,1,1,1,0,1,0,0,0,0,0,0
1,1,0,0,0,1,0,1,0,0,0,0,0,0,1,1,0,1,1,1,0,0,0,0,0,1,0,1,1,0,1,1,0,0
1,1,1,0,0,0,0,0,0,0,1,1,1,0,1,0,0,1,0,0,1,0,0,0,1,0,0,1,0,0,1,1,0,0
1,1,0,0,0,0,1,1,1,0,1,0,0,1,0,1,0,0,1,1,0,0,1,0,0,0,0,0,1,1,0,0,0,0
1,1,1,1,0,1,0,1,1,0,1,0,1,1,1,1,0,0,1,0,1,0,0,1,0,1,1,0,0,1,0,0,0,0
0,0,1,1,1,0,1,1,1,1,1,1,1,1,0,0,0,0,0,0,1,0,1,0,1,1,0,1,0,0,0,0,0,0
0,0,1,1,1,1,1,1,1,1,0,0,1,0,1,1,0,0,1,0,1,0,0,0,0,1,1,0,1,0,1,0,0,0
1,0,0,1,0,0,0,0,0,1,0,1,1,0,1,0,0,1,1,0,0,0,0,1,0,1,0,0,0,1,0,0,0,0
1,0,0,0,1,0,1,0,0,0,1,1,1,1,1,1,0,0,0,1,1,1,1,0,0,1,0,0,0,1,1,0,0,0
0,0,0,0,1,1,0,1,0,1,1,0,1,1,1,0,0,0,0,0,1,0,1,1,1,1,0,1,0,0,0,1,0,0
1,0,0,0,0,0,1,1,1,0,1,1,1,1,1,0,0,1,0,0,0,0,0,0,0,0,1,1,0,1,0,0,0,0
1,1,0,1,1,1,1,0,0,0,1,1,1,0,1,0,0,0,1,1,0,1,0,1,0,0,1,0,0,1,1,0,0,0
1,0,1,0,0,0,0,1,1,0,0,1,1,0,0,1,0,1,0,0,0,1,1,1,0,1,0,1,0,0,0,0,0,0
0,0,1,0,0,0,0,0,1,1,0,0,0,0,0,0,0,0,0,1,0,0,0,0,1,1,1,1,0,0,1,1,0,0
1,1,1,1,1,1,0,0,1,0,1,1,1,0,1,1,1,0,0,1,0,0,0,0,0,0,0,1,1,0,0,0,0,0
0,0,0,1,1,1,0,1,1,0,1,1,0,1,0,1,0,0,0,1,0,0,1,1,0,0,1,0,1,1,1,1,0,0
1,0,0,0,0,1,0,0,1,1,1,0,1,0,1,1,0,0,1,0,1,0,0,0,0,0,0,0,0,1,0,1,0,0
1,1,0,0,0,0,1,1,0,1,1,0,0,0,0,1,1,0,0,1,1,0,0,0,1,1,0,1,0,0,0,1,0,0
0,1,0,1,0,0,0,1,1,0,0,1,0,1,1,1,0,1,0,0,0,1,0,1,0,0,1,0,0,0,0,0,0,0
1,0,0,0,1,0,1,1,1,0,1,0,1,0,0,1,0,1,1,1,0,0,0,1,0,1,1,1,1,1,1,1,0,0
1,0,1,1,1,1,0,0,0,1,0,0,0,0,0,1,0,1,1,0,0,1,0,1,0,0,1,1,1,1,0,1,0,0
1,0,1,0,0,1,1,0,1,1,0,1,1,0,1,1,1,0,0,1,1,1,1,0,0,0,0,0,0,0,1,1,0,0
1,1,0,1,0,1,0,1,1,0,0,0,1,1,1,0,1,1,0,0,0,1,0,0,0,1,0,0,1,1,1,0,0,0
0,1,1,1,0,1,0,0,1,1,1,0,0,0,1,0,0,0,0,1,1,0,1,1,1,0,0,1,0,1,0,0,1,1
1,0,0,1,0,0,0,0,0,1,0,0,0,1,1,0,0,0,0,0,1,0,1,0,0,0,1,1,0,0,0,0,1,1
1,0,0,0,1,0,1,0,0,1,0,0,1,0,1,1,0,1,1,1,0,1,0,0,0,0,1,1,0,0,0,0,0,0
0,1,1,0,0,0,1,1,0,0,1,1,1,0,1,1,0,1,0,0,0,0,0,0,0,1,0,0,0,0,0,1,0,0
0,1,0,0,0,0,1,0,1,1,1,1,0,1,1,0,0,0,1,0,1,0,0,1,1,1,0,1,1,0,1,0,0,0
1,1,0,0,0,1,1,1,1,1,1,1,0,1,1,1,0,1,0,1,1,0,1,1,1,1,1,1,1,1,1,1,0,0
1,1,0,1,0,1,0,0,1,1,1,1,0,0,0,1,1,0,0,1,1,0,1,1,1,1,1,1,1,0,1,0,0,0
1,0,0,1,0,0,1,1,1,0,1,1,0,0,1,0,0,1,0,0,1,0,0,0,0,0,0,1,0,0,0,1,0,0
1,0,0,1,0,1,0,0,1,0,0,1,0,0,1,1,0,0,0,0,1,1,0,1,1,0,1,0,1,0,1,1,1,1
0,1,0,1,1,1,0,0,0,1,0,0,1,0,0,0,0,1,0,0,0,0,0,1,1,1,0,1,1,1,0,1,0,0
1,1,1,0,0,0,0,0,0,1,0,0,0,0,1,0,1,1,0,0,1,0,1,1,0,0,1,0,1,1,0,0,0,0
0,1,1,1,1,1,1,0,1,1,0,1,0,0,0,1,0,1,1,0,1,1,0,0,0,1,0,1,0,1,1,0,0,0
1,1,0,0,0,1,0,1,0,0,0,0,1,0,0,0,0,0,0,1,1,0,1,1,0,1,1,1,1,1,1,1,1,1
1,1,0,0,1,1,0,1,1,0,0,1,1,0,0,0,0,0,1,0,0,0,0,0,1,1,0,1,1,1,0,1,1,1
1,0,1,0,1,0,0,0,0,1,0,1,1,0,0,1,0,0,0,0,0,1,1,1,1,1,0,1,1,1,1,1,1,1
1,0,1,1,1,1,0,0,0,0,1,1,0,1,0,0,1,0,1,0,1,0,0,1,0,1,1,0,1,0,1,1,0,0
1,1,0,0,0,1,1,0,0,1,1,1,0,0,0,0,0,0,1,1,0,0,1,0,1,1,0,1,1,0,0,1,0,0
1,0,1,0,1,0,0,1,0,1,1,0,1,1,0,1,0,1,0,0,0,1,0,0,1,1,0,1,1,0,0,1,0,0
1,1,1,1,0,1,1,1,0,0,0,0,0,0,1,0,1,1,1,0,1,1,0,1,1,1,1,0,1,0,1,0,0,0
0,0,1,0,1,0,0,1,0,1,1,0,1,1,0,0,0,0,1,0,0,1,1,0,0,0,1,0,0,0,0,1,0,0
1,0,0,0,1,0,0,1,0,0,1,1,0,0,0,0,0,1,0,0,1,1,0,0,0,0,1,0,1,1,1,1,0,0
1,1,0,1,0,1,1,0,0,1,0,1,0,1,1,0,1,0,0,0,0,1,1,0,0,1,1,0,1,1,0,1,0,0
1,1,0,1,1,1,0,0,1,0,0,1,0,0,1,0,0,1,0,0,0,0,0,0,1,0,0,0,1,1,0,1,0,0
1,0,0,0,0,1,1,0,0,1,0,0,0,1,1,0,0,0,1,0,1,0,0,1,1,1,1,0,0,0,1,1,1,1
1,1,0,1,0,1,1,1,0,1,0,1,1,0,1,1,1,0,1,0,1,0,0,1,1,1,1,1,1,0,1,1,0,0
1,1,0,1,1,0,1,1,1,0,1,1,0,0,1,1,0,0,0,0,1,0,1,1,0,0,1,0,1,1,1,0,1,1
1,0,0,0,1,1,0,0,0,1,0,0,0,1,0,0,0,0,1,0,0,1,0,0,1,0,0,0,1,1,1,0,1,1
1,1,0,0,0,1,1,1,1,1,0,1,0,0,1,0,0,1,1,1,0,0,1,1,0,1,1,1,0,0,0,0,0,0
1,0,1,0,0,0,1,0,1,0,1,1,0,1,1,1,0,1,0,0,1,0,1,1,1,0,1,0,1,1,1,1,0,0
1,0,0,0,1,1,0,0,1,0,0,0,0,1,1,0,0,0,0,1,1,1,1,1,0,0,0,1,0,0,0,0,1,1
0,1,0,1,1,0,1,0,1,1,1,1,0,1,0,1,0,1,0,0,0,0,1,1,0,1,0,1,1,0,1,1,0,0
0,1,1,0,0,0,0,0,1,1,0,0,0,1,1,0,0,1,0,1,1,1,1,0,1,0,0,0,0,1,1,0,0,0
1,0,0,0,0,1,0,1,1,1,1,0,0,0,0,1,0,0,1,1,1,1,0,0,1,1,1,1,1,1,1,1,0,0
1,1,0,1,1,1,0,0,1,0,0,0,1,1,1,0,0,1,0,1,1,0,1,0,1,0,1,1,0,0,0,0,0,0
1,1,1,1,1,0,1,0,1,1,0,0,1,1,0,1,1,1,1,0,1,1,0,1,0,1,1,1,0,1,0,0,0,0
1,1,1,1,0,0,0,1,1,1,0,0,1,0,1,0,1,1,1,0,1,0,1,0,1,0,1,1,0,1,0,1,0,0
1,1,1,1,0,0,1,1,1,0,1,0,1,0,1,0,1,1,0,0,1,0,1,0,1,1,1,0,1,0,0,0,0,0
1,0,1,0,0,1,0,0,0,1,0,0,1,1,0,1,0,1,1,1,1,0,0,1,0,0,1,1,0,1,1,0,0,0
1,0,0,1,1,0,0,1,1,0,1,1,1,0,0,1,0,0,0,0,0,0,1,0,1,0,1,0,1,0,0,0,1,1
1,0,0,1,0,0,0,0,0,1,1,0,0,1,0,0,0,0,1,1,1,1,1,0,0,1,1,0,1,1,0,1,0,0
1,1,1,0,1,0,1,1,1,0,1,1,1,1,1,1,0,0,1,1,0,0,1,0,0,1,1,1,0,0,0,0,0,0
0,0,1,1,1,1,0,0,1,1,0,1,1,1,1,0,0,0,1,1,1,0,0,0,0,1,1,0,1,0,1,1,0,0
0,1,0,1,1,0,1,1,1,0,1,1,1,0,0,1,0,0,1,1,1,0,0,0,0,0,1,0,0,0,0,1,0,0
0,1,1,0,0,1,0,0,0,0,0,0,1,1,0,0,0,1,0,1,1,0,1,1,0,0,1,0,1,0,1,1,0,0
1,1,1,0,1,1,1,1,0,0,1,1,0,1,1,1,0,0,1,0,1,1,0,1,0,1,1,0,0,1,1,0,0,0
1,0,1,1,1,0,1,0,1,1,1,0,0,0,1,0,0,0,1,1,0,1,1,1,1,0,1,0,0,1,0,1,0,0
1,0,1,1,1,0,0,0,0,0,0,0,0,0,1,1,0,1,1,0,1,0,0,1,1,1,1,1,1,1,1,0,0,0
1,1,0,0,1,1,0,1,1,0,1,0,1,0,1,0,1,0,0,0,0,1,0,0,0,1,1,1,0,0,1,1,0,0
1,1,1,0,1,1,1,0,0,1,0,0,0,1,0,1,0,1,1,1,0,0,0,1,0,1,1,1,1,1,0,0,0,0
1,1,1,1,0,0,0,0,0,1,1,0,1,1,1,0,0,0,1,1,0,0,0,1,1,1,1,0,1,1,1,0,0,0
1,0,1,1,1,0,1,1,0,1,0,1,1,0,0,0,0,1,1,0,1,1,0,1,0,0,1,0,1,0,1,0,0,0
0,0,1,0,1,1,0,1,1,0,0,0,1,0,1,0,0,0,0,0,0,0,1,0,1,1,0,1,0,0,0,1,0,0
0,1,1,1,1,0,0,1,1,0,1,0,0,1,1,0,0,0,0,0,1,1,1,0,0,1,1,0,1,0,0,0,1,1
0,1,1,1,0,0,0,1,0,1,1,1,1,1,0,0,0,0,1,1,0,0,0,1,1,1,1,0,1,1,0,1,0,0
0,0,1,1,1,0,0,1,0,0,1,0,0,0,1,1,0,0,1,0,0,1,0,1,0,0,1,0,0,0,1,0,1,1
1,0,1,1,0,0,0,1,0,0,1,1,1,1,1,1,1,0,0,1,0,0,0,0,1,0,1,0,0,1,1,1,0,0
1,1,1,0,0,1,1,0,0,0,0,1,1,1,0,1,1,1,0,0,0,1,0,0,0,1,0,1,0,1,1,0,0,0
1,1,1,0,1,1,1,0,0,1,1,0,1,0,0,0,1,0,0,1,1,0,0,0,0,1,0,0,0,1,0,1,0,0
0,1,1,0,0,1,1,1,0,1,0,0,0,1,0,1,0,0,1,0,1,0,0,1,1,1,0,1,0,1,1,1,1,1
1,1,0,0,0,0,0,0,0,1,1,1,0,0,0,1,1,0,0,1,1,0,0,1,1,0,0,0,1,0,1,1,0,0
0,0,0,1,0,0,1,1,1,0,1,1,0,0,0,1,0,0,0,0,1,1,0,1,1,1,0,0,1,0,1,0,0,0
1,1,1,1,0,1,0,0,1,1,0,0,1,1,1,1,1,1,1,0,1,0,0,1,0,1,0,1,0,0,1,1,0,0
1,1,1,0,1,1,1,0,0,0,1,0,1,0,1,1,0,0,0,0,1,0,0,0,1,0,0,1,0,1,0,0,1,1
1,0,1,1,1,0,1,0,0,0,1,0,0,0,0,0,0,0,1,1,0,0,0,0,1,0,1,0,0,0,1,1,1,1
1,0,1,0,0,0,0,0,1,1,1,1,1,1,0,1,1,0,0,1,0,0,0,0,1,1,1,1,1,1,0,1,0,0
1,1,1,0,1,1,1,0,1,0,0,1,1,1,0,0,1,0,0,1,1,1,1,1,1,1,0,0,0,1,1,0,0,0
0,0,1,1,0,1,1,1,1,0,0,1,1,1,1,0,0,0,1,0,1,1,0,1,0,1,0,1,0,1,0,0,0,0
1,1,1,1,1,0,0,0,0,1,1,1,1,0,1,1,1,0,1,0,1,0,1,0,1,1,0,1,0,0,1,0,0,0
1,0,0,0,0,0,1,1,1,1,1,0,1,0,0,0,0,0,1,1,0,1,0,0,1,1,1,0,0,0,1,0,0,0
1,1,0,1,1,1,1,0,1,1,0,1,1,1,0,1,0,1,1,0,1,0,0,1,1,0,0,1,1,0,0,1,0,0
1,0,1,1,0,0,0,0,1,0,0,1,1,1,0,0,1,0,1,0,0,0,0,0,1,1,0,1,1,1,0,0,0,0
1,0,1,0,1,0,0,1,1,0,1,0,1,0,0,0,0,1,1,1,0,1,1,0,1,1,1,0,0,0,1,1,0,0
1,1,1,1,0,1,1,1,1,1,1,0,1,1,0,0,1,0,1,0,0,1,0,0,1,0,1,1,0,1,1,0,0,0
1,1,0,1,0,0,1,1,0,0,0,0,1,0,0,0,1,0,1,1,1,0,0,1,0,0,0,1,0,0,0,1,0,0
1,1,0,1,1,0,0,1,1,1,1,1,0,1,1,1,0,1,1,0,0,0,0,1,0,0,1,0,0,0,1,0,0,0
1,1,1,0,0,1,1,1,0,0,1,1,0,1,1,0,1,0,0,1,1,0,0,0,0,0,0,1,1,1,0,0,0,0
1,1,1,1,0,1,1,1,1,0,1,0,0,0,0,1,1,0,1,0,1,0,1,0,1,1,1,1,1,0,1,1,0,0
1,1,1,1,0,0,0,1,0,1,1,0,0,1,0,0,0,1,1,0,0,0,1,0,0,0,0,1,1,1,0,0,0,0
1,1,0,1,1,1,1,1,0,1,1,0,1,0,0,1,0,0,0,1,0,1,1,1,0,1,0,1,1,0,1,0,1,1
1,0,0,1,0,0,0,1,1,0,1,0,1,0,1,1,0,0,1,1,1,0,0,0,1,0,0,1,1,1,1,0,0,0
1,1,1,0,1,1,1,0,1,1,0,0,1,1,1,0,0,1,0,1,0,0,0,0,0,1,0,0,0,0,0,1,0,0
1,1,0,0,0,0,0,1,1,0,1,0,1,1,1,1,1,0,0,0,0,1,1,0,1,1,0,0,1,1,0,1,0,0
1,1,0,1,0,0,0,0,0,1,0,1,1,0,0,1,0,1,1,1,1,1,1,1,0,0,1,1,0,1,0,0,0,0
1,1,0,1,1,0,1,1,1,0,0,0,1,1,1,1,0,0,1,0,0,0,1,1,0,1,1,0,1,1,0,0,1,2
1,0,1,1,1,0,0,1,0,0,1,0,0,1,1,0,1,0,1,0,1,0,0,1,1,1,0,0,1,0,0,1,0,0
1,0,1,0,1,0,0,0,1,0,0,1,1,1,0,1,0,1,1,1,1,1,1,0,1,1,1,0,0,1,1,1,0,0
1,1,0,1,1,0,0,1,1,0,0,0,0,1,0,0,0,0,0,0,1,0,1,0,0,1,1,1,1,0,1,0,1,1
1,0,0,0,0,1,0,1,0,1,0,1,0,1,0,1,1,0,0,0,0,0,0,0,1,0,0,1,0,1,0,1,0,0
1,1,1,1,0,0,1,1,0,0,1,0,1,0,1,1,0,0,1,1,1,0,0,0,0,0,1,0,0,1,1,0,0,0
1,0,1,1,0,0,1,0,1,0,1,0,1,1,0,0,0,0,0,1,1,0,0,0,1,0,0,1,1,0,1,1,1,1
0,1,0,0,0,1,0,0,1,1,0,1,0,0,0,0,0,0,0,1,1,0,0,1,0,1,0,0,1,0,1,0,1,1
0,1,1,1,0,0,1,1,0,1,1,1,1,0,0,1,0,0,0,1,1,0,0,0,0,0,1,1,0,0,1,0,0,0
0,1,0,1,1,1,1,0,0,1,1,1,0,0,1,1,0,0,1,0,1,0,0,1,0,0,0,0,0,0,1,0,0,0
1,1,1,1,0,1,1,1,0,0,1,0,0,0,1,1,1,1,1,0,1,0,0,1,1,0,1,1,0,1,0,0,0,0
0,1,1,1,0,0,1,0,0,0,1,0,1,1,1,1,0,0,0,1,1,0,1,0,0,1,0,1,1,0,0,0,0,0
1,0,1,1,1,0,0,1,1,0,0,1,1,1,1,1,1,0,1,0,1,0,1,1,0,1,0,1,0,1,0,0,0,0
1,1,1,1,1,0,1,1,1,1,1,0,0,0,0,0,0,0,1,1,1,0,0,0,1,1,1,0,0,1,0,1,0,0
1,0,1,0,0,0,0,0,0,0,0,0,1,0,0,0,0,0,1,0,1,1,1,0,0,1,1,0,0,0,1,0,1,1
0,1,1,1,0,1,0,1,0,1,0,1,1,1,1,1,0,0,0,0,0,1,0,1,1,1,0,0,0,1,0,0,0,0
1,1,1,1,1,0,0,1,0,1,1,0,0,0,1,1,0,0,1,0,1,0,1,0,0,0,1,1,1,0,0,1,0,0
1,0,1,1,1,0,0,0,1,0,0,0,1,1,1,1,0,0,0,1,1,0,0,0,0,1,0,0,0,0,0,0,0,0
0,1,0,1,1,1,1,1,1,0,1,0,0,1,1,0,0,1,0,0,1,0,1,0,1,1,1,0,0,0,0,0,0,0
1,0,1,1,0,0,0,1,1,1,0,1,1,0,0,0,0,0,1,0,0,1,0,0,1,1,0,1,0,0,0,0,0,0
1,0,1,0,0,1,1,1,1,1,0,0,1,1,1,0,0,1,0,1,0,0,1,0,1,1,1,0,1,1,1,0,0,0
1,1,0,0,0,0,1,1,1,0,0,0,1,1,1,0,1,0,0,0,1,1,1,0,0,1,1,0,1,1,0,1,0,0
1,0,0,1,0,0,1,1,1,1,1,0,0,1,0,0,1,0,0,0,0,0,1,0,0,1,0,1,1,1,1,1,0,0
1,1,0,1,0,0,0,1,1,1,0,1,1,0,1,0,1,0,0,0,1,0,1,1,1,0,1,0,0,0,0,0,0,0
1,1,0,1,1,1,1,0,0,0,0,0,1,1,0,0,1,0,1,1,1,1,0,1,1,1,0,0,0,1,0,0,0,0
1,1,1,1,1,1,0,0,0,0,0,1,0,0,1,1,0,0,0,1,1,0,0,1,0,0,1,0,0,0,0,1,1,1
1,1,1,0,0,1,0,1,1,0,1,1,0,0,0,1,1,1,0,1,0,1,1,0,1,0,1,1,1,0,1,1,0,0
0,0,0,1,0,0,1,1,0,0,1,1,1,1,1,0,0,0,0,0,1,1,0,0,0,0,0,1,1,0,1,0,0,0
1,0,0,0,0,1,0,1,0,1,0,0,1,1,0,1,1,0,0,0,0,0,1,0,1,1,1,0,0,1,1,0,0,0
0,1,1,0,1,1,1,0,0,1,0,1,0,1,1,1,0,1,0,1,1,1,0,0,0,0,1,0,1,1,0,1,0,0
1,0,0,1,1,0,1,0,0,0,0,0,0,0,0,1,0,0,1,0,0,1,1,0,1,1,1,1,1,1,0,0,1,1
1,1,1,1,1,1,0,0,1,1,1,1,0,0,0,1,0,1,1,0,0,1,1,1,0,1,1,1,0,1,1,1,0,0
1,0,1,0,1,1,1,1,1,1,0,0,1,1,1,1,0,0,1,0,0,0,1,0,0,1,1,0,0,0,0,0,1,1
0,1,1,0,0,0,0,0,1,0,0,0,0,0,1,0,0,1,0,1,1,1,0,1,0,0,0,0,1,1,1,0,0,0
0,1,1,0,1,1,1,1,0,1,0,1,0,1,0,1,0,1,1,0,0,1,0,0,1,0,1,1,1,0,0,0,0,0
1,1,1,0,0,0,1,0,1,1,0,1,1,1,0,0,1,0,0,1,0,0,1,1,1,0,0,0,0,1,1,1,0,0
1,1,0,1,0,1,0,1,0,0,1,0,0,0,0,0,0,0,1,1,0,0,1,0,1,0,1,1,1,1,1,1,1,1
0,1,0,1,1,1,0,0,0,1,1,0,0,0,1,1,0,0,1,0,0,1,0,0,1,0,1,0,1,1,0,1,0,0
1,1,0,1,0,1,1,0,1,0,1,0,0,0,0,0,1,0,0,0,1,0,0,1,0,0,0,0,0,1,0,1,0,0
0,0,1,1,0,0,0,0,0,1,0,1,0,1,0,1,0,0,0,0,1,0,0,0,0,0,0,0,0,1,0,1,1,1
1,1,1,0,1,0,1,1,1,0,0,0,1,0,1,0,0,1,1,1,0,0,0,0,0,1,1,1,1,0,1,0,0,0
1,0,0,1,1,1,0,1,1,0,0,0,1,0,1,0,0,1,0,1,1,1,1,1,0,0,0,1,1,0,1,1,0,0
0,1,0,1,0,1,0,0,0,0,1,0,1,0,1,1,0,0,1,0,1,0,0,0,1,1,0,0,0,0,0,1,1,1
1,0,1,1,1,0,1,1,0,1,1,1,0,0,0,1,0,0,0,0,0,1,1,1,0,0,1,0,0,0,1,0,1,1
1,1,1,0,1,0,1,0,1,0,0,1,0,1,0,0,1,1,1,0,0,1,1,0,1,0,1,1,1,1,1,0,0,0
1,1,1,0,0,0,1,0,0,1,0,1,0,0,0,1,1,0,0,1,0,0,1,1,0,1,1,0,1,1,0,0,0,0
1,1,1,0,1,1,1,1,1,1,1,0,1,0,0,1,0,1,1,1,0,0,0,1,1,0,0,1,0,0,0,0,0,0
1,0,0,0,1,1,0,0,0,0,1,0,0,1,1,0,0,1,1,0,1,1,1,0,0,0,1,0,1,0,0,1,0,0
1,1,0,0,1,1,0,1,1,0,1,0,0,1,0,1,0,0,0,1,1,1,0,0,0,1,0,0,0,1,0,1,1,1
1,1,1,1,1,1,1,1,0,1,0,0,0,1,0,0,1,0,0,1,1,1,0,1,1,1,1,1,1,1,1,0,0,0
1,1,1,0,0,1,0,1,0,0,0,0,0,0,1,1,0,1,0,0,1,0,0,1,1,1,0,0,0,0,1,1,0,0
1,0,1,1,1,0,1,0,1,1,1,1,0,0,1,1,1,0,0,0,0,1,1,0,0,1,1,0,0,0,1,0,0,0
1,0,1,1,1,0,0,1,1,0,1,0,0,0,0,0,1,0,0,1,0,0,0,1,0,0,0,1,0,1,0,0,0,0
1,0,0,1,0,0,1,0,0,1,0,0,0,1,1,1,0,0,1,1,1,1,1,0,1,1,0,1,0,0,1,0,0,0
0,1,0,1,0,0,0,0,1,1,1,0,1,1,0,1,0,0,1,0,1,1,0,0,1,0,1,0,0,0,0,0,0,0
0,1,0,0,0,1,0,1,1,1,1,0,1,1,0,1,0,0,1,0,1,0,0,1,1,1,0,0,1,1,1,0,0,0
1,0,1,1,1,0,0,0,0,0,1,1,0,0,0,0,1,0,1,0,1,0,1,1,0,0,0,0,1,1,0,1,0,0
1,1,0,1,0,0,0,0,1,1,1,1,1,0,0,0,1,0,0,1,1,0,1,0,1,0,1,1,1,1,1,0,0,0
1,1,0,0,0,1,0,0,1,0,1,0,1,1,0,1,0,0,1,1,0,0,0,1,1,0,0,1,0,1,0,0,0,0
1,0,0,0,0,1,1,0,1,1,0,1,0,0,0,1,0,1,1,1,1,0,0,1,1,1,1,0,1,1,1,0,0,0
1,1,1,0,0,1,1,0,1,1,1,1,0,1,1,0,1,0,0,1,1,1,1,1,1,0,0,1,1,0,1,0,0,0
1,1,1,1,1,0,1,0,1,0,0,0,0,1,0,0,0,1,0,0,1,1,1,0,1,1,1,1,1,0,0,1,0,0
1,1,1,0,0,1,0,0,0,1,0,1,1,0,1,0,1,1,0,1,1,1,1,1,1,0,1,1,0,1,1,1,0,0
0,1,0,1,0,1,1,0,1,0,1,0,0,0,0,0,0,0,0,1,1,0,0,1,1,0,0,1,0,0,1,1,1,1
1,1,0,0,0,0,0,0,0,0,0,0,1,0,1,1,0,1,0,0,0,1,0,0,0,0,1,1,0,1,1,0,0,0
1,1,0,0,1,0,0,0,1,1,1,0,0,1,0,0,0,0,1,1,1,1,0,1,1,1,0,1,1,1,0,0,0,0
1,1,1,1,1,1,1,0,0,1,1,1,0,0,1,0,0,1,1,0,1,0,1,1,1,0,0,1,0,1,1,1,0,0
1,0,1,0,0,1,1,0,1,0,1,1,1,1,1,1,0,0,1,1,0,1,1,0,1,0,1,0,0,0,1,1,0,0
1,1,1,0,1,1,0,0,1,1,0,0,0,1,0,0,0,0,1,1,1,1,1,0,1,1,1,0,0,0,0,1,0,0
1,1,0,0,0,0,0,0,1,0,0,1,1,1,1,1,0,1,1,1,1,0,1,1,1,1,0,1,1,1,1,0,1,1
0,1,1,0,1,1,0,1,1,0,0,1,1,0,0,1,0,1,0,1,0,0,1,0,1,0,1,1,0,0,1,1,0,0
1,1,1,1,1,0,1,1,0,1,1,0,0,0,1,0,0,0,1,1,0,0,1,0,1,1,0,1,0,1,1,0,0,0
1,1,0,1,0,1,1,1,1,1,1,0,0,0,0,1,0,1,1,0,1,0,1,0,1,0,0,1,0,0,1,0,0,0
1,1,1,0,1,1,1,1,0,0,0,1,0,1,0,1,1,1,1,0,0,0,0,1,1,1,1,1,1,1,0,0,0,0
0,1,0,1,1,0,0,0,0,1,1,1,0,1,0,1,0,0,0,1,0,0,0,0,0,1,1,0,0,0,0,1,0,0
0,0,0,1,0,1,0,1,1,1,1,1,1,1,1,1,0,0,0,0,0,0,1,0,0,0,0,0,0,1,0,1,0,0
1,1,1,0,0,0,0,1,0,1,0,1,1,0,0,1,1,0,0,0,1,0,0,0,1,0,0,1,0,1,1,0,0,0
1,1,1,1,1,0,1,0,1,1,1,1,1,0,0,0,1,0,0,1,0,0,0,0,1,1,0,1,1,0,1,1,0,0
1,1,1,1,1,1,1,1,1,0,0,1,0,0,1,0,0,1,0,0,0,0,0,0,1,1,1,0,1,0,0,0,0,0
1,1,1,1,0,0,1,1,0,0,1,1,1,1,0,0,0,0,1,0,0,1,1,1,1,1,0,1,1,1,1,0,0,0
1,1,1,0,1,1,1,0,0,0,0,0,1,0,1,1,0,0,0,1,1,1,0,1,1,1,0,0,0,0,0,1,1,1
1,1,0,1,0,1,1,1,0,0,1,0,0,0,0,1,1,1,0,0,1,0,1,0,1,1,0,1,0,1,0,1,0,0
1,1,0,1,0,1,0,0,1,0,0,0,0,0,0,0,0,1,0,1,1,1,0,0,1,1,0,1,1,0,1,0,0,0
1,1,0,1,0,1,1,0,1,1,1,1,0,1,0,0,0,0,0,1,0,1,1,0,1,0,1,1,1,1,0,0,0,0
0,1,0,0,1,1,1,0,1,1,0,1,1,1,1,0,0,0,0,1,0,1,1,0,0,1,1,1,0,1,0,1,0,0
1,0,1,1,1,0,1,0,1,0,0,0,1,0,0,1,1,0,0,0,1,0,0,0,0,0,1,1,1,1,1,1,0,0
1,0,0,1,1,1,0,0,0,1,0,0,0,0,1,0,1,0,0,0,0,1,1,1,0,1,0,1,1,0,1,0,0,0
1,1,0,1,0,0,1,1,0,0,0,1,0,0,1,1,0,1,0,1,0,1,0,1,1,1,1,1,0,0,1,0,0,0
0,1,0,0,0,0,1,1,1,0,0,0,0,0,0,0,0,0,0,1,1,0,1,1,0,1,0,1,1,1,1,0,1,1
1,1,1,1,0,1,0,0,0,0,1,0,1,0,1,1,0,1,0,1,1,0,0,1,1,0,0,1,1,0,1,0,0,0
1,0,1,1,0,1,1,0,1,1,1,1,0,0,0,0,0,0,0,1,0,0,0,0,1,0,0,1,0,1,1,0,0,0
1,1,1,0,1,1,1,1,1,1,1,0,0,1,1,1,1,0,1,0,0,1,1,0,1,0,1,0,1,0,0,0,0,0
1,0,0,0,0,1,1,1,0,0,0,0,0,1,1,0,0,1,0,0,1,0,1,0,1,0,1,1,0,1,0,1,0,0
1,0,1,1,1,1,1,1,1,1,0,0,1,1,0,1,0,1,1,0,0,0,0,1,1,0,0,0,1,0,0,0,0,0
1,1,1,0,1,1,0,1,1,0,0,0,1,0,0,0,0,1,0,0,0,0,0,0,0,1,1,0,0,1,0,1,0,0
1,0,1,1,0,1,1,0,1,0,1,0,1,1,0,1,1,0,0,1,1,1,0,1,0,1,1,1,1,1,0,0,0,0
1,1,0,0,1,0,0,1,0,0,1,0,1,0,0,0,0,1,1,1,1,1,0,1,0,1,1,1,1,1,1,1,0,0
1,1,0,1,1,0,1,0,1,1,0,1,1,1,1,1,1,0,0,1,1,0,1,0,1,0,0,1,0,1,1,0,0,0
1,0,1,1,1,1,1,0,0,0,0,0,1,0,0,0,0,1,0,1,0,1,0,1,0,1,0,1,1,1,1,0,0,0
1,1,1,1,1,1,1,0,0,1,1,1,1,1,1,0,0,0,1,1,1,1,1,1,0,0,1,1,0,0,1,1,0,0
1,1,1,0,1,0,1,1,0,0,1,0,0,1,0,1,0,1,0,0,1,0,0,1,1,1,1,1,0,1,1,1,0,0
1,1,0,1,0,0,0,1,0,1,1,0,1,0,1,1,1,1,0,0,0,1,0,1,1,0,1,1,0,1,1,0,0,0
1,1,1,1,0,0,0,0,0,0,0,1,1,1,0,1,0,1,0,0,0,0,0,1,1,0,0,0,1,1,1,0,0,0
1,1,0,0,1,0,0,0,1,1,0,0,0,0,1,0,1,0,0,1,0,1,0,1,1,0,1,0,1,0,0,1,0,0
1,0,1,0,1,1,1,1,1,1,0,1,0,1,0,0,0,1,0,1,0,0,1,1,1,1,1,0,1,1,1,0,0,0
1,0,0,1,0,1,0,0,0,0,0,0,0,1,1,1,0,0,0,1,1,0,1,1,1,1,0,0,1,1,0,0,1,1
0,0,1,0,1,1,0,1,1,1,1,1,0,0,1,0,0,0,0,1,0,1,0,1,0,0,0,0,1,1,1,0,0,0
1,1,1,1,1,1,1,0,0,1,0,0,0,1,0,0,1,0,1,1,1,1,0,1,0,1,1,0,0,1,0,0,0,0
1,0,0,1,1,0,1,0,0,1,1,0,0,0,1,0,1,0,0,1,0,0,1,0,0,1,0,0,0,1,0,1,0,0
1,1,0,1,1,1,1,0,0,0,0,0,1,1,0,1,0,0,0,1,0,0,1,1,1,1,1,0,1,0,1,0,1,1
1,0,0,1,0,1,0,1,0,1,1,1,0,1,0,0,0,0,1,1,1,1,1,0,0,1,0,1,1,0,0,1,0,0
0,1,0,0,1,0,1,0,1,0,0,0,1,1,0,0,0,0,1,1,0,0,0,0,1,1,0,1,1,0,1,0,1,1
1,0,1,1,1,0,1,1,0,0,1,1,1,0,1,0,1,0,0,0,0,1,1,0,1,1,1,0,0,1,1,1,0,0
0,1,1,1,1,0,0,0,1,1,0,0,0,0,1,1,0,1,0,1,1,1,1,0,1,0,1,1,0,0,1,1,0,0
1,1,1,0,1,0,0,1,0,0,1,0,0,1,0,1,1,0,0,0,0,1,0,0,0,1,0,0,0,1,1,0,0,0
1,1,1,1,0,1,1,1,0,0,1,1,1,0,0,1,1,1,0,1,1,0,0,0,0,0,1,0,1,0,0,1,0,0
1,1,1,1,0,1,0,1,0,1,0,0,1,0,1,1,1,1,0,1,1,1,1,1,0,1,1,0,1,1,0,1,0,0
1,1,1,0,0,1,0,1,1,1,1,1,1,1,0,1,1,0,1,0,0,0,0,1,0,0,1,1,1,0,0,1,0,0
1,1,1,1,0,1,0,1,0,1,1,1,0,0,1,0,1,0,1,1,0,1,0,1,1,0,1,1,0,1,0,1,0,0
1,1,1,0,1,1,0,1,0,0,1,1,0,1,0,0,0,1,0,0,0,1,0,1,0,0,0,0,0,1,0,1,0,0
1,1,1,0,1,1,0,1,0,0,1,0,1,1,0,0,1,0,0,1,1,0,0,0,1,1,0,0,1,1,1,1,0,0
1,1,1,0,1,0,0,0,1,0,1,1,0,1,0,1,0,0,0,1,0,0,0,0,0,0,0,0,1,0,0,0,1,1
1,1,1,0,0,0,0,0,1,0,1,1,0,0,1,0,0,1,1,1,1,1,1,0,1,1,0,0,0,1,0,1,0,0
1,1,1,1,1,1,0,0,0,0,1,1,1,1,0,1,0,1,1,1,1,1,1,1,1,0,0,0,1,0,1,1,0,0
1,1,1,1,1,0,0,0,1,0,0,0,1,0,1,1,1,1,1,0,0,1,1,0,1,0,1,1,1,0,0,0,0,0
1,0,0,0,0,0,1,1,0,0,1,1,0,1,1,1,0,1,0,1,0,0,0,1,1,1,0,1,0,1,0,0,0,0
1,1,0,1,1,1,0,1,0,1,1,1,0,0,0,0,1,0,1,1,0,0,1,1,1,1,1,1,1,0,0,0,0,0
1,1,1,1,0,0,1,0,1,1,0,1,1,0,0,0,0,0,1,0,0,0,0,1,0,0,0,0,0,0,1,0,0,0
0,1,1,0,1,1,1,1,0,1,1,0,1,1,1,0,0,0,0,1,1,1,1,1,1,1,1,1,0,1,1,1,0,0
1,1,1,0,0,1,1,0,1,1,0,0,1,1,1,0,0,0,1,0,0,1,0,0,1,0,0,1,1,0,0,0,0,0
1,0,0,0,0,0,0,1,0,0,1,0,0,1,0,0,0,1,0,1,0,0,1,0,0,1,1,1,0,1,0,1,0,0
1,1,1,1,0,1,0,1,1,1,1,1,1,0,1,1,0,1,0,0,0,0,1,0,0,1,0,0,0,0,0,0,0,0
1,1,1,1,0,0,1,0,0,0,1,1,0,0,0,0,1,0,0,1,1,0,0,1,1,0,0,0,0,1,1,1,0,0
1,0,0,1,1,0,0,0,0,1,1,0,0,1,0,1,0,1,0,1,1,0,1,0,0,0,0,1,0,1,0,0,0,0
1,1,1,0,0,1,0,0,0,0,1,1,1,0,1,0,0,1,1,1,1,0,0,0,1,0,0,1,0,0,1,0,0,0
1,1,0,1,1,0,1,1,1,1,0,0,0,0,0,0,0,1,1,1,0,1,0,0,1,1,1,0,0,0,0,0,0,0
1,1,1,0,0,1,0,0,1,0,0,1,0,1,1,0,1,0,0,1,0,1,0,1,1,0,1,1,1,1,0,1,0,0
1,0,1,1,0,1,0,0,1,0,1,0,1,1,0,0,1,0,0,1,1,0,1,1,0,0,0,0,1,0,1,0,0,0
1,1,1,0,1,1,1,1,1,0,0,0,1,1,0,0,0,1,1,1,0,1,1,0,1,1,1,0,0,1,0,0,0,0
1,0,0,1,1,1,0,0,1,0,0,0,0,0,0,0,0,1,0,0,1,0,0,1,0,0,0,1,0,1,0,1,0,0
1,1,0,1,0,1,1,0,0,0,0,0,0,1,0,1,0,1,1,1,0,0,0,1,0,1,0,1,1,0,1,1,0,0
1,1,1,1,1,1,1,1,1,1,0,0,0,0,1,1,1,1,1,0,1,0,1,1,0,1,0,1,0,1,0,0,0,0
0,1,1,0,0,0,1,0,1,1,1,1,1,0,1,0,0,1,0,1,1,0,1,0,1,0,1,0,0,0,0,1,0,0
1,1,1,1,0,0,0,1,1,0,0,0,0,0,1,0,1,1,0,0,1,1,1,1,1,1,0,0,0,1,1,0,0,0
1,0,1,1,0,1,1,1,0,0,0,0,1,0,0,0,1,0,0,1,1,0,1,0,0,0,0,0,1,0,0,1,0,0
0,0,1,0,0,0,0,1,0,1,1,0,1,0,0,1,0,0,0,1,0,0,0,0,1,0,1,1,1,0,1,1,1,1
1,1,0,1,1,0,0,1,0,1,1,1,1,1,0,1,0,0,1,1,0,1,0,0,0,0,0,1,1,1,1,1,0,0
1,1,0,1,0,0,0,1,1,1,1,1,0,1,0,0,0,1,1,0,0,1,0,0,0,0,0,1,1,0,0,1,0,0
1,1,0,0,0,0,0,0,1,0,0,0,1,0,0,0,0,1,0,0,0,0,1,1,1,0,0,0,0,1,0,1,0,0
0,1,1,0,0,0,0,1,1,0,1,0,1,1,1,1,0,0,1,1,1,0,0,1,0,1,1,1,0,0,0,1,0,0
1,1,1,0,1,0,0,1,1,1,0,1,1,0,0,1,0,1,0,0,0,0,1,1,1,1,1,0,0,1,1,0,0,0
1,1,0,0,0,0,1,1,0,1,1,0,0,0,0,0,0,1,0,1,0,0,1,0,0,0,0,1,1,0,0,0,0,0
1,1,0,1,0,0,0,1,1,0,0,1,1,0,1,1,0,1,0,1,0,1,1,1,0,1,1,1,1,0,0,0,0,0
1,0,0,0,0,1,1,0,1,1,1,0,0,0,1,1,0,1,0,1,0,1,0,0,0,1,0,0,0,1,0,0,0,0
0,0,1,1,1,0,1,0,1,0,0,0,1,1,1,1,0,0,1,0,1,1,0,0,1,0,0,1,0,0,0,1,0,0
1,0,0,1,1,0,1,1,1,0,0,0,1,1,1,0,0,1,0,0,0,1,1,1,1,1,0,0,0,1,0,0,0,0
1,1,0,1,0,0,0,1,1,1,0,0,0,1,1,1,0,0,1,0,0,1,0,1,0,0,0,1,0,0,0,1,0,0
1,1,1,1,0,0,0,1,0,0,0,0,0,1,0,1,1,0,1,1,1,1,0,1,0,0,0,0,1,1,0,1,0,0
1,0,1,0,1,1,0,0,1,1,0,0,1,1,0,0,1,0,1,0,0,1,0,1,0,0,1,0,0,1,1,1,0,0
1,0,0,1,1,1,1,1,0,0,0,1,1,1,0,0,0,0,1,1,1,1,0,0,0,0,1,0,0,0,0,0,0,0
0,1,1,1,0,0,0,1,0,0,0,1,1,0,0,0,0,1,0,0,0,1,0,1,0,1,1,1,1,0,1,1,0,0
0,0,1,1,1,1,1,1,0,0,0,0,1,1,0,1,0,0,1,1,1,0,1,1,0,0,1,1,1,1,0,0,0,0
1,1,1,0,0,0,1,0,1,1,0,1,0,1,1,1,1,1,0,1,0,1,1,1,1,1,0,0,1,0,0,0,0,0
1,1,0,0,1,0,0,1,1,1,0,0,0,1,0,0,0,1,0,1,0,0,1,0,0,0,0,1,1,0,1,1,0,0
1,0,0,0,1,0,1,0,1,1,1,1,0,1,0,1,0,0,0,1,0,1,0,1,0,1,1,1,1,1,1,0,0,0
0,0,0,1,1,1,1,0,1,0,1,0,0,1,0,0,0,0,0,1,0,0,0,1,1,0,1,1,1,1,1,0,0,0
1,1,0,1,1,1,1,1,1,1,0,0,1,1,0,0,0,0,1,1,0,0,0,0,0,0,1,1,0,1,0,1,0,0
1,1,1,0,0,0,1,0,1,0,1,1,0,1,0,0,0,0,0,0,1,0,0,1,0,1,0,0,1,1,0,0,1,1
1,1,0,1,1,1,1,0,1,1,0,1,0,1,1,0,0,0,1,1,0,0,0,1,0,1,1,0,0,1,1,1,0,0
1,1,0,0,0,0,1,1,1,0,1,1,0,0,1,1,0,1,1,1,0,0,1,0,0,0,1,1,1,0,0,0,0,0
1,1,0,1,1,1,1,1,0,1,1,0,1,1,1,0,1,0,0,0,0,0,0,0,1,1,0,0,0,1,0,0,0,0
1,0,1,0,0,0,0,1,0,0,0,1,1,1,1,0,0,1,1,1,0,1,1,1,0,0,0,0,0,0,1,1,0,0
1,1,0,1,1,0,1,0,1,0,1,1,1,0,0,0,0,1,1,1,1,1,0,1,0,1,0,1,1,1,0,0,0,0
1,0,0,1,1,0,0,1,0,1,0,0,0,1,0,0,1,0,0,1,1,0,0,0,1,0,0,1,0,0,1,0,0,0
1,1,1,1,1,1,1,1,1,0,1,0,0,0,0,1,1,0,1,0,1,0,0,1,1,1,1,0,1,0,1,1,0,0
1,0,0,0,1,1,0,0,1,0,0,1,0,1,0,0,1,0,0,0,1,0,0,1,1,0,0,0,0,1,1,0,0,0
1,1,0,0,1,1,0,1,1,0,0,1,1,0,0,1,0,1,1,1,1,0,0,0,0,0,1,1,1,1,0,1,0,0
1,0,0,1,1,0,0,1,0,0,1,1,1,1,1,0,1,0,0,0,0,1,0,1,0,1,0,0,0,0,1,0,0,0
1,1,0,1,1,1,0,0,0,1,1,1,1,1,0,0,0,1,0,1,1,0,1,1,1,0,0,0,1,1,0,0,0,0
1,1,1,0,0,1,0,1,0,1,1,0,1,1,0,0,0,1,0,1,0,1,0,1,1,0,0,1,0,1,0,1,0,0
1,1,1,1,1,0,0,1,0,0,0,1,0,0,1,0,1,0,0,1,1,1,1,0,1,1,1,1,0,0,0,0,0,0
0,1,1,0,1,0,1,0,1,0,0,0,1,0,1,1,0,0,1,0,0,0,1,1,0,0,0,0,0,0,1,0,1,1
1,1,0,1,0,0,1,1,1,0,0,1,1,1,0,0,1,0,0,1,1,0,0,0,1,0,1,0,1,0,1,0,0,0
1,1,0,1,1,0,1,1,0,0,1,0,1,1,1,0,0,1,1,0,0,0,1,0,1,0,0,1,0,1,1,0,0,0
1,1,1,0,0,0,0,0,0,0,0,0,0,0,1,0,1,0,0,1,0,1,1,1,1,1,0,1,1,0,0,1,0,0
1,1,1,0,0,0,0,0,1,1,1,1,1,1,1,0,0,0,0,1,1,1,1,0,0,1,1,1,0,0,0,1,0,0
1,1,0,1,0,0,0,1,0,0,0,1,1,1,0,1,0,1,1,1,0,0,1,0,1,0,0,0,1,1,0,1,0,0
1,1,1,1,0,0,1,0,1,0,0,0,1,1,0,1,0,1,0,0,0,1,0,1,0,0,1,1,0,0,1,0,0,0
1,1,1,1,0,1,1,0,0,0,1,1,1,0,1,0,0,0,0,1,0,0,1,0,0,1,1,0,1,0,0,0,1,1
1,1,0,1,1,1,1,1,0,1,0,1,1,1,0,0,1,1,0,0,1,1,0,1,0,1,0,1,0,0,0,0,0,0
1,1,0,1,0,0,0,0,1,1,1,0,1,0,1,0,0,0,0,1,0,1,0,1,1,1,0,1,0,0,1,0,0,0
1,1,1,1,0,1,1,0,0,1,0,1,0,0,0,0,1,0,1,0,1,1,1,0,0,1,1,1,0,0,0,1,0,0
1,1,1,1,0,0,0,0,0,1,0,0,0,1,0,0,0,1,0,1,1,0,0,0,1,0,1,1,1,1,0,1,0,0
1,1,1,1,1,0,0,0,1,0,1,0,1,0,0,0,0,1,0,0,1,1,0,0,1,0,0,1,0,0,1,1,0,0
1,1,0,0,1,1,0,0,0,1,1,0,0,0,0,1,0,0,0,1,0,1,1,1,0,1,0,0,0,0,0,0,1,1
1,1,1,0,1,1,1,0,1,0,1,1,1,0,1,0,0,1,0,0,0,1,1,1,0,0,1,1,1,0,1,0,0,0
0,1,1,1,1,1,0,0,1,1,0,1,0,0,1,1,0,1,0,0,1,0,1,0,1,1,0,0,0,1,1,1,0,0
0,1,1,1,1,1,0,1,0,1,1,0,0,1,0,1,0,0,1,0,0,1,1,1,1,0,0,1,1,1,0,0,0,0
1,0,0,1,1,1,0,0,1,0,0,1,1,0,1,0,1,0,0,0,1,0,1,1,1,1,1,1,0,0,0,1,0,0
1,1,0,0,0,1,0,1,1,1,1,0,1,0,1,1,0,1,1,0,0,0,0,1,1,0,1,1,1,1,1,0,0,0
0,0,1,1,0,1,1,0,0,1,1,1,1,1,0,0,0,0,1,0,1,0,0,1,0,0,1,0,1,0,0,1,0,0
1,1,0,0,1,0,1,1,1,0,0,1,1,0,0,1,0,0,1,1,1,1,1,0,0,1,1,0,1,1,0,1,0,0
1,0,0,1,0,1,1,0,0,0,1,0,0,0,1,1,0,0,0,0,0,1,1,1,1,1,0,0,0,1,1,0,1,1
1,0,1,1,0,0,1,1,0,1,1,0,0,1,1,1,0,1,0,0,1,0,0,0,0,1,0,0,0,0,0,0,0,0
1,0,0,1,1,0,0,1,1,1,0,0,1,1,0,1,0,0,1,1,0,1,1,1,0,0,1,1,1,0,1,1,0,0
1,1,1,0,1,1,1,1,0,0,0,0,1,1,0,0,0,1,1,0,0,0,0,1,0,1,0,1,0,0,0,1,0,0
0,1,0,1,1,1,1,1,0,1,1,1,0,1,1,0,0,1,0,0,1,0,1,1,1,1,1,1,0,1,1,1,0,0
1,0,0,0,1,1,1,0,0,1,0,1,1,0,1,1,0,1,1,0,0,0,0,0,0,0,1,1,1,1,0,1,0,0
1,0,0,1,1,1,0,1,1,0,1,0,0,1,0,1,1,0,0,0,0,0,0,0,1,1,0,0,1,0,0,1,0,0
1,0,0,1,1,0,0,0,0,0,0,1,0,0,0,0,0,0,1,0,0,1,0,1,0,1,1,0,1,0,0,1,1,1
1,1,0,0,0,0,1,0,1,0,1,0,1,1,0,0,0,0,0,0,0,0,1,1,0,0,1,0,1,1,1,0,1,1
1,0,1,1,0,1,1,1,0,1,0,1,0,1,1,1,0,0,1,0,1,0,0,0,0,1,0,0,1,0,0,0,0,0
1,0,1,0,1,1,1,0,1,0,1,0,1,0,1,0,0,0,1,1,0,1,0,0,0,0,1,1,0,0,1,1,0,0
1,0,1,0,1,1,1,0,0,0,1,1,0,0,1,0,1,0,0,0,1,1,1,0,0,0,0,1,1,1,1,0,0,0
1,1,1,0,0,1,0,1,1,0,1,1,0,1,1,1,1,0,0,0,1,0,0,0,0,0,0,0,1,1,0,1,0,0
0,1,0,0,0,0,1,1,0,1,1,0,1,1,0,0,0,0,1,1,0,0,1,0,0,0,0,0,0,0,1,1,0,0
1,1,1,1,1,1,1,0,1,0,0,0,1,0,1,1,0,0,0,1,1,0,1,1,0,0,0,0,1,1,1,0,1,1
1,1,1,0,1,1,1,0,0,0,0,0,0,1,1,1,1,1,0,1,1,0,1,1,1,1,1,1,0,1,0,0,0,0
1,0,0,1,0,1,1,1,0,1,1,1,1,1,0,1,0,1,1,1,1,0,0,1,1,1,1,0,1,0,0,0,0,0
1,0,1,1,1,1,1,1,0,0,1,0,0,0,1,0,0,1,1,1,1,1,0,0,1,0,0,1,0,1,1,1,0,0
0,1,1,0,0,1,0,0,1,0,0,1,0,1,0,0,0,0,1,1,1,1,0,0,1,0,1,1,1,1,1,0,0,0
0,1,1,1,0,1,1,1,1,1,1,1,1,0,0,1,0,0,0,0,1,1,0,1,0,0,1,0,0,0,1,1,0,0
1,1,0,1,0,1,1,1,1,0,1,0,1,1,1,1,0,1,1,1,1,1,1,1,1,1,1,0,0,1,0,1,0,0
1,0,1,0,1,0,1,0,0,0,0,0,1,0,1,0,1,0,0,1,0,1,1,1,0,0,1,0,0,0,0,1,0,0
1,1,0,1,1,0,0,0,0,0,1,0,0,0,1,1,1,0,1,1,1,0,1,0,0,0,1,0,0,0,1,0,0,0
1,0,1,1,0,1,0,0,1,1,1,0,0,1,0,1,0,0,1,0,1,1,0,0,1,0,1,0,1,1,0,0,0,0
1,1,1,0,1,1,1,1,1,0,1,0,1,1,1,0,1,0,1,0,0,1,1,1,0,0,1,1,1,0,1,1,0,0
1,0,1,0,0,0,0,0,0,0,1,0,0,1,0,0,0,1,0,0,0,0,1,1,0,1,1,1,0,1,1,1,0,0
1,0,0,0,1,1,0,0,1,1,0,1,1,0,1,0,0,1,1,0,0,0,1,0,1,0,1,1,1,1,0,0,0,0
1,1,0,0,1,0,0,0,0,1,1,1,0,1,1,1,0,1,1,0,1,0,0,1,1,0,0,0,1,0,0,0,0,0
1,0,0,1,1,0,0,0,0,0,0,1,0,0,0,0,0,0,1,1,1,1,1,0,1,1,0,0,1,0,1,0,0,0
1,0,1,0,1,0,1,0,1,0,1,1,1,1,1,0,0,1,1,0,0,1,1,0,1,0,0,0,0,1,1,1,0,0
1,0,0,0,0,1,0,1,0,0,0,1,1,1,1,0,0,1,1,0,0,0,1,0,1,1,1,0,0,0,0,0,0,0
1,0,0,1,0,1,1,0,1,0,0,0,1,0,1,0,0,1,1,1,0,0,0,1,1,1,1,1,0,1,0,1,0,0
0,0,1,1,1,1,0,0,0,0,0,1,0,1,1,0,0,0,1,0,1,0,0,0,0,1,1,0,1,1,0,0,1,1
1,0,1,0,0,0,0,0,0,0,0,0,0,1,1,0,0,0,0,1,1,0,1,0,0,0,1,1,1,0,0,1,1,1
1,1,0,1,0,0,0,0,1,1,0,1,1,1,1,1,1,0,1,1,1,1,1,0,1,0,0,1,0,1,0,0,0,0
1,0,1,1,1,0,1,1,0,1,1,0,0,0,1,1,0,0,1,0,0,0,1,0,0,1,0,1,0,0,1,0,0,0
1,1,1,0,0,1,0,1,1,0,0,0,0,0,1,1,0,1,1,0,1,1,1,0,1,1,0,0,0,0,1,1,0,0
1,0,1,0,0,1,1,0,0,0,0,1,1,1,0,0,0,0,1,1,0,1,0,1,1,0,0,1,0,0,1,0,0,0
1,0,1,0,1,1,1,1,0,0,1,0,1,1,0,0,0,0,0,0,0,0,1,0,1,0,1,1,1,1,0,1,1,1
1,0,0,1,1,1,0,0,0,1,1,0,0,1,0,0,0,0,1,1,0,0,1,1,1,0,1,0,1,0,1,1,0,0
1,0,1,1,1,1,1,0,0,0,1,1,0,0,1,0,0,1,1,0,0,0,0,0,0,1,0,1,0,0,0,0,0,0
1,1,0,1,1,0,1,0,1,1,1,0,1,1,0,1,0,1,0,0,1,0,1,0,1,0,1,1,1,1,1,1,0,0
1,0,1,1,1,1,0,1,0,0,1,1,1,0,0,1,0,1,1,0,0,1,1,0,1,0,1,1,0,1,0,0,0,0
1,1,0,1,1,1,0,0,1,1,0,1,0,1,0,0,1,0,1,1,1,0,1,1,0,1,1,0,0,1,1,0,0,0
1,0,1,0,1,1,0,1,1,0,0,0,0,0,0,1,0,1,0,1,0,1,0,0,0,1,1,0,0,1,1,1,0,0
1,1,0,0,0,0,1,1,1,0,1,0,0,0,1,0,0,1,1,1,0,0,0,1,1,1,0,0,0,0,0,0,0,0
1,0,0,0,1,0,1,0,0,1,0,0,1,1,0,1,0,0,0,1,1,0,0,0,1,1,0,1,1,0,0,1,1,1
0,1,0,1,0,1,0,1,1,0,1,0,0,1,1,0,0,0,0,1,0,0,1,1,1,0,1,0,1,0,1,0,1,1
1,1,0,1,0,0,1,1,1,0,0,1,0,0,1,0,0,1,0,1,1,1,0,1,0,1,0,0,1,0,1,1,0,0
0,1,1,0,0,1,1,1,0,1,1,0,0,0,0,0,0,0,0,1,0,0,1,1,0,1,1,1,1,1,0,1,1,1
1,1,1,0,1,0,0,0,0,0,1,0,1,1,1,0,0,1,0,1,1,1,0,1,0,1,0,0,1,0,0,0,0,0
1,1,1,1,1,0,0,0,1,1,1,1,1,0,0,1,1,1,0,0,0,0,1,0,1,0,0,0,0,1,1,0,0,0
1,0,1,1,1,1,0,1,0,1,1,0,0,0,1,0,0,0,0,1,0,1,1,1,1,0,0,0,1,0,1,1,1,1
1,0,1,1,0,1,0,0,1,1,0,0,0,0,1,0,1,0,1,0,1,1,1,0,0,0,1,0,1,1,0,1,0,0
1,1,1,1,1,0,0,0,1,0,1,1,0,1,0,1,0,1,1,0,0,0,1,0,1,0,0,0,0,1,0,1,0,0
1,1,0,0,0,0,1,1,1,0,1,0,0,1,0,1,0,0,0,1,0,0,1,1,0,0,1,1,1,1,1,0,1,1
1,1,0,1,0,1,1,1,0,0,0,1,0,1,1,0,0,0,1,0,0,0,1,1,1,0,0,1,0,0,1,0,1,1
1,1,1,0,0,0,1,0,1,1,1,1,1,1,0,1,0,0,0,0,1,0,0,1,0,0,1,0,0,0,1,0,0,0
1,0,0,0,0,1,0,0,1,0,1,1,1,0,1,0,0,0,0,1,0,1,0,1,1,0,1,0,0,1,1,0,0,0
1,1,0,1,1,0,0,1,0,1,1,0,0,1,0,1,0,0,0,0,0,1,1,1,0,1,1,1,0,1,1,1,1,1
1,1,1,0,0,1,0,0,1,1,1,0,0,0,1,0,1,0,1,1,0,1,0,0,0,0,1,0,1,1,0,1,0,0
1,1,1,1,0,0,1,0,0,0,1,0,1,1,0,0,1,0,0,1,1,1,0,1,1,1,0,0,1,1,0,0,0,0
1,0,1,0,0,0,0,1,1,0,1,0,1,1,1,0,0,0,1,0,0,0,1,1,0,1,0,0,1,0,0,1,0,0
1,1,1,1,0,1,1,0,1,1,0,1,0,0,0,0,0,0,0,1,1,0,1,0,1,0,1,1,1,1,1,1,1,1
1,1,0,1,1,0,1,1,1,1,1,0,0,1,1,0,1,1,0,0,0,0,1,1,1,1,1,0,0,0,0,1,0,0
1,1,1,1,0,0,0,1,1,1,0,0,0,0,1,1,1,0,0,0,0,1,0,1,0,1,0,0,1,1,1,0,0,0
1,1,1,0,1,0,1,1,1,0,1,0,1,0,1,1,0,1,1,1,0,1,1,0,0,0,1,1,1,1,0,1,0,0
1,1,1,1,0,0,0,1,1,0,0,1,1,0,1,0,1,0,0,0,0,1,1,1,0,1,0,1,0,1,0,0,0,0
0,1,1,1,0,0,1,1,1,1,1,0,1,1,1,1,0,1,0,1,0,1,0,0,1,0,0,0,0,0,1,1,0,0
0,1,1,1,1,0,0,1,0,0,1,1,0,0,0,1,0,0,0,1,1,0,1,1,1,1,1,1,1,0,1,0,1,1
0,1,0,1,1,1,1,0,0,1,1,1,1,0,1,0,0,0,1,1,0,1,1,1,1,1,0,0,1,1,0,1,0,0
1,1,0,0,0,0,0,0,1,1,1,0,1,1,0,0,1,0,1,1,0,0,1,1,1,1,0,0,1,1,1,0,0,0
1,0,1,0,0,1,0,0,1,1,1,1,0,0,0,0,0,0,1,0,1,0,1,0,1,0,1,1,0,1,1,0,0,0
1,0,1,0,1,0,1,1,1,0,1,0,0,0,0,1,0,1,0,1,1,0,1,0,1,1,1,1,1,1,0,0,0,0
0,1,0,0,0,0,1,0,0,0,0,1,1,1,0,1,0,0,1,1,1,0,1,1,1,1,0,1,0,0,0,0,1,1
1,1,1,1,0,1,1,0,1,0,0,0,0,0,1,1,0,1,0,0,1,1,0,1,0,1,1,0,0,1,0,0,0,0
1,0,1,0,1,0,0,1,0,0,1,0,1,0,1,1,0,1,0,1,0,1,0,1,0,0,0,1,0,0,1,1,0,0
0,0,1,1,1,0,1,0,0,0,0,1,1,1,1,1,0,0,0,1,0,0,0,1,1,1,0,1,0,0,1,1,0,0
0,0,1,0,1,1,1,0,1,1,1,1,0,1,1,1,0,0,0,1,1,1,0,0,1,1,0,1,1,0,0,1,0,0
1,0,0,0,0,1,0,1,1,0,0,1,1,0,1,1,0,1,0,0,0,0,0,1,0,1,1,0,1,1,0,1,0,0
1,0,1,1,1,0,0,0,0,1,0,1,0,1,0,1,0,0,1,1,0,1,0,1,0,1,1,1,1,0,0,0,0,0
0,1,1,0,0,1,1,1,1,1,0,1,0,1,0,1,0,1,0,1,0,0,1,1,0,1,1,0,0,1,0,0,0,0
0,1,0,0,1,0,0,0,1,0,0,0,0,0,0,1,0,0,1,0,1,1,0,1,0,0,1,1,1,0,0,1,1,1
1,1,1,0,1,1,0,1,0,1,0,0,0,0,0,1,0,1,0,0,1,0,0,1,0,1,1,1,1,0,1,0,0,0
1,0,0,1,0,1,1,0,1,0,0,0,1,0,0,0,0,1,0,0,0,0,1,1,1,0,1,0,0,0,1,0,0,0
1,1,0,0,1,0,1,0,1,1,0,1,1,1,0,1,0,0,1,1,1,0,1,1,0,0,1,1,0,0,1,1,0,0
1,1,1,0,0,0,0,0,0,1,1,0,0,0,1,1,0,1,1,0,0,1,0,0,0,1,0,1,1,0,1,1,0,0
0,1,0,0,0,0,1,0,0,0,1,0,1,1,0,0,0,0,1,1,1,0,1,0,0,1,0,0,0,1,1,0,0,0
1,1,1,1,1,0,1,0,1,0,0,1,0,1,1,0,0,0,1,0,1,1,0,0,0,1,0,1,0,1,1,0,0,0
0,1,1,1,1,0,1,1,0,0,0,1,0,1,0,0,0,1,1,1,0,1,1,0,1,1,0,1,0,1,0,0,0,0
1,0,0,1,0,0,1,1,1,0,1,1,1,0,0,0,0,1,1,1,0,1,0,1,1,1,1,1,1,0,1,0,0,0
1,0,1,1,1,1,0,0,0,1,0,0,0,1,0,0,1,0,1,1,1,0,1,0,1,0,0,0,1,0,1,1,0,0
1,1,0,0,0,1,1,0,0,1,0,1,1,0,0,0,1,0,1,0,1,0,1,0,1,0,0,1,0,0,0,0,0,0
1,1,1,0,1,0,1,1,1,0,1,0,0,0,1,1,0,0,1,0,0,1,1,0,1,1,1,0,1,1,0,0,1,1
0,1,0,0,1,0,0,0,0,0,1,0,0,1,0,1,0,0,1,0,0,0,0,1,1,0,1,1,1,0,1,1,1,1
0,1,0,0,1,0,0,0,0,0,1,0,1,1,1,0,0,0,0,0,0,1,0,1,0,0,0,1,1,0,1,1,1,1
0,0,0,1,0,0,1,1,1,1,1,0,0,0,1,0,0,0,0,0,0,1,0,1,1,1,0,0,0,1,0,1,0,0
1,1,1,0,0,1,0,1,1,1,1,1,1,1,0,1,1,0,0,0,1,0,0,1,1,1,0,1,0,0,0,1,0,0
1,0,1,0,0,0,0,1,0,1,1,1,0,1,0,0,1,0,0,1,1,1,0,0,0,0,0,1,1,1,0,0,0,0
1,0,0,0,1,0,1,0,1,0,1,0,0,0,1,0,0,1,0,0,0,0,0,0,1,0,0,0,0,0,0,1,0,0
1,1,0,0,0,0,0,0,0,0,0,1,1,1,0,1,1,0,1,1,0,0,1,0,0,1,0,1,1,0,0,1,0,0
1,1,0,0,1,0,1,1,1,1,1,1,1,1,1,0,0,1,0,1,0,0,1,1,1,1,0,1,1,0,1,0,0,0
1,1,1,0,0,0,1,0,1,0,1,1,1,0,0,0,0,1,0,0,1,1,1,0,1,0,0,0,1,0,0,1,0,0
1,1,0,1,0,1,1,1,0,1,1,1,0,0,0,1,0,0,0,1,0,0,1,0,1,0,1,0,0,0,0,0,1,1
1,0,1,1,1,1,0,1,1,1,0,0,1,1,0,1,1,0,0,1,1,0,1,0,0,0,1,0,0,1,1,0,0,0
1,1,0,1,1,1,0,1,1,1,0,1,1,0,0,0,1,0,0,1,0,0,1,1,0,0,0,0,1,1,0,1,0,0
0,1,0,1,0,0,1,1,0,0,1,1,0,1,0,0,0,0,1,1,1,1,1,1,1,1,0,1,1,0,0,1,0,0
1,1,1,0,1,0,1,0,0,0,0,0,0,0,1,1,1,0,1,0,1,1,0,1,0,1,0,1,1,0,0,0,0,0
1,1,1,0,1,0,0,1,1,0,0,1,0,0,1,1,1,1,1,0,1,0,0,1,0,1,1,1,1,0,0,0,0,0
1,1,1,1,1,1,1,1,0,0,1,0,1,0,0,1,0,1,1,0,1,0,0,0,0,0,0,0,1,0,0,1,0,0
0,1,1,0,1,1,0,1,0,1,0,0,1,0,0,0,0,1,0,1,1,1,0,1,1,0,1,1,0,1,0,0,0,0
1,1,1,0,0,0,0,1,0,1,1,1,1,1,0,0,0,0,1,0,0,1,0,1,1,0,0,0,0,0,1,0,0,0
1,0,0,1,0,0,1,0,0,0,0,0,0,1,1,1,1,0,0,0,0,0,0,1,0,0,0,1,1,1,1,1,0,0
1,1,0,1,1,0,0,1,1,1,0,0,1,1,1,1,1,0,0,0,0,0,1,1,0,1,0,1,0,0,0,0,0,0
0,0,1,0,1,1,0,1,0,0,0,1,1,0,0,1,0,0,0,0,1,1,0,0,1,1,1,0,0,1,1,1,0,0
1,1,1,0,0,0,1,0,0,0,0,0,0,1,0,0,1,0,1,0,1,1,1,0,0,1,0,1,1,1,0,0,0,0
1,0,1,0,0,1,1,1,0,1,0,0,1,0,0,1,0,1,0,1,1,0,0,1,1,0,0,0,0,0,1,0,0,0
1,0,0,1,0,1,0,0,0,1,0,0,0,1,1,0,0,1,0,0,1,0,0,1,1,1,1,1,1,1,1,0,0,0
0,1,1,0,1,0,1,1,1,0,0,0,1,1,1,0,0,1,0,0,0,1,1,1,0,0,0,0,1,1,0,0,0,0
1,1,0,0,1,0,1,0,0,0,0,1,0,1,1,1,1,0,1,0,0,0,1,1,1,1,1,0,0,1,0,0,0,0
1,1,0,0,0,0,1,0,0,0,1,0,0,0,0,0,1,0,0,1,1,1,1,0,0,1,1,0,0,0,1,1,0,0
1,0,1,1,1,1,1,0,0,1,0,0,1,0,0,1,0,1,0,0,0,1,1,1,0,0,0,1,0,0,1,1,0,0
0,0,1,1,1,1,0,0,1,1,0,1,0,1,1,1,0,0,1,1,1,1,0,0,0,0,1,1,0,0,0,1,0,0
1,1,1,0,0,1,1,1,0,0,1,1,0,1,0,1,1,0,0,0,0,0,1,1,1,1,0,0,0,1,0,1,0,0
1,1,1,1,0,0,1,0,0,1,0,0,1,0,0,1,0,0,1,0,1,0,0,1,1,0,1,1,1,0,0,0,1,1
0,1,0,0,1,1,1,1,0,0,1,0,1,1,0,0,0,1,0,0,1,0,1,1,1,1,0,1,0,1,1,0,0,0
1,0,0,0,0,0,0,1,0,0,1,1,1,0,0,1,0,0,1,0,0,0,1,0,0,0,1,0,0,1,0,0,0,0
1,1,1,1,1,0,0,0,0,0,0,1,0,1,1,1,0,1,0,1,0,0,1,0,0,1,1,1,0,0,0,1,0,0
1,1,1,1,0,1,0,0,1,0,1,0,1,0,1,1,1,0,0,1,0,1,0,1,1,0,1,0,0,1,1,0,0,0
1,0,1,1,0,1,0,1,0,0,0,0,1,0,1,1,0,0,1,0,0,1,1,0,1,1,0,0,0,0,0,1,1,1
1,1,0,1,1,0,0,1,0,0,0,1,0,0,0,0,0,0,1,0,0,0,0,0,1,0,0,0,0,0,0,1,1,1
1,0,1,0,1,1,1,0,1,1,1,0,1,1,0,0,0,1,1,1,0,0,0,1,1,0,1,0,0,0,0,1,0,0
0,1,1,1,0,0,1,1,1,1,0,1,1,1,1,1,0,1,0,0,0,1,0,1,1,0,0,0,1,0,0,1,0,0
0,1,0,0,1,0,0,0,0,0,1,0,1,1,0,0,0,0,0,0,0,0,0,1,0,1,0,1,0,1,1,1,1,1
1,0,0,0,0,0,0,1,0,1,0,1,1,0,0,0,0,0,1,0,0,1,1,1,1,0,1,1,0,0,0,1,1,1
1,0,1,1,1,0,1,0,1,1,0,0,0,0,0,0,0,1,0,0,1,0,0,0,1,0,0,1,1,1,1,0,0,0
1,1,0,0,0,1,1,1,1,1,1,1,0,1,0,0,0,0,1,1,0,0,1,0,0,1,0,0,0,0,1,0,0,0
0,1,1,1,1,0,0,1,1,0,0,0,1,0,1,0,0,0,1,0,0,0,0,0,0,1,0,1,0,1,1,0,1,1
0,0,0,0,1,0,0,0,0,0,1,0,1,1,1,1,0,0,0,0,0,0,1,1,0,1,0,0,0,0,1,1,0,0
1,0,1,1,0,0,0,0,0,1,0,1,1,1,0,1,0,1,0,0,0,0,1,1,1,0,1,0,0,1,0,0,0,0
1,1,1,0,0,1,0,0,1,1,0,1,0,1,1,1,0,0,0,1,1,1,1,1,1,0,0,1,1,1,0,1,0,0
0,1,1,1,0,1,1,0,1,0,1,1,1,0,1,1,0,0,1,0,1,1,1,0,0,1,0,1,0,0,0,1,0,0
0,1,0,0,1,1,0,1,0,1,0,1,1,0,0,1,0,0,0,1,1,0,1,0,0,0,0,0,0,0,1,0,1,1
1,0,1,0,1,0,1,1,0,1,1,1,1,1,1,0,0,1,0,0,1,0,1,0,1,1,0,1,0,0,1,1,0,0
1,1,1,1,0,1,0,0,1,0,1,0,0,0,0,0,0,0,0,1,0,0,0,0,0,1,0,0,1,0,0,0,1,1
1,0,0,1,1,0,1,1,0,1,1,0,0,1,0,1,0,0,1,0,0,1,1,1,0,0,1,0,1,0,1,1,0,0
0,1,1,0,1,1,0,1,0,1,0,1,0,0,0,0,0,1,1,0,0,0,0,0,1,1,1,1,1,1,1,0,0,0
1,0,1,1,1,0,1,1,1,1,0,0,0,1,1,1,0,1,1,0,1,0,1,1,1,1,1,1,1,0,0,0,0,0
0,0,1,0,1,0,0,1,1,0,0,1,1,0,1,0,0,0,1,0,0,0,0,0,0,1,1,1,1,0,1,0,0,0
0,1,1,1,0,1,1,1,0,1,1,1,0,0,1,0,0,0,0,0,0,0,1,1,0,0,0,0,1,0,0,0,1,1
0,1,0,1,0,1,1,0,1,1,0,0,1,0,0,0,0,0,0,1,0,0,1,0,1,1,1,1,0,0,1,1,1,1
1,1,1,0,0,0,0,1,0,0,0,1,0,0,0,0,1,0,1,1,0,0,0,0,1,0,0,1,1,0,0,0,0,0
1,1,1,1,0,1,0,0,1,1,0,1,0,1,0,0,1,0,1,1,1,0,1,1,0,0,0,0,1,1,1,1,0,0
1,1,1,0,0,1,0,0,0,1,0,1,0,0,1,0,0,1,0,0,1,0,1,0,1,1,0,1,1,1,0,0,0,0
1,1,1,1,0,0,0,1,0,0,1,0,1,1,1,0,1,0,0,1,1,0,0,0,0,0,0,0,0,1,1,0,0,0
1,0,1,1,1,1,1,1,1,1,1,1,1,1,0,1,0,0,1,0,0,1,1,1,0,0,1,1,0,1,1,0,0,0
0,1,0,0,1,0,1,1,1,0,0,0,1,1,1,0,0,0,1,1,0,0,0,0,1,1,0,1,1,0,1,0,1,1
0,1,0,1,1,0,1,0,0,1,1,0,1,0,1,0,0,0,0,1,0,0,1,0,1,0,1,0,1,0,1,1,1,1
1,1,0,0,0,0,0,0,1,1,1,0,1,1,0,1,0,0,1,1,1,0,1,0,0,1,1,1,0,1,0,0,0,0
1,1,0,0,0,0,0,1,0,1,1,0,0,1,0,0,0,1,0,1,0,0,0,0,1,1,1,1,1,0,0,0,0,0
1,1,0,1,0,1,1,0,0,1,0,1,1,0,1,0,0,1,0,0,1,0,0,0,0,1,1,1,1,1,0,1,0,0
1,1,1,0,0,1,1,0,1,1,1,1,0,1,1,1,1,1,0,0,0,0,0,1,1,1,1,1,1,0,0,1,1,1
0,1,1,0,0,1,0,0,1,1,0,0,1,0,1,1,0,1,1,0,0,0,1,1,1,0,0,0,1,0,0,1,0,0
1,1,1,1,1,1,0,0,1,1,1,0,0,0,0,1,0,0,1,1,0,1,0,0,1,1,1,1,1,0,1,0,0,0
1,1,1,1,1,1,1,0,1,0,1,0,1,1,1,0,0,1,1,0,1,0,0,1,1,0,0,1,1,1,0,1,0,0
1,1,1,1,0,0,0,0,0,1,0,0,0,0,0,1,0,0,0,0,0,0,1,1,0,1,1,1,1,0,1,0,1,1
1,1,1,1,1,1,0,1,0,1,1,0,1,1,0,0,1,0,0,0,0,0,1,1,1,1,0,0,0,1,1,0,0,0
1,0,1,1,1,1,0,0,1,1,0,0,0,1,1,0,1,0,1,1,1,0,0,1,0,0,0,0,0,1,0,1,0,0
1,1,1,0,1,0,0,0,0,1,0,1,1,0,0,0,1,1,0,1,0,0,0,0,1,0,1,0,1,1,1,1,0,0
1,1,0,1,1,0,1,1,1,0,0,0,1,0,0,1,0,1,0,0,0,0,1,0,1,1,0,1,1,1,1,1,0,0
0,1,0,1,1,0,1,1,0,1,1,0,1,1,1,0,0,0,0,1,1,0,0,1,1,0,0,1,0,0,1,1,0,0
1,0,1,0,0,1,0,1,0,1,1,0,1,1,1,1,0,1,0,1,1,0,0,1,1,0,1,0,0,0,1,0,0,0
1,0,0,0,0,1,0,0,0,1,1,1,0,1,0,0,0,1,1,1,1,0,0,1,1,1,0,0,0,0,0,0,0,0
1,0,0,1,1,0,0,0,0,0,1,0,1,0,0,1,1,0,0,0,0,0,1,1,0,0,1,1,0,0,0,1,0,0
1,1,1,1,0,0,1,0,1,0,1,0,1,1,0,0,0,0,1,0,1,0,0,0,1,1,0,0,0,0,0,0,0,0
1,0,1,0,0,1,0,1,0,1,0,0,1,0,1,0,1,0,0,1,1,1,1,1,0,1,0,0,1,1,1,1,0,0
1,1,0,0,1,0,0,0,0,1,0,1,0,1,0,0,0,1,0,0,0,1,0,1,1,0,0,0,1,1,0,1,0,0
0,1,0,0,0,0,1,0,1,1,1,0,1,1,1,1,0,0,1,0,0,0,0,1,1,0,1,0,0,0,1,1,0,0
1,0,1,1,0,0,1,1,0,0,1,1,1,0,0,0,0,0,1,0,0,1,1,1,0,1,1,0,0,0,1,1,0,0
1,1,0,1,1,1,1,1,0,1,0,0,0,0,1,0,0,0,0,1,1,1,1,1,0,1,0,1,1,0,1,0,1,1
1,1,0,0,1,0,1,0,1,0,0,1,1,0,1,1,0,0,0,1,1,1,1,0,0,0,0,0,0,0,1,1,1,1
0,1,1,1,1,1,1,0,1,0,0,0,1,1,0,1,0,0,0,0,0,1,1,0,1,0,1,0,1,0,1,1,1,1
1,1,1,1,1,1,1,1,0,0,0,1,1,0,0,1,0,1,1,1,1,1,0,0,0,1,1,1,1,0,1,1,0,0
0,1,1,0,1,1,1,1,1,0,0,1,1,0,0,1,0,0,0,0,1,1,1,1,0,1,1,0,0,1,1,0,1,1
0,1,1,1,0,1,1,0,0,1,1,1,0,1,1,1,0,0,1,0,1,0,1,0,1,0,0,1,0,0,1,1,0,0
0,1,0,0,0,1,0,1,0,0,1,1,0,1,1,0,0,0,0,0,0,1,0,1,1,1,1,0,0,1,1,1,1,1
0,1,0,1,1,0,0,1,0,1,1,0,0,1,0,0,0,0,0,1,0,1,0,0,1,0,0,1,1,1,1,0,1,1
0,1,0,1,0,1,0,0,0,0,0,1,0,0,1,0,0,0,0,1,0,1,0,0,1,0,1,1,0,1,1,1,1,1
0,1,1,0,0,0,0,1,1,1,1,0,0,0,1,0,0,0,0,1,0,0,0,0,0,0,1,1,1,0,1,1,1,1
1,0,1,1,0,0,0,1,0,0,0,1,0,1,1,1,0,1,1,0,1,1,1,1,0,0,1,1,1,0,1,0,0,0
0,1,0,1,1,1,0,0,0,1,1,0,1,0,1,1,0,0,0,1,0,1,0,0,0,1,0,0,1,0,1,0,1,1
1,1,0,0,1,1,1,0,1,1,0,1,0,0,0,1,1,0,0,1,1,0,1,0,1,0,1,0,1,0,0,0,0,0
1,1,1,1,0,1,0,0,0,0,0,0,1,0,1,1,0,0,1,1,1,1,1,0,1,0,1,0,1,0,1,0,0,0
1,0,1,0,1,0,1,0,1,1,1,1,0,1,1,0,0,1,1,0,1,1,1,0,1,1,1,0,1,0,0,1,0,0
1,1,1,0,0,1,0,1,0,1,0,1,0,1,0,0,0,1,1,0,0,0,0,1,1,0,0,0,0,0,1,1,0,0
1,1,1,1,0,0,0,1,1,1,1,1,0,1,1,0,0,0,1,1,1,1,0,0,1,0,1,1,1,0,0,1,0,0
1,1,0,0,0,0,1,1,1,0,1,1,1,0,1,0,1,0,1,1,1,0,0,0,0,0,0,1,1,1,0,1,0,0
1,0,1,1,0,0,0,0,0,1,0,0,0,0,0,0,0,1,0,0,0,0,1,0,0,1,1,0,0,0,0,1,0,0
1,0,1,1,1,0,1,0,1,0,1,1,0,1,1,1,1,0,1,1,0,0,1,0,0,0,0,0,0,1,1,0,1,1
0,1,1,0,1,1,1,0,0,1,0,1,0,1,1,1,0,0,1,0,0,0,0,0,1,1,0,1,1,1,1,0,1,1
1,1,1,0,0,1,1,0,0,1,0,1,1,0,1,1,0,1,0,0,1,0,1,1,0,0,1,0,0,1,1,1,0,0
1,1,1,0,1,1,1,1,1,0,0,1,0,1,0,1,0,0,1,1,1,1,1,0,1,1,0,1,0,1,1,1,0,0
0,1,0,1,0,0,0,0,0,1,1,1,1,0,0,0,0,0,1,1,0,1,1,0,1,1,1,0,0,0,1,1,0,0
0,1,1,0,1,0,1,0,0,1,1,0,0,0,0,1,0,1,0,1,0,1,1,0,1,0,0,1,1,0,1,1,0,0
0,1,1,0,1,1,0,1,0,1,1,0,1,1,0,0,0,0,0,0,1,0,1,1,0,0,1,0,0,1,0,1,1,1
1,1,1,0,1,0,1,0,1,0,1,1,0,0,0,1,1,1,0,0,0,0,1,0,1,1,0,0,0,0,0,1,0,0
1,1,1,1,0,1,1,0,0,0,1,0,0,1,1,0,0,1,1,1,1,0,0,0,1,1,0,0,0,0,1,0,0,0
1,0,1,1,0,1,1,1,0,0,1,1,0,0,1,1,0,1,0,1,1,0,0,1,0,0,1,1,0,0,1,0,0,0
1,0,1,0,1,1,0,0,1,0,1,0,0,1,1,1,0,0,1,0,1,0,0,1,0,0,0,0,0,1,0,0,0,0
0,1,1,1,0,0,0,0,1,0,0,0,1,1,0,0,0,0,1,0,0,1,1,0,1,0,0,1,1,0,1,1,1,1
1,1,1,1,0,1,0,1,0,0,0,1,1,0,1,0,1,0,1,1,0,0,0,0,1,1,1,0,1,1,0,0,0,0
0,0,1,0,1,1,1,1,0,0,0,0,1,0,1,0,0,0,0,0,0,1,1,0,1,0,1,1,0,0,0,1,0,0
1,1,0,1,0,1,0,1,1,0,1,0,1,0,1,0,0,1,0,0,1,0,0,1,0,1,0,0,1,1,0,1,0,0
1,0,0,1,0,1,1,0,1,0,0,0,0,1,1,0,0,0,1,1,0,1,1,0,1,0,1,1,1,1,1,1,1,1
1,1,1,0,1,0,1,1,0,0,1,0,0,1,0,0,0,0,0,0,0,1,1,0,1,0,1,1,0,0,0,1,1,1
1,1,0,1,1,0,0,0,1,0,1,0,0,0,0,1,1,1,0,0,0,0,1,1,1,0,1,1,0,0,1,1,0,0
1,0,0,1,1,1,0,0,0,0,0,0,1,0,0,0,0,1,0,0,0,0,0,0,0,1,1,0,1,0,0,0,0,0
1,1,1,1,0,1,0,1,1,1,0,0,0,1,1,0,0,1,1,0,0,1,0,1,0,0,0,1,0,0,1,0,0,0
1,1,1,1,0,1,0,0,0,0,1,0,1,0,1,0,1,0,1,1,1,0,1,0,1,1,1,0,1,1,0,0,0,0
1,1,0,1,0,0,1,1,1,0,1,1,0,0,0,0,0,0,0,0,1,1,0,0,0,0,0,0,0,0,1,1,1,1
1,1,0,1,0,1,0,1,0,1,1,0,0,1,1,1,0,1,1,0,1,1,0,1,0,0,0,0,0,0,1,1,0,0
1,1,0,0,0,0,0,0,1,0,1,0,1,0,1,1,0,0,0,0,0,1,0,1,1,0,1,1,0,0,1,1,1,1
1,0,1,0,0,1,1,1,1,1,1,0,1,0,0,1,0,0,0,0,0,0,1,0,0,1,1,0,1,0,1,1,0,0
1,1,0,1,1,1,1,0,1,0,1,0,0,0,0,1,0,0,0,1,1,1,1,0,1,1,1,0,1,1,1,1,1,1
1,1,0,0,1,0,0,1,0,0,1,1,1,1,1,1,0,1,0,1,1,0,1,1,0,1,0,0,1,1,1,1,0,0
0,0,1,0,0,0,0,1,1,0,1,0,1,0,0,1,0,0,0,1,1,1,1,0,0,1,1,1,0,0,0,0,0,0
1,1,1,0,0,1,0,1,1,0,1,1,0,1,1,1,0,0,1,0,0,1,1,1,0,1,1,0,0,1,1,1,0,0
0,1,1,1,1,1,0,1,0,0,1,0,1,1,0,0,0,0,0,1,0,0,0,0,0,0,0,0,1,0,1,1,1,1
0,1,0,1,1,1,0,0,0,0,1,0,1,1,1,1,0,1,0,0,0,0,1,0,0,1,0,0,1,1,0,1,0,0
1,1,0,0,0,1,0,1,1,1,0,0,0,0,0,0,1,0,1,0,1,1,1,0,1,0,1,1,0,0,1,1,0,0
1,0,0,0,1,1,1,1,1,0,1,0,1,0,1,0,0,0,0,1,0,0,1,0,1,1,0,0,1,1,0,0,1,1
1,1,0,0,1,1,1,1,1,1,0,0,1,1,1,1,1,0,1,1,0,0,1,1,1,1,1,1,1,1,0,0,0,0
1,1,1,0,0,1,1,0,1,0,1,0,0,1,1,0,0,1,1,0,0,0,0,0,0,1,0,1,0,1,1,1,0,0
1,1,1,0,0,1,0,0,1,0,1,0,1,0,0,0,1,0,0,0,1,0,1,0,1,1,1,1,0,0,0,1,0,0
1,0,0,1,1,0,0,1,0,1,1,1,1,0,0,1,0,0,0,1,0,0,1,0,1,1,0,0,1,0,1,0,0,0
1,0,1,0,1,0,0,0,1,1,1,0,0,1,1,1,0,1,0,1,1,0,1,0,0,1,1,0,1,1,1,0,0,0
0,1,1,1,0,0,1,1,0,0,0,1,1,1,1,1,0,0,0,1,1,0,1,0,0,0,1,0,0,0,1,1,0,0
1,1,1,0,0,0,1,1,0,1,0,1,1,1,1,1,1,1,0,1,0,1,0,0,0,1,0,1,1,0,0,0,0,0
1,1,1,1,1,1,0,0,1,1,0,1,0,0,0,1,0,0,1,1,1,0,0,0,0,0,1,0,1,0,0,1,0,0
1,0,0,1,1,1,1,0,0,0,0,1,1,0,0,1,1,0,0,0,0,1,0,0,1,0,0,1,1,0,0,1,0,0
0,1,0,0,0,0,0,1,1,1,1,1,1,0,0,1,0,0,0,1,0,0,0,0,0,0,0,1,1,0,0,0,0,0
0,1,1,1,0,1,0,0,0,0,0,1,1,0,0,1,0,0,0,1,1,1,1,0,1,0,0,0,1,1,0,0,1,1
0,1,0,1,0,1,1,1,1,0,1,0,1,0,1,0,0,1,0,0,0,0,1,1,0,1,0,1,0,1,0,0,0,0
1,0,1,1,1,1,0,1,0,0,1,1,1,0,1,1,1,0,0,1,0,0,1,0,0,1,0,1,0,0,0,0,0,0
1,1,0,0,0,1,0,1,1,0,1,0,0,1,1,0,0,1,0,1,1,1,1,1,0,1,0,0,1,1,1,0,0,0
1,1,0,0,1,1,1,1,1,1,1,0,1,0,0,0,1,1,0,0,1,0,0,1,1,1,1,0,1,0,0,1,0,0
0,1,0,1,1,0,1,1,0,1,0,1,1,1,0,1,0,1,0,0,1,0,0,1,0,1,0,1,1,0,1,0,0,0
1,1,1,1,0,0,0,0,0,0,1,0,1,1,1,0,0,0,1,1,1,0,0,1,1,1,1,0,1,0,1,1,0,0
1,0,1,1,1,1,1,0,0,0,1,1,0,1,0,1,0,0,1,1,1,0,1,0,0,0,1,1,0,1,0,0,0,0
1,1,0,1,0,0,1,1,0,0,1,0,1,1,1,1,1,0,1,0,0,0,0,0,0,1,1,0,1,0,1,0,0,0
0,0,1,1,1,1,1,0,1,1,1,0,0,1,1,0,0,0,0,1,1,0,0,0,1,1,0,0,1,0,1,0,0,0
1,0,1,1,1,1,1,1,0,0,1,1,1,1,0,0,0,0,1,1,1,1,1,1,0,1,1,1,1,1,0,1,0,0
0,1,0,1,0,0,0,0,1,0,1,1,1,1,0,1,0,0,1,1,1,0,0,1,0,1,1,0,0,1,1,1,0,0
1,1,0,1,0,0,1,0,0,1,0,0,1,0,0,0,0,1,0,1,1,0,0,0,0,0,1,1,0,1,0,1,0,0
1,0,1,1,0,1,0,1,0,1,1,1,0,1,1,0,1,0,0,1,1,0,0,1,0,1,1,1,0,0,0,0,0,0
0,0,1,1,0,1,1,0,1,0,0,1,1,0,0,0,0,0,0,1,0,0,0,1,1,1,1,0,1,1,1,0,1,1
1,1,0,1,1,1,1,1,1,0,1,1,0,0,1,0,0,1,1,1,0,0,0,0,0,0,1,1,0,0,0,0,0,0
1,0,0,0,0,1,0,0,1,0,0,0,1,0,0,0,0,0,1,1,1,1,1,1,1,0,0,1,1,0,1,0,0,0
0,1,1,0,0,0,1,0,0,0,0,0,1,1,1,0,0,0,1,1,0,1,0,0,1,1,0,0,1,1,1,1,1,1
1,0,1,1,0,1,0,0,1,0,0,1,1,0,0,0,1,0,1,0,0,0,0,1,1,1,1,0,0,0,1,0,0,0
1,1,1,1,1,1,1,0,0,0,1,0,1,0,0,1,1,0,1,0,1,1,1,1,0,0,1,0,1,0,1,1,0,0
1,1,0,1,1,1,0,1,1,0,1,0,1,0,0,1,1,1,0,1,1,0,1,0,0,0,1,0,0,0,1,0,0,0
0,1,1,0,0,0,1,0,1,1,1,0,1,1,1,0,0,0,0,1,0,0,0,0,1,1,0,0,0,0,1,1,0,0
1,1,1,0,1,0,1,0,1,0,1,1,0,1,1,0,1,0,0,1,0,1,0,1,0,1,0,1,0,1,1,0,0,0
0,1,0,1,0,1,0,1,1,1,1,1,1,1,1,0,0,1,0,0,0,0,0,1,0,0,0,1,1,1,1,1,0,0
0,1,1,0,0,1,1,0,0,1,1,1,0,1,1,0,0,0,1,1,1,0,0,0,0,0,0,0,0,0,1,1,0,0
1,1,0,1,1,0,0,0,0,0,0,1,1,0,0,0,0,0,1,1,0,1,0,1,0,0,0,1,0,0,1,0,0,0
1,0,1,1,0,1,1,0,0,0,1,1,1,0,1,0,0,0,0,0,0,1,0,0,0,1,1,0,0,0,0,0,1,1
1,1,0,0,0,1,0,1,1,1,0,0,1,0,0,1,0,0,0,0,1,1,0,0,0,1,0,1,0,0,0,0,1,1
0,1,1,1,1,0,0,0,1,0,0,1,1,0,1,1,0,0,1,0,0,0,1,1,0,0,1,1,1,1,1,0,1,1
1,1,0,1,1,1,1,1,1,0,0,1,1,1,0,0,1,0,1,0,1,0,1,0,1,1,0,0,1,0,1,0,0,0
0,1,1,0,0,1,0,1,0,1,1,1,1,1,0,1,0,1,0,0,1,0,1,0,1,1,0,1,1,1,1,0,0,0
1,0,1,0,1,1,0,1,0,0,0,0,1,1,1,0,0,1,1,1,0,0,0,0,1,0,1,0,1,1,0,1,0,0
1,0,0,0,0,0,1,0,1,0,0,0,0,0,0,1,0,0,0,1,1,1,1,1,1,1,1,0,1,1,0,0,0,0
1,1,0,1,1,1,0,1,1,0,1,1,0,1,1,1,0,0,0,1,1,1,1,0,0,0,1,1,0,0,0,0,0,0
1,1,0,0,0,1,0,1,0,1,1,1,0,1,0,0,0,0,1,0,1,1,0,1,1,0,0,1,1,1,1,0,0,0
1,1,1,1,1,0,1,1,0,1,0,1,1,1,0,1,1,0,0,1,0,1,0,1,0,0,1,0,1,1,0,1,0,0
1,0,0,1,1,1,1,0,0,1,1,1,0,1,1,1,1,0,0,1,1,1,1,0,0,0,1,1,1,0,1,1,0,0
0,1,0,1,1,1,1,1,0,0,1,0,0,0,0,0,0,0,0,1,0,1,0,0,0,0,0,1,0,1,0,1,1,1
1,1,1,0,0,0,0,0,0,0,0,0,1,0,0,0,0,0,0,1,0,0,0,1,0,0,0,1,0,1,1,0,1,1
0,0,0,1,0,0,1,1,1,0,0,0,1,0,1,0,0,0,0,0,1,1,1,1,0,0,1,1,0,1,1,0,0,0
1,0,0,1,0,1,0,0,0,1,1,0,0,0,0,0,0,0,0,1,0,0,0,0,0,0,1,1,0,0,1,0,1,1
0,1,1,0,1,0,1,0,0,0,0,1,1,1,1,0,0,0,0,1,1,0,0,1,1,1,1,0,1,1,0,1,0,0
1,0,1,0,0,0,0,0,1,1,0,0,0,1,1,0,1,0,0,1,0,1,0,1,0,1,1,0,0,1,1,0,0,0
1,1,1,1,1,1,1,0,1,0,0,0,1,0,1,1,1,1,0,0,0,0,1,0,1,0,0,0,1,1,1,1,0,0
1,0,0,1,1,1,1,1,0,1,0,0,0,0,0,0,0,1,1,0,0,1,0,1,0,0,0,0,1,1,1,0,0,0
0,1,1,0,0,0,1,1,1,0,1,0,0,1,0,1,0,1,0,0,1,1,1,1,1,0,0,1,0,1,0,0,0,0
0,1,1,1,0,1,0,0,0,1,0,0,1,0,0,0,0,0,0,0,0,1,1,0,1,1,1,1,0,1,1,1,1,1
1,0,1,0,1,1,0,0,0,1,0,1,0,1,0,1,0,1,1,0,0,0,0,1,1,1,1,1,1,0,1,0,0,0
1,0,1,0,1,1,0,0,1,0,1,1,0,0,0,1,0,1,0,1,0,0,1,0,0,0,1,0,1,1,1,0,0,0
1,0,0,0,1,0,0,0,1,1,0,0,1,1,0,0,0,1,0,0,1,1,0,1,0,1,0,0,0,1,0,0,0,0
0,1,1,1,1,0,0,1,0,0,0,1,1,1,0,0,0,1,1,1,0,0,1,1,1,1,1,0,0,1,0,1,0,0
1,0,0,0,1,1,0,0,1,1,0,1,0,1,0,0,0,0,0,0,1,1,1,1,0,1,0,0,0,0,0,0,1,1
0,0,1,1,1,1,0,0,1,1,1,0,1,1,0,0,0,0,0,0,0,1,1,0,1,1,1,1,1,1,0,1,0,0
1,0,0,1,1,1,0,1,1,0,0,0,0,0,0,0,0,0,1,1,0,0,1,0,1,0,0,1,1,0,0,0,1,1
0,0,1,0,1,1,1,1,1,1,0,1,1,1,0,1,0,0,0,0,1,1,1,1,1,1,0,0,1,0,0,0,1,1
1,1,0,0,1,0,0,0,1,0,1,1,0,1,1,0,1,0,1,1,1,1,1,1,0,0,0,1,1,0,0,0,0,0
1,1,0,1,1,1,0,0,1,1,0,1,0,1,0,0,0,1,1,1,0,1,0,1,0,1,0,1,0,1,0,1,0,0
0,1,1,1,0,0,0,1,0,1,0,0,1,1,0,1,0,0,1,1,1,0,1,1,0,1,1,1,1,1,1,1,0,0
1,1,1,0,0,1,1,1,0,1,1,1,1,1,0,1,1,0,0,0,0,1,0,1,0,0,1,0,1,1,0,0,0,0
1,0,0,1,1,1,1,1,0,0,0,1,0,0,0,1,0,1,1,0,1,1,0,1,1,1,0,1,1,1,0,1,0,0
0,1,1,0,1,1,0,1,1,0,0,1,1,1,0,0,0,0,1,1,1,0,0,0,0,1,1,0,0,1,1,0,0,0
0,1,1,0,0,0,1,0,1,0,0,1,0,1,1,1,0,1,0,1,0,1,0,1,0,1,1,1,0,0,0,0,0,0
0,1,1,1,1,0,0,1,1,1,1,0,1,0,1,0,0,1,1,1,0,1,1,1,1,1,1,0,0,0,1,1,0,0
1,0,0,1,1,1,1,1,1,1,1,0,1,0,1,0,0,0,0,1,1,1,0,0,1,1,1,1,0,1,0,0,0,0
1,1,1,1,0,1,0,0,0,0,0,0,0,1,0,1,1,1,0,0,0,0,0,1,0,1,1,0,1,1,1,0,0,0
0,0,1,1,0,0,1,1,1,0,0,1,1,1,0,0,0,0,0,1,1,1,0,1,0,1,0,1,1,0,0,1,1,1
1,1,0,1,0,1,0,0,0,0,1,0,0,1,0,1,0,0,0,1,0,1,1,1,0,1,1,1,1,1,1,0,1,1
1,1,1,0,0,1,1,1,0,0,1,1,1,1,1,1,1,0,1,1,0,0,0,0,0,0,1,0,0,0,1,1,0,0
1,0,0,1,1,0,1,0,1,1,1,0,1,1,0,1,1,0,0,1,0,0,0,1,1,1,0,1,1,1,0,0,0,0
1,0,1,1,1,0,0,0,1,1,1,1,1,1,1,0,0,0,1,1,1,1,1,1,1,1,0,0,1,0,1,0,0,0
1,0,1,0,0,1,0,1,0,0,1,1,1,1,0,1,0,0,0,1,1,0,1,0,1,0,0,0,0,1,1,1,0,0
0,0,0,1,1,1,0,1,0,1,1,1,0,0,0,0,0,0,0,1,0,0,1,0,0,0,0,1,0,0,1,1,0,0
0,1,1,1,0,0,1,1,0,1,1,1,1,0,1,0,0,0,1,1,0,1,0,1,0,1,1,1,1,1,1,0,0,0
1,1,0,0,1,1,0,0,1,0,1,0,1,1,0,1,0,0,0,0,1,1,0,0,1,0,1,1,1,1,1,0,1,1
1,1,1,0,0,0,0,0,1,1,0,0,0,0,1,0,1,0,0,1,1,0,1,1,1,0,0,0,0,0,0,1,0,0
1,0,0,0,0,1,0,1,0,1,0,1,0,1,0,0,0,1,1,1,1,0,0,1,0,1,0,0,0,1,1,0,0,0
1,1,1,0,1,1,1,0,0,1,1,1,0,0,0,0,0,0,1,0,0,1,1,1,0,1,0,0,0,1,1,0,0,0
1,0,1,1,0,0,1,0,0,1,1,0,1,0,1,0,0,0,1,1,0,0,0,0,0,0,1,0,1,0,0,1,0,0
1,1,1,1,0,0,0,1,0,1,1,0,0,0,0,1,0,1,0,1,1,0,0,0,1,1,1,0,0,1,0,0,0,0
1,1,0,0,1,0,1,1,1,0,0,0,0,0,1,0,1,0,0,1,1,0,0,0,1,1,0,1,0,1,0,1,0,0
1,0,0,0,0,0,1,1,0,1,1,0,1,1,1,1,0,1,0,1,0,0,1,0,0,1,1,0,0,0,0,1,0,0
1,0,0,0,1,0,1,1,1,1,0,1,1,0,0,0,0,0,1,0,0,0,1,0,0,0,1,0,1,0,0,1,0,0
1,0,1,1,0,1,1,1,0,1,1,0,1,1,0,0,0,1,0,1,0,0,0,1,0,1,1,0,0,0,1,0,0,0
1,0,1,0,0,0,1,0,0,1,1,1,1,1,1,0,0,0,0,1,0,1,0,1,0,0,0,1,0,0,0,1,0,0
0,1,1,1,1,1,0,1,1,1,0,0,1,0,0,1,0,0,1,1,1,1,0,1,1,0,0,1,1,0,0,1,0,0
1,1,1,1,1,0,0,1,1,0,0,1,0,1,0,0,0,1,1,0,0,1,1,1,0,1,1,1,1,1,1,0,0,0
0,0,1,1,1,0,0,1,1,0,0,1,1,0,0,1,0,0,1,0,0,1,1,1,0,0,1,0,0,0,0,0,1,1
1,0,1,0,0,0,1,1,1,1,1,1,0,0,1,1,1,0,0,1,0,0,0,1,1,1,1,0,0,0,0,1,0,0
1,1,1,0,1,1,0,1,0,0,0,0,1,1,1,0,1,0,0,0,0,0,0,1,1,0,0,1,1,1,1,0,0,0
1,1,1,0,0,1,1,1,0,0,0,0,1,0,1,0,1,1,0,1,0,0,1,1,1,1,0,1,0,1,0,1,0,0
1,1,0,1,0,1,0,0,1,1,1,1,0,0,1,1,1,0,0,0,1,0,1,1,0,1,0,0,0,1,0,0,0,0
1,1,1,1,0,1,1,1,1,1,0,1,0,0,0,1,1,0,0,1,1,0,1,0,1,1,0,1,0,1,0,1,0,0
1,1,0,1,1,1,1,0,0,1,1,0,0,1,1,0,1,0,1,0,0,1,1,0,0,1,0,0,1,0,1,1,0,0
1,0,0,0,1,1,0,0,0,1,1,1,0,0,1,0,0,0,0,1,0,0,0,0,1,0,0,0,0,1,1,0,1,1
1,1,1,1,1,0,0,1,0,0,1,0,1,1,1,1,0,1,1,1,1,1,0,1,1,0,0,1,0,0,0,1,0,0
1,1,1,1,0,0,0,0,1,1,1,1,0,0,1,1,1,0,1,0,1,1,0,1,1,1,1,0,1,0,0,1,0,0
1,0,0,0,0,1,0,1,0,0,1,1,0,0,0,0,0,0,1,1,1,0,1,0,1,1,1,1,0,1,1,0,0,0
1,1,0,0,0,1,0,0,1,1,0,0,1,1,1,1,1,0,1,1,1,0,1,1,1,1,0,0,1,1,1,1,0,0
0,1,1,0,0,0,1,1,1,1,1,0,0,0,0,1,0,1,0,1,1,0,0,1,1,1,1,0,0,0,1,1,0,0
1,0,1,1,1,1,1,0,0,0,1,1,0,0,0,0,1,0,0,0,1,0,1,1,0,0,1,0,0,0,1,0,0,0
1,0,1,0,1,1,1,1,0,1,1,0,1,0,0,1,1,0,0,0,0,1,1,0,1,0,1,0,1,0,0,1,0,0
1,1,1,1,1,0,1,0,1,1,0,0,0,1,1,0,0,0,1,0,0,1,1,1,1,0,1,0,1,0,1,1,0,0
1,0,0,0,0,0,0,0,0,1,0,1,1,1,0,1,0,0,1,1,1,0,0,1,0,1,0,1,1,0,0,1,0,0
0,0,1,0,1,1,0,0,1,0,1,1,1,1,0,1,0,0,0,0,1,0,1,0,0,0,0,1,1,0,1,0,0,0
0,1,0,0,1,1,1,1,1,0,1,0,0,0,1,0,0,0,1,0,1,1,1,0,0,1,1,0,0,1,0,1,1,1
1,1,1,1,0,1,1,0,0,1,0,1,0,0,0,1,1,1,1,1,0,0,1,0,1,1,1,1,1,1,1,0,0,0
1,0,1,0,0,0,1,0,1,0,1,0,1,0,0,1,0,1,1,0,0,0,0,0,0,1,1,0,0,0,0,0,0,0
1,1,1,0,1,1,0,1,0,0,1,1,1,1,1,0,1,0,1,1,0,1,0,0,1,0,1,0,0,0,0,1,0,0
1,1,0,1,1,1,0,0,0,0,0,0,1,1,0,0,1,1,0,1,0,1,1,0,1,1,0,0,0,1,1,0,0,0
1,1,1,0,0,1,1,0,0,1,0,0,1,0,0,1,1,0,1,1,0,1,1,1,0,1,1,1,0,1,0,1,0,0
1,1,0,1,0,1,1,1,1,1,1,1,1,1,0,1,1,0,1,0,1,1,0,1,0,1,0,0,0,1,1,1,0,0
0,1,1,0,1,0,1,1,1,1,0,0,0,1,1,1,0,0,1,0,0,0,1,1,1,1,0,1,1,0,1,0,1,1
1,1,0,1,0,0,1,0,0,0,1,1,0,0,1,1,1,0,1,0,0,1,0,0,0,1,1,0,1,0,0,1,0,0
1,1,1,0,0,0,1,0,1,0,1,1,0,1,0,1,0,1,1,0,0,1,1,1,0,1,0,1,1,1,0,1,0,0
1,0,0,0,0,0,1,1,1,1,0,0,0,1,1,0,0,1,1,0,0,1,0,1,0,0,0,0,1,0,1,0,0,0
1,1,1,0,0,1,1,0,0,0,0,1,1,1,1,1,0,1,0,1,1,0,1,1,0,1,0,0,1,0,1,0,0,0
1,0,0,1,0,0,0,1,0,0,1,1,1,1,1,1,0,0,1,1,1,1,0,0,0,0,1,0,1,0,0,1,0,0
1,1,1,1,1,0,1,1,0,0,0,0,0,0,1,1,0,0,1,1,0,1,0,0,1,1,0,0,0,1,1,1,1,1
1,1,0,0,1,1,0,1,1,1,1,1,1,1,1,0,0,1,1,0,1,0,1,0,0,0,1,1,1,1,1,0,0,0
1,1,1,0,0,0,0,1,0,1,1,0,0,0,1,0,1,1,0,1,0,0,1,1,0,1,1,1,0,1,0,0,0,0
1,0,1,1,1,1,1,0,0,0,1,0,0,0,1,0,1,0,0,0,1,1,0,0,1,1,0,0,0,0,1,1,0,0
1,1,1,0,0,0,1,1,1,1,1,1,0,1,0,1,1,1,0,0,0,1,0,1,0,1,1,1,0,0,1,1,0,0
0,1,1,1,1,0,0,0,1,1,1,0,0,0,0,1,0,0,0,0,0,1,0,0,1,0,0,0,0,1,0,1,1,1
1,0,0,1,1,0,0,0,1,0,0,0,1,0,1,0,0,1,0,1,1,1,1,1,0,1,0,0,0,0,0,0,0,0
1,0,1,0,1,1,0,1,1,0,0,0,1,0,1,1,0,1,0,0,1,1,0,0,1,1,1,0,0,0,1,1,0,0
1,0,1,1,0,0,1,1,1,0,1,0,0,1,0,1,0,0,0,0,0,1,0,0,0,0,1,0,0,0,1,0,1,1
1,1,1,1,1,1,0,1,0,0,1,1,1,0,0,1,1,0,1,0,0,1,0,1,1,0,0,1,0,0,1,1,0,0
1,1,0,0,0,1,0,0,1,1,0,1,1,0,0,0,0,1,1,0,1,1,0,1,1,0,1,0,0,0,0,1,0,0
1,1,0,1,0,0,1,0,1,0,1,1,1,0,0,0,0,0,1,1,0,0,1,0,1,0,1,0,0,1,1,0,0,0
0,1,1,0,0,1,0,1,1,1,1,1,0,0,1,0,0,0,1,0,0,0,1,1,1,0,1,1,1,0,1,0,0,0
0,1,1,0,1,1,0,0,0,1,1,0,0,1,0,0,0,0,0,0,0,1,1,1,0,1,1,1,0,1,1,0,1,1
1,1,0,0,0,1,0,1,0,0,0,1,0,0,0,0,0,1,0,1,1,0,0,0,0,1,1,1,0,0,0,0,0,0
1,1,1,1,0,1,1,1,1,0,0,0,0,1,1,1,0,1,1,0,0,0,0,0,1,1,1,0,0,0,1,1,0,0
1,1,0,0,0,1,1,0,0,0,1,0,0,0,0,0,0,1,0,0,1,0,0,0,1,1,1,0,1,0,1,1,0,0
1,0,1,0,0,1,0,1,1,1,1,0,1,1,1,1,0,0,0,1,1,0,1,0,0,1,1,0,1,0,0,1,0,0
0,1,1,1,1,0,0,0,0,0,0,1,1,0,1,0,0,0,1,0,0,1,0,0,0,1,0,1,1,1,0,1,1,1
1,0,0,0,0,1,1,0,0,0,0,1,0,0,0,1,0,0,0,1,0,1,1,0,1,1,0,0,1,1,1,0,0,0
1,0,1,0,1,1,1,1,1,1,1,0,1,1,0,1,0,0,1,0,0,0,1,0,0,0,1,1,1,0,1,0,0,0
0,0,1,1,1,1,1,0,0,1,1,1,1,1,0,1,0,0,0,0,0,0,1,1,1,1,0,1,0,0,0,0,0,0
1,0,0,0,1,1,1,1,1,1,0,0,0,0,0,1,0,1,0,0,0,0,0,0,0,0,1,0,0,0,0,1,0,0
1,0,1,1,1,1,0,1,0,0,0,0,0,0,1,1,1,0,0,0,0,1,1,0,1,1,0,1,1,0,0,0,0,0
0,1,0,1,0,1,1,1,0,1,1,1,0,1,0,1,0,0,1,0,0,1,0,0,1,0,1,1,0,0,0,1,0,0
0,1,1,0,0,1,0,0,0,0,1,1,0,0,1,0,0,1,0,0,1,1,1,0,1,1,1,0,0,0,1,0,0,0
0,1,1,0,1,0,0,0,0,0,0,0,0,1,1,0,0,1,1,0,0,0,1,1,0,0,1,0,0,1,1,0,0,0
1,0,0,1,1,0,0,0,0,1,1,1,0,0,0,1,0,1,0,1,0,0,0,0,1,0,1,0,0,1,0,0,0,0
1,1,1,0,1,1,1,1,0,1,0,0,0,1,1,0,0,0,1,0,1,0,0,1,0,0,0,0,1,0,0,0,1,1
0,1,1,0,1,1,0,0,0,1,1,0,0,1,1,1,0,1,1,0,1,0,0,0,0,0,0,1,1,1,0,0,0,0
1,1,0,1,0,1,0,1,0,0,0,1,1,0,0,0,1,0,0,1,0,0,1,1,1,0,0,0,1,1,0,0,0,0
0,0,1,0,0,0,1,1,1,0,1,0,0,1,1,0,0,0,0,0,0,1,0,0,0,0,1,0,1,1,0,0,0,0
1,1,1,1,0,1,1,0,0,1,1,1,1,0,1,0,0,0,0,1,0,0,1,0,0,1,0,1,1,1,1,0,0,0
1,1,1,1,0,1,0,1,0,0,0,0,0,1,0,0,0,1,0,1,0,0,1,1,1,0,0,0,1,1,1,0,0,0
1,1,0,1,0,1,1,0,1,1,0,1,1,1,1,0,1,0,1,0,1,1,1,1,1,1,0,1,0,0,1,1,0,0
0,0,0,1,0,0,1,0,1,1,1,1,1,1,0,0,0,0,0,0,1,0,1,0,0,0,1,1,0,1,0,0,0,0
1,0,0,0,1,0,1,1,1,1,1,1,0,0,1,0,0,0,0,1,1,1,1,0,1,1,0,1,0,1,0,1,0,0
0,1,0,0,0,1,0,0,1,1,0,1,1,1,1,0,0,0,1,1,1,1,1,0,1,1,0,0,1,0,0,1,0,0
1,0,1,1,1,0,0,0,0,0,1,1,1,0,1,0,0,0,1,0,0,0,0,1,0,0,1,0,1,1,0,0,0,0
0,1,0,1,1,0,1,0,0,1,0,1,0,1,0,1,0,0,0,0,1,0,1,0,1,0,1,0,0,1,0,0,1,1
1,1,0,0,1,1,1,1,0,1,0,0,1,0,0,0,0,1,0,1,0,1,1,0,1,1,0,1,1,1,0,1,0,0
0,1,1,0,1,1,0,0,0,1,0,1,0,0,0,1,0,0,1,0,1,1,0,1,1,0,0,0,1,1,1,0,1,1
1,1,1,0,0,1,0,1,1,0,1,0,0,0,0,1,0,0,1,1,0,1,1,0,1,1,1,0,1,0,0,0,0,0
0,1,1,1,0,1,0,0,1,0,1,1,0,1,0,0,0,0,1,1,0,0,0,0,1,1,0,0,0,0,1,0,0,0
1,1,1,0,0,1,1,1,0,1,0,1,0,1,1,1,0,1,1,1,1,1,1,0,0,1,0,1,0,1,0,0,0,0
1,0,0,0,1,1,1,1,0,0,1,1,1,0,0,1,0,0,0,0,0,0,1,0,0,1,1,1,1,0,1,1,1,1
1,1,0,1,0,0,1,1,0,1,0,1,1,0,0,0,1,0,0,1,0,0,1,0,1,1,1,1,0,1,0,1,0,0
1,1,1,0,0,1,0,1,0,1,1,1,0,1,0,0,0,0,0,1,0,1,0,1,0,0,1,1,1,1,1,0,0,0
1,0,1,0,1,0,0,1,0,0,1,1,1,0,0,0,1,0,1,0,0,0,1,1,0,1,1,1,0,0,0,1,0,0
1,1,1,1,1,1,0,0,1,0,0,1,0,1,0,0,0,0,1,1,1,0,0,1,1,0,1,1,1,1,0,0,0,0
1,1,1,1,1,0,1,0,0,1,1,1,1,0,0,1,1,1,1,0,1,1,0,0,1,0,1,0,1,0,1,1,0,0
1,1,1,0,0,1,0,1,1,0,1,0,1,0,1,0,0,1,1,1,1,0,1,1,0,1,1,0,0,1,0,1,0,0
0,1,1,0,0,1,1,1,0,0,1,0,0,0,1,1,0,0,1,1,1,1,0,1,0,0,0,0,1,0,0,1,0,0
1,1,1,0,1,0,1,0,1,1,1,1,0,1,0,0,0,1,0,1,0,0,0,1,1,0,1,0,1,1,0,0,0,0
1,1,1,1,1,1,0,0,1,1,1,1,1,1,0,1,1,0,0,0,1,0,0,0,0,1,1,1,0,1,1,1,0,0
1,1,1,1,1,1,0,1,1,1,1,0,1,1,0,1,1,0,0,1,1,1,1,0,0,0,1,0,1,1,1,1,0,0
1,1,0,1,0,1,0,1,1,1,1,1,1,1,0,0,0,0,1,0,0,0,1,1,0,0,1,0,0,1,1,1,0,0
1,1,1,0,1,1,0,1,0,1,1,1,1,0,0,0,1,1,0,0,0,1,1,1,1,0,1,0,1,1,1,1,0,0
1,0,1,1,1,1,0,0,0,1,1,1,1,0,0,0,0,0,0,1,1,1,0,1,1,0,0,0,1,0,0,0,0,0
1,1,0,0,0,1,0,0,0,1,0,1,1,0,1,1,0,1,0,0,0,0,0,1,1,0,0,0,0,1,1,1,0,0
1,1,0,0,1,0,1,0,0,0,1,0,0,0,1,0,0,1,1,0,0,0,0,0,0,0,1,1,0,1,0,0,0,0
1,1,0,0,0,1,1,0,0,0,0,1,1,1,0,0,0,0,0,0,0,0,1,1,1,0,0,1,0,0,0,1,1,1
1,0,1,1,0,0,1,0,1,0,0,1,1,0,0,1,0,0,1,1,1,1,0,0,0,1,0,0,0,0,0,1,0,0
1,0,0,1,1,0,1,0,0,0,0,1,1,1,0,0,1,0,0,1,0,1,0,0,0,0,1,0,0,1,1,1,0,0
1,1,0,1,0,0,1,0,0,1,0,1,1,1,0,0,1,0,0,0,0,1,1,1,1,1,1,0,1,1,0,1,0,0
0,0,1,0,1,1,1,0,1,1,1,1,1,1,0,0,0,0,1,0,0,0,1,0,1,1,0,1,1,0,1,1,0,0
1,0,0,1,0,1,0,1,0,0,1,0,1,1,0,1,0,1,0,1,1,0,1,1,0,0,0,1,0,1,0,1,0,0
1,0,1,1,0,0,0,0,1,1,1,1,1,1,0,1,0,1,0,1,0,0,1,1,0,1,1,1,0,1,0,0,0,0
0,1,0,1,1,1,0,1,1,0,0,1,0,1,0,1,0,1,0,0,0,0,1,1,0,1,1,1,1,0,1,1,0,0
1,0,1,0,0,1,1,1,1,0,1,0,0,1,0,1,0,1,0,1,1,1,0,1,0,1,0,1,1,1,1,0,0,0
1,1,1,1,1,0,1,1,0,0,1,0,1,0,0,0,1,0,0,1,1,1,0,0,1,0,0,1,0,0,0,0,0,0
1,0,0,0,1,0,1,1,0,1,1,1,0,1,0,1,0,0,1,1,0,0,1,0,0,0,1,0,1,1,1,0,0,0
1,0,0,1,1,0,0,0,1,0,1,0,0,0,1,0,0,0,0,0,1,0,0,1,1,1,0,0,0,1,1,1,1,1
1,1,0,0,0,1,1,1,1,0,0,0,0,0,1,0,0,1,1,0,1,1,1,0,1,1,1,0,0,1,0,1,0,0
0,1,1,0,1,1,0,1,0,1,1,1,0,0,0,0,0,0,1,1,1,0,1,1,0,0,0,0,0,1,0,0,0,0
1,0,0,1,1,1,0,1,1,0,0,1,0,1,0,0,0,0,1,0,0,0,1,0,1,1,0,0,1,1,1,0,1,1
1,0,0,0,0,0,1,1,0,0,0,1,1,1,1,0,0,0,0,0,0,1,0,0,0,1,1,1,0,1,1,1,1,1
1,1,0,1,0,0,0,1,1,1,1,0,0,0,1,0,0,0,1,0,1,0,0,1,0,1,0,1,0,0,1,1,0,0
1,0,1,1,1,0,0,1,1,0,1,0,0,1,0,0,0,0,1,1,0,0,1,0,0,1,0,1,0,1,0,1,0,0
1,0,1,1,1,1,1,1,0,1,1,0,1,0,0,1,1,0,1,1,1,1,0,1,0,1,1,1,0,0,0,1,0,0
1,0,1,0,1,1,0,0,1,0,1,1,0,0,0,0,0,1,1,1,1,0,1,1,0,1,0,0,1,0,0,0,0,0
0,1,1,1,1,0,1,1,0,0,1,0,1,1,1,0,0,0,1,0,1,0,0,1,1,0,0,1,1,0,0,0,1,1
1,0,0,1,0,1,0,1,1,0,1,0,0,0,1,1,0,0,0,0,1,0,0,1,1,0,1,1,1,0,0,1,1,1
1,1,1,0,1,0,1,1,1,1,1,1,0,1,0,0,1,0,0,1,0,1,1,0,0,1,0,1,1,1,0,1,0,0
1,1,0,1,0,0,1,0,1,1,0,0,0,0,1,1,1,0,1,1,0,1,1,1,1,1,1,0,1,0,1,0,0,0
1,1,0,1,1,0,1,0,0,1,0,0,1,1,0,0,0,0,1,0,0,0,1,1,1,0,0,1,1,0,1,1,1,1
1,1,0,1,0,0,1,0,0,1,1,1,0,0,1,0,0,1,1,0,0,0,1,0,0,0,1,1,0,0,1,1,0,0
1,0,0,0,0,0,0,1,1,0,0,1,1,1,0,0,0,0,1,1,0,0,1,1,0,1,0,0,1,1,0,0,0,0
0,0,1,1,1,1,1,1,0,1,0,1,1,0,0,0,0,0,1,0,1,0,0,1,1,0,0,1,1,1,1,1,0,0
1,0,1,1,1,0,1,1,0,1,0,1,1,1,1,1,0,1,0,0,1,0,1,0,0,0,0,0,0,1,0,1,0,0
1,1,1,1,1,0,0,0,0,0,1,1,0,0,1,0,1,0,0,0,1,0,1,0,1,0,0,1,1,0,0,0,0,0
1,1,0,0,0,0,0,1,0,1,1,1,0,1,0,0,1,0,1,0,1,1,1,1,1,0,1,0,0,1,1,1,0,0
0,1,0,1,0,1,0,1,0,0,1,0,1,1,0,1,0,0,0,0,0,0,1,1,1,1,1,1,1,0,0,0,1,1
1,1,0,1,1,0,1,0,0,1,1,0,0,0,0,0,1,0,0,1,1,1,1,0,0,0,0,1,1,1,0,1,0,0
0,1,1,0,1,1,1,0,1,0,1,0,1,1,1,1,0,0,1,0,1,0,1,1,1,0,1,1,0,0,0,1,0,0
1,0,0,0,1,0,1,1,0,0,0,0,1,1,1,1,0,1,0,1,1,0,1,1,1,0,1,0,1,1,0,0,0,0
0,1,0,0,0,0,1,1,1,1,1,1,0,0,1,0,0,0,0,1,1,0,0,0,0,1,0,1,0,0,1,1,0,0
0,1,1,1,0,1,0,1,0,1,1,0,1,0,0,1,0,0,0,0,0,1,0,1,1,0,1,0,0,1,1,0,1,1
0,1,1,1,0,0,1,0,1,0,1,1,1,1,0,0,0,1,0,1,1,1,1,1,0,1,1,1,0,0,1,0,0,0
1,1,0,1,1,0,0,0,0,0,0,1,0,1,0,0,1,0,0,0,1,1,1,1,0,1,1,1,0,1,0,0,0,0
1,1,0,0,1,1,1,1,1,0,1,1,0,0,0,1,1,0,1,1,0,0,1,1,1,0,1,1,0,1,1,1,0,0
1,0,1,0,0,1,0,1,1,0,0,0,0,1,0,1,1,0,0,1,0,1,0,0,0,1,1,0,1,1,1,0,0,0
0,1,1,0,0,1,1,0,0,1,0,1,1,1,0,1,0,0,0,1,1,1,1,0,1,0,1,0,1,0,0,1,0,0
1,0,1,0,0,0,0,1,1,1,1,1,0,1,1,0,0,1,0,1,0,1,1,0,1,0,0,0,1,0,0,1,0,0
1,0,0,0,1,1,1,1,1,0,0,0,1,0,1,0,0,1,0,1,0,0,1,0,0,0,1,0,0,1,1,1,0,0
0,0,1,1,1,0,0,1,1,0,1,0,0,0,1,1,0,0,0,0,1,0,1,0,1,0,1,0,0,1,1,0,1,1
1,0,1,1,1,0,1,1,0,1,0,0,1,0,0,0,0,0,0,0,0,0,0,1,0,0,0,1,0,0,1,0,1,1
0,1,0,0,0,0,0,1,1,0,1,1,0,1,1,1,0,0,0,1,0,0,1,0,0,0,0,1,0,0,1,1,1,1
1,0,0,0,0,1,0,0,1,0,1,0,1,0,1,1,0,0,1,0,1,0,0,0,1,1,1,0,1,0,0,1,0,0
1,1,1,0,0,0,0,1,1,0,1,0,0,0,1,1,0,0,0,0,1,1,1,1,0,1,1,1,0,1,1,1,1,1
1,0,0,1,1,1,0,1,1,0,1,1,0,0,1,1,1,0,0,0,1,1,0,1,1,0,1,0,1,0,1,1,0,0
1,0,0,0,1,0,0,0,1,1,0,0,0,0,0,0,1,0,0,0,0,0,0,1,1,0,0,1,1,0,1,0,0,0
1,1,1,0,1,0,1,0,1,0,0,0,1,0,0,0,0,1,1,0,1,0,0,0,1,1,1,0,0,0,0,1,0,0
1,1,0,0,1,0,0,0,1,1,0,1,0,1,1,0,1,1,0,0,0,0,0,1,0,1,1,0,0,1,1,0,0,0
0,1,1,1,1,1,1,0,1,1,0,1,1,0,0,1,0,0,1,0,0,1,1,0,0,1,1,1,0,1,0,1,0,0
1,0,1,1,0,1,1,1,0,1,0,1,0,0,1,0,1,0,0,1,0,0,1,1,1,1,1,0,1,0,0,1,0,0
1,0,1,1,1,1,1,1,1,1,1,1,1,1,0,1,1,0,1,0,1,0,1,0,1,0,1,1,1,1,0,1,0,0
0,1,1,1,1,1,0,0,1,1,0,1,0,1,1,0,0,0,1,1,1,0,1,0,0,0,0,1,0,0,1,1,0,0
1,0,1,1,0,1,1,0,1,0,1,0,0,1,0,0,0,0,1,0,0,0,0,1,1,1,1,1,1,0,1,1,1,1
0,1,1,0,1,0,0,0,0,1,0,1,0,0,1,0,0,0,0,0,0,1,0,0,0,0,1,1,0,0,1,0,1,1
1,1,1,0,0,0,0,0,1,0,1,1,1,1,0,1,0,1,1,0,1,0,0,1,1,0,1,0,1,0,1,1,0,0
1,0,1,0,0,0,1,0,0,0,1,1,0,1,1,1,1,0,0,1,1,1,1,0,0,0,1,1,0,0,1,1,0,0
0,1,1,0,1,0,0,0,1,0,0,1,1,0,1,0,0,0,0,1,1,1,0,1,0,1,0,1,0,0,1,1,1,1
1,0,0,1,0,1,1,0,0,1,1,1,0,1,0,1,1,0,0,0,1,1,1,0,0,1,0,1,0,0,0,0,0,0
1,1,0,1,1,1,0,1,0,0,1,0,1,1,0,1,0,1,1,0,0,1,1,0,0,0,1,0,0,0,1,0,0,0
1,1,0,0,0,1,1,0,0,1,0,0,0,1,0,1,1,0,1,0,1,0,1,1,0,1,1,0,1,0,1,0,0,0
1,0,0,0,1,1,1,0,0,1,0,1,1,1,1,0,0,0,1,1,0,0,1,0,0,1,1,1,0,1,0,0,0,0
1,0,0,0,1,0,1,0,1,1,1,1,1,1,1,1,0,1,0,1,1,1,0,0,1,0,0,0,1,0,0,0,0,0
1,1,0,1,1,0,0,0,0,0,1,1,0,0,1,1,1,1,0,1,0,0,1,0,0,1,0,1,0,1,1,1,0,0
0,1,0,1,0,1,0,0,0,1,1,0,0,1,0,0,0,0,0,0,0,0,0,1,0,1,0,1,1,0,1,1,1,1
1,1,1,1,1,0,0,1,1,0,1,1,0,1,1,0,0,0,0,0,0,0,1,0,1,1,1,0,0,1,1,0,1,1
0,1,1,1,1,1,0,1,0,0,0,0,0,1,1,0,0,0,0,0,0,1,1,0,1,0,0,1,1,0,0,0,1,1
1,0,1,0,1,0,1,1,0,1,1,1,1,0,0,1,0,1,1,0,1,1,1,0,1,0,0,1,1,1,0,0,0,0
0,1,1,0,1,0,0,0,0,1,0,0,1,0,0,0,0,0,1,0,1,0,1,1,1,0,0,0,1,0,0,1,1,1
1,0,0,0,0,1,1,0,0,1,0,0,1,1,0,1,0,1,1,1,1,0,1,0,1,0,1,1,0,1,1,0,0,0
1,1,1,1,1,1,0,1,1,1,1,1,0,0,0,0,1,1,0,1,0,1,1,1,1,1,0,1,0,1,1,0,0,0
1,1,1,0,1,1,0,0,1,0,0,1,1,0,1,1,0,0,1,0,1,1,0,0,1,0,0,0,1,1,0,0,0,0
1,0,0,1,0,0,1,1,0,0,0,1,0,1,1,0,0,1,1,1,0,1,0,1,1,0,1,0,1,0,0,0,0,0
1,0,1,0,1,0,1,1,1,0,1,1,1,1,1,1,1,0,0,0,1,1,1,0,0,0,1,0,1,0,0,1,0,0
1,0,1,0,1,1,1,1,0,1,1,0,1,0,1,0,0,1,0,1,0,0,0,0,0,1,1,1,1,1,1,0,0,0
1,0,1,1,1,1,1,1,1,0,0,1,1,1,0,0,0,0,1,0,0,1,0,1,1,1,1,1,1,1,0,0,1,1
0,0,0,1,1,0,1,0,0,0,1,1,1,0,0,1,0,0,0,0,1,1,0,0,1,0,1,1,0,1,1,1,0,0
1,1,0,0,1,1,1,1,1,1,1,1,0,0,0,0,0,0,1,1,1,0,0,1,0,0,1,1,1,1,0,1,0,0
1,1,1,0,1,0,1,1,0,0,0,0,1,1,0,1,0,0,0,1,1,1,1,0,1,0,1,0,1,1,0,1,1,1
1,1,0,1,0,1,0,0,1,1,1,0,1,1,0,1,0,0,0,1,1,0,1,0,1,0,1,1,1,0,0,0,0,0
1,0,1,1,1,1,0,0,0,0,1,0,0,0,0,0,0,0,0,1,0,0,1,0,0,1,1,0,0,0,1,1,1,1
0,1,1,0,0,1,1,1,1,0,0,0,1,0,1,1,0,0,1,1,1,1,1,1,0,1,1,0,1,1,1,1,0,0
1,1,1,1,0,0,0,0,1,1,1,0,1,1,1,0,1,1,1,0,1,1,1,0,0,0,0,0,1,1,0,0,0,0
1,1,1,1,1,1,0,0,0,0,1,0,0,1,1,1,0,1,0,0,0,1,0,0,0,0,0,0,0,1,1,1,0,0
1,0,1,1,0,1,1,0,0,0,1,0,0,1,0,0,0,1,0,0,0,1,1,0,0,1,1,0,0,0,0,0,0,0
1,1,0,1,0,0,0,0,0,1,0,0,0,0,1,0,0,1,0,1,0,0,1,1,1,1,1,0,0,0,1,0,0,0
1,1,0,1,1,0,1,0,0,1,0,1,0,0,1,0,0,0,1,1,0,1,1,0,1,1,0,1,0,0,1,0,0,0
0,1,0,1,1,1,1,1,1,1,0,0,0,1,0,1,0,1,0,0,1,0,0,0,1,1,1,1,0,1,1,1,0,0
1,0,0,0,1,1,0,0,0,0,1,0,1,0,1,0,0,1,1,0,0,0,1,1,1,0,0,0,0,0,0,1,0,0
1,0,1,0,0,0,0,1,1,1,1,1,1,1,0,0,1,0,0,1,0,1,1,1,0,0,1,0,0,1,0,0,0,0
1,0,0,1,1,1,1,1,1,1,0,1,0,1,1,1,0,0,1,0,1,1,1,1,0,0,0,0,0,0,1,0,0,0
1,1,0,0,0,0,0,0,1,1,1,1,0,1,0,0,0,1,0,1,1,0,1,0,1,1,0,1,1,0,0,1,0,0
0,1,1,0,0,0,0,1,1,0,1,1,1,0,0,0,0,0,1,1,0,1,0,1,1,1,1,0,1,1,0,0,0,0
1,1,0,1,0,1,0,1,1,1,0,1,1,0,1,0,1,0,1,0,1,0,1,1,0,1,0,0,0,1,1,0,0,0
1,1,1,1,0,1,0,0,0,1,1,0,1,0,0,1,0,1,0,1,1,0,0,0,0,1,1,0,1,0,1,0,0,0
1,1,0,0,0,1,0,0,0,0,1,0,0,0,1,0,0,0,1,1,1,1,1,1,1,0,0,1,0,1,0,1,0,0
1,0,0,1,0,0,1,1,1,1,1,1,1,1,1,0,0,0,0,0,0,1,1,1,1,1,1,1,1,1,0,0,0,0
1,1,1,0,1,1,0,1,0,1,0,0,1,1,1,0,1,0,1,0,0,0,1,1,1,0,1,1,0,1,1,1,0,0
1,1,1,1,0,0,1,1,0,0,0,0,0,0,1,1,1,1,0,1,0,1,1,1,0,1,1,0,1,0,1,1,0,0
0,1,0,0,0,0,0,1,0,0,0,0,1,0,1,0,0,0,0,1,1,1,0,0,1,0,0,1,1,0,1,0,0,0
1,1,0,0,1,0,0,1,1,0,0,0,1,0,0,0,0,0,0,0,0,1,0,1,0,0,1,1,1,1,0,1,1,1
1,1,0,0,0,0,0,0,1,0,1,0,0,0,1,1,1,0,1,0,1,0,1,0,1,1,1,1,0,1,1,1,0,0
1,1,0,0,1,0,0,1,0,0,0,1,1,0,1,0,0,0,1,1,1,0,1,0,0,0,1,0,0,0,1,1,0,0
1,1,0,0,1,1,0,1,1,1,0,0,1,1,0,0,1,0,1,0,1,0,1,0,0,0,0,0,0,1,0,0,0,0
1,0,1,0,0,0,0,1,1,1,1,0,1,0,1,1,0,0,0,1,0,0,0,1,0,1,1,1,1,1,1,1,0,0
1,1,0,1,1,0,1,1,1,1,1,0,0,1,1,1,0,1,0,0,0,1,1,0,0,0,1,0,0,0,0,0,0,0
1,1,1,0,0,1,0,0,1,0,1,1,1,0,0,1,1,1,0,0,0,1,0,1,1,1,0,0,1,1,1,1,0,0
0,0,1,1,1,0,1,1,1,1,1,0,1,1,0,0,0,0,1,1,0,1,1,1,0,1,0,0,1,0,1,0,0,0
0,1,1,0,0,0,0,0,0,1,0,1,1,1,1,0,0,0,0,1,1,0,1,1,0,0,1,1,0,0,1,1,0,0
1,1,0,0,0,1,1,1,1,0,0,0,1,0,1,0,0,0,1,0,1,1,0,1,0,1,1,1,1,0,0,1,1,1
0,1,0,0,1,1,0,1,0,0,1,1,0,0,1,0,0,1,0,0,0,0,0,1,1,1,0,1,0,0,1,0,0,0
1,1,1,1,0,0,1,0,1,0,1,1,1,0,1,0,0,1,0,0,0,0,0,0,1,1,0,0,0,1,1,1,0,0
1,1,1,0,0,0,1,0,1,1,0,0,1,1,1,0,0,0,1,0,0,0,0,0,0,0,1,0,0,1,0,0,0,0
0,1,1,1,1,1,0,0,1,0,1,0,1,1,0,1,0,0,1,1,0,1,1,1,1,0,0,1,0,1,1,1,0,0
1,0,1,0,0,0,1,1,0,1,1,1,1,1,0,0,0,1,1,1,1,0,1,0,1,1,0,1,0,0,1,0,0,0
1,0,0,0,1,1,1,1,1,0,0,1,0,0,0,0,0,0,0,1,1,0,1,0,1,0,1,1,0,0,1,0,1,1
1,1,0,1,1,1,0,1,1,0,1,1,1,1,0,0,0,0,0,0,0,1,1,0,0,0,1,0,1,1,1,0,1,1
0,1,0,1,0,0,0,0,0,1,0,1,0,1,0,0,0,0,1,0,1,0,0,0,1,0,0,0,1,1,0,0,1,1
1,0,0,0,1,1,0,1,1,1,0,0,0,0,1,0,0,1,1,0,1,0,1,0,1,0,0,1,1,1,0,0,0,0
1,0,1,1,1,0,1,1,0,1,0,1,1,1,1,1,1,0,0,1,1,0,1,0,1,1,0,0,0,1,0,0,0,0
1,1,0,1,1,0,0,1,1,0,1,0,0,1,0,1,0,1,1,1,0,1,1,0,1,1,0,0,0,1,1,0,0,0
1,1,0,0,1,0,0,0,1,0,1,1,0,1,1,1,0,1,0,0,0,1,1,1,0,0,0,1,1,1,0,0,0,0
1,0,0,1,0,1,0,1,1,0,1,0,0,0,1,1,0,1,1,1,1,0,1,1,0,1,1,1,0,1,1,1,0,0
1,0,0,1,1,0,0,1,0,1,1,1,1,1,0,0,0,1,0,1,0,0,1,0,0,1,1,0,1,0,1,1,0,0
1,1,0,0,1,0,1,1,0,1,1,1,0,1,1,0,0,1,1,1,0,1,1,1,1,1,0,0,0,1,1,0,0,0
1,0,1,1,0,0,0,1,1,1,0,0,1,0,1,0,1,0,1,1,0,0,0,1,1,0,0,1,1,1,0,1,0,0
0,1,1,1,1,0,0,0,1,1,1,0,1,0,1,1,0,0,0,1,0,0,0,1,0,1,0,0,1,0,0,0,0,0
1,1,0,0,1,0,0,0,1,1,1,0,1,1,0,0,1,0,0,0,0,1,0,0,1,1,0,0,1,1,0,1,0,0
1,0,1,1,1,0,0,0,1,1,1,1,0,0,1,1,1,0,0,0,0,0,1,0,0,1,1,0,1,1,0,1,0,0
1,1,1,0,1,1,1,1,1,0,1,0,1,0,1,0,1,1,1,0,0,0,0,1,1,0,1,1,0,0,0,1,0,0
1,1,1,1,0,1,1,0,0,1,0,0,0,0,0,0,1,0,1,1,1,0,0,0,0,0,0,0,0,0,1,1,0,0
1,1,1,1,0,1,1,1,1,1,1,1,0,0,0,0,1,0,1,1,1,1,1,1,0,0,1,1,0,1,1,0,0,0
1,0,1,0,1,1,1,1,1,1,0,0,1,1,0,0,0,0,0,0,0,0,1,1,1,1,1,0,1,1,1,0,1,1
1,1,1,0,0,0,1,1,0,1,0,1,0,0,1,0,1,0,0,0,1,0,1,1,1,0,0,1,1,1,0,1,0,0
1,1,1,0,0,0,1,0,0,1,1,1,0,1,0,1,0,1,1,0,0,1,1,1,1,0,0,0,1,0,0,1,0,0
1,1,0,0,0,0,1,0,1,0,1,0,1,1,0,0,1,0,0,0,0,1,1,1,1,1,1,0,0,1,1,1,0,0
1,0,1,0,1,0,1,0,1,1,0,0,0,1,0,1,1,0,0,1,0,1,0,0,0,1,1,0,1,0,1,1,0,0
0,0,1,1,1,0,1,0,0,0,0,0,0,1,0,0,0,0,0,1,1,1,0,0,1,1,0,1,0,1,0,1,1,1
1,1,1,1,1,0,1,0,0,1,0,0,0,1,1,0,0,0,0,1,0,0,0,1,0,1,1,1,1,1,1,1,1,1
1,0,0,1,1,0,0,0,0,1,0,1,0,0,1,0,1,0,0,1,0,1,1,1,0,1,1,1,0,0,0,1,0,0
1,1,0,0,0,1,0,1,0,0,1,1,1,0,1,0,1,0,1,0,0,0,0,0,0,0,0,0,1,0,1,1,0,0
0,1,1,1,1,0,1,1,1,0,1,1,1,0,0,0,0,0,0,0,1,0,1,1,0,0,1,0,1,0,0,0,1,1
1,0,0,1,0,1,1,1,1,0,0,0,0,1,0,0,0,0,0,0,0,1,0,1,0,1,1,1,0,1,0,1,1,1
1,1,1,1,1,0,1,1,1,1,0,1,0,0,0,1,1,0,0,1,0,0,1,1,0,0,1,0,1,0,0,1,0,0
1,0,1,0,0,1,0,1,0,0,0,0,1,0,1,0,0,1,1,1,1,1,1,0,0,0,0,0,0,0,1,0,0,0
1,0,1,0,1,1,1,0,1,0,1,0,0,1,0,1,1,0,0,0,1,0,0,0,0,0,0,1,1,0,0,0,0,0
1,1,1,1,1,1,1,0,1,0,1,1,1,0,1,0,0,1,0,1,0,0,0,0,1,1,0,0,1,0,1,0,0,0
0,1,0,1,1,1,0,0,0,0,0,1,0,0,0,0,0,0,0,1,1,1,0,1,1,1,0,1,0,1,1,1,1,1
0,1,1,1,0,1,0,0,0,1,0,0,1,1,0,1,0,1,0,0,1,0,1,1,0,1,0,0,1,1,1,1,0,0
1,1,0,0,1,0,1,1,0,0,0,1,1,1,0,1,0,0,0,1,1,0,0,0,1,0,0,1,1,1,0,0,1,1
1,0,1,0,1,1,1,1,0,0,1,1,0,1,0,0,1,0,1,0,0,0,1,1,0,0,0,0,0,1,0,1,0,0
1,1,0,1,1,1,0,0,0,0,1,0,0,1,0,0,1,0,0,0,0,1,1,1,1,0,1,0,0,1,1,1,0,0
1,1,0,1,1,0,0,1,0,0,0,1,1,0,0,0,1,0,1,0,1,0,0,0,1,0,1,1,1,0,0,0,0,0
1,0,0,1,0,1,1,1,0,0,0,1,1,1,0,1,0,1,1,0,0,0,0,1,0,1,0,1,1,0,0,0,0,0
1,1,1,1,1,1,0,1,0,0,1,1,1,0,1,0,1,1,1,0,1,0,1,0,0,0,0,0,0,1,0,1,0,0
0,0,1,1,0,0,0,0,1,0,0,0,0,0,1,1,0,0,1,1,0,0,0,0,0,0,0,1,0,0,1,0,0,0
1,1,1,0,0,1,0,1,0,1,1,0,1,1,0,0,1,0,1,0,0,1,1,1,1,0,0,1,0,1,1,0,0,0
1,0,1,1,0,0,1,0,1,1,1,0,1,0,1,1,0,0,1,1,1,0,0,0,1,0,0,0,1,0,1,1,0,0
1,1,1,1,1,1,1,0,1,0,0,1,0,1,0,0,1,0,0,0,0,0,1,0,0,1,0,1,1,1,0,1,0,0
1,0,1,1,1,1,1,1,0,0,1,0,1,0,0,0,0,0,1,1,0,0,1,1,0,0,1,1,1,1,1,1,0,0
1,1,0,0,1,0,1,0,0,1,1,0,0,0,0,0,0,1,1,1,1,0,0,1,0,0,1,1,0,0,0,1,0,0
1,1,0,0,0,0,0,0,0,1,0,0,1,1,1,0,0,0,1,1,1,0,0,1,0,1,0,0,1,0,1,0,0,0
1,1,0,1,1,1,0,1,1,0,0,1,0,1,1,0,1,0,1,0,0,0,1,1,1,1,1,0,1,0,1,1,0,0
1,1,1,0,1,1,0,0,1,1,0,1,1,0,1,0,1,0,0,0,1,0,1,0,1,0,0,1,0,1,0,0,0,0
1,1,1,1,0,1,0,1,0,0,0,0,1,0,1,1,0,1,1,0,0,1,1,0,0,0,1,1,0,0,0,1,0,0
1,1,1,0,1,0,0,0,1,1,1,0,1,1,1,0,1,1,0,1,1,0,0,0,1,1,0,1,0,1,0,1,0,0
1,1,0,0,0,0,0,0,0,1,1,0,1,1,0,1,0,1,1,0,1,0,1,0,0,1,0,0,1,0,0,1,0,0
1,1,1,1,0,0,0,0,0,1,1,1,0,0,1,0,1,0,0,1,0,0,0,0,1,1,0,1,1,1,1,1,0,0
1,1,0,1,0,0,0,1,0,1,0,1,0,0,0,0,1,0,1,1,1,1,0,0,1,0,1,0,1,0,0,1,0,0
1,1,0,0,1,0,1,1,0,1,1,0,1,1,0,0,0,0,0,1,1,0,0,0,0,1,0,0,0,1,0,1,0,0
1,1,0,1,0,1,1,1,0,1,0,0,1,0,0,1,0,1,0,0,0,0,1,1,0,0,1,0,1,0,0,1,0,0
0,1,1,0,1,1,1,0,1,0,0,1,0,1,1,0,0,0,1,1,1,1,1,1,0,0,0,1,1,0,1,1,0,0
1,1,0,1,1,0,1,1,0,1,1,0,1,1,0,0,1,0,1,1,0,0,0,1,1,1,0,1,0,1,1,1,0,0
1,1,1,0,1,0,1,0,1,1,0,1,1,0,1,1,0,0,0,1,1,1,0,1,0,0,0,1,1,0,1,1,0,0
1,0,0,1,0,1,1,1,1,0,1,1,1,1,0,0,0,0,1,1,1,0,0,0,0,1,1,1,1,0,0,0,0,0
0,0,1,1,1,1,1,1,0,1,1,1,0,1,1,0,0,0,0,0,1,1,1,0,0,0,0,0,0,0,1,1,1,1
1,1,0,0,0,1,0,1,1,0,1,1,1,0,0,1,0,0,1,0,1,1,0,0,0,1,0,1,1,0,0,1,0,0
1,0,1,0,0,1,0,0,1,0,0,0,1,1,0,1,0,0,1,1,0,0,1,0,0,0,1,0,1,0,1,1,1,1
0,0,1,0,0,0,0,0,0,1,1,1,0,1,0,0,0,0,0,1,0,0,0,1,0,1,1,1,1,1,1,0,0,0
1,1,1,0,0,1,0,1,0,1,0,1,1,0,1,0,0,1,1,1,0,0,1,0,1,1,0,1,1,1,0,1,0,0
1,1,1,0,0,1,0,1,0,0,1,1,1,1,0,0,0,1,1,1,1,1,1,1,0,0,0,0,1,1,0,0,0,0
0,1,0,0,0,0,0,1,0,1,1,0,1,0,1,1,0,1,0,0,0,0,0,0,0,0,0,1,1,1,1,0,0,0
1,0,0,1,1,0,1,1,0,1,1,1,1,0,0,1,0,0,0,0,1,0,0,1,1,1,0,1,1,1,1,0,0,0
0,1,1,0,1,0,0,0,0,1,1,1,0,1,0,0,0,0,1,0,1,0,0,0,0,1,1,0,1,0,0,1,0,0
1,0,0,1,1,1,0,1,1,1,0,1,0,1,1,0,0,0,1,1,1,0,0,0,0,1,0,1,1,1,0,0,0,0
1,1,0,1,0,1,1,0,0,0,0,1,1,0,0,1,0,1,1,0,1,0,0,0,0,0,0,1,0,1,1,0,0,0
0,1,0,1,1,0,0,1,1,0,0,1,0,0,0,1,0,0,0,1,0,1,0,1,0,1,1,0,1,0,1,1,1,1
1,0,1,1,0,1,0,1,0,1,1,0,1,0,1,1,1,0,1,0,0,1,0,0,1,1,0,0,0,1,0,0,0,0
1,0,1,0,0,0,0,1,0,0,0,1,0,0,0,0,0,1,1,0,0,1,0,0,0,1,0,1,0,0,1,0,0,0
0,1,0,1,0,1,0,1,0,1,1,1,0,1,1,0,0,1,0,1,0,0,1,1,0,1,0,1,0,0,0,1,0,0
0,1,0,1,0,0,0,1,1,1,1,0,1,0,1,0,0,0,0,1,1,0,0,0,0,0,1,1,0,0,0,0,0,0
1,1,0,0,1,0,0,1,0,1,1,0,0,0,1,1,1,0,1,1,1,0,1,0,0,0,0,0,1,0,0,0,0,0
1,0,0,0,1,1,0,0,1,0,1,0,0,0,0,1,1,0,0,0,0,0,0,0,1,1,1,0,0,1,1,1,0,0
1,1,1,0,0,1,1,1,1,1,0,0,0,0,0,0,0,0,1,0,0,0,1,1,0,0,1,1,1,1,1,0,1,1
1,1,0,0,1,0,1,0,1,1,0,0,1,1,1,1,0,1,0,0,1,0,0,0,0,0,1,1,1,1,0,1,0,0
0,1,1,1,0,1,1,1,0,0,1,1,1,1,0,0,0,0,1,1,0,1,1,0,0,1,0,0,1,0,0,1,0,0
1,0,0,0,0,0,0,0,0,0,0,0,1,1,0,0,0,0,1,0,0,0,0,1,1,0,1,1,0,1,0,1,0,0
1,0,0,1,1,0,1,0,1,1,0,0,0,0,0,1,0,0,1,0,0,0,0,0,0,1,0,1,0,1,0,0,1,1
1,1,0,0,1,0,1,1,1,0,1,1,0,1,1,1,1,0,0,1,0,0,0,1,1,1,0,0,1,0,1,1,0,0
1,1,1,0,0,0,0,1,1,0,1,1,0,1,0,1,0,1,0,1,0,1,0,1,1,1,1,1,1,0,0,0,0,0
1,0,1,1,1,1,0,0,1,1,0,1,1,0,1,0,0,0,1,0,1,1,1,0,0,0,1,0,0,1,1,0,0,0
0,0,0,1,1,0,1,1,0,0,1,1,1,0,1,0,0,0,0,1,0,0,1,0,0,1,0,1,0,1,1,1,0,0
1,0,1,1,1,0,1,0,1,0,1,1,0,1,0,1,0,0,0,1,1,0,0,0,1,0,1,0,1,1,0,1,1,1
1,1,0,0,1,0,1,0,1,0,1,1,0,1,0,1,0,1,1,1,1,0,0,1,0,0,1,0,1,1,1,0,0,0
1,0,1,1,1,0,0,1,1,0,0,1,1,0,1,1,0,0,0,1,0,0,0,1,0,1,1,1,1,0,0,0,1,1
1,1,1,1,1,1,1,0,0,1,1,1,1,0,1,0,1,1,1,0,0,1,0,0,1,0,0,0,0,1,1,0,0,0
1,1,1,0,0,0,1,0,0,1,1,1,1,1,0,0,0,1,1,0,1,0,1,0,0,0,1,1,1,0,0,0,0,0
1,1,1,1,0,0,0,1,0,0,1,1,0,1,0,1,0,1,1,0,0,0,1,0,0,0,1,1,0,1,1,0,0,0
0,0,1,1,1,0,0,0,0,1,1,1,0,1,0,1,0,0,0,0,1,1,0,1,0,0,0,1,1,0,1,0,1,1
1,0,0,0,1,1,1,0,0,1,0,1,0,1,1,1,0,0,1,0,0,1,1,1,0,1,1,0,0,0,0,1,1,1
1,0,1,1,0,1,0,1,0,0,1,1,1,0,0,1,0,0,0,0,0,1,0,1,1,1,0,0,0,0,1,1,1,1
0,1,1,0,0,0,0,0,1,1,1,1,0,0,0,1,0,1,0,0,1,0,0,1,1,0,0,0,0,0,0,0,0,0
1,1,1,0,0,0,0,0,1,0,0,1,0,0,0,0,1,0,1,0,1,1,1,1,1,0,0,0,0,1,1,1,0,0
0,1,0,0,0,0,0,1,1,1,1,0,1,0,0,0,0,0,0,0,1,1,0,0,0,0,1,0,1,1,1,0,0,0
0,1,1,0,0,1,0,1,0,1,0,1,0,0,1,0,0,0,0,1,1,1,1,0,1,0,0,1,0,0,1,0,1,1
1,1,1,1,1,0,0,0,0,1,0,0,1,0,0,0,0,0,0,0,1,1,0,0,1,0,1,0,0,1,1,0,1,1
0,1,0,1,1,0,0,1,0,1,0,0,1,0,1,0,0,0,0,1,0,1,0,1,0,1,1,1,0,1,0,0,1,1
1,0,0,1,1,1,1,0,1,0,1,0,1,1,1,1,0,0,0,0,1,0,1,0,1,1,0,0,0,1,0,1,1,2
1,1,1,0,0,0,1,0,0,1,0,0,1,0,1,0,1,1,0,0,1,1,1,0,0,0,0,1,1,0,0,0,0,0
1,1,1,0,0,0,0,0,1,1,1,1,1,0,0,1,1,0,1,1,1,1,1,0,0,1,1,1,1,0,1,1,1,2
0,0,0,1,0,1,1,1,0,0,1,1,0,0,0,0,0,0,0,0,0,1,0,0,0,1,0,1,1,1,0,1,0,0
1,0,1,0,0,0,0,0,0,1,1,1,0,0,1,0,0,0,0,0,1,0,1,0,0,1,0,1,1,1,1,1,1,1
1,0,1,1,1,1,1,1,1,0,1,1,0,0,1,0,1,0,0,1,0,1,0,1,0,0,1,0,1,1,1,0,0,0
1,0,1,1,0,0,1,1,0,1,1,1,0,0,1,0,1,0,1,0,0,0,1,0,1,1,1,1,0,0,0,0,0,0
1,0,1,1,1,0,1,0,1,0,1,0,0,0,0,0,0,1,0,0,1,0,0,0,1,1,0,0,1,1,0,0,0,0
0,1,1,1,1,1,1,1,1,0,1,1,1,0,0,1,0,1,0,1,1,0,1,0,1,1,0,0,0,0,1,0,0,0
1,0,0,0,0,1,1,1,0,0,1,0,1,1,1,0,0,1,0,0,0,0,1,0,0,1,1,1,1,0,0,0,0,0
1,1,1,1,1,1,0,1,1,0,1,0,0,0,1,1,1,0,0,1,1,1,0,0,1,1,0,1,0,1,0,1,0,0
0,1,1,0,0,0,0,0,1,1,1,0,0,0,0,1,0,1,0,0,0,1,0,1,0,1,1,1,1,1,0,1,0,0
0,0,1,0,1,0,0,1,1,0,1,0,0,1,0,0,0,0,1,0,0,0,1,0,1,1,1,0,0,1,1,1,0,0
0,0,1,1,1,1,1,1,0,1,1,1,0,1,0,0,0,0,0,0,1,1,0,0,0,0,0,0,1,0,1,0,1,1
1,0,1,1,1,1,0,1,0,1,1,1,1,1,1,1,1,0,1,0,1,0,0,1,0,1,1,0,1,1,1,1,0,0
1,0,1,0,1,0,0,0,1,0,0,0,1,1,1,1,0,0,0,0,1,1,0,0,0,0,1,1,0,1,1,1,1,2
1,1,1,0,1,0,0,1,0,1,0,0,1,0,1,1,1,0,1,0,0,0,0,1,1,1,0,0,0,0,0,1,0,0
1,1,1,0,0,0,1,0,1,1,1,0,0,0,1,0,0,0,1,0,1,0,0,1,0,1,1,0,0,1,1,1,0,0
0,0,1,1,1,1,0,1,0,0,0,0,1,0,0,0,0,0,0,1,1,0,0,1,1,0,0,1,1,1,0,0,1,1
1,0,1,1,1,1,1,0,0,0,0,1,0,1,1,1,0,1,1,0,0,0,0,0,0,0,1,1,0,1,0,1,0,0
1,0,1,1,0,0,0,1,1,0,1,1,0,1,0,0,0,0,1,1,0,1,0,1,0,1,0,0,1,0,1,1,0,0
1,0,1,1,1,1,0,1,1,1,1,1,0,1,0,1,1,0,0,0,1,1,0,0,1,0,1,0,1,1,1,0,0,0
1,0,0,0,0,1,1,0,0,0,0,0,1,1,1,1,0,1,0,0,0,0,1,0,1,1,1,0,0,1,1,0,0,0
1,1,1,0,1,0,0,0,1,0,1,0,0,1,1,0,0,1,1,1,1,1,1,0,0,1,1,1,1,1,1,0,0,0
1,1,1,1,1,0,1,1,0,0,0,1,0,1,1,1,0,0,0,0,0,1,0,1,0,1,1,0,0,0,0,1,1,1
1,0,1,0,0,0,1,0,1,1,1,1,1,0,0,0,0,1,0,0,1,0,0,0,1,0,0,1,0,0,1,1,0,0
1,1,1,0,1,0,0,0,0,1,1,1,1,0,0,0,0,0,1,1,0,0,0,0,1,0,0,0,1,0,1,0,0,0
1,1,0,1,0,1,0,1,0,0,0,0,0,0,0,1,0,1,0,0,0,0,1,0,0,0,0,1,1,0,0,1,0,0
1,0,1,0,0,0,0,1,1,0,0,0,0,0,0,1,0,1,0,0,0,0,1,0,1,1,1,0,0,1,1,0,0,0
1,1,1,1,0,0,0,1,1,0,0,1,0,0,0,1,1,1,0,0,0,1,0,1,0,1,1,0,0,0,1,1,0,0
1,0,1,1,0,1,0,0,0,0,1,0,1,0,0,1,0,1,0,1,0,1,1,0,1,1,0,1,1,1,0,0,0,0
1,1,0,0,1,0,1,1,0,0,0,1,1,1,0,1,1,0,0,0,0,1,0,1,1,1,1,1,1,1,1,0,0,0
1,0,1,1,1,0,0,0,1,1,0,0,1,0,1,0,0,0,0,0,0,1,1,1,1,1,1,1,1,1,1,1,1,1
1,1,0,1,0,1,1,0,1,1,1,1,1,1,1,0,0,1,1,1,0,0,0,0,0,1,1,0,1,0,1,0,0,0
1,1,1,0,1,1,1,1,1,0,0,0,1,0,1,1,0,0,1,0,0,1,0,1,0,0,0,1,1,0,0,0,1,1
1,1,0,0,0,1,0,1,0,0,1,0,0,1,0,0,1,0,1,0,0,0,1,1,0,1,0,0,0,0,1,1,0,0
1,1,1,0,1,0,0,1,0,0,1,1,1,1,0,1,1,1,0,1,1,1,0,0,0,0,0,0,1,0,1,1,0,0
1,1,1,0,1,0,1,0,1,1,1,0,1,1,0,0,1,1,0,1,0,0,1,0,0,1,1,1,1,1,1,1,0,0
1,1,1,1,1,0,1,0,0,1,1,1,0,1,0,0,1,0,0,1,1,1,1,0,1,0,1,1,1,0,0,0,0,0
1,0,1,0,0,1,1,1,1,1,1,0,1,1,0,1,0,0,0,0,0,1,0,0,0,1,1,1,1,0,1,0,0,0
1,1,0,1,1,0,0,0,1,1,0,0,0,1,1,0,0,1,0,0,0,1,1,0,0,0,1,1,0,0,0,1,0,0
1,1,1,0,1,1,1,0,1,1,1,0,0,0,0,0,0,0,0,0,0,0,0,1,0,0,1,0,0,1,1,1,1,1
1,0,1,1,0,0,0,1,1,0,0,1,1,1,1,0,0,0,0,1,0,1,1,1,1,1,0,0,1,0,0,1,1,1
1,0,0,0,0,1,1,0,0,1,0,1,1,0,1,1,0,1,1,0,1,1,0,1,0,1,1,0,0,1,1,1,0,0
1,1,1,1,1,1,1,0,0,1,0,1,1,1,0,1,1,0,0,1,0,1,1,1,0,0,1,1,1,1,1,1,0,0
1,1,0,1,0,1,1,0,0,1,0,0,0,0,0,1,0,1,0,1,0,1,0,0,0,1,0,0,1,1,1,1,0,0
1,0,0,1,1,1,0,1,1,1,1,1,1,1,0,1,0,0,1,0,0,0,1,1,1,0,0,1,1,0,0,0,0,0
0,1,0,1,1,0,0,0,1,1,0,0,0,1,0,0,0,1,0,1,0,0,0,1,0,1,1,0,0,0,1,0,0,0
1,1,1,1,0,1,1,1,1,0,1,0,0,1,1,0,0,0,0,1,1,0,1,0,1,0,0,1,1,1,1,1,1,1
1,0,0,1,1,0,1,0,0,1,1,1,1,1,1,1,0,0,1,0,0,1,0,1,1,1,0,1,0,1,1,1,0,0
1,0,0,0,0,0,1,0,0,1,1,1,0,0,0,0,0,1,1,1,1,0,0,0,0,0,1,0,1,1,0,1,0,0
1,0,1,0,1,0,1,1,0,1,0,1,1,1,0,1,0,1,1,0,0,0,1,0,0,0,0,0,1,1,1,1,0,0
1,0,0,1,0,0,0,0,0,1,0,1,0,0,0,1,0,1,0,1,1,1,0,0,0,1,0,0,0,1,1,1,0,0
1,1,1,1,0,1,0,1,1,0,1,0,0,1,0,0,1,0,1,0,1,1,1,1,0,0,1,0,0,0,1,0,0,0
1,1,0,0,1,1,1,1,0,1,0,1,0,1,0,0,0,0,1,1,0,1,1,0,0,1,1,0,1,1,1,0,0,0
1,1,1,1,1,0,0,0,1,0,0,1,1,0,1,1,0,1,1,1,1,1,1,0,1,0,0,1,0,0,0,0,0,0
1,1,0,1,0,1,1,0,1,0,0,1,1,0,1,0,0,0,0,0,1,1,0,1,1,1,1,0,0,0,0,1,1,1
1,1,0,1,1,0,1,1,1,1,1,0,0,0,1,1,0,0,0,1,1,1,0,0,1,0,1,1,0,1,0,0,0,0
0,1,1,1,1,0,1,1,1,0,1,0,0,0,0,0,0,1,0,0,0,0,0,1,1,1,0,0,1,1,0,1,0,0
1,1,1,0,0,1,0,0,0,1,1,1,0,1,0,0,0,1,1,1,1,1,1,0,1,1,1,1,1,0,1,1,0,0
1,1,1,0,0,0,0,1,1,1,1,0,1,1,0,1,0,1,1,1,0,0,1,1,1,1,0,1,1,0,1,0,0,0
1,1,0,0,0,0,1,0,0,1,0,0,1,1,0,0,1,0,0,1,0,0,0,1,1,0,0,0,1,1,0,1,0,0
1,1,1,1,0,1,0,0,1,1,0,1,0,1,0,1,0,1,1,0,0,1,1,1,1,0,0,1,0,1,1,1,0,0
1,0,1,1,0,1,1,1,0,0,0,1,1,1,0,1,1,0,0,0,0,1,1,1,1,1,1,1,0,1,1,0,0,0
0,1,1,0,1,1,1,0,1,0,0,0,1,1,0,0,0,1,0,1,1,0,1,0,1,1,0,1,0,1,0,1,0,0
0,1,0,1,0,0,1,1,0,1,0,0,1,0,0,0,0,0,1,1,0,1,0,1,0,0,1,1,1,0,1,0,0,0
1,0,1,0,1,1,1,0,0,0,0,1,0,0,0,0,0,0,1,1,1,1,1,0,1,1,0,0,0,1,0,0,0,0
1,0,0,1,0,1,1,1,1,1,1,1,0,1,0,1,0,1,0,0,1,0,1,1,1,0,1,1,1,0,0,1,0,0
0,1,0,1,1,0,0,0,0,0,1,1,1,1,0,0,0,0,1,1,0,1,1,1,0,0,0,0,0,0,1,1,0,0
1,1,1,1,0,0,1,1,1,0,1,1,0,1,1,0,1,0,1,0,0,0,1,0,0,0,0,1,1,1,1,1,0,0
1,0,0,0,0,1,0,0,0,1,0,1,0,0,1,1,0,1,0,0,0,1,1,1,1,0,1,1,0,1,1,1,0,0
1,1,1,1,0,0,0,0,0,1,1,1,1,0,1,1,0,0,0,1,0,1,0,0,1,1,0,1,1,0,1,1,0,0
1,0,1,1,1,0,1,1,0,1,1,0,1,0,0,1,1,0,0,1,1,0,1,1,0,0,1,0,1,0,0,0,0,0
1,1,1,0,0,0,0,0,1,0,1,0,1,0,1,0,0,1,1,1,0,0,0,1,0,0,1,0,1,1,1,0,0,0
1,1,1,0,1,1,1,0,1,1,1,0,0,1,1,1,1,0,0,1,1,0,1,1,0,1,1,0,0,0,0,1,0,0
1,1,1,1,1,1,0,1,0,0,1,0,0,1,0,1,1,0,1,0,1,0,0,0,0,1,1,1,1,1,0,0,0,0
1,0,0,0,1,0,1,0,0,1,0,0,1,0,1,0,0,1,1,1,1,0,0,1,1,1,0,0,0,1,1,1,0,0
1,1,0,0,1,1,1,0,0,0,0,0,0,0,0,1,0,0,1,0,0,0,1,1,0,0,1,1,0,1,0,1,1,1
1,0,1,0,1,0,1,0,0,0,1,1,0,0,0,1,0,0,1,1,0,0,1,0,0,0,1,0,1,1,0,0,0,0
0,0,0,1,1,0,0,0,1,0,0,1,1,0,0,0,0,0,0,0,0,1,0,0,0,1,1,1,1,1,0,0,0,0
1,0,1,1,1,1,1,0,1,1,1,0,0,1,1,0,1,0,0,0,0,0,0,1,0,0,0,1,0,1,1,0,0,0
0,1,0,0,0,1,0,0,1,0,0,1,0,0,1,1,0,0,0,1,0,0,0,0,1,0,1,0,0,1,1,0,1,1
1,1,1,1,1,0,0,1,1,1,1,0,0,1,1,1,1,0,1,0,0,0,1,0,0,1,1,1,0,1,0,0,0,0
1,1,1,1,1,0,1,0,1,1,1,1,0,0,1,0,1,0,1,1,0,0,0,1,0,1,0,0,1,0,0,1,0,0
1,1,0,0,1,0,0,1,0,0,0,1,0,0,1,0,0,0,1,1,1,0,0,1,1,0,0,1,0,1,1,0,0,0
0,1,0,0,1,1,1,1,1,0,0,1,0,0,1,1,0,1,0,0,1,0,1,0,0,1,0,0,0,0,1,1,0,0
1,1,1,0,0,0,1,0,1,0,1,0,0,1,0,0,1,0,1,0,0,0,1,0,0,1,0,0,0,0,1,1,0,0
1,0,1,0,1,0,0,1,1,1,0,1,0,0,1,0,0,0,1,1,1,1,0,0,0,0,1,0,1,1,0,1,0,0
0,1,0,1,1,0,0,0,1,1,1,0,1,0,1,0,0,0,1,0,1,0,0,0,1,0,1,1,1,1,1,1,0,0
1,1,1,0,1,0,0,0,0,1,0,1,0,0,0,0,0,1,0,0,1,1,0,1,1,0,1,0,1,1,1,1,0,0
1,1,0,0,0,1,0,1,1,0,1,1,1,1,1,0,0,0,0,0,1,1,1,0,1,0,0,1,1,0,1,1,0,0
0,1,1,1,0,1,1,0,0,0,0,0,0,0,0,1,0,1,0,0,0,1,0,0,1,1,1,0,0,0,0,0,0,0
1,1,0,1,0,1,0,1,1,0,1,1,1,1,1,0,0,0,1,1,1,0,1,1,1,0,1,1,1,0,1,1,0,0
1,1,1,1,1,0,1,0,1,1,1,0,0,1,0,0,0,0,0,1,0,1,1,1,0,1,1,0,1,0,0,0,1,1
1,0,0,1,0,0,1,0,0,1,1,0,1,1,0,0,1,0,0,1,0,0,1,0,0,0,1,1,1,1,1,1,0,0
0,1,0,1,1,1,0,1,1,0,1,0,0,1,0,0,0,0,0,0,0,0,1,0,1,1,1,1,1,1,1,1,1,1
1,1,1,0,0,1,1,1,1,1,1,1,0,1,1,0,0,1,0,1,0,0,0,0,1,1,0,1,0,0,1,0,0,0
1,0,1,1,0,0,0,1,0,0,1,1,1,0,1,1,0,1,0,0,1,1,0,0,1,1,0,1,1,1,1,0,0,0
0,1,0,0,0,0,1,1,0,1,0,0,0,0,0,1,0,0,1,1,1,1,0,1,0,1,0,1,1,1,1,1,1,1
1,1,1,1,0,0,1,1,0,0,0,0,1,1,0,0,1,1,0,1,0,0,0,0,1,1,1,0,1,0,0,1,0,0
1,0,1,1,1,1,1,1,0,0,1,0,1,1,0,0,0,1,1,0,0,1,1,0,1,0,0,1,1,0,1,0,0,0
1,0,0,0,1,1,0,1,0,1,1,0,1,0,0,0,0,1,1,1,0,0,1,0,0,0,0,1,0,0,0,0,0,0
1,1,0,0,1,1,1,0,1,1,0,0,1,1,1,1,0,1,1,1,0,0,1,0,0,1,0,1,0,1,1,1,0,0
1,1,0,1,1,0,0,0,1,1,0,1,0,0,1,0,1,0,0,0,1,1,1,1,0,1,1,0,0,0,0,1,0,0
1,1,1,1,1,1,0,0,0,0,0,0,0,1,0,1,0,1,0,1,0,0,0,1,0,1,1,0,0,0,1,0,0,0
0,1,0,0,0,0,0,1,0,0,1,1,1,1,1,0,0,0,0,0,1,0,0,1,0,1,1,1,0,0,0,0,0,0
1,0,0,0,0,1,1,1,1,0,1,1,1,1,0,1,0,1,1,0,1,0,1,1,1,0,0,1,1,0,0,0,0,0
1,0,0,1,0,1,0,0,1,1,0,0,1,0,1,1,1,0,0,0,1,0,1,1,1,0,0,0,0,1,0,0,0,0
0,1,1,1,0,0,1,1,1,1,0,1,0,0,0,1,0,1,0,1,1,0,0,1,1,0,1,1,1,0,1,0,0,0
1,1,1,1,1,1,1,0,0,1,1,1,0,1,0,1,1,1,1,0,1,1,0,0,1,1,0,1,1,1,0,1,0,0
1,1,1,1,0,0,1,0,1,1,1,0,1,1,1,0,0,0,0,0,1,0,1,1,0,0,0,1,1,1,0,1,0,0
1,1,1,1,0,1,1,0,1,1,1,1,0,0,1,0,1,1,0,0,0,0,0,0,0,0,1,1,1,1,0,0,0,0
0,1,1,1,0,1,1,0,1,0,0,1,1,1,1,0,0,1,0,1,0,0,0,1,1,0,1,0,1,1,1,1,0,0
1,1,1,0,0,0,1,0,1,0,1,0,0,0,1,1,1,0,1,0,0,0,0,1,0,1,0,0,1,1,0,0,0,0
1,1,1,1,0,0,1,1,1,0,1,0,0,1,0,0,1,1,1,0,0,1,1,1,1,1,1,0,0,1,1,1,0,0
1,0,1,1,0,1,0,1,1,1,0,1,0,0,0,1,0,0,0,0,1,1,1,1,0,0,1,0,1,0,0,1,0,0
1,0,0,1,1,1,0,0,1,0,0,1,0,0,1,0,1,0,0,1,0,1,0,1,0,0,0,1,1,0,0,0,0,0
1,0,0,0,0,1,1,1,0,0,1,0,1,1,1,1,1,0,0,0,0,0,1,1,1,0,0,0,0,1,1,0,0,0
0,1,0,0,1,0,0,1,1,1,1,1,0,0,1,1,0,0,1,1,0,1,0,0,1,1,1,0,1,0,1,0,0,0
0,0,0,1,1,1,0,1,0,1,0,0,1,1,0,0,0,0,0,0,1,0,1,1,0,0,0,1,0,1,1,0,0,0
1,0,1,0,1,1,0,1,0,1,0,1,0,0,0,0,1,0,0,0,0,1,0,0,0,0,0,1,1,1,1,0,0,0
1,1,0,0,0,0,1,0,1,1,0,0,0,0,1,0,1,0,1,0,1,0,0,1,1,1,0,0,0,1,1,0,0,0
1,1,1,1,1,0,1,0,0,1,1,0,1,1,0,1,1,0,1,1,1,0,1,1,0,1,1,1,1,1,0,1,0,0
0,1,0,1,0,0,1,1,1,0,1,1,1,1,1,1,0,0,1,0,1,0,1,0,1,0,0,0,1,1,0,1,0,0
1,0,0,1,0,0,1,1,0,0,1,1,1,0,0,1,0,0,1,1,1,1,0,1,0,0,1,1,1,1,1,1,0,0
0,1,0,0,1,0,1,0,0,0,1,0,1,0,0,1,0,0,1,1,1,0,0,0,1,0,1,0,1,0,0,1,0,0
1,1,0,1,1,1,0,0,0,0,0,1,0,1,0,0,0,0,1,1,0,1,1,0,1,0,1,1,1,1,1,0,0,0
1,1,1,0,0,0,1,0,1,1,1,0,1,0,0,1,0,0,1,0,0,0,0,0,0,1,0,0,1,1,1,0,0,0
0,0,1,0,1,0,1,1,1,1,1,1,1,0,1,1,0,0,1,0,0,1,0,1,1,1,1,1,1,1,1,1,0,0
1,0,0,0,0,1,0,0,0,1,0,0,0,0,1,0,0,1,1,1,1,0,0,0,0,1,1,0,0,1,0,1,0,0
0,1,0,1,1,1,1,0,1,0,0,1,1,0,0,0,0,0,1,0,0,1,1,0,1,0,1,1,0,1,0,0,1,1
1,1,1,0,1,0,0,0,1,0,1,0,0,0,0,1,0,0,0,1,1,0,0,0,0,0,1,1,1,1,1,1,1,1
0,1,1,0,0,1,1,0,0,1,1,1,1,0,1,0,0,0,1,1,0,1,1,0,0,0,1,1,1,1,1,0,0,0
1,0,1,0,1,1,0,1,0,0,0,1,1,1,0,0,0,0,0,1,1,0,0,0,0,1,1,1,0,1,0,1,1,1
1,0,0,0,1,1,0,1,1,1,1,0,1,0,1,0,0,0,1,1,1,1,0,0,0,1,0,1,0,0,0,1,0,0
1,1,1,1,0,1,0,1,0,0,0,1,0,1,1,0,0,1,1,1,0,0,0,1,0,0,0,0,1,1,0,1,0,0
0,1,0,1,0,1,1,1,0,1,1,0,0,0,0,0,0,1,0,0,0,0,0,1,1,1,0,1,0,1,0,1,0,0
1,1,0,1,0,0,1,0,1,1,1,1,1,1,0,0,1,0,0,1,0,0,1,0,0,1,1,0,1,0,0,1,0,0
1,1,1,1,1,0,0,0,0,1,1,0,0,1,0,0,0,0,1,0,0,1,1,1,1,0,0,0,0,1,0,0,0,0
1,1,0,1,1,0,0,0,1,0,1,0,1,0,1,0,1,1,0,0,0,1,0,0,1,1,0,0,1,1,1,0,0,0
1,1,1,0,0,1,0,0,1,0,0,0,0,1,1,1,0,1,1,1,0,1,1,1,1,0,0,0,0,1,0,0,0,0
1,1,0,0,0,1,1,0,1,0,1,1,1,0,0,1,0,1,1,0,0,0,1,1,1,1,1,1,0,0,0,1,0,0
1,0,0,1,1,1,1,0,1,1,1,0,1,0,0,0,0,0,1,1,1,1,1,1,1,0,0,1,1,1,0,0,0,0
0,1,0,1,1,0,0,1,1,1,0,1,0,1,0,1,0,0,0,0,0,0,0,1,1,0,1,0,1,0,0,0,1,1
1,0,1,1,0,0,0,1,0,0,1,0,0,0,1,1,0,0,1,1,1,1,1,1,1,1,1,0,0,1,1,0,0,0
1,0,0,0,0,0,0,1,1,0,0,0,1,1,1,0,0,0,0,0,1,0,0,1,0,0,0,1,1,0,1,1,1,1
1,1,0,0,1,1,0,1,0,1,0,0,0,1,0,0,1,0,0,1,1,1,1,0,0,1,1,1,0,0,1,1,0,0
1,1,1,0,0,1,1,1,1,0,1,1,0,0,0,0,0,1,1,0,1,0,1,1,1,0,1,0,1,0,1,0,0,0
1,0,1,0,0,0,1,0,1,0,0,1,1,1,0,0,1,0,0,0,1,1,0,0,0,1,1,0,1,0,1,1,0,0
1,1,1,1,0,0,0,0,1,1,1,1,1,1,0,0,0,0,0,1,0,0,1,0,0,1,0,0,0,0,0,0,0,0
1,1,1,0,1,1,1,1,0,1,1,0,0,1,0,0,1,1,1,0,0,1,1,0,1,0,0,1,1,1,0,0,0,0
1,1,0,0,1,0,0,1,1,1,1,0,1,0,1,1,0,1,1,1,0,0,1,1,1,1,0,0,0,1,0,0,0,0
1,0,1,0,0,1,0,0,1,1,1,1,1,1,0,1,0,0,1,1,1,1,0,1,0,1,0,1,0,1,0,1,0,0
1,1,0,0,1,0,0,1,0,0,1,0,0,0,1,1,1,0,1,0,1,0,0,1,1,1,0,1,0,1,0,0,0,0
1,0,0,1,0,1,1,0,1,1,0,0,1,0,1,0,1,0,0,1,0,0,0,1,0,1,0,0,0,0,0,1,0,0
1,0,1,1,0,1,0,0,1,1,0,0,1,0,1,0,1,0,1,0,1,1,0,0,0,0,0,1,0,1,1,0,0,0
0,1,1,0,1,1,1,0,1,1,1,1,1,0,1,1,0,1,0,0,0,1,0,0,0,0,1,0,1,1,0,0,0,0
1,1,1,0,0,1,0,0,0,1,1,0,0,1,0,1,1,0,1,0,0,1,1,1,0,1,0,1,1,0,0,0,0,0
0,0,0,1,0,1,1,1,0,0,0,0,1,0,0,1,0,0,0,1,0,0,1,1,1,0,0,1,0,0,0,0,0,0
1,0,1,0,1,1,1,0,0,0,1,1,1,1,0,1,1,0,0,1,1,1,1,0,0,0,0,1,1,1,1,0,0,0
0,0,1,1,0,0,0,0,0,0,0,1,0,1,1,0,0,0,0,1,0,1,1,1,0,0,0,1,0,1,1,1,0,0
1,1,0,0,1,1,0,0,1,0,1,1,1,1,0,1,1,0,1,0,0,0,1,0,0,0,0,0,1,1,0,0,0,0
1,1,1,1,0,1,0,1,1,1,0,1,1,0,1,0,1,0,0,1,0,1,0,1,0,0,0,0,0,0,1,1,0,0
0,0,0,0,0,1,1,0,1,1,1,1,0,0,1,1,0,0,0,0,0,0,1,0,1,0,1,0,1,1,0,1,0,0
1,0,0,1,0,0,1,1,0,0,0,0,1,1,1,1,0,1,0,0,0,0,0,0,1,1,0,0,0,0,1,0,0,0
0,1,0,0,0,0,0,0,1,0,1,1,1,1,1,0,0,0,1,0,0,0,1,1,0,1,1,1,0,1,0,1,0,0
1,1,0,1,0,1,1,0,1,0,1,0,0,1,0,1,0,0,0,1,0,0,1,0,1,0,0,0,0,0,1,0,1,1
1,1,0,1,0,0,0,1,1,0,0,1,1,1,1,0,1,0,1,1,1,1,1,0,0,0,1,0,0,0,0,1,0,0
1,0,1,0,1,1,0,0,0,0,1,1,1,1,1,0,1,0,0,0,1,1,1,0,0,0,1,1,0,0,1,1,0,0
1,0,1,0,0,0,1,1,1,1,1,0,1,0,0,0,0,1,0,1,1,0,0,1,1,0,0,0,0,0,0,1,0,0
1,1,0,1,0,0,1,1,0,1,0,1,0,1,0,0,0,0,0,0,1,0,1,0,1,0,1,1,0,1,0,1,1,1
1,1,1,0,0,0,0,1,0,0,0,1,1,0,0,0,0,0,0,0,1,1,0,1,0,1,0,1,1,1,0,1,1,1
1,1,0,0,0,0,0,0,1,0,0,1,1,0,0,0,1,0,0,0,1,1,1,0,1,1,0,1,0,1,1,1,0,0
1,1,0,1,0,0,1,1,1,0,1,0,1,0,1,1,1,1,0,1,0,0,0,1,0,1,0,1,1,1,1,1,0,0
1,1,1,1,0,0,0,1,0,0,0,1,1,1,0,0,1,1,1,0,0,1,1,0,1,1,1,0,0,1,1,1,0,0
1,1,0,1,1,0,0,0,0,1,1,1,0,0,1,0,0,1,0,1,0,0,1,0,1,1,1,0,0,1,1,1,0,0
1,1,1,1,1,1,0,0,0,1,0,0,1,1,0,1,1,0,1,0,0,1,0,0,0,0,0,1,0,1,0,0,0,0
0,1,1,1,1,0,0,0,1,0,0,1,0,1,1,0,0,0,1,1,0,1,1,0,0,1,1,0,1,0,0,0,0,0
1,1,1,0,1,0,1,0,0,1,1,0,0,0,0,1,0,0,1,1,1,1,0,0,1,0,0,1,0,0,0,0,0,0
1,0,0,1,0,1,0,0,0,1,0,1,1,0,1,0,0,0,1,1,0,1,0,1,1,1,1,1,1,1,1,1,0,0
1,1,1,1,1,1,1,0,0,1,0,1,0,1,1,0,0,1,1,1,1,1,1,1,0,0,1,0,0,0,1,1,0,0
1,1,1,0,1,1,1,1,0,1,1,1,0,0,0,0,0,1,1,1,0,0,0,0,1,1,0,0,0,0,0,0,0,0
1,1,0,1,1,0,0,0,0,1,0,1,0,1,0,1,0,1,1,0,0,0,0,0,1,0,1,0,0,0,1,0,0,0
1,1,1,1,0,1,1,0,0,1,0,1,1,1,0,0,1,1,0,0,0,1,0,0,0,1,1,0,0,1,1,0,0,0
1,0,1,1,0,0,1,0,0,1,1,1,1,1,0,1,1,0,1,0,0,0,1,1,1,1,1,0,0,0,0,0,0,0
1,1,1,1,1,0,0,0,0,1,0,1,1,1,1,1,0,0,1,1,1,0,1,1,1,1,0,1,1,0,0,0,0,0
1,1,1,0,1,0,0,0,1,1,0,0,0,1,0,0,0,1,1,0,1,1,0,0,1,0,1,1,0,0,0,0,0,0
1,0,1,0,1,1,0,0,1,1,0,0,0,0,1,0,1,0,0,1,0,0,0,0,1,0,0,0,1,1,0,1,0,0
1,0,0,1,1,0,0,1,1,0,1,1,1,1,0,1,0,1,1,1,0,0,0,1,1,1,1,1,1,1,1,1,0,0
1,1,1,0,0,0,0,0,1,1,1,0,1,1,0,0,1,0,1,1,0,0,1,1,1,1,0,1,0,0,0,0,0,0
1,0,1,1,1,0,0,1,0,1,0,0,0,1,0,0,0,1,1,1,1,1,0,0,1,0,0,1,0,1,0,1,0,0
1,1,0,0,1,0,0,0,0,1,1,0,1,1,0,1,0,0,0,0,0,1,0,1,0,1,1,1,0,1,1,0,1,1
1,1,1,1,0,1,0,0,1,1,0,0,0,0,0,1,0,1,0,1,0,1,0,0,0,1,1,1,1,1,1,0,0,0
1,1,0,0,0,0,0,1,0,0,1,0,0,0,0,1,1,0,0,0,0,0,1,0,0,0,0,0,1,1,0,0,0,0
1,1,0,1,0,0,0,1,1,1,0,0,1,1,1,1,0,1,1,0,1,1,0,1,0,0,0,0,0,0,1,1,0,0
1,1,1,1,0,0,1,0,0,1,1,1,1,1,0,0,1,0,1,1,1,1,1,0,1,0,0,0,1,1,0,1,0,0
1,0,1,1,0,0,0,1,1,0,1,0,0,1,0,0,1,0,0,0,0,0,0,1,0,1,0,0,0,0,1,1,0,0
1,1,0,1,0,0,0,0,0,1,1,0,0,1,0,0,1,0,1,0,0,1,0,0,1,0,0,1,0,0,0,0,0,0
1,0,1,1,0,1,0,0,0,1,1,0,0,0,0,1,0,1,0,0,1,1,1,1,1,1,0,1,0,0,1,0,0,0
1,1,1,0,1,0,1,1,0,0,1,1,1,0,1,0,1,1,0,1,0,1,1,1,1,1,0,0,0,0,1,1,0,0
1,0,0,0,0,1,0,1,0,0,0,0,1,1,0,1,0,1,1,0,0,0,1,1,0,1,0,1,0,1,1,0,0,0
1,1,1,0,1,0,1,0,0,1,1,0,1,1,1,0,0,1,0,1,1,0,1,1,1,0,1,1,0,0,0,1,0,0
1,1,0,0,0,1,0,0,0,1,1,0,0,0,0,0,1,0,0,1,0,0,0,0,0,0,0,0,1,1,1,0,0,0
1,1,0,0,1,1,1,0,0,1,0,1,0,1,1,1,1,0,0,1,0,1,1,1,0,1,1,0,1,0,1,1,0,0
1,0,0,1,1,0,1,1,0,0,0,0,0,1,0,1,0,0,1,1,0,1,0,0,0,0,0,1,0,0,0,0,1,1
0,1,1,1,0,1,1,0,0,0,1,1,1,0,1,0,0,0,1,0,1,1,0,0,0,1,0,0,0,1,1,1,0,0
0,1,0,1,1,0,1,1,0,1,1,1,1,0,1,1,0,0,1,0,1,1,1,1,0,0,1,1,0,0,1,0,0,0
1,0,1,0,1,0,0,0,0,0,0,0,1,0,1,0,1,0,0,1,0,1,1,1,0,1,1,0,1,0,1,0,0,0
0,1,0,0,0,1,1,1,0,0,1,1,1,1,1,0,0,0,0,1,1,1,1,0,1,0,1,0,1,0,1,0,0,0
1,1,1,0,1,0,1,0,1,1,1,1,1,1,0,1,1,0,1,1,1,0,1,1,1,0,1,0,0,1,1,1,0,0
1,0,1,0,1,0,1,0,0,1,1,1,0,0,0,1,0,1,0,0,0,0,1,0,0,0,0,0,1,1,0,1,0,0
1,0,1,0,0,1,1,1,0,0,0,0,1,0,0,1,1,0,0,1,0,1,0,0,1,0,1,0,0,0,0,0,0,0
0,1,0,1,0,1,1,1,0,0,1,1,0,0,1,0,0,0,1,0,0,1,0,1,0,0,1,0,0,0,1,0,1,1
1,0,1,0,0,1,0,0,1,0,1,0,0,1,0,1,0,1,1,1,1,0,0,1,0,0,1,0,1,0,0,0,0,0
1,1,1,0,0,0,1,1,0,0,1,1,1,0,1,1,1,0,1,0,0,0,1,0,0,0,1,1,0,0,0,1,0,0
1,1,0,0,0,1,1,1,1,1,0,1,1,1,1,1,0,0,1,0,0,0,0,1,1,0,0,1,1,0,0,0,0,0
0,1,0,0,1,1,1,0,1,1,0,0,1,1,1,0,0,0,1,0,0,1,1,1,0,0,0,0,0,1,1,0,0,0
1,0,0,0,0,1,0,1,1,1,0,0,1,1,1,0,0,0,0,1,0,1,0,0,0,0,0,1,1,1,1,0,1,1
0,1,0,1,0,0,1,0,0,0,1,0,1,1,0,0,0,1,0,0,0,1,1,0,0,0,0,0,0,0,1,1,0,0
1,0,1,0,1,1,0,0,0,1,1,1,0,0,0,1,0,0,1,0,0,0,0,0,0,0,1,0,0,0,0,0,0,0
1,1,0,0,1,0,1,0,0,1,1,1,1,0,0,0,0,0,0,1,1,0,0,1,0,1,0,0,0,1,1,0,0,0
0,1,1,1,0,1,1,0,0,1,1,1,1,1,0,0,0,0,0,1,1,1,0,1,1,1,0,1,0,1,1,0,0,0
1,1,0,0,0,0,0,1,0,0,1,1,0,1,0,1,0,1,1,1,0,1,1,0,1,0,1,0,0,0,1,0,0,0
0,1,0,0,0,0,0,0,0,1,0,1,1,0,1,0,0,0,1,1,0,1,0,0,1,0,0,0,0,1,0,1,0,0
0,1,1,1,0,1,0,0,1,0,1,0,1,1,0,1,0,0,1,0,1,0,0,1,0,1,0,0,0,0,0,0,0,0
1,1,0,1,1,1,1,1,0,1,1,1,0,0,0,0,0,1,1,0,1,0,1,0,1,1,1,0,1,0,1,1,0,0
0,1,1,0,1,0,1,0,1,0,0,1,0,0,0,1,0,0,0,1,0,0,0,0,0,1,0,1,1,1,1,0,1,1
1,1,1,1,1,1,0,0,1,0,0,1,0,1,0,1,1,0,0,0,0,1,1,1,1,0,0,1,0,1,0,0,0,0
1,1,1,1,1,1,1,0,1,1,0,0,0,0,1,0,0,1,1,1,1,0,1,1,0,0,0,0,0,1,1,1,0,0
1,1,0,0,0,0,0,1,1,0,0,1,0,0,0,1,1,0,1,0,1,1,1,1,1,0,0,1,1,0,1,1,0,0
1,0,1,0,0,0,0,0,0,0,1,0,1,1,0,1,0,0,1,1,1,1,1,0,0,0,0,0,1,1,0,0,0,0
1,1,1,1,0,0,0,0,0,0,0,1,1,1,1,0,1,1,1,0,0,0,1,1,0,1,1,0,0,1,1,1,0,0
1,0,1,0,1,0,1,1,1,0,0,0,0,0,0,1,0,1,1,1,1,0,1,1,0,1,1,1,1,1,0,1,0,0
0,1,1,1,0,0,1,1,0,0,1,1,0,0,1,1,0,0,0,1,1,0,0,0,0,1,1,1,0,0,0,0,1,1
1,0,1,0,1,1,1,1,0,1,1,1,1,1,0,0,0,0,1,0,1,1,0,1,0,0,1,0,1,1,0,0,0,0
1,0,0,1,1,0,1,1,0,0,0,1,1,1,1,0,1,0,0,0,1,0,1,0,0,1,0,1,1,0,0,0,0,0
0,1,1,1,0,1,1,0,1,0,1,1,1,1,0,0,0,1,1,0,1,1,1,1,1,0,1,1,0,1,1,1,0,0
1,0,1,1,1,0,0,0,0,1,1,0,0,0,1,0,0,1,0,0,0,0,0,0,0,1,1,0,0,0,1,0,0,0
0,0,1,1,1,1,1,1,0,1,1,0,0,0,0,1,0,0,1,1,0,0,0,0,1,1,1,1,0,1,1,1,0,0
0,1,1,1,1,0,0,0,1,0,1,0,1,0,1,1,0,1,1,0,1,0,1,1,0,1,1,0,0,0,0,1,0,0
1,0,0,0,1,0,0,0,1,1,0,1,0,0,0,1,1,0,0,0,1,0,0,0,0,1,1,0,1,1,1,1,0,0
0,1,0,1,0,0,1,1,0,1,1,0,0,0,1,0,0,1,0,0,1,1,1,1,1,0,0,0,0,1,1,1,0,0
1,0,1,0,0,0,1,0,0,0,0,0,0,0,1,0,0,1,1,0,0,1,1,1,1,1,1,1,1,1,0,0,0,0
1,1,1,0,0,0,1,0,0,1,0,1,0,1,1,0,1,0,1,0,1,1,1,1,1,0,0,1,1,1,0,1,0,0
1,1,1,0,1,0,1,1,0,0,1,0,0,0,0,1,1,0,1,0,1,1,1,1,1,1,1,1,0,0,1,0,0,0
1,0,1,0,1,0,1,1,0,0,0,1,0,0,1,1,0,0,0,0,1,1,1,0,1,0,1,1,1,0,0,1,1,1
1,0,0,1,0,0,0,0,1,1,0,0,0,0,0,0,0,1,1,1,1,1,1,1,1,0,0,0,1,1,0,0,0,0
1,1,0,1,1,0,0,1,1,1,0,1,1,0,0,0,0,0,0,1,1,1,0,1,0,0,0,0,1,0,1,0,0,0
1,0,1,0,0,0,0,0,0,0,1,1,0,0,1,1,1,0,0,0,1,0,0,1,1,0,0,0,1,0,0,0,0,0
0,1,1,1,0,1,0,0,1,1,0,0,0,1,0,0,0,0,1,1,1,1,1,1,0,0,0,1,1,1,0,1,0,0
1,0,0,1,1,0,1,0,0,0,1,0,1,1,0,0,0,1,0,1,1,0,0,1,1,1,1,1,1,0,1,0,0,0
1,1,1,1,0,1,0,0,1,1,0,0,1,1,1,1,1,1,1,0,0,0,0,0,0,0,1,1,1,1,0,1,0,0
1,1,0,1,0,0,0,0,1,0,1,0,0,0,1,1,0,1,1,1,1,0,0,1,0,0,1,0,0,1,1,1,0,0
1,0,0,0,1,1,0,1,0,1,1,1,0,0,0,0,0,1,0,0,0,0,1,1,1,0,0,1,1,1,1,1,0,0
1,0,0,0,1,1,1,1,0,1,1,1,0,0,1,1,0,1,1,1,0,0,1,1,0,1,0,0,1,1,1,1,0,0
1,0,0,1,0,1,1,0,1,0,1,0,0,0,0,1,0,0,1,1,0,1,1,0,0,1,0,1,1,1,1,1,0,0
1,1,1,0,1,0,0,0,1,0,0,1,0,1,0,1,1,1,0,0,0,0,0,0,1,0,1,1,0,1,1,0,0,0
1,0,1,1,1,0,0,1,1,1,0,0,0,0,1,1,0,0,0,1,1,0,1,0,1,1,1,0,0,1,0,1,1,1
0,1,0,0,0,1,1,1,1,1,0,0,1,1,0,0,0,1,0,0,0,1,0,0,0,0,1,0,1,0,0,0,0,0
1,1,1,1,0,1,0,0,1,0,0,0,1,1,0,0,0,1,0,0,1,0,1,1,1,1,1,1,1,0,0,1,0,0
0,1,0,0,1,1,1,1,1,0,1,1,0,0,1,0,0,1,0,0,1,1,0,0,0,1,1,1,1,1,1,1,0,0
0,1,1,0,1,0,0,1,1,1,1,0,1,1,1,1,0,0,1,0,0,0,0,0,0,1,1,0,0,0,0,0,0,0
1,1,0,0,0,1,0,1,0,0,1,1,0,0,1,1,0,0,0,1,1,0,0,0,0,0,0,1,0,1,1,1,1,1
1,0,1,0,1,0,1,1,1,0,0,1,1,1,0,0,1,0,1,0,1,0,1,1,0,1,1,0,0,1,1,0,0,0
1,0,1,0,0,1,0,1,0,1,0,0,0,0,1,0,0,1,1,1,0,1,0,1,1,0,1,1,0,1,0,0,0,0
0,1,1,1,0,1,1,0,1,1,1,1,1,1,0,1,0,0,0,0,1,1,1,0,1,0,0,0,1,1,1,1,0,0
1,0,0,0,1,0,0,1,0,0,0,0,0,0,1,1,1,0,0,0,0,1,1,1,1,1,1,1,1,0,0,0,0,0
1,0,0,1,0,0,1,0,0,0,1,0,0,1,1,1,0,0,1,1,0,1,0,1,0,0,0,0,0,1,1,0,0,0
1,1,0,0,0,1,1,0,0,0,0,0,1,0,0,1,0,0,0,1,0,1,0,1,0,1,0,0,0,0,1,0,1,1
1,0,0,1,0,0,0,1,1,0,0,1,0,0,0,0,0,1,1,1,0,0,1,0,0,1,1,0,0,1,0,1,0,0
1,0,1,1,0,1,1,0,0,1,0,0,1,1,1,0,0,1,1,0,1,1,1,0,1,1,0,1,0,1,1,0,0,0
1,1,0,1,1,0,1,1,0,0,0,1,0,1,0,1,0,0,0,1,1,0,1,0,0,1,0,0,0,0,0,1,1,1
0,0,1,1,0,0,1,1,1,1,1,1,1,1,1,0,0,0,1,1,0,0,0,0,0,1,0,1,0,1,1,1,0,0
1,0,0,1,0,1,0,1,0,1,0,1,0,1,0,0,1,0,0,1,0,0,0,0,1,1,1,0,0,1,1,1,0,0
1,0,0,0,1,1,0,0,1,1,1,1,0,1,1,0,0,0,1,0,0,1,1,1,1,0,1,1,0,0,0,1,0,0
1,0,1,1,0,0,1,1,0,1,0,1,1,0,0,0,1,0,0,1,0,0,0,0,0,0,0,0,0,1,0,0,0,0
1,0,1,1,0,1,0,0,1,0,1,1,0,1,0,1,1,0,1,0,0,0,0,1,0,0,0,1,0,0,0,0,0,0
1,1,1,0,0,1,0,1,1,0,0,1,0,1,1,0,1,0,1,1,0,0,1,0,1,1,1,1,0,1,0,1,0,0
0,1,1,0,1,0,1,1,1,0,1,1,1,0,0,0,0,0,0,0,1,0,0,0,0,1,1,1,0,1,0,1,1,1
1,0,0,0,1,0,1,1,1,0,0,1,1,1,0,1,1,0,0,0,0,0,0,1,0,1,0,1,0,1,1,0,0,0
1,0,0,1,0,1,1,0,0,0,1,0,1,1,0,1,0,1,0,0,1,0,1,1,1,0,0,0,0,1,0,0,0,0
0,1,1,0,0,0,1,0,0,1,0,0,1,1,1,0,0,1,0,1,0,1,1,1,1,0,1,1,1,1,1,0,0,0
1,0,1,1,1,0,0,0,0,1,1,0,0,0,0,0,0,0,1,1,1,0,0,1,0,1,0,0,1,1,1,1,0,0
1,0,1,1,1,1,1,1,0,0,1,0,1,0,1,1,1,0,1,1,0,1,0,0,1,0,0,0,0,0,0,0,0,0
1,0,0,0,1,1,1,1,1,0,1,0,0,0,1,1,0,0,0,0,1,0,0,0,1,1,0,1,1,0,0,1,1,1
1,0,0,0,0,0,1,0,0,1,1,1,0,0,1,1,0,0,0,1,0,1,1,1,0,1,1,1,0,1,1,1,0,0
0,1,1,1,1,0,1,0,0,1,1,1,0,0,0,1,0,1,0,0,0,0,0,1,1,1,0,0,1,0,1,0,0,0
1,1,0,0,0,0,1,0,1,1,1,1,1,1,0,0,0,0,0,0,1,0,0,0,0,0,0,0,0,1,1,0,0,0
1,1,1,0,0,1,0,1,0,1,0,0,0,0,0,1,0,1,0,0,1,1,0,0,0,0,1,0,1,1,1,0,0,0
1,1,1,1,0,1,0,0,1,0,1,1,0,1,0,1,0,0,1,1,0,0,1,0,0,1,1,0,0,1,0,1,0,0
1,1,1,1,0,0,1,1,0,0,1,1,0,0,1,1,0,1,1,0,0,0,0,0,1,1,0,0,0,1,1,0,0,0
1,0,0,0,1,1,1,0,0,1,0,0,0,1,0,1,0,1,1,0,1,0,0,0,0,0,0,0,1,0,1,0,0,0
0,1,1,0,1,0,1,0,0,0,0,0,1,0,1,0,0,0,1,0,1,0,1,0,0,1,1,0,1,1,0,1,1,1
1,1,0,0,1,1,1,1,1,1,1,1,0,1,0,1,1,0,0,0,1,0,1,1,0,1,0,1,1,1,1,1,0,0
0,1,1,1,1,0,1,0,1,0,1,1,0,1,1,1,0,0,1,0,1,1,1,1,0,1,1,0,1,0,1,0,0,0
0,1,0,0,1,0,0,0,0,1,0,1,0,1,0,0,0,0,0,0,0,0,1,1,1,1,1,1,1,1,0,0,1,1
1,0,1,1,1,0,0,1,1,0,1,0,0,0,0,0,1,0,1,0,1,1,0,1,1,1,0,0,0,1,0,1,0,0
1,0,1,1,1,1,0,0,0,1,0,1,1,1,0,1,1,0,0,1,0,0,1,1,1,1,1,0,0,0,1,1,0,0
1,1,0,1,0,1,1,1,1,0,1,0,1,0,0,0,1,0,1,0,1,1,0,0,1,0,0,1,1,0,0,1,0,0
1,1,1,1,0,1,1,0,0,0,0,0,1,0,1,0,0,1,1,0,0,0,0,1,0,0,0,1,0,1,0,1,0,0
0,0,1,1,1,0,1,1,1,0,0,0,0,0,1,0,0,0,0,1,1,0,0,1,0,0,0,0,1,1,0,1,0,0
1,1,0,0,0,1,0,1,1,1,0,1,1,1,1,0,0,1,1,0,1,1,0,0,1,0,1,0,0,0,0,0,0,0
1,1,1,0,0,1,0,0,0,1,0,0,0,0,1,0,0,1,1,1,0,0,0,1,1,1,1,1,1,1,1,1,0,0
1,0,1,0,0,1,1,0,1,0,0,0,0,0,0,1,0,0,1,1,0,1,1,1,1,1,0,0,1,1,0,0,1,1
1,0,1,0,0,1,0,0,1,1,0,0,1,1,0,0,0,1,0,1,1,1,0,0,1,0,1,0,1,1,1,0,0,0
0,1,0,1,1,1,1,1,1,0,1,0,1,0,0,0,0,1,0,1,0,0,1,0,0,0,0,1,1,1,1,1,0,0
1,0,0,0,0,0,0,1,0,0,0,0,0,0,0,1,0,1,0,1,1,0,1,1,0,1,1,1,0,0,1,0,0,0
0,0,0,0,1,0,1,0,0,1,1,0,0,1,1,1,0,0,0,0,0,0,1,0,0,1,0,0,0,1,0,0,0,0
1,0,0,1,0,1,0,1,1,1,0,0,0,1,0,0,0,0,0,1,0,1,0,0,1,1,0,1,1,1,1,0,1,1
0,1,0,1,0,1,1,0,0,1,0,0,0,0,0,0,0,1,0,0,1,1,0,1,1,0,0,0,0,0,0,1,0,0
1,1,1,1,1,0,0,0,0,1,1,0,1,1,0,1,0,1,1,0,1,1,1,1,0,0,0,1,0,1,0,0,0,0
0,1,1,1,1,0,0,0,1,1,1,1,1,1,0,1,0,0,1,0,1,0,0,0,0,1,1,1,0,1,0,0,0,0
0,0,1,0,0,1,1,0,0,1,1,1,0,0,0,0,0,0,0,0,0,1,1,1,0,1,0,1,0,1,1,1,0,0
0,1,1,0,0,0,1,0,0,1,0,0,1,1,0,1,0,1,0,1,1,0,0,0,0,1,0,1,1,1,0,0,0,0
1,0,0,0,0,1,1,1,0,0,1,0,1,1,0,0,0,1,1,0,0,1,0,0,0,0,1,1,1,1,0,0,0,0
1,0,1,0,1,0,0,0,0,1,0,1,1,1,1,1,0,0,0,1,1,1,0,1,1,1,1,1,1,1,0,1,0,0
0,0,0,1,1,1,1,0,1,0,0,1,0,1,1,1,0,0,0,0,1,1,0,1,0,0,1,1,1,1,0,1,0,0
1,1,0,0,0,0,0,0,1,1,0,1,0,1,1,0,1,0,1,1,1,0,0,0,1,0,1,0,0,0,1,0,0,0
0,1,0,0,1,1,1,1,1,1,0,0,0,0,1,1,0,0,0,1,1,1,1,1,1,1,1,1,1,1,1,0,1,1
0,1,1,0,1,1,1,1,0,0,1,1,1,0,0,1,0,0,1,0,0,1,0,0,0,1,1,0,0,1,0,1,0,0
0,1,1,1,1,1,0,0,1,0,1,1,1,0,0,1,0,0,0,1,0,1,0,0,1,1,1,0,0,0,1,0,1,1
1,1,0,1,1,1,1,0,0,1,0,0,1,0,1,1,0,0,0,1,0,1,0,1,0,0,1,1,0,1,0,0,1,1
1,1,0,1,0,0,0,1,1,1,0,1,1,1,0,1,0,0,0,1,0,0,0,0,0,0,1,0,1,0,1,0,1,1
0,1,0,1,1,1,0,0,0,0,1,0,1,1,0,1,0,0,0,0,1,1,0,0,1,0,0,0,1,0,1,1,1,1
1,1,1,1,1,1,1,1,1,0,0,1,0,1,0,0,1,0,0,0,0,1,1,0,1,0,1,1,0,1,0,1,0,0
1,1,0,1,0,1,1,0,0,0,0,1,0,0,1,0,1,0,1,0,0,1,0,0,0,0,1,1,0,1,0,1,0,0
0,1,1,1,1,0,1,0,0,1,0,1,1,1,1,1,0,0,0,0,0,1,0,1,0,0,1,0,1,1,1,1,0,0
1,1,0,1,0,1,1,1,0,1,0,1,1,1,1,0,0,0,0,0,0,0,1,0,0,0,0,1,1,0,0,1,1,1
1,0,1,1,1,1,1,0,1,1,1,1,1,1,0,1,0,0,0,0,1,0,0,1,1,1,1,1,1,0,0,1,0,0
1,0,0,1,1,1,1,0,1,0,1,0,0,0,1,0,0,1,1,1,1,0,1,0,1,0,1,1,0,1,0,0,0,0
1,1,1,0,0,0,0,1,0,1,0,0,0,0,0,1,0,1,1,1,0,1,1,0,0,0,1,1,0,0,1,1,0,0
1,1,1,1,0,0,0,1,0,0,1,0,1,1,1,0,1,1,0,1,1,0,0,1,1,1,1,1,1,1,0,1,0,0
0,1,1,1,0,0,1,0,1,0,1,0,0,1,0,1,0,0,0,1,1,0,1,1,1,1,0,1,1,0,1,1,1,1
1,0,0,0,1,1,0,0,1,0,1,1,0,1,0,0,1,0,0,0,0,0,0,0,0,1,1,1,1,1,1,0,0,0
0,1,1,1,1,1,1,0,1,0,1,0,0,1,1,1,0,0,1,1,1,1,0,0,1,0,1,1,0,0,0,0,0,0
1,1,0,0,1,0,1,1,0,0,1,1,1,1,0,0,0,0,1,0,1,1,0,0,0,0,0,1,1,1,0,1,0,0
1,1,1,1,1,1,0,1,0,0,0,1,1,0,0,1,0,0,1,1,0,0,1,1,1,1,1,1,0,1,0,1,0,0
1,1,1,1,0,0,0,0,1,0,1,1,0,0,0,0,1,0,0,0,1,0,1,1,1,1,1,1,1,0,0,0,0,0
0,1,1,0,1,1,1,0,1,1,1,0,1,0,0,1,0,1,0,0,0,0,0,1,0,1,0,1,0,0,1,1,0,0
1,0,1,0,1,1,0,0,0,1,1,0,1,1,1,0,0,0,1,0,0,1,1,1,1,0,0,0,1,0,1,0,0,0
1,1,0,1,0,1,0,1,0,1,1,0,1,1,0,0,1,0,1,0,1,0,0,0,0,0,0,0,1,1,1,0,0,0
1,1,1,0,0,0,1,0,1,1,0,0,1,1,0,0,0,1,1,0,0,1,0,0,1,0,0,1,1,1,0,1,0,0
0,1,1,1,1,0,0,1,1,0,1,0,0,0,0,1,0,1,1,1,0,0,0,1,1,1,1,0,0,1,0,1,0,0
1,0,1,1,1,1,0,1,1,0,1,0,0,0,1,1,0,0,0,1,0,0,1,0,1,1,0,0,0,0,0,1,1,1
1,0,1,0,0,0,1,0,0,0,1,0,1,1,0,0,0,1,0,1,0,1,1,0,0,0,1,1,0,0,1,0,0,0
1,1,0,0,1,1,1,1,0,0,0,0,0,0,1,0,0,0,1,0,1,1,1,1,0,0,1,1,0,1,0,0,1,1
1,0,0,0,0,1,1,1,0,0,0,0,0,1,1,0,0,1,0,1,0,0,0,0,1,0,0,1,1,1,0,1,0,0
0,1,0,0,0,1,1,0,0,1,1,1,1,0,0,1,0,0,1,0,1,1,0,0,0,1,0,0,0,1,0,1,0,0
0,1,0,0,0,1,1,1,0,1,1,0,1,1,0,0,0,0,0,1,0,0,1,1,0,0,1,1,0,0,0,1,1,1
1,0,1,1,0,0,0,1,0,0,0,0,0,0,1,1,0,0,0,0,1,0,1,0,0,1,1,0,1,0,1,1,1,1
1,1,0,0,1,1,0,1,0,0,1,1,1,0,0,0,1,0,1,0,0,1,0,0,1,1,1,0,0,0,1,1,0,0
0,1,0,0,0,1,0,1,0,1,0,0,0,0,0,1,0,0,0,0,1,0,0,0,0,1,0,1,1,0,1,0,1,1
1,0,1,0,0,1,1,0,0,1,0,0,0,1,1,1,0,1,1,0,1,0,1,0,0,0,1,0,0,0,1,1,0,0
1,0,0,0,0,0,1,1,0,1,1,0,1,1,0,1,0,1,1,0,1,0,1,0,1,1,1,0,1,1,1,1,0,0
1,0,1,1,0,1,0,1,1,1,1,0,1,0,0,1,0,0,0,1,1,0,1,0,0,1,0,1,1,0,0,0,0,0
1,1,0,1,1,0,0,1,0,1,0,1,0,1,0,0,0,0,0,1,0,0,0,1,1,0,0,0,0,1,1,0,1,1
1,1,1,0,1,1,1,1,0,1,0,1,0,1,0,1,1,1,1,0,0,0,0,1,0,0,0,1,0,1,1,0,0,0
1,1,0,0,0,0,1,0,1,0,0,1,1,0,0,0,0,0,1,1,1,0,0,1,0,1,1,0,1,1,1,1,0,0
1,0,0,1,0,0,0,1,1,1,0,0,1,0,1,1,0,0,0,0,0,1,1,0,0,1,0,0,0,0,0,1,1,1
0,1,1,0,1,1,0,0,1,0,1,0,0,0,0,1,0,0,0,0,1,0,1,0,0,0,0,1,1,0,1,1,1,1
1,1,0,1,1,0,1,1,1,1,0,1,0,1,1,1,1,1,0,0,1,0,0,0,1,1,0,1,0,0,1,0,0,0
1,1,0,0,0,0,0,1,1,0,1,0,0,0,1,1,0,0,0,0,0,0,0,1,0,0,1,0,0,0,1,0,1,1
1,1,0,1,0,1,0,0,1,0,1,1,1,0,1,1,0,1,0,1,0,0,1,0,1,1,1,0,1,1,0,1,0,0
0,1,1,1,1,0,0,1,1,0,1,0,0,1,0,0,0,0,1,0,0,1,0,0,0,1,0,1,0,1,1,1,1,1
1,0,1,0,0,0,1,0,0,0,1,0,0,0,0,0,1,0,0,1,1,0,0,1,0,1,0,1,0,0,0,0,0,0
1,1,1,0,0,1,0,0,1,0,1,1,1,0,0,0,0,1,1,1,0,1,1,1,1,0,0,0,1,1,0,0,0,0
1,0,1,1,0,1,1,1,0,0,1,0,0,0,0,1,0,0,1,1,0,0,1,1,1,0,1,0,0,1,1,1,1,1
1,1,0,0,1,1,0,0,0,0,1,1,0,1,0,1,0,0,1,1,1,0,0,1,0,0,1,0,1,0,0,0,0,0
1,1,1,1,0,0,1,0,1,1,0,0,0,1,0,0,0,1,0,0,0,1,0,0,0,0,1,1,1,1,1,1,0,0
0,1,1,1,0,1,0,0,1,0,0,0,0,0,1,1,0,0,1,0,0,1,0,1,1,0,1,1,1,0,1,0,1,1
1,0,0,1,0,1,1,1,1,1,1,0,1,0,1,0,0,1,0,1,1,0,0,1,0,1,1,0,0,1,0,0,0,0
1,0,0,0,1,0,1,0,1,1,1,0,0,1,1,0,1,0,0,0,0,0,0,1,0,0,1,0,0,1,0,0,0,0
1,0,1,0,1,0,0,1,0,1,1,0,0,1,1,1,0,1,0,0,1,0,0,0,1,0,1,0,1,0,0,1,0,0
1,0,0,0,1,0,0,1,0,0,0,0,1,0,0,0,0,0,1,1,0,0,1,1,1,0,0,0,0,0,0,0,0,0
1,0,0,0,1,1,1,1,1,0,1,0,0,1,0,0,0,0,0,0,1,1,0,0,1,1,0,1,1,1,1,0,1,1
1,0,0,1,0,1,1,0,0,0,1,1,0,1,1,1,0,0,1,0,1,0,0,0,0,0,0,1,0,0,0,0,0,0
0,1,0,1,0,0,0,0,0,0,1,1,1,1,1,0,0,0,1,0,1,1,1,0,1,0,0,0,0,0,1,1,0,0
1,1,0,1,1,0,1,0,1,0,0,1,0,1,1,1,0,0,0,0,0,1,1,1,0,1,0,1,1,0,1,0,1,1
0,1,0,1,1,0,0,0,1,0,0,0,1,1,0,0,0,0,1,0,1,1,0,0,0,0,1,1,0,1,1,0,1,1
1,1,0,0,1,0,1,0,1,0,1,1,1,1,1,0,0,0,0,1,1,1,1,0,0,1,0,0,0,0,1,0,0,0
1,0,0,1,1,1,1,1,0,1,0,1,1,1,0,0,0,0,1,0,0,1,0,0,0,0,1,0,0,0,1,0,0,0
1,0,1,1,0,1,0,0,0,1,0,0,1,0,0,0,1,0,1,0,0,0,1,1,1,0,0,1,1,1,1,1,0,0
0,1,0,1,1,0,1,1,1,1,0,1,1,1,1,1,0,0,0,0,0,1,1,0,1,1,1,0,0,0,1,1,0,0
1,1,0,0,1,1,1,0,1,0,1,1,1,0,1,0,0,1,1,0,0,1,1,0,1,0,1,1,1,0,0,1,0,0
1,0,1,0,0,0,1,0,0,0,0,0,1,1,1,1,0,1,0,1,0,0,1,0,1,1,0,1,0,1,0,0,0,0
1,1,1,1,1,0,1,0,1,0,0,0,0,0,0,0,0,0,1,1,0,0,1,1,0,1,1,0,0,0,1,1,1,1
1,1,0,1,1,0,0,0,0,0,1,1,0,1,0,1,0,0,1,1,1,1,1,1,0,1,0,1,1,0,0,1,0,0
0,1,1,1,1,0,1,1,0,1,0,0,0,0,1,0,0,0,0,0,1,0,0,0,1,1,0,0,0,0,0,0,1,1
0,0,1,0,1,1,1,0,1,1,1,0,1,0,1,1,0,0,0,0,1,0,1,0,1,1,1,0,0,0,1,0,0,0
1,0,1,0,1,0,0,1,0,1,1,0,0,1,0,0,0,1,1,0,0,0,0,0,0,1,0,0,0,0,0,0,0,0
1,1,0,1,0,1,0,0,1,0,0,1,0,0,0,0,0,0,1,0,1,1,1,1,0,0,0,0,0,0,0,1,1,1
1,0,0,1,0,0,1,0,1,0,1,1,0,1,1,0,0,0,1,1,1,0,0,1,0,1,0,1,0,0,1,1,0,0
1,1,0,0,1,1,1,1,1,1,1,1,1,1,1,1,0,0,0,1,1,0,1,0,0,0,0,0,1,1,1,0,0,0
1,0,1,0,1,0,1,1,1,0,0,1,1,0,1,0,0,1,1,0,1,0,1,0,1,1,0,0,1,0,1,1,0,0
1,0,0,0,0,0,1,0,1,0,1,1,0,1,1,1,1,0,0,0,0,0,0,1,0,1,1,0,0,0,1,1,0,0
1,1,1,1,0,1,0,0,1,1,0,0,0,1,0,1,0,1,0,1,1,0,1,0,0,1,0,1,1,0,1,1,0,0
1,1,1,0,0,0,0,1,0,0,1,1,0,0,0,1,1,1,0,0,1,0,1,0,0,0,0,0,0,0,1,0,0,0
1,1,0,1,0,1,1,1,0,1,1,1,0,0,0,1,0,0,0,1,0,0,0,0,0,1,0,0,0,1,0,0,1,1
1,1,0,0,0,0,0,1,1,0,1,1,1,1,1,1,0,0,1,1,0,0,1,1,1,1,1,1,1,0,1,1,1,1
1,1,1,1,0,1,1,0,1,1,1,0,0,1,0,0,0,1,1,0,1,1,0,1,0,0,1,1,1,1,0,1,0,0
1,1,1,1,0,0,0,0,0,1,0,0,0,0,1,1,0,1,1,1,1,1,1,0,0,1,1,0,1,0,1,1,0,0
1,0,0,0,1,1,0,1,1,0,0,0,0,1,1,0,0,0,0,0,1,0,0,1,1,1,0,1,0,0,1,1,1,1
1,1,0,1,1,0,0,1,1,0,1,1,0,1,0,0,1,0,1,1,0,1,0,0,0,1,1,1,1,1,1,1,0,0
1,1,1,1,0,1,1,1,1,0,0,0,1,0,0,0,1,0,1,1,1,1,1,0,1,0,0,0,1,0,0,0,0,0
0,1,0,0,1,0,0,1,0,0,0,0,1,1,1,1,0,0,1,0,0,1,1,1,1,0,0,1,1,1,0,0,0,0
1,1,1,1,1,1,1,0,1,1,1,0,0,0,0,1,1,1,1,0,1,1,0,0,1,0,1,0,0,1,1,1,0,0
1,0,1,0,0,1,0,0,0,0,1,0,0,1,0,1,0,0,0,0,0,1,1,0,1,0,1,1,0,0,1,0,1,1
1,0,0,0,1,1,0,1,0,1,1,1,1,1,1,1,0,0,1,1,0,1,1,1,0,0,0,1,0,1,0,0,0,0
1,1,1,1,0,0,1,0,0,0,1,1,1,0,0,1,0,0,1,0,0,1,1,1,0,1,0,1,1,0,0,1,0,0
1,1,1,0,1,0,1,0,0,1,1,0,0,0,0,0,1,0,1,1,1,1,0,1,1,1,0,1,0,0,0,0,0,0
0,0,0,1,0,1,0,0,0,0,0,0,0,1,0,0,0,0,0,0,0,0,1,0,0,1,1,0,0,0,1,1,0,0
0,0,1,0,0,1,1,1,0,0,1,1,0,0,0,1,0,0,0,0,1,1,1,1,1,1,1,0,1,0,0,0,0,0
1,0,0,0,1,0,1,1,0,0,0,1,1,0,1,1,0,0,1,1,0,0,1,0,1,0,1,1,1,1,1,0,1,1
1,1,1,1,1,0,1,0,0,0,0,1,0,0,0,1,0,1,0,1,0,0,0,0,1,1,1,1,0,1,0,0,0,0
1,1,0,1,0,1,1,1,1,0,1,0,1,0,0,0,0,0,1,1,1,1,1,1,1,1,0,0,1,0,0,1,0,0
1,1,1,0,0,1,1,0,0,0,1,0,0,1,1,0,0,0,0,1,1,1,1,0,1,0,0,1,0,1,1,1,1,1
1,1,1,0,0,0,0,0,1,1,1,1,1,1,1,0,0,1,0,0,1,0,1,0,1,1,1,0,1,0,1,1,0,0
1,1,0,1,0,1,0,0,1,0,1,0,0,0,1,1,0,0,0,1,1,1,0,1,0,0,1,1,0,0,1,0,1,1
1,0,0,0,0,0,0,1,0,1,0,0,0,0,1,1,0,0,1,0,1,0,1,1,0,1,0,0,1,0,0,0,1,1
0,1,0,0,0,0,1,1,1,0,0,0,0,1,0,0,0,0,0,1,1,1,1,1,1,0,1,0,1,0,0,1,1,1
0,1,1,0,1,1,0,1,0,0,0,1,1,1,1,0,0,1,0,0,0,1,0,1,1,0,1,0,1,0,1,1,0,0
1,0,1,0,0,0,1,0,1,1,0,1,1,0,1,0,0,0,0,1,0,1,1,1,0,0,1,1,1,1,0,0,1,1
1,1,0,0,1,1,0,1,1,1,1,1,0,0,0,1,0,0,0,1,0,1,1,1,1,0,1,0,0,1,0,0,0,0
0,1,1,1,0,0,0,1,0,0,0,0,0,0,1,0,0,1,0,0,0,0,0,1,0,1,1,0,0,1,1,1,0,0
1,0,0,1,1,0,1,1,0,0,1,1,0,1,0,1,0,1,0,1,1,1,0,0,1,0,0,0,0,0,0,1,0,0
1,0,1,1,0,0,1,1,0,0,0,1,0,0,0,1,1,0,1,0,0,0,1,0,0,1,0,1,1,1,1,0,0,0
1,0,0,0,0,0,0,0,1,1,0,1,0,1,0,1,0,0,1,0,1,0,0,0,1,0,1,1,1,1,1,0,0,0
1,1,1,1,0,0,1,1,1,1,1,1,0,0,1,1,1,1,1,0,0,1,1,0,0,0,1,0,1,1,1,0,0,0
1,1,0,1,1,1,0,1,0,1,1,0,0,0,0,0,0,1,1,1,0,1,0,0,0,1,1,0,1,0,1,0,0,0
1,0,0,1,1,1,0,0,1,1,0,0,1,0,1,0,0,0,0,0,1,0,0,1,0,0,0,0,0,1,0,1,1,1
1,1,1,1,0,0,1,1,1,1,1,0,1,0,1,0,1,0,0,1,0,1,0,1,1,0,0,0,0,0,0,1,0,0
1,0,0,1,0,1,0,0,1,1,1,0,1,0,1,1,0,0,1,0,0,1,1,1,1,0,0,0,0,1,0,0,0,0
0,0,1,0,0,0,1,1,1,1,0,1,1,1,0,0,0,0,0,0,1,0,0,0,0,0,0,1,1,0,1,0,1,1
0,1,0,0,0,1,1,1,0,1,0,0,0,1,1,1,0,1,0,0,0,1,0,0,1,0,0,1,0,0,0,0,0,0
1,1,1,1,0,0,0,0,1,1,0,0,1,0,1,1,0,1,1,1,1,0,1,1,0,1,0,1,0,0,0,0,0,0
1,1,1,0,0,1,0,0,0,1,0,0,1,0,1,1,0,1,1,1,1,1,0,1,0,0,0,0,1,0,0,0,0,0
1,0,1,0,1,1,0,0,1,0,0,0,1,1,0,0,1,0,0,1,1,1,1,1,0,1,1,1,0,1,0,1,0,0
1,1,0,1,1,0,1,1,1,1,0,1,1,0,1,1,0,1,0,1,0,1,1,0,1,0,1,1,0,0,0,0,0,0
1,0,0,0,1,0,1,1,0,0,0,0,1,1,1,1,0,0,0,1,1,1,1,1,0,0,1,0,1,1,1,1,1,2
0,0,0,1,1,0,1,1,1,1,0,0,0,0,0,1,0,0,0,0,1,0,0,1,1,1,1,0,1,0,0,0,0,0
1,0,1,0,0,0,0,0,0,0,0,0,0,1,1,0,0,1,1,1,0,0,0,1,1,1,0,0,1,0,0,1,0,0
1,1,1,1,0,1,1,1,0,0,0,0,0,1,1,0,0,1,1,0,0,1,1,0,1,1,1,1,0,1,0,1,0,0
1,0,1,0,0,0,0,1,1,1,0,1,0,0,1,0,0,1,0,0,1,1,0,1,0,1,0,1,0,0,1,0,0,0
1,0,1,1,1,1,0,1,1,1,0,0,1,1,1,1,0,1,1,0,1,1,0,0,0,0,0,0,0,1,1,0,0,0
1,1,1,0,1,0,1,1,0,1,0,0,0,1,1,1,0,0,0,1,1,1,0,1,0,1,1,1,0,0,0,0,1,1
1,1,1,1,1,0,0,0,1,1,1,0,1,0,1,1,0,1,0,1,1,0,1,1,1,1,1,1,0,0,0,0,0,0
1,1,0,1,0,1,0,1,1,1,1,1,0,0,1,0,0,1,0,0,1,0,0,1,1,0,1,0,0,1,0,0,0,0
1,1,1,1,0,0,1,1,1,1,1,1,0,0,1,0,0,0,0,1,0,1,0,0,0,0,1,0,1,1,0,1,0,0
0,0,1,1,0,0,0,0,1,0,0,1,1,0,0,1,0,0,0,1,0,1,0,0,1,0,0,1,1,0,0,0,1,1
1,1,0,1,1,0,1,0,0,0,0,1,1,1,1,0,0,1,0,0,0,0,0,1,1,1,0,0,1,1,1,0,0,0
0,1,0,0,0,1,1,0,1,1,0,0,0,1,1,0,0,0,0,0,1,0,0,1,0,0,1,1,0,1,1,1,1,1
0,0,0,1,1,0,0,1,1,0,1,0,0,0,0,0,0,0,0,1,0,0,1,0,1,0,0,1,0,0,1,1,0,0
1,1,1,0,1,0,1,0,1,0,0,0,1,1,1,1,0,0,1,1,1,0,0,0,0,1,1,1,1,1,1,0,0,0
1,1,0,0,0,1,1,0,0,1,0,0,1,1,1,0,0,1,0,1,0,0,1,1,0,0,0,0,0,0,1,1,0,0
1,0,1,1,1,1,0,1,1,0,1,0,0,1,1,1,0,1,1,0,1,0,1,0,1,1,1,1,1,0,0,0,0,0
1,0,0,1,1,1,0,1,0,1,1,0,0,0,0,0,0,1,0,1,1,1,0,0,1,1,1,0,1,0,0,0,0,0
1,1,0,1,1,1,0,1,1,0,0,0,0,0,1,0,1,1,0,1,1,0,1,1,1,0,1,0,0,0,1,1,0,0
1,1,0,0,0,0,0,1,1,1,0,0,1,0,1,1,0,1,1,0,1,1,1,0,1,1,1,1,1,0,1,1,0,0
1,0,1,0,1,0,0,0,1,1,1,1,1,1,0,0,0,0,0,1,1,0,1,0,1,0,1,1,0,0,0,1,0,0
0,0,1,1,0,0,0,1,0,1,0,0,0,0,1,1,0,0,0,1,0,0,1,0,0,1,1,1,0,1,1,1,0,0
0,1,1,1,0,0,0,0,1,1,1,1,1,1,0,0,0,1,0,0,1,0,1,0,0,1,1,0,1,1,1,1,0,0
1,1,1,1,1,0,1,0,0,1,0,0,1,0,0,1,1,1,1,0,0,1,0,0,1,1,1,0,1,1,1,0,0,0
1,1,1,1,1,1,0,0,0,0,1,0,1,1,1,1,1,0,1,1,0,0,1,0,0,1,0,0,1,0,0,1,0,0
1,1,0,1,0,0,1,1,1,1,1,0,0,0,1,1,0,0,0,0,0,1,0,0,0,0,1,1,1,0,1,0,0,0
1,1,0,0,1,0,0,1,0,1,1,1,0,1,0,1,0,1,1,1,0,1,0,1,1,1,0,1,1,1,0,1,0,0
1,0,1,0,0,1,0,0,0,1,1,0,0,0,1,1,0,1,0,1,1,1,0,1,0,0,0,1,0,1,1,0,0,0
1,0,1,1,0,1,0,1,1,1,0,0,0,1,0,0,0,1,1,1,1,0,1,1,0,0,0,0,0,0,1,1,0,0
0,0,0,1,0,0,1,0,1,1,0,0,0,0,0,1,0,0,0,0,0,0,1,0,1,1,1,1,0,1,0,0,0,0
1,0,0,0,1,1,0,1,0,1,0,0,0,0,0,0,0,0,1,0,0,0,0,0,0,1,1,0,0,0,1,1,1,1
1,0,0,0,0,1,1,1,1,0,1,1,0,1,0,0,0,1,1,0,1,0,0,1,1,0,1,0,0,1,0,1,0,0
0,0,1,1,0,0,0,1,1,1,0,1,0,0,1,1,0,0,0,0,0,1,1,0,0,1,0,0,0,0,0,1,1,1
1,0,0,1,1,1,0,0,0,0,0,1,1,0,0,0,0,0,1,0,0,1,0,0,0,0,1,1,0,1,1,0,1,1
1,1,0,0,1,0,0,0,0,0,0,0,1,0,1,0,0,1,0,0,1,1,0,0,0,1,1,1,1,0,0,1,0,0
1,1,1,1,1,1,0,1,1,1,0,0,0,0,0,1,0,1,0,0,0,0,0,1,0,1,1,0,0,0,1,1,0,0
1,0,1,1,1,1,0,0,1,0,0,0,0,1,1,0,0,1,0,1,0,0,0,0,0,0,1,1,0,1,1,0,0,0
1,1,0,0,0,1,0,0,1,0,1,0,0,1,1,1,1,0,1,0,0,0,1,0,1,1,0,0,1,1,1,1,0,0
1,1,1,0,1,0,0,1,1,0,0,0,0,1,1,0,0,1,1,1,0,1,1,0,1,1,0,1,1,1,0,1,0,0
1,1,1,0,1,1,1,1,0,1,1,1,1,0,1,1,0,0,1,1,1,1,1,1,0,0,1,1,0,0,0,0,0,0
1,1,0,0,0,1,1,1,0,1,0,1,1,0,1,0,0,0,1,0,1,1,0,1,1,0,0,0,0,0,0,1,0,0
1,0,1,0,1,0,1,0,0,1,0,1,1,1,0,1,0,1,1,1,0,1,0,1,1,1,1,0,1,0,0,1,0,0
1,0,1,0,1,1,1,1,0,1,1,0,1,0,0,0,1,0,1,0,0,0,1,0,0,1,1,1,1,1,1,1,0,0
0,1,0,0,1,1,1,0,0,0,0,1,0,1,1,0,0,0,1,0,0,1,0,0,0,0,0,0,0,1,1,1,1,1
1,1,1,1,0,1,0,0,1,0,0,1,0,0,0,1,1,0,1,0,1,0,1,1,1,1,0,1,0,0,1,1,0,0
0,1,0,1,0,0,0,0,0,1,0,0,0,0,1,1,0,0,1,0,0,1,0,1,0,0,1,0,1,0,1,1,1,1
1,0,1,1,1,1,0,0,1,1,1,1,0,0,1,0,0,0,0,0,0,1,1,1,0,0,0,0,0,0,1,1,0,0
1,1,1,0,0,1,0,0,0,1,0,0,1,0,0,1,0,0,0,1,0,0,1,1,1,0,1,1,1,1,1,0,1,1
1,1,1,0,1,0,1,0,0,0,0,1,0,1,1,0,1,1,0,0,1,0,1,1,0,1,1,0,0,1,1,0,0,0
0,0,0,1,1,1,1,0,1,0,0,0,1,0,0,1,0,0,0,0,1,1,0,1,1,1,0,1,1,0,1,1,0,0
1,0,1,0,1,0,1,0,0,1,0,1,0,0,0,1,0,1,0,1,0,0,0,1,0,1,0,0,0,1,1,1,0,0
1,0,0,1,0,0,0,1,1,1,1,1,1,1,1,0,0,1,0,1,0,0,1,1,0,1,1,1,1,0,1,0,0,0
0,1,1,1,1,1,1,1,0,1,1,1,1,0,1,0,0,1,1,1,1,0,0,1,1,0,1,0,1,0,1,0,0,0
1,1,0,0,0,1,0,1,0,1,0,0,1,0,1,1,0,0,0,0,0,1,1,1,0,0,0,1,0,1,1,0,1,1
1,1,1,1,0,1,0,0,0,0,1,0,1,0,1,0,0,0,1,1,0,1,1,1,1,1,0,1,1,0,1,0,0,0
1,1,0,0,0,0,0,1,1,1,0,1,1,0,1,0,0,1,1,0,0,0,1,1,0,1,1,0,0,1,0,0,0,0
0,1,0,0,1,1,1,0,1,1,0,0,1,1,0,0,0,0,0,1,0,0,1,0,1,1,1,0,0,0,0,0,1,1
0,1,0,1,0,1,1,0,1,1,1,0,1,1,0,1,0,1,0,0,0,0,1,1,1,0,0,1,0,1,1,0,0,0
1,0,1,0,1,1,1,0,1,1,0,1,0,1,1,0,0,0,1,1,0,1,0,0,0,0,0,0,0,1,0,1,0,0
1,1,0,1,1,0,1,0,1,1,1,0,0,1,0,1,0,0,1,0,0,1,0,0,1,0,0,1,1,1,0,0,0,0
1,1,1,1,0,0,1,0,1,1,0,1,1,1,0,0,0,0,0,1,0,1,1,1,0,1,1,0,1,0,0,1,0,0
1,1,0,0,1,0,1,1,0,0,1,1,0,0,0,1,1,0,1,1,1,0,1,0,1,0,1,0,1,0,1,1,0,0
0,1,0,1,0,0,0,0,0,1,1,0,0,1,1,0,0,0,1,1,1,1,1,1,0,0,1,0,1,1,1,1,0,0
1,0,1,1,0,1,1,0,0,1,1,0,0,1,1,1,0,1,0,1,0,1,0,0,1,1,1,0,0,1,1,1,0,0
1,1,1,1,0,0,0,1,1,1,0,1,1,0,0,0,1,1,0,0,0,0,1,1,1,0,0,1,0,1,0,0,0,0
0,1,0,1,1,1,0,1,1,0,0,0,0,1,0,1,0,1,0,1,0,0,0,0,1,0,1,0,1,0,0,0,0,0
1,1,0,0,0,1,0,0,1,1,0,1,1,0,1,0,0,1,0,1,0,0,0,1,1,0,1,1,1,0,0,1,0,0
1,1,0,1,1,0,1,1,0,1,0,1,1,0,1,0,1,0,1,1,0,0,0,1,1,1,0,1,0,1,1,1,0,0
0,1,1,0,0,1,1,0,1,1,1,0,0,1,1,1,0,0,1,0,0,1,0,1,1,0,1,1,0,0,1,1,0,0
0,1,1,0,0,1,0,1,0,1,0,0,0,1,0,1,0,0,1,1,0,0,1,0,1,1,0,0,1,1,1,1,1,1
1,0,1,1,0,0,1,0,0,1,0,0,0,0,0,0,0,0,1,0,1,0,0,1,1,1,1,0,0,0,0,0,1,1
1,0,0,1,0,1,1,0,1,0,1,0,0,1,0,0,0,0,0,0,1,1,0,0,1,1,1,0,1,1,0,1,1,1
0,1,1,1,0,0,1,0,0,0,0,0,1,0,1,0,0,1,1,1,0,0,0,1,0,0,1,1,0,0,1,0,0,0
1,0,0,1,1,0,1,1,0,1,0,1,0,1,0,1,0,0,1,0,1,1,0,1,0,0,0,0,0,1,0,0,0,0
1,0,1,1,0,1,0,1,1,0,0,0,0,0,1,0,0,1,1,0,0,1,1,0,0,0,0,1,1,0,1,0,0,0
1,0,0,1,1,1,0,1,1,0,0,0,0,1,1,1,1,0,0,1,1,0,0,1,1,0,0,1,0,1,0,1,0,0
1,1,1,0,0,1,1,1,1,0,1,0,1,1,0,1,1,1,0,1,1,1,1,1,0,1,0,0,1,0,1,0,0,0
0,1,0,0,1,1,0,1,1,1,0,1,1,1,0,0,0,1,0,0,0,1,1,1,1,1,1,0,0,0,1,1,0,0
1,0,1,0,1,1,1,1,0,0,1,0,0,1,0,0,0,1,0,1,0,1,1,1,0,1,1,1,1,1,1,0,0,0
0,1,0,0,0,1,1,1,1,1,1,1,0,0,1,1,0,0,1,0,0,1,1,0,1,0,1,0,0,0,1,1,0,0
1,1,0,1,0,0,0,1,1,1,1,1,0,0,1,1,1,1,0,0,1,0,1,0,0,0,1,0,1,0,1,1,0,0
1,0,0,1,1,1,1,0,0,1,1,0,1,0,0,1,0,1,0,1,0,0,0,0,1,1,1,1,0,1,0,0,0,0
0,1,1,0,1,1,0,0,0,0,1,0,1,1,0,1,0,1,0,1,0,0,0,0,1,0,1,0,1,0,1,0,0,0
0,0,1,0,0,0,0,0,0,0,1,1,0,0,1,0,0,0,0,1,0,1,1,0,1,1,1,0,0,1,1,1,0,0
1,1,1,0,0,0,1,0,0,1,1,0,1,1,1,1,0,0,1,1,1,0,0,0,1,1,1,1,1,0,0,0,0,0
1,1,0,0,1,1,1,0,0,0,1,0,1,0,1,1,0,0,1,1,0,1,1,0,1,0,1,1,1,0,0,1,0,0
1,1,1,0,0,0,0,0,0,0,0,1,1,1,1,0,1,0,1,1,1,0,0,0,0,1,1,0,1,0,0,1,0,0
0,0,1,0,0,1,0,1,1,1,0,1,0,0,1,0,0,0,0,1,0,0,0,0,1,1,1,1,0,0,1,0,1,1
1,1,1,0,1,1,0,0,0,0,0,0,0,0,0,1,1,0,0,0,1,0,1,0,0,0,1,0,1,0,1,1,0,0
0,1,0,1,1,0,1,0,1,0,0,1,1,0,0,0,0,0,1,0,1,1,1,0,0,1,0,0,0,0,1,0,1,1
0,0,1,1,1,1,1,0,1,1,1,1,1,0,1,1,0,0,1,0,1,1,1,0,1,1,0,1,0,0,1,1,0,0
1,1,0,1,1,0,1,0,0,0,0,1,0,1,0,1,0,0,0,0,0,1,0,1,1,0,1,0,0,1,0,1,1,1
1,1,1,1,1,1,1,1,0,1,1,1,1,0,1,1,1,1,0,1,1,1,1,0,1,1,1,0,0,1,1,1,0,0
1,1,0,1,0,1,0,1,1,0,1,0,1,0,1,1,0,0,1,1,1,1,1,0,0,1,1,0,0,1,0,1,0,0
1,1,1,1,1,0,1,0,1,0,1,1,0,1,1,0,0,0,0,1,0,0,1,1,0,0,0,1,1,0,0,1,1,1
1,0,0,1,0,1,1,0,0,1,1,0,1,0,1,1,0,0,1,0,1,0,1,0,0,1,1,1,1,0,0,0,0,0
1,1,1,0,1,1,1,0,1,1,1,0,1,0,1,0,1,1,0,1,0,1,1,1,1,0,1,1,1,1,0,0,0,0
1,1,0,1,0,1,1,1,1,1,1,1,1,0,1,0,1,0,1,0,0,0,1,0,1,1,1,0,0,0,0,1,0,0
1,1,0,0,1,0,0,1,1,1,0,0,1,1,1,0,1,0,0,0,0,0,1,0,0,1,1,1,0,1,0,1,0,0
1,1,1,1,0,1,1,1,0,1,0,0,1,0,0,1,1,0,0,0,0,1,0,1,1,0,0,0,0,1,1,0,0,0
0,1,1,1,1,0,0,0,1,1,0,0,1,1,0,0,0,0,1,0,0,0,0,0,0,0,0,0,0,1,1,1,0,0
0,1,1,0,1,0,1,1,0,1,0,0,1,0,0,1,0,0,0,0,1,0,1,0,1,1,0,1,1,1,0,1,1,1
1,1,0,1,0,0,1,0,0,1,0,1,0,1,0,0,0,1,0,1,0,0,0,0,0,0,0,1,0,0,0,1,0,0
1,1,1,1,1,0,0,0,1,0,1,0,1,1,1,1,1,1,1,1,0,0,1,0,1,0,1,0,1,0,1,0,0,0
1,0,1,1,1,0,0,1,1,0,1,0,1,0,1,0,0,0,1,0,1,1,1,1,0,0,1,0,0,1,1,0,0,0
1,1,0,1,0,1,1,1,0,0,0,1,1,1,1,1,1,0,1,1,1,1,1,0,1,0,0,1,1,1,1,0,0,0
1,1,0,1,0,1,1,0,1,1,1,0,0,1,0,0,1,0,0,0,0,0,1,0,1,1,0,1,1,0,0,1,0,0
0,1,1,0,1,1,1,1,1,0,1,0,1,0,1,1,0,0,0,1,1,1,0,0,1,0,0,1,0,0,0,0,1,1
1,1,1,0,1,0,1,0,1,1,0,0,1,1,0,1,0,1,1,1,1,0,1,0,0,1,0,1,1,0,0,0,0,0
1,0,1,0,1,1,1,1,0,1,0,1,1,0,1,1,0,0,1,0,1,0,0,0,0,0,1,1,0,1,1,1,0,0
1,1,1,1,0,1,1,1,1,0,0,0,0,0,1,1,1,0,1,0,1,1,0,0,0,1,0,1,1,0,0,1,0,0
1,1,0,0,0,0,0,0,1,0,1,0,1,0,1,1,1,0,0,0,1,0,1,1,1,1,1,0,0,1,0,1,0,0
0,1,0,1,1,1,1,1,1,0,0,0,1,1,0,1,0,1,0,0,0,1,1,1,0,0,1,1,0,1,1,1,0,0
1,1,1,1,0,1,1,1,1,1,0,0,0,0,0,1,0,1,1,0,1,0,1,0,0,1,0,1,1,0,0,1,0,0
1,1,1,1,0,0,0,1,1,0,0,1,0,0,0,1,1,1,1,0,1,1,0,1,1,1,0,0,1,0,1,0,0,0
1,1,0,0,1,0,0,0,0,0,1,0,1,0,0,0,0,1,1,0,0,0,1,0,0,1,0,1,0,0,1,0,0,0
1,0,0,0,0,0,0,1,0,1,1,0,1,1,0,1,0,0,0,1,1,0,1,1,1,0,1,1,0,0,1,1,1,1
1,1,1,0,0,0,0,1,0,0,1,1,0,0,0,0,0,0,1,0,1,0,1,1,0,1,1,0,0,1,0,0,1,1
0,1,1,1,0,0,1,0,0,1,0,1,1,1,1,1,0,1,0,0,1,1,1,1,0,0,0,1,0,0,0,0,0,0
1,1,1,1,1,0,1,1,1,1,0,1,0,0,1,0,1,1,0,1,1,1,1,1,1,1,1,0,0,0,0,0,0,0
1,0,1,1,1,0,1,1,1,1,1,0,0,0,1,1,0,0,0,1,0,1,1,0,1,0,0,1,1,1,1,1,0,0
0,1,1,0,1,1,0,0,0,0,0,1,1,1,0,0,0,0,0,0,0,0,1,0,0,1,0,1,0,0,0,1,1,1
1,1,0,0,1,1,0,1,1,0,1,0,1,0,0,1,0,0,0,1,1,0,1,0,0,1,0,0,0,1,0,1,1,1
0,1,1,0,0,1,0,0,0,0,1,0,1,1,1,0,0,1,0,1,1,0,0,0,1,0,1,0,0,1,0,1,0,0
1,1,0,0,0,0,0,0,0,1,0,0,1,0,1,0,1,0,0,0,1,0,0,0,0,0,1,1,1,0,1,1,0,0
1,1,1,0,1,0,1,1,1,1,0,1,0,0,0,0,0,0,0,0,0,0,1,1,1,1,1,1,1,0,0,1,1,1
0,1,0,1,1,0,0,1,1,1,0,1,1,0,0,0,0,0,0,1,1,0,1,0,1,1,0,0,1,0,1,0,1,1
1,1,1,1,1,0,0,0,1,1,0,1,0,0,1,1,0,0,0,1,0,1,0,1,0,0,0,0,1,1,1,1,1,1
1,1,0,1,0,1,1,0,0,1,0,1,0,0,1,1,0,0,0,1,1,0,1,0,1,0,0,1,1,1,0,0,1,1
0,1,1,0,0,1,1,0,0,0,0,0,0,1,1,1,0,1,0,1,0,0,1,0,1,1,0,0,0,0,0,1,0,0
1,1,1,0,0,0,0,1,1,0,1,0,1,0,0,1,0,1,0,0,0,0,1,1,0,1,0,0,0,1,1,0,0,0
1,0,0,0,1,1,0,1,0,1,0,0,0,0,0,0,0,0,1,0,0,0,1,0,1,0,0,0,1,1,0,0,1,1
1,0,0,1,1,1,0,1,0,0,0,1,1,1,1,1,0,1,0,0,1,0,1,0,0,0,1,0,0,0,0,1,0,0
0,1,1,1,0,0,1,1,1,1,1,1,0,1,1,0,0,1,1,0,1,1,1,0,1,1,1,1,1,1,0,0,0,0
1,1,0,0,0,0,0,0,1,0,1,1,1,0,1,0,0,0,0,1,0,1,1,0,1,0,0,0,1,0,1,0,0,0
1,0,1,0,1,0,0,0,1,0,0,0,0,0,0,1,0,0,1,1,0,1,1,1,0,0,0,0,0,0,1,1,1,1
0,1,1,1,1,0,1,1,0,0,0,0,1,0,1,0,0,0,0,1,0,0,1,1,1,0,0,0,1,1,0,0,1,1
1,0,0,0,1,0,1,0,0,0,1,1,1,0,0,1,0,1,1,1,1,0,1,0,0,1,0,0,0,1,0,1,0,0
0,1,1,0,1,1,0,1,0,0,1,0,0,0,0,1,0,1,1,0,0,1,1,0,1,1,0,0,1,0,0,0,0,0
1,0,0,0,1,1,1,0,1,1,1,0,0,0,0,1,0,0,1,1,1,0,1,0,1,1,0,1,0,0,0,0,0,0
0,1,0,1,0,0,0,0,0,0,1,1,1,1,0,0,0,0,1,1,0,0,0,0,0,0,1,1,0,1,1,0,0,0
0,1,1,0,0,1,1,0,0,1,1,0,0,0,1,0,0,0,0,1,1,1,1,0,0,0,1,0,0,1,1,0,1,1
1,1,1,0,0,1,0,1,0,1,0,1,0,1,1,1,0,0,0,0,1,0,0,0,1,0,1,0,1,1,0,1,1,1
1,0,0,1,1,1,1,1,1,1,0,1,0,0,0,1,0,1,0,0,1,0,0,0,0,0,1,0,0,1,1,1,0,0
1,0,0,0,1,1,1,1,1,0,0,1,0,1,1,0,0,0,0,1,0,0,0,1,0,0,0,1,0,1,0,1,1,1
0,1,1,1,1,1,0,1,1,0,1,0,1,1,0,1,0,0,1,0,1,0,0,0,0,0,1,1,1,0,0,0,0,0
1,1,1,1,1,0,0,1,1,1,0,1,1,0,1,0,0,1,1,0,1,1,0,0,1,0,0,0,1,1,1,0,0,0
1,0,1,0,1,1,1,0,1,1,1,0,1,1,1,1,0,0,1,1,0,0,0,0,0,0,1,1,0,0,1,1,0,0
1,1,0,0,0,1,0,0,1,0,1,1,1,1,0,0,0,1,0,0,0,1,0,0,1,1,1,0,1,0,0,0,0,0
1,0,0,0,0,0,0,0,1,0,1,0,0,1,0,0,0,1,0,1,1,1,0,0,1,1,1,1,1,0,1,1,0,0
1,0,0,1,0,1,1,0,1,1,1,0,1,1,1,0,0,0,1,0,0,1,1,1,1,0,0,0,0,0,1,1,0,0
0,1,0,1,0,1,0,1,1,1,1,0,1,1,0,1,0,1,0,0,1,1,1,0,0,1,0,1,0,0,1,1,0,0
0,1,1,0,0,0,0,0,1,0,1,1,0,1,1,1,0,0,0,0,0,1,1,1,1,0,0,0,0,1,1,0,0,0
1,1,0,1,1,0,0,1,1,1,0,1,1,1,1,0,0,1,1,1,0,1,1,1,0,1,1,0,0,1,0,0,0,0
0,1,0,0,1,0,0,1,1,0,1,0,0,0,1,0,0,1,0,0,1,0,0,0,0,1,0,1,0,1,0,0,0,0
1,1,0,1,1,1,1,1,0,0,1,1,1,0,0,0,0,0,1,0,0,1,0,0,1,0,0,1,0,1,1,1,0,0
1,1,1,1,0,0,1,1,0,0,1,1,0,0,0,1,1,0,0,1,0,0,1,1,0,1,0,0,1,1,0,0,0,0
1,0,0,0,0,0,1,0,0,0,0,0,0,1,1,1,0,0,0,1,1,1,0,0,0,1,0,1,1,0,1,1,0,0
1,0,0,0,1,1,1,1,0,0,0,1,1,1,1,0,0,0,0,1,1,1,1,0,0,1,1,0,0,1,1,1,0,0
0,1,1,1,0,0,1,1,0,1,0,0,1,0,0,0,0,0,0,0,1,1,1,1,1,1,1,0,1,0,0,0,1,1
1,0,1,0,0,1,0,1,1,1,1,0,0,0,0,1,0,0,1,0,1,1,0,0,0,0,0,0,1,1,1,1,0,0
1,1,1,0,0,0,1,0,1,0,1,0,1,1,1,1,1,0,0,0,1,0,0,1,0,1,0,0,1,0,1,1,0,0
1,1,1,1,1,0,0,1,1,0,1,0,0,0,0,0,1,1,0,0,0,0,1,0,1,0,0,0,0,1,1,1,0,0
1,1,0,1,0,0,0,1,1,1,1,0,1,1,1,0,0,0,1,0,0,1,0,0,1,1,0,1,1,1,0,0,0,0
1,1,0,0,0,0,0,1,0,1,1,1,1,0,1,0,0,1,1,1,0,0,1,1,1,0,1,0,0,1,0,0,0,0
1,1,1,1,1,1,0,0,0,1,0,0,1,0,0,1,1,0,1,1,0,0,0,1,1,0,0,0,1,0,1,0,0,0
1,1,1,0,0,1,0,1,1,1,0,0,0,1,1,0,0,0,1,0,0,1,0,0,1,0,1,1,1,1,0,0,0,0
0,0,1,1,1,0,0,0,1,1,1,1,0,0,0,1,0,0,0,1,0,1,1,1,1,1,1,0,0,1,0,0,0,0
1,1,1,0,1,0,0,0,0,0,1,0,0,0,1,0,0,0,0,1,1,0,1,1,0,1,1,1,0,1,1,1,1,1
1,0,0,0,1,1,1,1,1,1,0,1,0,0,1,0,0,1,0,0,0,0,0,0,1,1,1,0,1,1,0,1,0,0
1,1,0,0,0,0,1,1,1,0,0,1,0,0,0,0,0,1,0,1,1,0,0,0,1,1,0,1,1,1,0,1,0,0
1,0,0,1,1,0,1,0,0,1,0,1,1,0,0,0,0,0,1,0,0,0,1,0,1,1,0,1,1,0,0,1,1,1
1,0,1,0,0,1,1,0,0,0,0,0,1,1,0,0,1,0,0,0,0,0,1,1,1,0,0,0,1,0,0,1,0,0
1,1,1,1,1,1,0,1,1,0,0,1,1,1,1,1,1,0,1,0,0,1,0,1,0,0,1,0,1,0,1,1,0,0
0,1,1,0,0,0,1,0,0,0,1,0,1,1,1,0,0,1,0,1,0,1,0,1,1,0,1,0,1,0,0,1,0,0
1,0,1,1,0,0,1,1,0,0,0,1,0,1,1,1,0,1,1,1,0,0,0,1,0,1,1,1,0,1,0,1,0,0
1,0,0,0,0,0,1,0,0,0,0,0,1,0,1,1,0,1,1,0,1,0,1,0,1,1,1,1,1,1,1,1,0,0
0,1,1,1,0,1,0,0,1,0,0,1,1,1,0,1,0,0,1,0,0,1,1,1,0,1,0,0,1,0,1,1,1,1
1,1,0,1,0,0,0,0,0,1,0,0,1,0,1,0,0,1,1,0,0,0,0,0,1,1,1,0,0,0,0,0,0,0
1,0,1,1,1,0,1,1,0,1,1,0,1,1,1,0,0,0,1,1,0,0,1,0,0,1,0,1,1,1,1,1,0,0
1,1,1,1,1,1,1,1,0,1,0,1,1,0,1,0,0,0,0,1,1,0,1,0,1,1,1,0,0,0,1,1,1,1
1,0,1,1,0,0,0,1,0,0,1,1,1,1,1,1,0,1,0,0,1,0,1,1,0,1,0,0,0,1,0,1,0,0
1,1,1,0,1,1,0,0,0,1,0,1,1,1,1,1,1,1,1,0,1,0,1,0,0,1,0,0,1,1,0,0,0,0
0,1,1,1,1,0,0,1,0,1,0,0,0,1,1,0,0,0,0,0,1,0,1,0,1,1,0,1,0,1,1,0,1,1
0,1,1,0,1,1,0,1,0,0,0,1,0,0,1,0,0,1,0,0,0,0,0,1,1,0,1,0,1,0,1,0,0,0
1,1,0,0,1,0,1,1,0,0,1,1,1,0,1,0,1,1,0,0,0,1,1,0,0,0,0,0,0,1,1,0,0,0
1,1,1,1,1,1,0,0,1,1,0,1,1,0,1,1,0,0,1,1,1,0,1,1,1,1,0,1,0,1,1,0,0,0
1,1,1,1,1,1,1,0,1,0,1,0,0,1,1,1,1,0,1,1,0,0,0,0,0,0,0,0,0,1,0,0,0,0
0,0,1,1,0,0,1,0,0,1,1,1,1,0,1,0,0,0,0,0,1,1,1,1,1,0,1,0,1,1,1,1,0,0
0,1,1,1,1,0,0,1,1,0,1,0,1,1,0,0,0,0,1,0,0,0,0,1,0,0,1,1,1,0,0,1,1,1
1,0,1,0,0,1,1,1,0,0,0,0,0,0,1,0,0,1,0,1,1,1,1,1,0,1,0,1,1,0,1,1,0,0
1,1,0,0,0,1,0,1,0,1,1,0,0,0,0,1,1,0,0,1,0,0,0,0,1,1,0,1,1,1,0,0,0,0
0,1,1,0,1,1,1,0,0,0,0,1,1,1,0,0,0,0,1,1,1,1,1,0,1,0,0,1,0,1,1,0,0,0
0,1,0,0,0,1,0,0,0,0,0,0,0,0,1,1,0,0,1,1,1,0,1,0,0,0,1,1,0,0,1,0,0,0
1,1,0,0,1,1,1,1,1,1,0,0,1,1,0,1,1,0,0,1,0,0,1,0,0,1,0,0,1,0,1,0,0,0
1,1,1,1,0,0,1,1,0,0,0,0,1,1,1,0,0,1,1,0,0,1,1,1,1,1,0,1,1,1,1,0,0,0
1,0,0,1,0,0,0,0,1,0,1,1,0,0,0,1,0,1,1,1,0,0,1,0,1,1,0,1,0,1,1,1,0,0
1,0,1,0,1,1,0,0,1,1,0,0,1,0,0,1,1,0,0,1,0,1,1,0,1,0,1,1,0,1,0,1,0,0
0,1,0,1,1,1,1,0,1,0,1,1,0,1,1,0,0,0,1,1,0,1,1,0,1,1,0,0,1,1,0,1,0,0
1,0,0,0,1,0,0,1,0,0,1,1,0,1,1,1,1,0,0,0,0,0,1,1,0,0,1,1,1,1,0,0,0,0
1,0,1,0,0,0,1,0,0,1,1,1,1,0,0,0,0,0,1,0,0,1,1,1,1,1,0,1,0,1,0,0,0,0
1,1,1,1,1,0,1,0,0,0,0,1,0,0,1,0,0,1,1,1,1,0,1,1,1,1,1,0,1,1,0,0,0,0
1,1,0,0,0,0,0,1,0,1,1,1,0,0,0,0,1,0,1,0,1,0,0,0,0,1,0,1,0,0,0,0,0,0
1,1,0,1,1,1,1,0,0,0,0,0,1,1,1,1,1,0,0,1,1,1,1,0,1,0,0,0,0,1,1,0,0,0
0,0,1,1,0,0,1,0,1,1,0,1,0,0,0,0,0,0,1,0,1,1,0,0,1,0,1,1,0,1,0,1,0,0
1,1,0,1,0,1,0,0,0,1,1,0,1,0,1,1,0,0,1,1,0,0,1,0,1,0,1,0,1,1,1,1,0,0
1,0,0,0,1,1,0,0,1,0,0,0,1,1,0,1,0,1,0,1,0,0,1,0,0,0,1,1,1,1,1,1,0,0
0,1,1,0,0,1,0,1,1,0,1,1,0,0,0,0,0,0,1,1,1,1,0,0,0,1,0,1,1,1,1,0,0,0
1,1,1,0,0,1,1,0,1,0,1,0,1,1,0,0,1,1,0,0,0,1,0,1,0,1,1,1,0,0,0,1,0,0
0,1,0,1,0,0,0,1,1,1,0,0,0,0,0,0,0,0,1,1,1,1,0,1,1,1,0,0,1,1,1,1,0,0
1,0,1,0,1,0,0,1,1,1,0,1,0,1,1,0,0,1,0,0,1,1,1,1,1,0,1,0,1,0,1,1,0,0
1,0,0,1,0,0,1,0,0,0,1,1,0,1,1,1,0,1,1,1,0,1,0,1,1,1,0,1,1,1,0,1,1,1
1,0,1,0,1,0,0,0,1,1,1,1,1,1,0,1,1,0,1,0,0,1,1,0,1,0,1,1,1,0,0,1,0,0
1,1,1,0,1,1,1,1,0,1,1,1,0,0,0,1,0,0,0,1,1,1,1,1,0,0,0,1,1,0,0,0,1,1
0,1,0,1,1,1,1,0,1,1,1,0,1,1,1,0,0,1,0,1,0,1,1,0,1,0,0,0,1,1,0,0,0,0
1,0,1,1,1,0,0,1,1,1,1,1,1,1,0,1,0,0,0,0,1,0,1,0,1,0,0,0,1,0,1,1,0,0
1,0,1,1,1,1,1,1,1,0,0,1,0,0,1,0,0,0,0,1,1,1,1,0,1,1,0,0,1,1,1,1,1,1
1,1,0,1,0,1,1,1,0,1,1,0,1,1,0,1,0,0,0,0,1,0,0,1,1,0,1,1,1,0,1,0,1,1
1,1,0,1,0,0,1,1,1,0,1,1,1,1,0,0,1,0,1,0,1,0,1,0,1,1,0,0,1,1,1,1,0,0
1,0,1,0,1,1,1,0,0,0,0,1,1,1,0,0,0,0,0,0,1,1,0,0,0,0,0,1,0,1,0,1,1,1
1,1,1,1,1,1,1,1,1,0,0,0,0,1,0,0,1,1,1,1,0,0,0,0,1,1,0,0,0,1,0,0,0,0
0,1,1,0,0,0,1,1,1,0,1,1,1,1,0,1,0,0,1,0,0,0,1,0,1,0,0,0,1,0,1,0,0,0
1,1,1,0,0,0,1,1,1,0,0,0,1,1,0,0,0,1,0,1,1,0,0,1,0,1,1,1,1,0,0,0,0,0
0,1,1,1,1,1,0,0,1,0,1,1,0,1,1,1,0,1,1,1,1,0,1,0,1,0,0,0,0,0,1,1,0,0
1,1,0,1,0,1,0,0,0,1,0,1,0,0,0,1,1,0,1,1,0,0,0,1,0,1,0,1,0,0,0,1,0,0
0,0,1,1,1,1,0,1,1,1,0,0,0,0,1,1,0,0,1,0,0,1,1,1,1,0,0,1,1,0,1,0,1,1
0,1,1,1,0,1,1,1,1,1,1,0,1,0,1,1,0,0,1,0,1,1,0,0,1,1,0,1,1,0,1,1,0,0
1,0,1,0,0,0,0,0,0,0,1,0,0,0,0,0,0,1,1,0,0,0,1,0,0,1,1,1,0,1,0,1,0,0
1,0,1,0,0,0,1,1,1,0,1,0,0,0,1,1,1,0,0,0,0,0,0,0,0,1,0,1,0,0,0,1,0,0
0,1,0,0,0,0,1,1,1,0,0,0,0,1,1,1,0,0,0,1,0,1,1,0,1,0,0,1,1,1,0,1,1,1
1,1,0,1,1,0,0,1,1,0,1,1,1,1,0,1,1,0,1,1,0,1,0,0,1,0,1,0,0,1,1,1,0,0
1,0,0,1,0,0,1,0,1,1,0,1,0,1,1,0,0,0,1,1,0,1,0,0,1,1,0,0,1,0,1,0,0,0
1,0,1,0,1,1,1,0,0,1,1,1,0,1,0,0,0,1,0,1,0,0,0,0,0,1,0,1,0,0,1,0,0,0
1,0,1,0,1,1,0,1,0,1,1,0,0,1,1,1,0,1,1,0,0,0,0,1,1,1,1,0,0,0,1,1,0,0
1,1,0,0,1,0,1,1,0,0,0,0,1,1,0,0,0,1,0,0,1,1,1,1,1,0,1,0,1,1,1,1,0,0
1,1,0,0,0,0,0,0,0,0,1,1,1,0,1,0,0,0,0,0,0,1,1,0,1,1,0,0,1,0,1,1,1,1
1,1,1,1,1,1,1,1,1,0,0,0,0,0,1,1,0,0,0,1,0,0,1,0,1,0,1,0,1,0,0,1,1,1
1,1,0,0,0,1,0,1,1,0,0,1,0,1,1,0,1,0,1,0,0,1,0,0,1,0,0,1,1,1,0,0,0,0
1,0,1,0,1,0,0,0,0,0,1,1,0,0,1,1,1,0,1,0,0,0,0,0,0,1,0,1,1,1,0,0,0,0
0,1,1,1,1,0,1,0,0,0,1,1,0,0,1,0,0,1,1,1,0,1,1,0,1,1,1,1,1,1,1,0,0,0
1,1,1,0,1,1,0,0,1,0,0,1,1,0,0,1,1,1,0,0,1,0,0,1,1,1,1,0,0,0,1,1,0,0
1,0,0,1,0,1,0,0,1,1,0,0,1,0,0,1,1,0,0,0,1,1,0,1,1,0,0,0,1,0,1,0,0,0
1,0,1,1,1,0,0,0,1,0,1,1,1,1,0,1,0,0,1,1,1,0,0,0,0,0,1,1,0,0,0,1,0,0
1,0,0,0,0,1,0,0,1,0,0,0,0,0,0,1,1,0,0,0,0,0,1,0,1,0,0,0,0,0,1,1,0,0
0,1,0,0,0,1,0,1,1,0,0,0,1,0,0,1,0,0,1,1,0,0,0,1,0,0,1,1,1,1,1,0,1,1
1,1,0,0,0,1,0,0,1,1,0,0,0,0,1,0,1,0,0,0,1,1,0,0,0,1,0,0,1,0,0,1,0,0
1,1,1,1,0,1,0,0,1,0,1,1,0,0,1,1,0,1,0,1,1,1,1,1,1,0,0,1,0,1,0,0,0,0
1,0,0,1,0,1,1,1,1,1,0,1,0,1,0,1,0,1,0,1,1,1,1,0,1,1,1,0,1,1,0,0,0,0
1,1,1,0,1,0,0,0,1,0,1,0,0,1,1,0,1,1,0,1,1,0,0,0,1,1,1,1,0,0,0,1,0,0
1,1,0,0,0,1,1,0,0,0,0,0,0,1,1,1,1,0,1,0,0,0,1,1,0,0,0,1,0,1,1,1,0,0
0,1,1,1,1,0,0,1,0,0,0,1,1,1,0,0,0,0,1,1,1,0,1,0,0,0,0,1,0,1,0,0,0,0
1,1,0,0,1,1,0,1,1,0,1,0,0,0,0,0,0,0,0,0,0,0,1,0,1,0,1,0,0,0,0,0,1,1
0,1,0,1,1,1,1,0,0,1,0,1,1,0,0,1,0,0,1,0,1,1,1,0,0,0,0,1,0,1,0,0,0,0
1,1,0,1,1,1,0,0,1,0,1,0,1,0,0,0,1,0,0,1,1,1,1,0,1,0,1,0,1,1,1,0,0,0
1,1,0,0,1,0,1,0,1,0,1,0,0,1,1,0,0,0,0,1,1,0,0,1,0,1,1,0,0,0,1,1,1,1
1,1,1,0,0,1,1,0,0,0,1,1,1,0,1,1,0,0,1,1,1,0,0,1,1,0,1,0,0,1,0,0,0,0
1,1,0,0,0,1,0,1,0,1,1,0,1,0,0,0,1,0,1,1,0,1,0,0,0,0,0,1,1,0,0,1,0,0
0,0,1,1,1,1,0,1,1,0,1,0,1,1,0,0,0,0,0,0,1,1,1,1,1,1,1,0,1,0,1,1,1,1
0,1,0,0,0,0,1,0,1,1,1,1,1,0,0,1,0,0,1,0,1,1,1,0,0,1,1,0,1,1,1,1,0,0
1,1,1,0,0,0,0,1,1,0,1,0,1,0,0,1,0,0,1,0,0,0,0,1,1,0,0,0,1,1,0,0,1,1
1,1,1,0,1,0,0,1,1,1,1,0,1,1,0,1,1,0,0,0,0,1,0,1,0,0,0,1,0,0,1,1,0,0
1,0,1,1,0,0,0,1,1,0,0,0,0,1,1,1,1,0,1,1,0,0,0,0,0,1,1,1,0,1,0,1,0,0
1,0,0,0,1,1,1,0,0,1,0,1,0,1,0,1,0,1,1,1,0,0,0,0,1,0,0,1,1,0,0,0,0,0
1,0,0,0,0,1,1,0,1,1,0,1,0,1,1,0,0,1,0,1,0,0,0,1,1,0,0,1,1,0,0,1,0,0
1,1,0,0,1,0,1,1,1,0,1,1,0,1,0,0,0,0,1,1,1,0,0,1,0,1,0,1,0,0,0,0,0,0
1,0,0,1,1,1,1,1,0,0,1,0,0,0,0,0,0,1,0,1,0,1,1,1,1,0,0,0,0,1,0,1,0,0
1,1,1,0,1,1,0,0,0,0,0,0,0,1,1,0,1,0,1,0,0,1,0,0,1,1,0,1,0,0,1,1,0,0
1,0,1,1,1,0,1,1,0,0,0,0,0,0,1,0,1,0,1,0,0,0,0,0,0,1,1,1,1,0,0,1,0,0
0,0,0,0,1,1,0,0,1,1,0,1,0,0,0,0,0,0,0,0,0,1,1,0,0,1,0,1,0,0,0,1,0,0
1,1,0,1,0,0,0,1,1,1,0,1,1,1,0,1,1,0,0,0,1,1,1,1,0,0,1,0,1,1,1,0,0,0
1,0,0,0,1,1,0,0,1,1,0,0,1,1,0,1,0,1,1,1,0,0,1,0,0,0,1,1,0,1,0,1,0,0
1,1,0,1,0,1,1,1,0,0,1,1,0,0,1,0,1,0,1,0,1,0,1,0,0,0,0,0,1,0,1,0,0,0
1,0,0,0,1,1,1,1,0,1,0,0,1,0,0,0,0,0,0,0,0,0,1,1,1,0,0,1,1,0,0,0,1,1
1,1,0,1,0,0,1,1,0,0,1,1,1,1,1,0,0,0,0,1,0,1,0,1,0,0,0,1,1,1,0,0,0,0
1,1,0,1,0,0,0,0,0,0,1,1,1,0,1,1,0,0,0,1,0,0,1,1,0,0,1,1,1,0,0,0,0,0
1,1,1,0,1,0,0,0,0,0,0,1,1,1,1,0,0,0,1,1,0,0,1,1,0,1,1,1,1,1,0,0,0,0
1,0,1,1,0,1,0,0,1,0,0,1,1,1,0,0,0,1,1,0,0,1,0,1,1,0,1,1,0,1,0,1,0,0
1,1,1,1,0,1,1,0,1,1,0,0,0,0,0,1,1,1,0,0,1,1,1,1,1,1,0,1,1,0,1,1,0,0
1,1,1,0,1,1,1,0,0,1,0,0,1,0,1,0,0,0,1,1,1,1,1,1,1,0,1,1,1,1,0,1,0,0
1,1,1,1,0,0,1,1,0,1,0,1,0,0,1,0,0,1,0,1,0,0,1,0,1,0,1,1,0,0,1,0,0,0
1,1,0,1,1,0,0,0,1,1,0,0,1,1,1,0,1,1,0,1,1,0,0,0,0,1,0,0,1,1,1,0,0,0
1,1,1,0,1,0,1,1,0,0,0,1,0,0,0,0,1,0,1,1,1,1,0,1,1,1,1,0,1,1,0,0,0,0
0,1,1,0,1,0,0,1,1,0,0,0,1,0,0,1,0,0,0,1,1,1,0,0,0,0,1,1,1,0,0,0,1,1
1,0,1,1,0,0,0,0,0,0,1,0,1,1,1,0,0,1,0,0,1,0,1,0,0,1,0,1,1,1,0,1,0,0
1,0,1,0,0,1,1,1,0,0,1,0,1,1,1,1,0,1,1,1,0,1,0,0,1,0,0,0,1,0,1,0,0,0
0,1,0,1,0,1,1,1,1,0,0,1,1,0,1,0,0,0,0,1,0,1,1,0,0,0,0,1,0,1,1,0,1,1
1,1,1,1,0,1,0,1,0,1,1,1,0,0,0,1,1,1,1,0,0,1,0,0,1,1,1,1,0,0,0,0,0,0
1,0,1,0,0,1,0,0,0,0,0,0,1,0,0,0,0,0,0,1,1,1,0,1,1,0,0,1,0,0,0,1,1,1
1,1,1,0,1,0,0,0,0,1,1,0,0,0,1,1,1,0,1,1,1,1,1,1,0,0,1,1,0,1,0,1,0,0
1,0,1,1,0,1,1,0,1,0,1,1,1,1,1,1,0,0,1,0,0,1,0,0,1,1,0,0,0,0,1,0,0,0
1,0,1,1,1,0,0,1,0,0,0,1,1,1,1,0,0,0,0,1,1,1,1,1,0,1,1,1,0,0,0,1,0,0
1,1,1,1,0,0,1,1,1,1,1,1,1,1,1,1,1,0,1,0,1,1,1,1,1,1,1,1,0,1,1,0,0,0
0,1,1,0,0,1,0,0,0,0,1,0,1,1,0,1,0,1,0,1,0,0,0,1,0,0,1,1,0,0,0,1,0,0
0,1,1,1,0,1,0,1,1,0,0,0,1,1,0,0,0,0,0,0,0,1,1,1,0,1,1,0,1,0,0,1,1,1
1,1,0,0,0,1,0,1,0,1,0,0,1,0,1,1,0,1,1,1,0,0,1,1,0,1,0,1,1,1,0,1,0,0
0,0,1,0,1,1,0,0,1,1,0,1,0,1,1,1,0,0,1,0,0,1,0,1,0,1,0,0,0,0,0,1,0,0
1,1,1,0,0,1,0,0,1,0,0,0,0,1,1,0,1,1,0,0,1,0,0,1,1,1,0,1,0,1,1,0,0,0
0,1,1,1,0,1,1,1,0,1,1,1,0,0,1,0,0,1,0,1,1,0,1,1,1,1,0,1,0,0,0,0,0,0
1,1,0,1,1,1,1,0,1,0,1,0,0,1,1,1,1,1,0,0,0,1,1,1,0,1,1,1,1,0,1,0,0,0
1,0,0,1,0,1,0,0,1,0,1,1,1,0,0,1,0,0,1,1,1,1,1,0,0,1,0,1,1,0,0,0,0,0
1,1,0,0,0,0,1,0,1,0,0,0,1,1,0,1,0,1,1,0,1,1,0,0,0,0,0,1,1,1,1,1,0,0
1,1,0,1,0,0,0,1,0,1,1,0,0,0,0,1,0,0,0,1,1,0,0,0,0,1,1,0,0,0,1,0,1,1
1,1,1,0,1,1,0,1,0,1,1,0,1,0,0,1,0,1,0,0,0,1,0,0,1,1,1,0,0,1,1,1,0,0
1,1,0,0,1,1,1,0,0,1,0,0,1,0,1,0,1,0,1,0,0,1,1,1,0,1,1,0,1,1,0,1,0,0
1,1,0,0,1,1,0,1,1,1,1,1,1,1,0,0,1,0,0,0,0,0,0,1,0,0,1,1,1,0,1,0,0,0
1,1,1,1,0,0,0,0,0,0,1,1,1,0,0,0,0,0,0,0,1,0,0,0,1,1,0,0,1,1,0,1,1,1
1,0,1,1,0,0,0,0,0,1,0,1,1,1,0,1,0,1,0,1,1,0,0,1,0,1,0,1,0,1,0,0,0,0
0,0,1,1,1,0,1,0,0,0,0,1,0,0,0,0,0,0,0,1,1,1,1,0,1,0,1,0,1,0,1,0,0,0
1,0,0,1,0,0,0,1,1,1,1,1,0,1,1,1,0,1,1,0,0,0,0,1,0,1,0,0,0,1,1,1,0,0
1,0,1,0,0,1,1,1,1,1,0,1,1,0,0,0,1,0,0,1,0,0,0,1,1,1,0,1,1,0,1,1,0,0
1,1,0,1,0,1,1,0,0,1,1,1,1,1,0,0,1,1,0,0,0,0,0,1,1,1,1,1,1,1,0,1,0,0
1,1,1,1,1,1,0,1,1,0,0,0,0,0,1,1,0,1,1,0,0,0,0,0,0,0,0,0,1,0,1,1,0,0
1,1,0,0,1,1,1,0,0,1,0,1,0,1,1,0,0,0,0,0,1,1,0,0,0,1,0,0,0,0,1,1,1,1
1,1,0,1,1,1,0,0,1,1,0,1,0,0,1,0,0,1,1,0,0,0,0,0,1,0,0,1,0,1,1,0,0,0
1,1,1,0,0,1,1,1,0,1,0,1,1,1,1,0,1,0,0,1,1,1,0,0,1,0,1,0,0,0,1,0,0,0
1,1,1,1,0,1,0,1,0,1,0,1,0,0,0,1,1,0,1,1,0,1,1,0,1,1,0,0,1,1,0,0,0,0
1,0,1,0,1,1,0,1,1,0,1,1,1,0,0,0,0,0,0,0,1,1,0,1,0,0,0,1,1,1,0,0,1,1
1,1,0,1,1,0,1,0,1,1,1,0,0,1,0,0,0,0,0,0,0,0,0,1,0,1,0,1,1,0,1,1,1,1
1,0,1,1,0,0,0,1,1,1,0,1,0,1,1,0,0,0,0,1,1,1,1,0,1,0,0,1,1,1,1,0,0,0
1,1,1,0,0,0,1,1,0,0,1,0,0,1,1,0,1,1,0,1,0,0,1,0,1,0,1,1,0,0,0,1,0,0
1,1,0,0,1,1,0,1,1,1,0,1,1,0,0,0,1,0,1,1,1,1,0,0,0,0,0,1,0,1,1,1,0,0
0,1,1,1,0,0,1,1,0,1,0,1,0,1,0,1,0,0,0,0,0,1,1,0,0,1,0,0,0,1,0,0,1,1
1,1,1,1,1,1,1,1,1,1,1,1,1,1,1,0,0,0,1,0,1,0,1,0,1,1,1,1,1,0,1,1,0,0
0,1,0,1,0,0,0,0,1,0,0,0,0,0,0,1,0,1,0,0,1,0,1,0,1,1,0,1,0,0,0,0,0,0
0,1,1,0,1,0,0,1,0,0,0,1,1,1,0,1,0,1,0,0,0,1,1,0,0,0,0,1,1,0,1,0,0,0
1,0,0,0,0,0,1,1,0,0,1,0,1,0,0,0,0,0,0,0,1,0,1,1,1,0,0,1,0,1,0,1,1,1
0,1,0,0,0,1,1,1,0,0,0,1,0,0,1,0,0,0,1,1,1,0,0,0,1,0,0,0,1,0,1,1,0,0
1,1,0,1,0,0,1,0,1,0,1,1,0,0,1,0,0,0,0,0,1,0,0,1,1,1,1,1,0,1,1,1,1,1
1,1,1,0,1,0,0,1,0,0,0,1,1,1,1,0,1,1,0,1,0,0,1,1,1,0,0,1,0,1,1,1,0,0
0,1,0,1,1,1,1,1,1,1,1,0,1,1,1,1,0,0,1,0,1,1,0,0,1,0,0,0,0,0,0,1,0,0
1,1,1,1,0,1,0,1,1,0,1,0,0,1,1,1,1,0,0,1,0,0,0,1,0,1,1,1,1,0,1,1,0,0
1,0,1,1,1,0,1,0,1,0,0,0,1,0,1,1,0,1,1,0,1,1,1,0,1,0,1,0,1,1,0,1,0,0
1,0,1,0,0,0,0,0,1,1,0,1,0,1,0,1,0,1,0,0,0,1,0,0,0,1,0,1,1,1,0,0,0,0
1,0,0,1,1,0,0,1,1,1,1,1,1,1,0,1,0,0,0,0,1,1,0,0,1,1,0,1,0,1,1,1,0,0
1,0,0,0,0,0,1,1,0,1,0,0,1,0,0,1,0,0,1,0,0,0,0,0,0,1,1,1,0,1,1,0,1,1
1,1,0,0,0,1,1,1,0,1,0,1,1,1,0,1,0,1,1,1,1,1,1,0,0,0,0,1,0,0,0,0,0,0
1,1,1,0,0,1,1,1,1,1,0,0,0,0,0,1,0,1,0,0,1,1,0,1,0,0,0,1,0,0,1,0,0,0
0,0,1,1,1,1,0,1,1,1,0,1,0,0,1,0,0,0,0,1,1,1,0,0,0,1,1,0,1,0,0,0,1,1
1,0,0,1,0,0,1,0,1,0,0,1,1,1,1,0,0,1,0,1,0,1,0,1,0,1,1,0,1,0,1,0,0,0
1,1,1,1,0,1,1,0,1,0,1,1,1,0,0,0,1,0,0,1,0,0,0,0,1,1,0,0,1,0,1,1,0,0
1,0,1,1,1,1,1,0,0,1,0,0,1,1,0,0,0,1,0,1,0,0,0,1,1,0,0,1,0,0,0,1,0,0
1,1,0,0,0,0,1,1,0,1,1,0,0,1,1,0,0,0,1,0,1,0,0,0,1,1,0,1,1,1,1,0,0,0
1,1,1,0,1,1,1,0,0,0,0,0,1,0,1,1,1,0,0,1,1,0,0,0,0,1,1,0,1,1,1,0,0,0
1,0,0,0,1,0,1,0,0,0,1,1,0,1,0,1,0,0,0,1,0,0,1,0,0,0,1,0,0,0,0,1,1,1
1,1,1,0,1,1,0,0,0,1,0,0,1,1,1,0,0,0,1,1,0,0,1,1,1,1,1,0,0,1,1,1,0,0
1,1,1,1,1,1,1,0,0,0,1,1,1,1,0,1,1,0,0,0,1,1,1,1,1,1,1,1,1,1,0,1,0,0
1,1,0,1,1,1,0,1,1,1,1,0,1,1,1,1,0,0,0,0,1,0,1,0,0,1,0,1,1,0,1,0,1,1
1,1,1,0,1,1,1,1,0,0,0,1,0,0,0,0,1,0,0,1,1,0,0,0,1,0,1,1,0,1,0,0,0,0
1,1,1,0,1,0,1,1,0,1,1,1,0,1,0,1,0,0,1,0,1,1,0,1,1,0,0,1,0,0,0,0,0,0
1,1,1,0,0,1,1,0,1,0,0,0,0,1,1,1,1,0,1,0,1,0,0,1,1,0,1,0,1,1,1,1,0,0
1,1,1,1,0,1,1,0,1,1,0,1,1,0,0,1,0,1,1,0,0,0,1,1,0,1,1,1,1,0,0,0,0,0
0,1,0,1,1,1,0,1,1,0,1,1,1,0,1,1,0,0,0,1,1,1,1,0,0,0,0,1,0,0,1,1,0,0
1,0,1,1,1,1,1,1,1,0,1,0,1,1,0,1,0,0,1,1,1,0,1,0,1,1,0,0,0,1,0,1,0,0
0,1,0,1,1,0,1,0,0,1,0,0,0,0,1,1,0,0,1,0,1,1,0,0,0,1,0,0,1,1,1,1,1,1
1,1,0,0,1,0,0,1,0,0,0,0,1,1,1,0,0,1,0,1,0,0,1,1,1,0,1,1,0,0,0,0,0,0
1,0,0,1,0,0,0,1,0,0,0,0,1,0,1,1,0,0,0,0,1,0,0,0,1,0,0,1,0,1,1,0,1,1
1,1,0,1,0,1,1,1,1,0,0,0,0,0,0,0,1,0,1,1,0,0,1,1,1,1,0,1,1,0,1,1,0,0
1,1,0,1,0,1,0,0,1,0,0,1,0,1,1,1,1,0,1,1,0,1,1,0,0,0,1,1,1,0,0,1,0,0
1,1,1,0,0,1,0,0,0,0,0,0,0,0,1,0,1,0,0,1,0,1,1,0,1,1,0,0,0,1,0,0,0,0
1,1,1,1,0,1,0,1,0,1,0,1,0,0,1,0,1,0,0,0,0,0,1,0,0,1,1,0,1,1,1,1,0,0
1,1,0,0,1,1,0,1,1,1,1,0,0,1,1,0,0,0,0,0,0,0,0,1,1,0,0,1,1,1,1,0,0,0
1,0,0,0,0,0,1,1,1,0,1,0,0,0,0,0,0,0,1,0,1,0,0,1,0,1,1,0,1,1,1,1,1,1
0,0,1,1,1,1,1,0,0,0,0,0,0,1,1,1,0,0,1,0,0,1,0,1,0,1,1,1,1,1,0,1,1,1
1,1,0,1,1,1,0,1,1,0,1,1,0,0,0,0,1,0,1,0,1,0,0,0,0,0,0,0,0,0,1,1,0,0
1,1,0,1,0,0,0,0,1,1,0,1,1,1,1,0,0,0,0,0,0,1,0,1,0,1,0,0,1,0,1,0,0,0
1,1,1,1,0,1,1,1,0,0,0,1,0,1,1,0,1,1,0,1,0,0,1,0,0,1,0,1,1,0,1,1,0,0
1,0,0,0,0,1,1,1,1,0,1,1,1,0,0,1,1,0,0,0,0,1,0,1,1,0,1,1,1,0,1,1,0,0
1,1,1,0,1,1,1,0,1,0,1,0,1,0,1,0,0,1,1,0,1,1,1,1,1,0,1,1,0,0,0,1,0,0
1,1,1,1,0,0,1,0,0,0,0,1,0,0,0,0,1,1,0,1,0,0,0,1,1,0,0,0,0,0,0,0,0,0
1,1,1,0,1,0,0,1,0,0,1,0,0,0,1,1,1,1,0,0,0,0,1,1,1,1,0,0,1,1,1,0,0,0
1,1,1,0,0,0,0,1,0,1,0,0,0,0,1,1,0,1,1,0,1,1,0,0,1,0,0,0,0,0,0,1,0,0
0,1,1,1,0,1,0,0,0,0,0,1,0,1,0,0,0,0,0,1,0,0,1,1,0,0,1,0,1,1,1,0,1,1
1,0,1,0,0,0,0,1,0,1,0,1,1,1,0,1,0,0,1,1,1,0,1,1,0,1,1,0,1,1,1,0,0,0
1,0,0,0,1,0,1,0,1,0,0,0,0,1,0,1,0,1,1,1,1,1,0,1,0,1,1,0,1,1,1,1,0,0
0,1,1,1,1,0,0,1,1,1,1,0,1,0,0,0,0,0,1,1,1,0,0,0,0,0,0,1,0,1,1,0,0,0
0,1,1,0,1,0,0,0,0,1,1,1,0,0,1,1,0,1,0,0,1,1,1,1,0,0,0,1,1,0,0,0,0,0
1,0,1,1,0,0,0,0,1,1,0,1,1,0,0,1,0,0,0,0,0,1,0,1,1,0,1,1,0,1,0,1,0,0
1,0,0,1,1,1,1,1,0,0,1,1,0,1,1,1,0,0,0,1,1,1,1,0,0,1,1,0,0,0,1,0,0,0
0,0,1,0,0,0,1,0,1,1,1,0,1,0,0,0,0,0,0,1,1,1,1,0,1,1,0,0,0,1,0,0,1,1
1,1,0,0,1,0,0,1,1,1,1,1,1,0,0,1,0,0,0,1,1,0,0,1,0,1,0,1,0,0,1,0,0,0
1,0,0,0,0,0,0,0,0,1,0,0,0,0,1,1,0,1,0,1,1,1,0,1,0,0,0,0,0,1,1,0,0,0
1,0,0,1,0,0,0,0,0,1,1,0,1,0,1,1,0,1,1,0,1,0,1,1,0,1,1,0,1,0,0,1,0,0
1,0,1,1,1,1,1,1,0,1,1,1,0,1,0,1,1,0,0,1,1,1,0,0,0,0,0,0,1,1,0,0,0,0
1,1,0,1,1,1,0,0,1,1,0,0,0,1,1,0,1,1,0,0,0,0,1,1,1,1,0,0,0,1,0,1,0,0
1,1,0,0,0,1,0,1,0,1,0,0,1,1,1,0,0,0,1,0,0,1,1,0,0,1,0,1,1,0,1,1,1,1
1,1,1,0,1,1,0,1,1,1,0,1,1,1,0,0,0,0,1,1,0,0,1,1,0,0,0,0,1,1,0,1,0,0
1,1,1,1,1,0,0,0,0,1,1,0,0,0,1,1,1,1,0,1,1,0,1,0,0,1,1,1,1,1,0,0,0,0
1,0,1,0,1,0,1,1,1,1,0,0,0,0,1,1,0,0,0,0,0,1,1,0,1,0,1,1,1,1,1,1,1,1
1,0,1,0,1,1,1,1,1,1,0,1,0,0,1,0,0,0,0,0,1,1,0,0,0,1,1,0,1,1,1,1,1,1
1,0,1,1,1,1,1,1,0,0,1,0,0,1,1,1,1,0,0,1,0,1,0,1,0,1,0,1,0,0,1,1,0,0
1,1,0,0,1,0,1,1,0,1,1,1,1,1,0,1,0,1,0,1,0,1,0,1,1,0,1,1,1,0,1,1,0,0
1,1,1,1,0,0,1,1,0,0,1,1,1,0,0,0,1,1,1,0,1,0,0,1,1,0,0,1,1,0,1,0,0,0
1,1,0,0,0,1,0,1,0,1,0,1,1,1,0,0,0,1,0,1,1,1,1,0,1,0,1,0,1,0,0,1,0,0
1,0,0,1,1,1,0,0,0,0,0,0,0,0,1,1,1,0,0,0,0,0,0,1,1,1,0,1,0,0,0,0,0,0
1,1,1,1,1,0,1,0,0,0,1,1,0,0,0,0,1,0,1,1,1,0,1,1,0,1,0,0,1,1,0,1,0,0
1,1,1,1,0,1,1,0,0,0,1,0,1,0,1,1,0,0,0,1,1,1,0,1,0,1,0,0,1,1,1,1,1,2
0,0,0,1,0,1,0,0,0,0,1,0,0,0,1,1,0,0,0,0,0,0,1,1,0,0,1,0,0,0,0,1,0,0
1,1,1,1,1,1,0,0,0,0,1,1,0,1,1,1,0,1,1,1,0,0,1,0,0,0,0,1,1,1,1,0,0,0
1,0,1,1,1,0,1,0,0,1,1,0,1,1,0,0,1,0,0,0,0,1,1,1,1,1,0,1,1,0,0,1,0,0
1,0,0,0,1,0,1,1,1,0,0,0,0,0,0,1,1,0,0,0,0,1,1,1,0,1,1,0,1,1,1,0,0,0
0,1,1,1,0,1,1,1,1,1,1,0,1,1,1,0,0,1,0,1,0,1,0,1,0,1,1,1,0,0,0,0,0,0
1,1,1,0,0,1,0,0,0,0,0,0,0,0,1,0,1,0,1,1,0,1,1,1,0,1,0,1,0,0,1,0,0,0
1,0,1,0,1,0,0,0,0,0,0,0,1,1,0,1,0,0,1,0,0,1,1,1,1,1,0,1,1,1,0,1,1,1
1,0,0,1,1,0,0,1,0,0,0,1,1,1,1,1,0,0,0,0,1,1,1,0,1,0,1,0,0,1,0,0,0,0
0,1,0,1,1,0,1,1,0,0,1,1,1,1,0,0,0,0,0,0,0,0,0,1,1,1,0,0,1,0,1,1,1,1
1,0,1,1,0,1,0,0,1,1,0,0,1,1,1,1,0,0,0,0,1,0,1,1,1,0,0,0,0,0,1,0,1,2
1,1,0,1,0,1,0,1,0,1,0,1,1,0,0,0,0,1,1,1,1,0,1,0,1,1,0,0,1,0,0,0,0,0
1,1,1,0,1,0,1,0,0,1,1,0,1,0,0,0,0,1,0,0,1,0,0,1,0,0,1,1,1,1,1,1,0,0
1,0,0,1,1,0,0,0,1,0,1,0,1,0,1,1,0,0,1,1,1,1,0,1,0,0,0,1,0,0,0,1,0,0
0,0,1,0,0,1,1,0,1,1,1,0,0,1,0,1,0,0,0,0,1,1,1,0,0,1,0,0,0,1,0,0,0,0
1,0,1,1,1,1,0,0,0,1,0,1,0,0,1,0,0,0,1,0,1,0,0,0,0,0,1,1,0,0,0,0,1,1
0,1,0,0,0,1,1,0,0,1,1,0,1,0,0,1,0,0,0,1,1,0,0,1,1,1,1,0,0,1,0,1,1,1
0,1,1,0,1,0,0,0,1,0,0,0,0,0,1,0,0,0,1,1,1,0,0,1,1,0,1,0,0,0,1,0,0,0
1,1,0,1,1,1,1,0,0,0,1,1,0,0,1,0,1,0,1,0,0,1,0,0,1,0,0,0,1,1,1,0,0,0
0,1,1,1,1,0,1,0,1,0,1,1,0,0,0,1,0,1,0,0,0,1,0,0,0,0,1,0,0,1,1,0,0,0
0,1,1,0,1,1,1,0,1,1,1,1,0,1,1,0,0,0,0,0,0,0,0,1,1,0,1,0,0,0,1,0,0,0
0,0,1,0,1,1,0,0,0,1,1,1,1,1,0,0,0,0,0,0,1,0,0,0,0,1,1,1,1,1,1,1,0,0
1,0,0,1,0,1,0,1,0,0,0,1,0,1,0,0,0,1,0,1,1,0,1,0,0,1,1,0,1,0,0,0,0,0
1,0,1,0,1,1,0,0,1,0,1,1,1,0,1,1,0,1,1,1,0,1,0,0,0,0,1,0,1,1,1,1,0,0
1,1,1,0,1,0,0,0,0,0,1,1,0,0,1,0,0,0,0,0,0,1,0,0,0,1,1,1,1,0,0,1,1,1
1,0,1,0,1,0,1,1,1,1,0,1,1,0,1,0,0,1,0,1,1,0,1,1,0,0,1,0,0,0,1,0,0,0
1,1,0,0,0,1,1,1,1,1,0,0,1,1,1,1,0,1,0,1,0,1,0,0,1,0,1,0,0,0,1,0,0,0
1,1,0,1,1,0,0,1,1,1,0,0,1,1,0,0,1,0,1,0,0,1,1,1,1,0,0,1,1,1,1,0,0,0
1,1,0,1,1,0,1,0,1,1,1,0,0,0,1,1,0,0,1,0,0,1,1,1,0,1,0,0,1,1,0,1,0,0
1,1,0,0,1,1,0,0,1,0,1,1,1,1,0,0,0,0,1,0,0,0,0,1,0,1,0,0,0,1,1,1,0,0
1,1,0,0,1,0,0,0,0,1,0,1,0,1,1,1,1,0,0,0,0,1,0,0,0,1,1,1,0,0,1,0,0,0
1,0,1,0,0,0,1,1,1,1,1,1,0,1,1,1,0,0,0,0,0,1,0,0,1,1,0,1,1,0,1,1,0,0
1,0,1,1,1,1,1,0,0,0,1,0,0,0,1,0,0,1,0,1,0,1,0,1,0,0,0,0,1,0,0,1,0,0
1,0,1,0,0,0,1,1,0,1,1,0,0,0,0,0,0,1,1,1,1,0,0,1,1,0,0,1,1,1,0,1,0,0
1,1,1,0,1,0,1,1,0,0,0,1,0,1,0,1,0,0,0,0,1,0,1,1,1,0,0,1,1,0,0,1,1,1
1,1,0,1,1,0,1,1,0,1,0,0,0,0,0,0,0,1,0,1,0,1,0,0,0,1,1,0,1,0,0,0,0,0
1,0,1,1,1,1,0,0,1,0,0,0,0,1,1,0,1,0,1,0,0,0,0,0,1,0,0,1,1,0,0,0,0,0
1,1,1,1,1,0,0,1,0,0,0,0,0,1,1,0,0,0,1,1,0,0,0,1,1,0,0,1,1,1,1,1,1,1
0,1,1,1,1,0,1,1,0,1,0,1,0,1,0,0,0,1,0,0,0,0,0,0,0,0,1,0,1,0,0,0,0,0
1,1,0,0,1,1,0,0,1,1,0,0,0,1,0,0,1,1,0,0,1,0,0,1,1,1,0,0,1,0,1,0,0,0
1,1,1,1,0,0,1,0,0,0,1,1,0,0,0,0,0,0,0,1,0,0,0,1,1,1,0,1,0,1,0,0,1,1
1,0,1,0,0,0,0,1,1,0,1,0,1,1,1,0,1,0,0,1,0,1,0,1,1,0,1,0,0,1,1,1,0,0
0,1,1,0,0,1,1,1,0,0,1,0,1,0,1,0,0,0,0,0,1,1,0,1,1,0,1,1,0,0,0,0,1,1
1,1,1,0,0,0,0,0,0,1,1,1,0,0,0,0,0,0,0,1,1,0,0,1,1,0,0,0,0,1,0,0,1,1
0,0,1,0,1,1,1,0,1,1,0,0,0,1,0,0,0,0,0,0,1,0,1,1,1,0,0,1,0,0,1,0,1,1
1,1,1,1,0,1,0,1,1,0,1,0,0,0,0,0,1,0,0,1,1,1,0,0,0,0,1,0,1,1,0,1,0,0
1,0,1,1,0,0,1,1,1,1,0,1,1,0,0,0,0,0,1,0,0,1,0,0,1,0,0,1,1,0,0,0,0,0
1,1,1,1,1,0,1,0,1,0,0,1,0,1,1,1,0,0,0,0,0,0,0,1,1,1,1,0,0,1,0,0,1,1
1,0,1,1,1,0,1,0,1,1,1,1,1,0,1,0,0,1,1,0,1,1,0,0,1,1,0,0,0,0,1,1,0,0
1,1,1,0,1,0,0,1,1,0,1,0,0,0,0,0,0,0,1,0,1,0,0,0,1,0,1,0,1,1,1,1,1,1
1,1,0,1,0,0,0,1,1,0,0,0,0,1,0,0,0,0,1,0,0,0,0,1,0,1,0,0,1,0,1,1,1,1
1,1,0,1,0,0,0,1,1,1,1,1,1,1,0,1,0,0,1,1,1,0,1,0,1,1,0,0,0,0,0,1,0,0
1,0,1,1,0,1,1,0,1,0,1,1,1,0,1,0,0,1,0,0,1,0,1,0,1,0,1,1,1,0,0,0,0,0
0,0,1,0,1,0,1,1,0,1,0,0,1,1,0,1,0,0,0,1,0,1,0,1,1,0,1,1,1,1,0,1,0,0
1,1,0,1,1,0,1,0,0,0,1,0,0,1,1,0,0,0,1,0,0,1,0,1,1,1,1,0,1,1,1,0,1,1
1,0,1,1,0,1,1,0,1,0,0,1,1,1,0,0,0,1,1,0,1,1,0,1,1,1,1,0,1,0,0,0,0,0
1,1,1,1,1,1,1,1,1,1,1,0,0,0,0,1,0,1,1,0,0,1,1,0,0,0,1,0,0,1,1,1,0,0
1,1,1,1,1,0,0,0,1,1,0,0,0,0,0,0,1,0,0,0,1,1,1,0,0,0,1,0,0,1,0,1,0,0
0,0,1,1,1,1,1,1,1,1,1,1,0,0,1,0,0,0,0,0,1,1,0,1,1,0,1,1,1,0,1,0,0,0
1,1,0,0,0,1,1,0,1,1,1,1,1,0,0,0,0,0,1,0,1,1,1,0,1,1,0,1,0,0,1,0,0,0
1,1,0,1,0,1,1,1,1,0,0,0,0,1,1,0,0,1,1,0,0,1,0,0,0,1,1,1,1,0,1,0,0,0
1,1,1,0,0,0,0,1,0,0,1,1,1,1,1,0,0,1,0,1,1,1,1,1,0,0,0,1,0,1,1,0,0,0
1,0,1,1,1,0,0,1,1,1,1,1,1,0,1,0,0,1,0,1,1,0,1,1,1,1,1,1,1,0,0,1,0,0
1,0,1,1,1,1,0,1,1,1,0,1,0,1,0,0,0,0,1,1,1,0,1,1,1,1,0,0,0,0,0,0,0,0
0,1,0,1,1,0,1,0,1,1,0,1,1,0,1,1,0,0,0,1,0,1,1,1,0,0,1,1,1,0,1,1,1,1
0,1,0,0,1,0,1,0,1,0,0,1,1,1,1,1,0,0,0,0,1,1,0,1,1,0,0,1,1,0,0,1,0,0
0,1,1,0,1,0,1,0,0,0,1,1,1,0,0,0,0,0,0,0,1,0,0,0,1,0,0,0,0,1,0,0,1,1
1,0,0,0,1,0,1,1,1,0,0,0,1,0,1,1,0,1,1,1,1,1,0,0,0,1,1,1,1,0,0,1,0,0
1,1,1,1,0,0,1,0,0,1,1,1,0,1,0,1,1,1,1,0,0,0,0,1,1,0,1,0,1,0,0,1,0,0
1,0,1,1,1,0,0,1,1,0,0,0,1,0,0,0,0,1,0,0,0,0,1,1,0,0,0,0,1,0,0,1,0,0
0,1,1,1,0,0,0,1,1,1,0,1,0,1,1,0,0,0,0,1,0,0,0,1,1,1,1,0,1,1,0,0,1,1
1,0,0,1,0,0,1,0,0,1,0,1,1,1,1,0,0,1,1,0,0,1,1,1,1,0,0,1,1,1,1,1,0,0
1,0,0,1,1,1,1,0,1,0,0,1,0,1,0,1,0,1,0,1,0,0,0,1,0,1,0,0,1,1,1,0,0,0
1,1,0,1,1,1,1,1,0,0,1,0,1,0,0,0,1,0,0,1,1,0,1,1,1,0,1,1,0,0,0,1,0,0
1,1,0,1,1,1,0,1,0,1,1,1,0,1,0,0,1,1,0,0,0,0,1,0,0,1,1,0,0,1,0,1,0,0
1,1,0,0,1,0,0,1,0,1,1,0,1,1,0,1,0,0,0,1,0,1,1,1,0,0,1,1,1,0,1,1,1,1
1,1,1,1,0,1,0,1,1,0,1,0,0,1,0,1,0,0,0,1,0,1,0,0,0,1,1,1,1,1,0,1,1,1
1,0,1,1,0,0,1,0,1,0,1,1,1,0,0,1,0,0,0,1,0,1,0,1,0,0,0,1,1,0,1,0,1,1
1,0,0,0,0,0,0,1,1,0,1,1,0,1,1,0,0,1,0,1,1,0,1,1,1,1,1,1,0,1,0,0,0,0
1,1,1,1,0,0,1,0,1,1,0,1,0,1,1,0,1,0,0,1,0,0,0,1,1,1,0,0,0,1,1,1,0,0
0,0,1,0,1,0,1,1,0,1,0,0,1,0,0,1,0,0,0,1,0,1,0,1,1,1,0,1,1,0,1,0,0,0
1,0,1,0,1,0,1,1,0,0,0,1,0,0,0,0,0,1,1,0,1,1,0,0,1,1,1,0,0,0,0,1,0,0
1,1,0,0,1,1,0,1,0,0,0,0,0,0,1,1,0,1,0,0,0,0,0,1,0,1,0,1,1,1,0,1,0,0
1,1,1,0,0,1,1,1,1,0,0,0,1,0,1,0,1,0,0,1,0,0,1,0,0,0,0,1,1,0,1,1,0,0
1,1,0,1,1,1,0,0,1,0,0,0,1,1,0,0,0,0,0,0,1,0,0,0,0,1,0,1,0,0,0,1,1,1
1,0,0,0,0,0,0,1,1,1,1,0,1,1,1,0,0,1,0,0,1,1,1,0,0,0,0,1,1,0,1,0,0,0
0,1,1,1,0,1,1,0,0,1,1,1,1,0,1,0,0,1,0,1,0,1,0,1,1,0,0,1,1,1,0,1,0,0
1,1,0,0,1,1,1,0,0,0,1,0,1,0,0,1,0,1,0,1,0,1,0,1,0,1,0,1,0,0,0,1,0,0
1,0,1,1,0,0,1,1,1,0,0,0,0,0,0,0,0,0,0,1,1,1,1,1,0,0,1,1,1,1,0,1,1,1
1,1,0,1,1,1,0,0,1,1,1,1,0,0,1,1,1,1,0,1,1,0,0,1,0,0,1,0,0,1,0,1,0,0
0,1,1,1,1,1,0,1,1,0,0,0,0,1,1,1,0,1,1,0,1,1,1,1,1,1,1,0,1,1,0,1,0,0
1,1,1,1,0,1,1,0,0,1,0,1,0,0,1,1,0,0,0,1,1,0,0,1,0,1,1,0,0,1,1,0,1,1
1,1,0,0,0,1,0,0,1,0,1,1,1,1,1,0,0,1,0,1,0,0,0,1,0,0,1,0,0,0,1,1,0,0
1,1,0,1,0,0,0,1,1,1,1,0,1,1,0,1,1,1,0,0,0,0,1,0,0,0,0,1,1,0,0,0,0,0
1,0,0,1,0,0,0,0,0,1,0,1,0,1,1,0,0,0,1,1,0,0,0,0,0,0,0,0,0,0,1,1,0,0
0,1,1,0,1,0,1,0,0,1,0,1,0,1,1,0,0,0,0,0,0,1,0,0,0,0,1,1,0,1,0,1,1,1
1,1,0,0,1,1,1,1,0,0,0,1,1,0,0,1,0,1,0,0,0,0,0,1,0,0,1,1,1,1,1,0,0,0
0,0,0,1,0,0,0,0,1,0,0,1,1,0,1,1,0,0,0,0,0,1,1,1,1,0,0,0,0,0,1,0,0,0
1,1,1,1,1,0,0,1,1,1,1,0,0,0,0,0,1,0,1,0,0,1,1,0,1,1,0,0,1,1,1,0,0,0
1,0,1,0,0,1,1,0,1,0,0,1,0,1,1,1,0,0,0,1,1,0,0,0,0,1,0,1,0,0,0,1,1,1
1,0,1,0,1,1,1,1,1,1,1,0,1,0,1,0,1,0,0,0,1,0,0,0,1,1,0,1,0,0,0,1,0,0
1,1,0,0,1,1,1,0,1,1,1,0,0,0,0,1,1,0,0,0,0,1,1,1,0,0,1,0,0,1,0,0,0,0
1,1,0,0,0,0,1,0,1,1,1,0,0,1,1,0,1,0,0,0,0,0,0,0,0,1,0,1,1,1,0,1,0,0
0,1,1,1,0,0,1,1,0,0,0,1,1,0,0,0,0,0,1,1,1,0,1,0,1,0,1,1,1,0,0,1,0,0
1,0,0,1,1,0,1,0,0,1,0,1,0,1,0,1,0,0,0,1,0,0,1,0,0,0,0,0,1,0,1,1,1,1
0,1,0,0,0,1,1,0,1,0,1,1,1,1,0,0,0,0,0,1,0,0,1,1,1,1,0,0,1,0,1,0,0,0
1,1,1,0,0,1,0,0,1,0,0,0,0,0,0,0,1,1,0,1,1,1,0,0,1,1,1,1,0,1,0,0,0,0
1,1,1,1,1,0,0,0,1,1,1,0,0,0,1,0,1,1,0,1,0,1,0,1,0,1,0,0,0,1,0,1,0,0
1,0,1,0,1,0,0,1,0,0,0,1,0,0,1,0,0,1,0,1,1,1,1,1,0,0,0,0,0,0,1,1,0,0
1,0,0,0,0,1,0,1,1,1,1,0,1,0,0,1,0,0,0,0,1,0,1,1,1,1,1,0,0,0,0,1,0,0
0,1,0,1,1,0,0,0,0,1,0,0,0,1,0,0,0,0,0,0,1,1,1,1,0,1,1,1,0,0,0,0,1,1
1,0,1,0,1,0,1,0,0,1,0,0,1,0,1,0,0,0,0,1,0,0,0,1,0,1,0,1,1,0,1,0,1,1
1,1,1,1,1,0,1,1,0,1,1,1,1,1,0,1,1,1,0,1,1,0,0,1,1,0,0,1,0,0,0,1,0,0
1,1,0,1,0,1,1,1,1,0,1,0,0,1,1,0,0,0,0,1,0,1,1,1,0,1,0,0,0,1,1,0,1,1
1,0,0,0,0,0,0,0,1,0,1,1,1,1,1,0,0,0,0,0,1,0,0,1,0,1,1,0,1,1,0,0,0,0
1,1,0,1,0,0,1,0,1,0,1,0,1,1,0,1,0,0,1,0,0,1,1,1,1,0,0,1,1,1,0,1,0,0
0,1,0,1,1,0,0,1,1,0,1,0,0,1,0,0,0,0,0,1,0,0,1,1,1,0,1,1,0,0,0,1,1,1
0,1,1,0,0,0,1,1,1,1,1,0,1,1,1,1,0,1,0,0,1,1,0,0,0,0,0,0,1,1,1,1,0,0
1,1,1,1,1,1,0,0,0,1,0,1,1,0,0,0,0,1,0,0,0,0,1,1,0,0,1,1,0,0,1,0,0,0
0,1,1,1,1,0,0,1,1,1,1,1,0,1,0,0,0,0,1,1,1,0,0,1,1,1,1,0,0,1,0,1,0,0
1,1,1,1,0,1,0,0,1,0,1,0,0,0,0,1,1,0,1,1,1,0,0,1,0,1,0,1,0,1,0,0,0,0
1,1,1,1,0,0,1,0,1,0,0,0,1,1,1,1,1,0,0,0,0,1,1,1,0,0,0,0,0,1,0,0,1,1
1,0,1,0,1,0,0,1,1,0,1,0,0,0,1,1,1,0,1,0,0,1,0,1,1,0,1,1,0,0,1,0,0,0
1,1,0,0,0,0,1,1,1,1,0,0,0,1,0,1,1,0,0,1,1,1,1,0,0,1,1,1,1,0,1,0,0,0
1,0,1,0,0,0,1,0,1,0,1,1,1,1,0,0,1,0,0,0,1,0,1,1,0,0,1,1,1,0,0,1,0,0
1,0,1,0,1,1,0,1,1,1,0,1,1,0,1,0,0,0,1,0,1,1,1,1,1,0,1,0,1,0,0,1,0,0
1,1,0,1,0,0,0,1,1,1,0,0,1,1,0,0,0,1,1,1,1,0,1,1,1,0,0,1,0,1,0,0,0,0
1,0,0,1,0,1,0,0,0,0,0,0,1,0,0,0,0,0,0,1,0,0,0,1,1,0,1,1,0,0,1,0,1,1
1,0,1,0,0,0,1,1,1,1,1,1,0,1,1,1,0,1,0,0,1,1,1,0,1,0,0,0,0,1,1,1,0,0
1,1,0,1,0,1,0,0,0,0,1,0,0,1,1,0,0,1,0,1,0,0,1,0,1,1,0,1,0,0,0,1,0,0
1,0,0,1,1,1,0,0,1,0,0,0,1,1,1,1,1,0,0,0,0,0,0,1,0,0,0,0,1,1,0,0,0,0
1,0,1,1,1,0,1,0,0,1,0,0,0,1,1,1,0,1,1,0,1,0,0,0,0,0,0,1,0,0,1,1,0,0
1,1,1,1,1,1,1,1,0,1,0,0,1,1,1,1,1,1,0,1,1,1,0,0,1,0,0,1,1,1,0,0,0,0
1,0,1,0,0,1,0,1,0,0,0,1,1,0,1,0,0,0,1,0,1,1,1,0,1,0,1,0,1,1,1,0,1,1
1,0,0,0,1,1,1,0,1,1,0,0,1,1,1,1,0,1,1,0,0,1,0,0,1,0,0,0,1,0,1,0,0,0
1,1,1,0,0,1,1,0,0,0,1,0,0,1,1,0,1,0,1,0,1,0,0,0,1,0,0,1,0,0,1,1,0,0
1,0,0,1,1,1,1,1,0,0,0,1,1,1,0,1,0,1,0,0,0,0,1,0,1,0,0,0,0,0,1,1,0,0
0,0,1,1,0,1,0,1,1,1,0,0,0,0,1,0,0,0,1,0,1,1,1,0,1,1,1,0,1,1,0,1,1,1
1,1,0,0,1,1,1,1,0,0,1,0,0,1,1,1,0,1,0,0,0,1,0,1,0,0,0,1,1,0,1,1,0,0
1,0,1,0,0,1,1,0,0,0,1,1,0,0,1,0,0,0,1,0,0,1,0,0,1,0,0,1,0,0,0,1,1,1
1,1,0,0,1,0,1,1,0,1,1,1,1,1,1,1,0,0,0,1,1,1,0,1,0,1,0,0,0,0,1,1,0,0
1,0,0,1,1,0,1,1,1,1,0,1,1,0,1,1,0,1,0,1,0,0,1,0,1,0,0,1,1,0,1,1,0,0
1,1,1,0,1,1,1,0,0,0,1,0,0,1,0,0,0,1,1,1,0,0,0,1,1,0,0,1,1,1,1,1,0,0
1,0,0,0,0,1,0,0,0,1,0,1,1,1,0,1,0,1,1,0,0,0,0,1,1,0,1,1,0,0,1,0,0,0
1,1,0,1,0,0,1,1,0,0,1,1,1,0,0,1,0,0,0,0,0,1,1,0,1,0,0,1,0,0,1,0,1,1
1,0,1,1,0,0,1,0,0,0,0,0,1,1,0,1,0,1,0,1,1,1,0,0,0,1,1,1,1,1,1,1,0,0
1,0,1,0,1,1,0,0,0,1,1,0,1,0,1,0,0,0,1,0,1,0,0,1,1,0,1,0,0,0,1,1,0,0
1,1,1,1,1,1,0,0,0,0,1,0,0,1,0,1,0,1,0,0,0,1,0,1,0,1,0,1,0,1,0,1,0,0
1,1,1,1,1,1,1,1,1,0,0,0,1,1,1,1,1,0,0,1,1,1,1,0,0,0,0,1,1,0,0,1,0,0
1,1,1,0,0,0,1,1,0,1,1,1,1,0,0,1,0,1,1,0,1,1,0,0,1,0,1,1,0,1,0,1,0,0
1,1,0,0,0,1,0,1,1,0,0,0,0,0,0,1,1,0,1,1,0,1,1,0,0,1,1,0,0,0,0,0,0,0
0,1,0,0,0,0,1,0,0,0,0,0,0,1,1,1,0,0,1,1,1,0,0,0,1,0,1,1,1,1,0,1,0,0
1,1,1,1,0,0,1,0,1,0,0,1,0,1,0,1,1,0,1,1,1,0,0,0,1,1,1,0,1,1,0,1,0,0
0,0,1,0,1,1,0,0,1,1,1,0,0,1,1,0,0,0,1,0,0,1,1,1,1,0,0,0,0,0,0,0,0,0
1,1,0,0,1,1,0,0,1,1,1,1,0,0,0,1,0,1,1,0,1,0,0,1,1,1,0,0,0,0,1,1,0,0
0,1,1,0,0,1,1,1,0,0,1,1,0,0,0,0,0,1,0,1,0,0,1,0,0,1,1,0,0,1,0,1,0,0
1,1,1,1,1,1,0,1,1,0,1,0,0,0,1,0,0,0,1,0,0,0,1,0,0,1,1,0,1,1,1,0,1,1
1,1,0,1,1,1,0,0,1,1,1,1,1,0,0,0,1,0,1,0,1,0,0,0,0,1,1,1,0,1,0,0,0,0
1,0,1,1,0,0,1,1,1,1,0,0,1,1,0,1,0,1,0,1,0,0,0,1,0,0,1,1,0,0,1,1,0,0
1,1,1,0,0,1,0,1,1,0,1,0,1,1,1,1,1,0,0,1,0,1,1,1,1,1,0,0,0,1,0,0,0,0
1,0,1,0,1,0,0,1,0,0,1,0,1,1,0,0,0,1,0,1,0,1,0,1,1,1,0,0,1,1,0,1,0,0
1,1,0,0,0,1,0,1,0,0,1,0,0,1,0,0,1,0,1,1,1,1,1,1,1,0,1,1,0,1,1,0,0,0
1,1,1,1,0,1,0,1,0,0,0,1,1,0,1,0,0,0,0,1,0,1,0,0,0,0,0,0,0,0,0,1,1,1
1,0,0,1,0,1,0,0,1,0,1,0,1,1,1,0,0,1,0,0,0,1,1,0,0,0,0,0,1,0,1,1,0,0
1,0,1,0,1,0,0,1,0,0,1,0,1,0,1,0,0,1,0,1,1,1,1,0,0,0,0,1,1,1,1,1,0,0
1,1,0,0,0,0,0,0,0,1,0,1,0,0,1,0,1,0,1,1,0,1,0,0,1,1,0,0,0,0,1,0,0,0
0,1,1,1,0,0,0,0,1,1,0,1,1,1,0,0,0,1,0,0,1,1,0,1,1,0,0,0,1,0,0,0,0,0
0,1,1,0,1,0,1,0,0,1,1,1,0,0,1,1,0,1,0,1,0,1,1,0,0,1,0,1,1,1,1,1,0,0
1,1,0,0,0,0,1,1,0,1,1,1,0,0,1,0,0,1,0,0,0,1,1,1,0,0,0,0,0,0,1,0,0,0
1,0,1,0,1,1,1,0,0,1,1,0,0,1,1,0,1,0,0,1,0,0,0,0,1,1,1,0,1,1,1,1,0,0
1,0,1,0,1,0,0,1,0,1,1,1,1,1,1,0,0,1,1,0,0,0,0,1,1,0,1,0,0,1,0,1,0,0
0,1,0,0,0,1,0,0,1,0,0,0,1,1,0,1,0,0,0,0,0,1,0,1,0,1,1,0,1,0,1,1,1,1
1,0,1,0,0,1,1,1,0,1,1,0,1,0,0,1,0,0,1,1,1,1,1,0,0,0,1,0,1,1,1,0,0,0
1,1,1,1,0,0,1,1,1,0,0,0,1,1,1,1,1,0,0,0,0,0,0,1,0,0,0,0,1,1,1,1,1,1
1,0,1,1,1,0,1,0,0,0,0,1,1,0,0,1,1,0,0,0,1,1,1,1,1,1,1,1,1,1,0,1,0,0
1,1,0,1,1,0,1,1,1,0,0,1,1,1,0,0,0,0,1,0,1,0,0,1,1,1,1,1,1,1,1,1,0,0
1,1,1,1,1,0,1,1,1,1,1,0,0,0,1,0,0,1,0,0,0,1,0,1,1,0,1,0,1,1,0,0,0,0
1,0,0,0,1,1,1,0,0,1,0,0,1,1,0,0,0,1,1,0,1,1,0,1,0,1,0,0,0,1,0,1,0,0
1,1,0,1,0,1,0,0,0,0,0,1,1,0,1,1,0,1,0,1,0,0,0,1,0,0,1,1,0,0,1,1,0,0
0,1,0,0,1,0,0,1,1,0,0,0,1,1,1,0,0,0,1,0,0,0,0,0,0,0,1,0,1,0,1,1,1,1
1,1,1,1,0,1,1,1,0,1,0,0,0,0,0,1,1,0,0,1,1,0,0,1,0,1,0,0,1,1,0,0,0,0
1,0,1,1,0,1,1,0,0,1,0,1,0,0,1,0,1,0,0,1,0,1,1,0,1,1,1,0,1,0,1,1,0,0
1,1,1,1,0,0,0,0,0,0,1,0,1,0,1,0,0,1,0,1,1,0,0,0,1,1,1,1,1,1,0,1,0,0
0,0,0,0,1,0,0,1,0,1,1,0,0,1,1,0,0,0,0,0,0,1,1,1,0,0,1,1,0,0,1,0,0,0
0,1,1,1,1,1,1,0,1,0,1,1,0,0,1,0,0,1,0,0,1,0,1,1,0,1,1,1,1,1,1,0,0,0
0,1,0,1,1,1,0,1,0,1,0,0,0,0,1,1,0,0,0,1,1,1,0,0,0,0,0,0,1,1,1,1,1,1
0,0,1,1,1,1,0,1,0,1,0,1,1,1,0,0,0,0,0,0,0,1,0,1,1,0,1,0,0,0,0,1,1,1
0,0,1,1,0,0,0,0,1,0,1,0,1,1,1,0,0,0,0,1,1,0,1,1,1,1,0,1,1,0,1,1,1,1
1,1,1,1,1,0,1,1,0,1,1,1,0,1,0,0,0,1,0,1,0,0,0,1,0,0,0,1,1,1,1,0,0,0
1,0,1,0,1,1,0,0,1,0,1,0,1,0,0,0,1,0,0,0,0,0,1,1,1,0,1,0,1,1,1,0,0,0
1,1,1,0,1,1,1,1,0,1,1,1,1,0,0,0,0,0,0,1,0,0,0,0,1,1,0,0,1,1,0,0,0,0
1,0,1,0,1,1,0,0,0,1,0,1,1,0,0,0,1,0,0,0,0,0,0,1,1,1,0,0,1,0,1,1,0,0
1,1,0,0,0,1,1,1,1,1,0,1,0,1,0,0,1,1,0,0,0,0,1,0,0,1,1,1,1,1,1,0,0,0
1,1,0,0,0,0,1,0,0,0,1,1,0,0,0,0,1,0,1,0,0,1,1,1,0,1,1,1,1,0,0,1,0,0
1,1,1,0,0,0,0,1,0,0,1,1,1,0,1,1,0,1,1,1,0,0,0,1,0,1,1,0,0,1,0,0,0,0
1,1,1,1,0,1,1,1,0,0,1,0,1,1,1,0,1,1,0,0,0,1,0,1,0,0,0,1,0,1,1,1,0,0
0,1,0,0,1,0,1,1,0,0,0,0,0,0,0,1,0,0,1,0,1,0,0,1,1,1,1,0,0,0,1,1,0,0
1,1,0,1,1,0,1,1,0,0,1,1,0,0,1,1,0,0,1,0,1,1,1,0,0,0,0,0,0,0,1,0,0,0
1,1,0,1,1,0,1,0,0,1,1,1,1,1,0,0,0,1,1,1,1,0,1,0,1,1,1,0,1,1,0,1,0,0
1,1,1,1,0,1,1,0,1,0,0,0,1,1,0,0,0,1,1,0,0,1,0,0,0,1,1,0,1,0,1,1,0,0
1,1,1,1,0,1,0,0,0,1,0,0,0,0,1,1,1,1,1,0,0,0,0,1,1,1,0,0,1,1,1,1,0,0
1,0,1,0,1,1,1,0,0,1,1,1,0,1,1,0,0,1,1,0,1,0,1,0,0,0,0,1,1,1,0,1,0,0
1,1,1,1,1,0,1,1,0,0,1,1,0,1,1,1,1,0,0,0,1,0,0,1,1,1,1,0,1,0,0,0,0,0
1,1,1,0,1,1,1,0,1,0,1,0,1,0,0,1,1,0,0,0,1,1,1,1,0,1,0,0,0,0,1,1,0,0
1,0,0,1,0,0,1,0,0,1,0,1,0,1,0,0,1,0,0,1,0,0,0,1,1,1,1,0,0,1,1,1,0,0
1,1,0,0,1,0,0,1,0,1,1,0,1,1,1,1,0,1,1,0,0,1,0,0,1,1,0,0,0,0,0,0,0,0
1,0,0,0,0,1,0,0,1,1,1,0,1,0,0,0,0,0,0,0,1,0,1,1,0,1,0,0,1,0,0,1,0,0
1,0,1,1,0,0,1,0,0,1,1,1,1,1,1,1,0,1,0,1,1,0,0,0,1,0,1,0,1,0,0,1,0,0
0,1,1,0,1,0,1,1,1,1,0,0,1,1,1,0,0,1,0,0,1,0,0,0,0,0,0,0,0,1,0,0,0,0
1,1,0,1,1,0,1,1,1,1,1,1,1,1,0,0,1,1,0,0,1,0,1,1,0,1,0,0,0,0,0,1,0,0
1,1,1,1,1,0,0,1,0,1,0,0,0,0,0,1,1,1,1,0,1,1,0,1,1,1,1,1,1,1,1,0,0,0
1,1,1,0,0,1,1,1,1,1,1,0,1,0,1,0,0,0,0,1,0,0,1,1,0,1,1,1,0,1,1,0,0,0
1,1,0,1,0,1,1,0,0,0,0,0,0,1,0,0,1,1,0,0,1,1,1,1,0,0,0,1,1,1,1,1,0,0
0,1,0,0,0,1,1,1,0,0,1,0,0,1,1,0,0,0,0,1,1,0,1,1,0,0,0,0,0,0,1,1,1,1
1,0,1,1,0,0,1,0,0,0,0,1,0,1,0,1,1,0,0,0,0,0,1,0,1,0,0,1,0,0,0,1,0,0
1,1,0,1,0,1,1,1,1,0,0,0,1,1,1,1,0,0,1,0,0,0,1,0,1,0,1,0,0,1,1,1,0,0
1,0,1,1,0,1,0,0,1,0,0,1,1,1,0,0,0,0,1,1,0,0,0,1,0,1,0,1,1,1,1,0,0,0
0,1,0,1,1,1,0,0,1,1,0,1,1,0,1,1,0,0,0,1,1,0,1,1,1,1,1,1,1,0,1,0,0,0
1,1,0,0,1,0,1,0,0,0,1,0,1,1,1,1,1,0,0,0,1,1,0,0,0,0,1,0,1,1,1,1,0,0
1,0,1,0,1,1,1,1,1,1,0,0,0,1,0,1,1,0,0,0,0,1,0,0,0,1,1,1,1,1,0,1,0,0
1,0,0,1,0,1,0,1,1,0,1,1,0,0,0,1,0,1,1,0,0,0,0,1,0,1,1,1,1,1,0,1,0,0
1,1,0,1,1,1,1,1,0,0,1,0,0,1,1,0,1,1,0,1,0,0,0,0,1,1,1,1,0,0,0,1,0,0
1,0,0,1,0,0,0,0,0,0,1,0,1,0,0,0,0,0,0,1,1,1,0,0,1,1,1,0,0,0,1,0,1,1
0,1,0,1,1,0,1,1,0,0,0,0,0,0,1,1,0,0,1,1,0,0,0,1,0,0,1,0,1,1,0,0,1,1
1,1,0,1,1,0,1,1,1,0,0,1,0,0,1,1,0,0,0,0,0,1,0,0,0,0,0,0,1,0,0,1,1,1
1,1,1,1,1,1,1,0,1,1,1,1,1,0,1,0,0,1,0,1,1,0,1,0,1,0,1,0,0,0,1,0,0,0
1,1,1,0,1,0,0,0,1,0,0,1,1,1,0,1,1,1,0,0,0,1,0,1,0,0,1,0,0,0,0,1,0,0
1,1,1,0,0,0,0,0,1,0,1,1,1,0,0,1,0,0,0,1,0,1,0,1,1,0,1,0,1,1,0,1,0,0
1,0,1,0,0,1,0,1,0,1,0,1,0,0,0,1,0,1,0,1,1,0,1,0,0,0,0,0,1,0,1,0,0,0
1,1,1,0,0,0,1,0,1,0,0,1,0,0,1,1,0,1,0,0,0,0,0,1,0,0,1,0,0,0,0,1,0,0
0,1,0,0,1,1,1,0,0,0,0,0,0,0,1,0,0,0,1,0,0,1,1,0,1,0,0,1,0,1,1,1,0,0
1,1,0,0,1,0,1,1,0,0,1,0,0,1,1,0,1,0,1,1,1,1,1,1,1,1,0,1,1,0,1,1,0,0
1,1,0,1,1,0,1,0,1,1,1,1,1,0,1,0,1,0,0,0,1,1,1,1,0,0,1,0,0,1,0,0,0,0
0,0,1,0,0,1,1,0,1,1,0,1,1,1,1,0,0,0,0,1,1,1,1,0,0,0,0,1,0,0,1,1,0,0
0,1,1,0,0,0,1,1,0,0,0,0,0,1,0,1,0,0,0,1,0,0,0,1,0,0,1,1,1,1,1,1,1,1
0,1,0,0,1,0,0,1,1,1,0,0,0,1,0,0,0,0,0,1,1,0,0,1,0,0,1,0,1,1,0,0,1,1
1,1,0,1,0,0,0,1,1,1,0,1,0,0,1,0,0,1,0,0,1,0,0,0,1,1,0,1,1,1,1,0,0,0
1,1,1,0,0,1,0,0,0,0,0,1,1,1,1,0,0,1,1,1,0,1,0,1,0,0,1,0,1,0,0,1,0,0
1,1,1,0,1,1,1,1,1,0,0,0,0,1,1,1,1,1,0,1,0,0,1,0,1,0,0,1,1,1,1,0,0,0
1,0,0,0,1,0,0,1,0,1,1,0,1,1,0,0,0,1,0,0,1,0,0,1,1,1,1,1,0,1,0,0,0,0
1,1,1,0,0,1,0,0,1,0,1,0,1,0,0,1,1,0,0,1,1,0,1,1,0,1,0,0,0,1,1,1,0,0
0,1,1,1,1,0,1,1,1,0,1,1,0,1,1,0,0,1,1,1,1,0,1,1,0,1,0,0,1,1,1,1,0,0
1,0,0,0,0,0,0,1,0,0,1,0,1,1,1,1,0,0,0,1,0,1,1,0,1,0,1,0,0,0,0,0,0,0
1,0,0,1,1,0,0,0,1,0,0,1,1,0,1,1,1,0,0,1,0,1,0,1,0,0,1,1,1,1,1,1,0,0
1,0,0,0,1,1,0,1,0,1,1,1,0,1,0,0,0,0,0,1,1,1,0,1,1,0,1,0,0,0,0,1,0,0
1,1,1,1,0,0,0,0,0,0,0,1,1,1,0,0,1,1,1,0,0,0,0,0,0,0,0,1,0,1,1,0,0,0
1,0,0,1,0,0,1,0,0,0,0,1,1,1,1,0,0,1,0,0,0,0,0,0,0,1,1,1,1,0,0,0,0,0
1,0,0,0,1,1,0,1,1,0,1,1,0,0,1,1,0,0,0,0,1,1,0,1,0,1,0,1,1,0,0,0,1,1
0,1,0,1,1,1,0,1,1,0,1,1,1,0,0,1,0,0,1,0,0,1,1,1,1,0,0,0,0,0,1,1,0,0
0,1,1,0,0,1,1,0,1,0,0,1,0,1,1,0,0,0,0,1,0,1,1,1,1,1,1,0,0,0,0,0,1,1
1,0,1,0,0,1,0,1,0,1,0,0,1,1,0,0,0,0,1,1,1,1,1,1,1,1,0,1,1,1,0,1,0,0
1,1,0,1,1,1,0,1,0,0,0,1,0,0,1,1,0,1,0,0,0,1,1,0,1,0,0,1,0,0,1,0,0,0
1,1,0,0,0,0,1,1,1,0,0,1,0,1,1,0,0,1,0,1,1,1,0,1,1,1,1,1,0,1,1,1,0,0
0,0,1,0,1,0,1,1,1,1,0,1,0,0,0,0,0,0,1,0,0,0,0,1,1,1,0,0,0,1,1,0,0,0
1,0,0,0,1,1,1,1,0,1,0,0,0,0,0,0,0,0,1,0,0,1,1,0,1,0,1,0,0,1,0,0,1,1
1,1,0,1,0,1,0,0,0,0,0,1,1,0,0,1,0,0,1,0,0,1,0,0,1,1,1,1,1,0,0,1,1,1
1,0,1,0,1,1,1,0,0,1,0,1,1,0,0,0,0,1,1,1,1,1,1,1,0,1,0,0,1,1,1,0,0,0
1,1,1,1,1,0,1,1,0,1,1,1,0,0,1,0,1,0,1,1,0,1,1,0,0,1,1,1,0,1,0,1,0,0
1,1,0,1,1,1,1,1,0,0,1,0,0,1,0,1,1,0,1,0,1,1,0,1,1,0,0,1,1,0,1,0,0,0
1,1,0,0,0,1,0,0,0,0,0,1,0,0,0,0,0,0,1,0,1,1,1,0,0,1,0,1,1,0,1,1,1,1
1,1,0,1,1,0,1,1,1,1,0,1,1,0,1,1,1,0,1,0,0,1,0,1,1,0,1,0,0,0,0,0,0,0
0,1,1,0,0,1,0,1,1,1,1,1,0,1,0,1,0,0,0,0,0,1,0,1,1,0,0,1,0,0,0,1,0,0
1,0,0,0,1,0,1,0,0,1,1,1,0,1,1,0,0,0,0,1,0,0,1,0,1,0,1,0,1,0,1,1,0,0
0,1,0,1,1,0,1,0,0,0,0,1,1,1,1,1,0,0,0,1,0,0,0,0,0,1,0,1,1,0,1,1,0,0
1,1,0,0,0,0,1,1,1,1,1,1,1,1,0,0,1,0,0,0,1,0,0,1,1,0,0,0,0,1,1,1,0,0
0,0,0,0,1,1,1,1,0,0,0,1,1,0,1,1,0,0,0,0,1,1,0,0,1,0,1,0,0,1,0,1,0,0
0,1,1,1,0,1,1,0,0,0,0,1,0,1,1,0,0,1,0,1,1,1,1,0,0,0,0,0,0,1,0,1,0,0
1,1,1,1,1,1,0,0,1,1,0,0,1,1,1,1,0,1,1,0,1,1,0,0,0,1,1,1,0,0,1,1,0,0
1,1,1,0,1,1,0,0,1,0,0,1,1,1,1,0,1,0,0,1,1,0,1,1,0,1,0,1,0,1,0,0,0,0
1,0,1,1,0,1,0,0,1,0,0,0,1,0,0,1,0,0,0,0,0,0,1,0,1,0,0,0,1,0,0,0,1,1
1,1,1,0,1,1,0,0,1,1,0,0,0,1,1,0,0,0,1,0,0,1,1,0,0,1,0,1,1,0,1,0,0,0
1,1,0,0,1,0,0,0,0,1,0,0,1,0,0,1,1,0,1,0,1,0,0,1,1,0,0,0,0,0,1,0,0,0
1,1,0,0,0,0,0,1,0,1,1,1,1,1,1,0,0,1,0,1,0,1,0,0,0,1,0,0,1,0,0,0,0,0
1,0,1,0,1,0,0,0,0,1,0,0,0,0,1,0,0,1,0,0,1,1,1,0,1,0,0,0,0,0,1,0,0,0
1,0,1,1,1,1,1,1,1,0,1,0,0,0,0,0,1,0,1,1,0,1,0,1,1,0,0,0,1,1,1,0,0,0
0,0,1,1,1,0,0,0,0,1,1,1,0,1,1,0,0,0,0,0,1,0,0,0,1,0,1,1,1,1,1,0,1,1
1,0,1,0,0,1,1,0,0,0,1,0,0,1,1,1,0,0,0,0,1,1,1,1,0,1,0,1,1,0,1,1,1,1
1,0,0,1,1,1,1,1,0,1,0,1,0,0,0,0,1,0,0,0,1,0,1,1,1,0,1,1,1,1,0,0,0,0
1,1,0,0,0,0,0,1,0,0,1,0,1,0,0,1,1,0,0,0,1,1,1,0,0,1,0,0,1,0,0,0,0,0
0,1,1,0,1,1,1,1,0,0,0,1,0,0,1,0,0,0,0,1,1,0,0,0,0,0,0,0,1,0,1,0,1,1
1,1,1,1,1,1,0,0,0,0,0,1,1,0,0,1,0,0,1,1,1,0,1,0,0,1,1,1,1,0,0,1,0,0
1,1,1,1,0,1,0,0,0,1,0,1,1,1,0,0,0,1,0,0,1,0,0,0,0,1,1,0,1,0,1,1,0,0
1,1,1,1,1,0,1,0,0,0,1,1,0,1,1,0,1,1,0,0,0,1,0,0,0,0,0,0,0,0,0,1,0,0
1,1,1,1,0,0,1,0,0,1,0,1,0,1,0,0,1,0,1,0,1,0,1,0,1,0,0,1,1,1,0,1,0,0
1,1,0,1,1,1,0,1,1,1,1,0,0,0,1,1,0,1,0,0,0,0,0,1,0,0,0,1,1,0,1,0,0,0
1,0,1,1,1,1,1,0,0,1,0,1,1,0,0,0,0,0,1,1,1,1,1,0,0,0,0,0,0,1,0,1,0,0
0,1,0,1,0,1,1,1,1,0,1,1,0,0,1,1,0,0,1,0,0,1,0,0,0,1,0,1,0,0,0,0,0,0
0,1,1,1,1,1,0,1,1,0,1,1,0,1,1,1,0,1,0,1,0,0,1,1,0,1,1,0,0,1,1,0,0,0
1,0,1,1,1,0,0,0,0,1,0,0,0,1,1,1,0,1,1,1,0,1,0,1,1,1,0,1,1,0,1,0,0,0
0,1,1,1,1,0,1,0,1,1,1,0,1,1,0,0,0,1,0,0,0,0,1,1,1,0,1,1,0,0,1,1,0,0
1,1,1,1,0,1,0,1,0,0,0,0,0,1,1,0,0,0,1,1,0,1,1,0,1,1,0,0,1,1,1,1,1,1
1,0,1,1,0,1,1,1,0,0,1,0,0,0,0,0,0,0,0,0,0,0,1,0,1,1,1,0,0,0,1,0,1,1
1,1,0,0,1,1,0,0,1,0,1,1,1,0,0,1,0,1,0,0,0,0,1,0,1,1,0,1,0,1,1,0,0,0
1,0,0,1,0,1,0,0,0,0,0,1,0,0,0,1,0,0,1,0,1,0,1,0,0,0,0,1,1,1,0,0,1,1
1,1,1,0,1,0,1,0,1,1,1,1,0,0,0,0,0,1,1,1,1,1,0,0,1,1,0,0,0,1,0,1,0,0
1,1,1,1,1,1,0,0,1,0,1,0,1,1,1,0,0,0,1,1,0,0,1,0,0,1,0,1,1,1,1,0,0,0
1,1,0,1,0,1,0,0,0,1,1,0,1,1,0,1,0,0,0,0,1,1,1,1,1,0,0,0,0,0,0,1,1,1
1,0,1,0,0,0,0,0,1,0,0,0,0,1,1,0,0,1,0,0,0,0,1,1,0,1,1,1,0,0,0,0,0,0
1,1,0,1,1,1,0,1,0,0,1,0,0,0,1,1,0,1,0,0,0,1,1,0,1,1,0,0,0,1,0,0,0,0
1,1,0,1,1,0,1,1,0,0,0,0,1,1,0,1,0,0,0,1,1,0,1,1,0,1,0,0,1,1,1,0,1,1
1,1,1,0,0,1,0,1,1,0,1,1,1,0,0,1,1,0,0,0,0,0,0,0,1,0,0,0,0,0,0,0,0,0
0,1,0,1,1,0,1,0,1,1,0,1,1,0,1,1,0,0,1,1,1,0,0,1,1,1,0,0,0,0,1,1,0,0
1,0,1,1,0,1,1,1,1,0,1,0,0,1,0,0,1,0,1,1,0,1,0,0,1,0,1,0,1,1,1,0,0,0
1,1,1,1,1,1,0,0,0,0,1,1,0,1,1,0,1,0,0,0,1,0,0,1,1,1,0,0,0,0,1,1,0,0
1,1,1,1,0,0,1,1,0,0,0,0,1,0,0,0,1,0,1,0,0,0,0,0,1,0,0,1,0,0,0,1,0,0
1,0,0,0,0,1,0,0,0,0,0,0,1,0,1,1,0,0,1,1,0,0,0,0,1,1,1,1,0,1,0,0,0,0
1,0,0,1,0,1,1,1,0,1,1,0,1,0,1,0,0,0,1,1,1,1,0,0,1,1,0,0,0,1,1,0,0,0
1,1,1,1,1,0,1,0,1,0,1,1,0,1,1,1,0,0,0,1,0,1,1,0,0,0,1,1,1,0,1,1,1,1
0,1,0,1,1,1,1,1,1,0,0,0,0,1,1,1,0,0,1,1,0,0,0,0,1,1,1,1,0,0,1,0,1,1
1,1,1,1,1,0,1,1,0,1,0,1,1,0,1,0,1,1,0,1,1,1,0,0,1,0,1,1,1,0,0,0,0,0
0,1,0,0,0,0,0,1,1,0,1,1,1,0,1,1,0,0,0,1,0,0,0,0,0,0,0,0,1,0,1,1,1,1
1,1,1,1,0,1,0,0,0,0,1,0,0,1,1,1,0,1,1,1,0,1,1,1,0,0,1,0,0,1,1,0,0,0
1,0,0,0,0,1,1,0,0,0,0,1,1,1,0,0,0,1,1,1,0,0,1,1,0,0,0,0,1,1,1,1,0,0
1,0,0,1,1,1,1,0,1,0,0,0,1,1,0,1,0,1,1,0,1,0,1,1,0,1,0,1,1,1,0,1,0,0
1,1,0,1,0,0,1,1,0,1,0,0,1,1,0,1,0,0,0,0,0,1,1,1,0,1,1,0,0,1,1,1,1,1
1,0,0,0,1,1,1,0,1,1,0,1,1,0,1,0,0,0,0,1,1,0,1,1,1,0,0,1,1,1,0,0,0,0
1,1,0,1,1,1,0,0,1,1,0,1,0,0,1,0,0,0,0,1,1,1,1,0,1,1,1,1,1,0,1,0,1,1
1,1,1,1,0,0,0,1,1,1,0,1,1,1,1,1,0,1,1,0,0,1,1,1,1,1,0,0,1,1,0,1,0,0
1,1,1,0,1,1,1,0,1,1,0,0,0,0,0,0,1,0,1,1,1,0,1,1,0,0,0,0,1,1,1,0,0,0
1,1,1,0,0,0,0,0,0,0,1,1,1,0,0,1,0,0,1,0,0,1,0,0,1,0,0,1,0,0,1,1,0,0
1,1,1,0,1,1,0,0,1,0,1,1,0,0,1,1,0,0,0,0,0,1,1,1,0,0,0,0,0,1,0,1,1,1
0,1,1,0,0,0,1,0,0,1,0,1,0,1,0,1,0,0,1,1,0,0,0,1,0,1,1,1,0,0,1,1,0,0
0,1,1,1,0,0,0,1,0,1,0,1,0,0,0,1,0,1,0,0,0,1,1,0,0,0,0,1,0,1,1,0,0,0
1,1,0,1,0,0,0,1,0,1,1,0,1,0,1,0,0,0,0,1,0,1,1,1,1,0,1,0,0,0,0,1,1,1
0,1,0,1,1,0,0,1,0,1,0,1,0,1,0,1,0,1,0,1,0,1,0,0,0,0,1,0,0,1,0,1,0,0
1,0,0,0,0,0,0,0,0,0,0,0,0,1,0,0,0,1,1,0,1,1,0,1,1,1,0,0,0,1,0,0,0,0
0,1,0,1,0,0,1,0,0,1,1,0,0,0,0,0,0,0,1,1,1,0,0,0,1,1,1,0,0,1,0,0,0,0
0,1,1,1,1,1,1,0,0,0,0,1,1,0,0,0,0,1,0,0,1,0,0,0,0,1,1,0,1,0,1,0,0,0
1,0,1,1,1,0,0,0,0,0,0,0,1,1,1,0,0,0,1,0,0,0,1,1,1,1,0,0,1,0,0,0,1,1
1,1,0,0,1,0,1,0,0,0,0,0,0,0,0,1,0,0,1,0,0,0,0,0,0,0,1,1,0,0,0,0,1,1
1,1,1,0,1,1,1,0,1,1,1,1,1,0,1,0,1,0,0,0,1,0,0,0,1,1,0,1,1,0,0,0,0,0
1,1,0,0,1,0,0,1,1,1,1,1,1,0,0,1,0,1,0,0,0,1,0,1,0,1,0,1,1,0,1,0,0,0
1,1,0,1,0,1,1,1,0,1,1,0,0,1,0,0,0,1,1,1,1,1,0,0,1,0,1,1,1,1,1,1,0,0
1,1,1,0,1,0,0,1,1,1,1,1,1,1,1,0,1,0,1,0,1,0,1,0,1,1,1,0,1,1,1,1,0,0
1,1,0,1,1,1,0,0,0,0,0,0,1,1,0,0,1,1,0,0,1,1,1,0,1,0,1,0,1,1,1,0,0,0
1,0,0,0,1,1,0,1,0,1,1,1,1,1,0,1,0,0,0,1,0,0,1,1,1,0,1,1,0,0,0,1,0,0
1,1,0,0,0,0,0,0,0,1,0,1,0,1,1,1,0,1,1,0,0,0,1,0,1,0,0,1,1,0,1,1,0,0
0,1,1,1,0,0,0,0,0,0,0,1,1,0,0,0,0,0,0,1,0,1,1,0,1,0,0,1,0,0,0,1,1,1
1,0,1,1,1,0,1,1,1,0,1,1,0,1,1,1,1,0,1,1,0,0,0,1,0,0,1,1,0,0,0,1,0,0
1,1,0,0,0,1,0,0,0,0,0,1,1,1,0,0,1,0,0,0,1,1,0,1,1,1,0,1,0,1,1,1,0,0
1,0,0,1,1,0,0,0,1,1,1,0,0,0,0,1,0,1,1,0,0,0,0,1,1,0,1,1,0,0,1,1,0,0
1,1,1,0,0,1,1,0,0,1,1,1,1,0,0,0,0,1,1,0,0,0,1,0,0,1,0,0,1,1,0,1,0,0
1,1,0,1,0,0,0,0,1,0,0,1,1,0,1,1,0,1,1,1,0,1,0,0,1,0,1,0,0,1,1,0,0,0
1,1,1,0,0,1,1,0,1,0,0,0,1,0,1,1,0,0,0,0,1,1,0,0,1,1,0,1,1,1,0,0,1,1
1,1,0,1,1,1,1,1,1,1,1,1,0,0,1,1,0,1,0,0,1,1,0,0,1,0,1,0,0,1,1,1,0,0
1,0,1,0,0,0,1,1,1,1,1,1,1,0,0,0,0,1,1,0,0,1,1,0,1,1,0,0,0,0,0,1,0,0
0,1,0,1,1,1,0,1,1,1,1,1,0,1,1,0,0,0,1,1,1,1,1,1,1,1,0,0,1,1,1,0,0,0
1,1,0,1,0,1,0,0,0,0,0,0,0,0,1,0,1,0,1,0,1,1,1,0,0,1,1,1,0,0,0,1,0,0
0,1,1,1,0,0,1,0,0,0,1,0,1,1,0,1,0,1,0,0,1,1,0,0,1,0,0,1,1,1,0,0,0,0
1,0,0,0,0,0,1,0,1,0,1,0,0,1,1,0,0,0,1,0,0,1,1,0,1,1,1,1,1,0,1,1,1,1
1,1,1,0,1,0,0,1,1,0,0,0,0,0,0,1,1,0,1,1,1,1,0,0,0,1,0,0,1,0,1,1,0,0
0,0,1,1,1,1,1,1,1,1,0,0,0,1,0,1,0,0,0,0,1,1,0,0,1,0,1,0,0,0,0,1,1,1
1,1,0,1,1,0,1,1,0,0,0,0,1,1,1,1,1,0,1,0,0,1,1,0,1,0,1,0,0,0,1,0,0,0
1,0,0,0,0,1,0,1,1,0,0,0,0,0,0,0,0,1,1,0,1,1,0,0,0,0,0,1,0,1,0,1,0,0
1,0,0,1,1,1,0,1,1,1,0,0,0,1,0,1,0,1,0,1,0,0,1,0,1,1,1,1,0,1,1,0,0,0
1,1,1,1,0,1,1,0,1,0,1,1,1,0,0,0,0,1,0,1,1,1,0,0,1,0,0,1,1,0,0,1,0,0
1,1,1,0,1,0,1,0,0,0,1,1,1,1,1,1,1,0,0,0,1,1,0,0,1,0,0,0,0,0,0,0,0,0
1,1,0,1,1,1,0,0,0,0,1,1,0,0,0,0,1,0,1,1,0,1,1,0,1,0,0,0,1,0,0,1,0,0
0,1,1,1,0,1,1,1,1,1,1,0,0,0,0,1,0,1,0,1,1,1,1,1,0,1,0,1,1,0,1,1,0,0
1,0,0,0,0,1,1,0,1,1,0,0,0,1,1,1,0,0,0,1,1,1,0,0,0,1,0,0,0,0,1,1,1,1
0,1,0,1,0,0,1,0,0,1,1,0,0,0,0,0,0,0,1,1,0,1,0,1,1,1,1,1,1,0,1,1,0,0
0,0,1,1,1,0,0,1,1,1,0,0,0,0,0,1,0,0,0,0,0,1,1,0,0,1,1,0,1,0,1,0,1,1
1,1,0,1,0,0,1,0,1,1,1,1,1,1,1,0,0,0,0,0,0,1,1,0,1,0,0,1,1,0,0,0,0,0
1,1,1,1,0,0,0,1,1,0,0,1,1,0,0,0,0,0,1,0,1,1,0,1,1,1,1,1,1,1,1,0,0,0
1,1,0,0,1,0,0,1,1,1,0,0,1,1,0,0,0,0,0,0,1,1,1,0,1,0,1,0,0,1,1,0,1,1
1,1,0,0,0,1,0,1,0,0,0,1,0,1,1,0,0,1,1,1,0,1,0,0,0,0,1,1,1,1,0,1,0,0
1,0,1,0,1,1,1,1,0,0,0,0,0,0,1,0,0,1,1,1,0,1,1,1,0,0,1,1,1,1,0,0,0,0
1,0,1,0,0,0,0,1,0,1,1,0,1,1,1,1,0,0,0,1,0,0,0,0,1,1,1,0,0,0,0,0,1,1
1,1,1,1,1,0,0,0,1,1,1,1,1,0,0,1,0,1,0,0,1,1,1,1,1,1,1,0,0,1,1,1,0,0
1,1,0,1,0,1,0,0,0,0,1,1,1,1,0,0,0,1,0,0,0,1,1,0,0,1,1,1,0,1,0,0,0,0
1,1,0,1,1,1,1,1,0,1,0,0,1,0,1,1,0,0,0,0,1,1,0,1,1,1,0,1,1,0,1,1,1,1
1,1,0,1,0,1,0,0,1,0,1,1,1,0,0,1,0,1,0,0,0,0,1,1,1,0,0,0,0,0,1,0,0,0
1,0,1,1,0,0,1,0,0,1,1,1,1,0,0,1,1,0,1,0,1,1,1,0,1,0,0,0,0,0,0,1,0,0
1,1,0,0,0,0,0,0,1,1,1,1,1,0,0,1,1,0,1,1,0,1,0,1,0,0,0,0,1,0,1,1,0,0
1,1,0,0,0,0,0,0,1,1,1,0,1,0,0,1,0,0,1,1,1,0,0,0,1,1,0,0,0,0,1,1,0,0
1,0,0,1,1,1,1,0,1,0,0,1,0,0,1,0,0,1,1,1,0,0,0,0,1,1,0,0,0,1,0,1,0,0
1,0,1,1,0,1,1,0,1,0,0,0,0,1,0,0,0,0,1,1,0,0,0,1,0,1,0,1,0,1,0,1,1,1
1,1,0,0,1,1,1,1,1,1,0,0,1,0,0,1,0,0,1,0,0,0,0,1,1,1,1,0,0,1,0,0,0,0
1,0,1,0,0,1,0,0,1,0,1,0,0,0,1,1,0,0,0,1,0,1,1,1,0,1,0,1,1,0,0,0,1,1
1,1,0,1,0,1,1,0,1,0,0,0,1,1,1,1,0,1,0,1,1,1,0,1,1,0,0,0,0,1,1,0,0,0
1,1,1,1,0,0,1,1,1,0,0,0,1,0,1,0,0,0,0,0,0,0,0,1,0,1,1,1,1,1,1,1,1,1
1,1,0,0,0,0,1,0,1,1,0,1,0,1,0,1,1,1,0,0,0,0,0,0,1,1,0,0,0,1,0,0,0,0
1,0,0,0,0,1,1,0,1,0,0,1,0,0,1,1,0,1,1,1,0,1,0,0,1,0,1,0,0,0,1,0,0,0
1,0,1,1,1,0,1,1,1,1,0,0,0,0,1,0,0,1,0,0,1,0,0,0,1,1,1,1,0,1,1,0,0,0
0,1,1,1,0,0,1,0,1,0,0,1,1,1,0,0,0,0,1,1,0,0,0,0,1,1,0,1,1,0,1,1,0,0
1,1,1,1,1,0,1,1,1,1,1,1,0,1,1,1,1,0,0,0,1,1,1,1,0,1,1,0,1,1,0,0,0,0
1,0,1,1,1,1,1,1,0,1,1,1,1,0,0,0,0,1,1,1,0,0,0,0,0,1,0,1,1,0,1,0,0,0
1,1,1,0,1,0,0,0,1,1,1,1,0,1,0,1,0,0,0,0,0,1,0,1,1,0,1,1,1,1,0,1,0,0
1,0,1,0,0,0,1,0,1,0,1,1,1,1,0,1,0,1,1,1,0,0,1,1,1,0,1,1,1,1,1,1,0,0
1,0,1,0,0,0,0,1,0,1,1,1,0,1,1,0,0,1,0,1,1,1,1,0,0,1,1,0,0,1,1,1,0,0
1,1,0,0,1,1,1,0,1,0,0,1,1,0,1,0,0,0,0,0,0,0,1,0,1,1,0,1,1,0,0,1,1,1
1,1,1,0,1,0,0,0,1,0,0,1,0,0,1,0,0,1,0,0,0,1,1,1,0,0,1,1,1,1,0,1,0,0
1,0,1,1,1,0,0,1,0,1,1,0,0,0,1,1,0,1,1,0,0,0,1,0,0,1,1,0,1,0,0,1,0,0
1,1,1,1,0,0,1,1,0,0,0,1,0,0,0,1,0,0,1,0,0,1,0,1,1,0,1,1,0,0,0,1,1,1
0,1,1,0,0,1,0,0,0,0,0,0,0,0,0,1,0,1,0,1,0,1,0,1,1,0,0,1,0,1,0,0,0,0
1,1,1,1,0,1,0,0,0,0,0,0,1,1,1,1,0,0,1,1,1,0,1,0,0,1,0,1,1,1,1,0,0,0
0,1,1,1,0,0,0,0,1,1,0,1,1,0,1,1,0,0,0,0,1,0,0,1,0,1,1,1,0,0,0,0,1,3
1,0,1,0,1,1,1,0,1,0,1,1,0,0,0,0,0,0,0,1,0,1,1,1,0,0,1,1,0,0,0,0,1,1
1,1,0,0,0,0,1,0,1,0,0,0,0,1,0,0,1,0,1,1,0,0,1,1,1,0,1,1,0,1,0,1,0,0
1,0,0,1,1,1,1,1,0,0,0,0,0,1,1,0,0,0,0,0,0,1,0,1,1,1,1,0,1,0,0,0,1,1
0,1,0,1,1,0,1,0,1,0,1,0,1,0,1,0,0,1,0,0,0,1,0,0,0,1,1,1,1,1,0,1,0,0
0,1,1,0,1,1,0,1,0,0,0,1,1,0,0,0,0,1,1,0,0,0,1,1,1,1,1,1,1,1,0,0,0,0
1,1,1,1,0,1,1,1,0,1,0,0,1,1,0,1,1,0,1,0,1,1,1,1,1,1,0,0,0,0,0,1,0,0
1,1,1,0,0,1,0,1,1,1,1,1,1,1,0,1,1,0,1,0,0,1,0,1,1,0,1,1,1,1,1,0,0,0
1,1,1,1,1,1,1,0,1,1,1,0,0,0,0,1,1,1,0,0,1,0,1,0,0,0,0,1,0,1,0,1,0,0
1,0,1,0,1,0,1,0,0,0,1,0,1,1,1,1,0,1,0,0,0,0,0,1,0,1,0,1,1,1,0,1,1,1
1,1,1,0,0,1,0,0,1,1,0,0,1,1,1,1,0,0,1,1,0,1,0,0,1,0,1,0,1,0,0,1,0,0
1,1,1,0,1,0,1,0,0,0,0,1,1,1,1,1,1,0,1,1,0,1,1,0,1,0,0,1,1,1,1,0,0,0
1,1,1,0,1,0,1,1,0,1,0,1,0,1,0,0,1,1,0,1,1,0,0,1,1,0,0,0,0,1,1,1,0,0
0,0,1,1,0,0,1,0,0,0,1,0,1,0,0,1,0,0,0,1,0,1,1,0,0,1,1,1,1,0,1,0,1,1
1,1,1,1,0,0,1,0,1,0,1,1,0,0,0,0,0,0,0,0,0,0,0,1,1,0,1,0,0,1,0,0,1,1
1,1,1,1,0,1,1,0,0,1,1,0,1,1,1,1,1,0,1,1,1,1,0,1,1,0,0,1,0,1,0,1,0,0
1,0,0,1,1,1,1,0,0,0,0,1,1,0,1,0,0,0,1,1,1,0,0,0,0,1,1,1,0,1,1,0,0,0
1,0,0,0,0,1,1,0,1,0,1,0,1,0,0,1,1,0,0,0,0,1,1,0,0,0,0,0,1,1,0,0,0,0
1,0,0,0,1,1,0,1,1,0,1,0,0,1,1,0,0,1,1,0,0,0,1,0,1,0,1,0,0,1,0,0,0,0
1,1,1,1,1,0,1,0,0,1,0,0,1,1,0,0,0,1,1,0,0,0,1,1,0,1,1,1,0,1,1,0,0,0
0,1,1,1,0,1,0,0,1,0,0,0,0,0,1,1,0,0,1,1,1,1,0,1,0,1,0,1,1,1,1,1,0,0
1,1,0,1,0,1,1,0,0,0,1,0,0,1,1,0,1,0,1,0,0,1,1,1,1,0,0,1,0,1,0,1,0,0
1,1,1,1,1,1,1,1,0,1,1,0,0,1,1,1,1,0,0,0,1,1,0,1,0,1,1,0,0,1,0,0,0,0
1,1,1,0,1,0,1,0,1,0,0,1,1,1,1,0,0,1,0,0,0,1,0,0,0,0,0,0,1,0,1,1,0,0
1,1,1,1,1,1,1,1,0,1,1,1,1,0,0,1,1,0,1,1,0,0,1,1,1,0,1,1,1,1,1,1,0,0
1,1,1,1,0,1,1,0,1,1,1,0,0,0,0,0,0,0,1,0,1,1,1,0,0,0,1,1,0,1,0,1,0,0
0,1,1,0,0,0,1,0,1,0,0,1,0,1,1,0,0,0,1,1,1,0,0,1,0,0,1,0,1,0,1,0,0,0
1,1,1,1,0,0,1,0,0,0,1,1,0,1,1,1,0,1,0,1,0,0,0,0,1,1,1,0,0,0,1,1,0,0
1,1,0,0,0,0,0,1,0,0,0,0,0,1,1,0,0,1,0,0,0,0,1,1,0,0,1,0,0,1,1,1,0,0
0,1,1,1,1,0,1,1,1,1,1,1,0,0,1,0,0,0,1,1,1,0,0,0,1,1,1,1,0,0,1,1,0,0
1,1,1,0,0,0,0,0,0,1,0,1,0,0,0,1,0,1,0,1,1,0,0,0,1,1,0,0,0,1,0,0,0,0
1,1,0,1,0,0,1,1,1,1,0,1,0,1,1,1,0,0,1,1,1,1,1,1,0,0,0,0,1,0,1,0,1,1
1,1,1,0,1,1,0,1,0,0,1,0,1,0,1,1,1,0,1,0,1,1,1,1,1,1,0,1,0,0,0,0,0,0
1,1,1,1,1,0,0,1,1,1,1,0,1,0,0,1,1,0,1,1,0,0,1,1,1,1,1,1,0,1,1,1,0,0
1,1,0,1,1,1,0,1,1,1,0,0,0,0,0,0,0,1,0,1,1,1,1,1,1,1,0,0,0,0,0,1,0,0
1,0,1,1,0,1,1,1,0,0,1,1,1,1,0,1,1,0,0,0,0,0,1,1,1,0,0,0,1,0,0,0,0,0
0,1,0,0,1,0,1,1,1,0,1,1,0,1,0,1,0,0,0,1,0,1,0,0,1,0,0,0,0,0,0,0,1,1
1,1,1,1,0,1,1,1,1,1,1,0,1,0,1,0,1,1,1,0,1,0,1,1,1,1,0,1,1,1,1,0,0,0
1,0,1,0,0,0,0,1,1,1,0,0,1,0,0,1,0,1,0,1,0,1,1,1,0,0,0,1,0,0,0,0,0,0
1,0,0,0,0,1,1,1,0,0,0,0,1,0,0,0,0,0,1,0,0,0,0,1,0,0,1,1,1,0,0,0,0,0
1,0,0,1,0,0,0,1,0,0,1,1,1,0,0,0,0,1,0,0,0,1,1,1,1,1,0,0,0,0,1,1,0,0
1,1,0,1,1,1,0,1,1,1,1,1,0,0,1,0,0,0,1,0,0,0,1,1,0,0,1,0,0,0,0,1,0,0
1,0,0,1,0,0,0,0,1,1,1,1,0,1,1,0,1,0,0,0,0,0,1,1,1,1,1,1,0,1,0,0,0,0
1,0,0,1,0,1,0,0,1,0,1,0,1,0,0,1,0,0,0,1,0,1,0,1,0,0,1,0,0,1,0,0,1,1
0,1,0,0,0,0,0,0,0,1,0,1,1,1,1,0,0,0,0,1,0,1,0,0,1,0,1,0,1,0,1,0,0,0
1,1,1,1,0,1,0,1,0,1,1,1,1,1,0,1,1,0,1,0,0,0,0,0,1,0,1,1,1,0,1,1,0,0
1,1,0,0,0,0,1,0,0,1,0,0,0,0,0,0,0,1,0,0,1,1,0,1,1,1,0,0,1,0,1,1,0,0
1,0,1,0,1,1,1,0,1,1,1,1,0,0,1,1,1,0,0,0,1,0,0,0,1,1,0,0,1,1,1,1,0,0
1,1,1,1,0,0,0,0,1,0,0,0,1,0,1,1,0,1,0,1,0,1,0,0,0,0,1,0,1,1,1,0,0,0
1,1,1,0,0,1,0,1,0,0,0,1,1,0,1,0,0,1,0,0,1,1,1,1,1,0,1,1,1,0,1,0,0,0
1,1,0,1,0,0,0,1,0,0,1,1,1,1,0,0,0,0,1,1,1,0,0,0,0,1,1,0,1,1,1,0,0,0
0,1,0,0,1,1,1,0,1,0,0,1,1,1,0,1,0,0,1,0,1,1,0,1,0,1,0,0,1,1,0,0,0,0
0,1,1,0,0,1,1,0,1,1,1,1,0,0,0,1,0,1,0,1,0,0,0,0,0,0,0,0,1,0,0,1,0,0
1,0,0,1,0,1,0,1,0,1,1,0,0,1,0,1,0,0,0,1,1,1,0,1,0,1,1,1,0,1,1,0,1,1
0,1,1,1,1,0,0,1,0,0,1,0,1,0,0,1,0,1,1,1,0,0,0,0,1,0,0,0,1,1,1,0,0,0
0,1,1,0,0,1,1,1,0,1,0,1,1,1,0,1,0,1,0,0,0,1,1,1,0,1,0,1,0,1,1,0,0,0
1,1,0,0,0,0,1,1,1,1,0,1,0,1,1,1,0,1,0,0,1,0,1,0,0,1,0,1,1,0,0,1,0,0
1,0,0,1,0,1,1,0,1,1,1,1,0,0,0,1,0,0,1,0,1,0,1,1,0,1,0,1,1,0,0,1,0,0
1,1,0,1,0,1,1,0,1,1,0,1,1,1,1,0,1,0,0,0,0,1,0,1,1,1,0,0,1,0,1,0,0,0
1,0,0,0,1,1,1,0,0,0,1,0,0,0,1,0,0,0,0,1,1,1,0,0,0,0,1,0,0,0,0,1,1,1
1,1,1,0,0,0,0,1,0,0,0,0,0,0,0,1,1,0,0,1,0,0,0,0,1,0,0,0,1,1,0,0,0,0
1,1,1,1,1,0,1,1,1,0,1,1,1,1,1,1,0,0,1,0,1,1,1,0,0,1,0,1,0,0,0,0,0,0
1,0,0,0,1,0,1,0,1,1,1,1,1,0,1,0,0,0,1,0,0,0,0,1,1,0,0,1,0,0,0,1,0,0
1,1,0,1,0,1,0,0,1,1,0,1,1,0,1,1,0,0,1,1,1,0,0,0,1,0,0,1,0,1,1,0,0,0
1,0,0,1,0,1,0,0,0,0,0,1,0,0,1,1,1,0,0,0,0,0,1,0,0,1,0,1,1,1,0,0,0,0
1,1,0,0,1,0,1,1,0,0,0,0,1,1,1,0,0,1,1,0,1,0,0,0,1,0,1,0,0,1,1,1,0,0
0,1,1,1,1,1,1,0,0,0,1,0,0,1,1,1,0,1,0,1,1,1,1,1,0,1,0,0,1,0,1,1,0,0
1,1,1,0,0,1,1,0,0,1,0,0,1,1,0,1,1,0,1,0,0,0,0,0,0,0,1,0,1,1,1,1,0,0
1,0,1,1,1,1,1,0,1,1,1,1,1,0,1,0,0,1,1,0,0,0,0,0,1,1,0,0,0,0,1,1,0,0
1,0,0,1,1,0,1,1,1,1,1,0,1,0,1,1,0,0,0,1,0,0,1,1,1,0,1,0,1,0,0,1,0,0
1,1,0,0,0,1,1,0,1,0,1,0,0,1,1,0,1,0,0,0,0,1,1,0,1,1,1,0,1,1,0,1,0,0
1,1,0,0,0,0,0,1,1,0,0,1,1,0,1,0,1,0,1,0,0,0,0,0,1,0,0,0,1,1,1,1,0,0
1,1,0,1,1,0,0,1,0,0,1,0,0,0,0,1,0,0,0,1,1,1,1,0,0,0,1,1,1,1,0,0,1,1
1,1,1,0,0,0,0,1,1,0,1,0,1,1,0,1,1,0,1,1,1,1,0,0,1,0,1,1,0,1,1,0,0,0
1,0,0,1,0,1,0,0,1,1,0,0,1,1,0,0,1,0,0,0,1,0,0,0,0,1,0,0,1,1,1,1,0,0
1,1,1,0,0,0,1,0,1,1,0,0,1,0,0,1,1,0,1,0,1,1,1,1,1,0,0,1,0,1,0,0,0,0
1,0,1,1,1,0,1,1,0,0,0,0,0,0,0,1,1,0,1,0,1,1,0,1,1,0,0,0,1,1,1,0,0,0
0,1,0,0,0,1,1,1,0,0,1,0,0,1,0,1,0,0,0,1,0,0,1,0,0,0,1,1,1,0,1,1,1,1
1,1,1,0,0,1,1,1,0,0,1,0,1,0,0,0,0,1,1,1,0,1,1,1,1,0,1,0,1,0,0,0,0,0
0,1,1,0,1,0,1,1,1,1,1,1,0,1,1,0,0,0,1,1,0,1,0,1,0,0,1,1,1,1,1,0,0,0
1,1,1,0,1,0,0,1,1,1,1,0,0,1,1,1,1,0,1,0,1,1,1,1,0,1,0,0,1,0,0,1,0,0
1,0,0,1,0,1,1,0,1,1,1,0,1,0,1,1,1,0,0,0,0,1,1,0,0,0,0,1,1,1,1,1,0,0
1,1,1,0,1,0,1,0,1,1,0,1,1,1,0,0,1,0,0,0,1,0,1,1,0,0,0,0,1,0,0,0,0,0
1,0,0,0,0,1,0,1,1,1,1,1,0,0,1,1,0,0,1,1,1,1,0,0,0,0,1,1,1,1,1,1,0,0
1,1,1,1,0,0,1,0,0,1,0,1,1,1,0,0,0,0,0,0,0,0,1,0,0,0,0,0,1,0,1,0,1,1
1,0,1,1,0,1,1,0,1,0,1,0,1,0,1,1,0,0,0,0,0,0,1,1,0,0,0,1,1,0,0,1,1,1
1,0,0,1,1,1,0,0,0,0,0,0,1,1,1,1,0,1,1,1,1,0,0,1,1,0,1,0,1,0,1,0,0,0
1,1,0,0,0,1,0,1,0,1,0,0,0,1,1,0,1,0,1,1,1,0,1,1,0,0,1,0,1,0,0,1,0,0
1,1,0,1,1,0,0,0,0,0,1,0,1,0,1,0,1,0,1,0,1,1,1,0,1,1,1,0,0,0,1,0,0,0
1,1,1,1,0,0,1,1,0,1,1,1,0,1,0,1,0,0,0,0,0,0,1,1,1,0,1,1,1,1,0,0,1,1
0,1,1,1,1,0,1,0,1,1,0,1,0,1,0,0,0,0,0,0,0,1,1,1,1,1,0,0,0,0,0,1,1,1
1,1,0,1,1,0,1,1,1,1,0,0,0,0,0,1,1,0,1,0,0,0,0,0,0,0,1,1,0,1,1,1,0,0
1,0,0,0,0,0,0,0,1,1,0,0,0,0,0,1,0,1,1,1,1,0,1,0,0,1,1,0,0,0,1,1,0,0
1,1,1,0,0,1,1,1,1,1,0,1,1,1,1,0,1,1,0,0,0,0,1,1,1,1,1,1,0,1,0,1,0,0
1,1,1,0,0,0,0,1,0,1,0,1,0,0,0,1,1,0,1,0,0,0,1,1,0,0,0,1,0,0,0,1,0,0
1,0,0,0,0,0,1,0,0,1,1,1,0,0,1,1,0,0,0,0,0,0,1,1,0,1,0,0,0,1,0,1,0,0
1,0,1,0,0,1,1,1,0,1,0,0,0,0,0,0,0,0,0,0,0,1,1,0,1,1,1,1,0,0,0,0,1,1
0,0,1,0,1,1,0,0,1,1,1,0,0,0,1,0,0,0,0,0,1,0,0,0,1,0,1,0,0,1,0,0,0,0
1,1,0,1,1,1,1,0,0,1,1,1,0,0,0,0,1,0,0,0,1,1,1,0,0,0,0,0,1,1,1,0,0,0
1,1,1,1,1,1,1,1,1,0,1,0,1,0,1,1,1,0,1,1,1,0,1,0,0,1,0,1,1,0,1,0,0,0
1,0,0,1,0,1,1,0,0,1,0,0,1,1,0,1,0,0,1,1,0,1,1,1,1,0,0,1,0,1,1,1,0,0
1,1,0,1,0,1,0,1,0,1,1,1,1,1,0,1,0,0,1,0,0,1,0,0,0,0,0,1,0,1,1,0,0,0
1,1,1,0,0,0,1,1,1,1,1,0,1,0,0,1,1,1,0,1,0,1,1,0,1,1,0,0,1,1,1,0,0,0
1,1,0,0,1,1,1,1,1,1,1,1,1,0,1,0,1,0,1,1,0,0,0,1,1,0,0,1,1,1,0,0,0,0
1,0,1,1,0,1,1,1,0,0,1,0,0,0,1,1,0,0,0,0,1,1,1,1,0,0,0,1,1,0,0,0,1,1
1,0,1,0,1,1,1,1,1,0,1,1,1,1,1,1,0,0,0,1,1,1,0,0,0,0,1,0,0,0,0,1,0,0
1,1,0,1,0,0,1,1,1,1,0,0,1,1,0,0,0,0,1,1,0,1,0,0,0,1,0,1,0,0,1,0,0,0
1,1,1,0,0,0,0,1,0,1,1,1,0,1,1,1,1,0,0,1,1,1,0,1,1,1,1,0,0,0,0,0,0,0
1,0,0,1,1,0,0,0,0,1,0,1,0,0,1,1,0,0,1,0,1,1,0,0,0,1,0,0,0,1,1,1,0,0
0,1,1,0,0,0,0,0,0,0,0,0,1,0,0,1,0,0,1,1,0,1,0,0,1,1,1,1,1,0,1,1,1,1
1,0,1,1,1,1,0,1,1,1,1,1,0,0,0,0,0,1,0,1,1,0,1,1,1,0,0,0,0,1,1,0,0,0
1,0,1,1,1,1,0,1,1,1,1,1,0,0,1,1,0,0,0,1,0,0,1,1,1,0,0,1,1,1,1,0,0,0
0,1,1,1,0,1,0,1,1,1,1,0,1,1,1,0,0,0,0,0,1,1,1,0,0,1,0,0,1,0,1,1,1,1
1,1,1,1,1,0,0,1,0,1,1,1,0,1,1,0,1,1,0,1,1,0,1,1,0,1,1,1,1,0,1,0,0,0
0,1,1,0,0,0,0,1,0,0,0,1,1,1,0,0,0,1,0,0,0,0,1,1,0,0,1,1,1,1,0,0,0,0
1,0,1,1,0,1,1,1,1,1,1,0,1,0,0,0,0,0,1,0,1,1,0,1,0,0,0,1,0,0,0,0,0,0
1,1,1,0,1,1,0,0,1,1,1,1,1,0,0,1,0,1,0,0,1,0,1,1,1,1,1,0,1,1,0,0,0,0
1,1,1,0,0,0,0,0,1,1,0,0,1,0,1,0,1,0,1,0,0,1,0,1,1,1,0,0,1,1,0,0,0,0
0,0,1,1,0,1,0,0,0,0,0,1,1,0,0,1,0,0,0,0,1,1,1,0,1,1,0,1,1,1,1,0,0,0
1,0,1,0,0,0,0,1,1,1,0,1,1,0,1,0,1,0,0,0,0,0,0,1,1,1,0,1,1,1,1,1,0,0
0,1,0,1,1,0,0,0,1,0,0,0,1,0,1,1,0,1,0,1,0,0,1,0,0,1,0,0,1,0,1,0,0,0
1,1,1,0,0,1,1,0,1,0,1,1,0,1,0,1,0,1,0,1,0,0,1,0,0,1,0,1,0,1,0,0,0,0
1,1,1,1,1,1,1,0,1,1,0,1,1,0,1,0,0,0,1,1,1,0,0,0,1,0,1,1,1,0,1,1,0,0
0,1,1,1,1,1,1,1,1,0,0,1,0,1,0,1,0,0,1,0,1,0,1,0,0,0,0,0,0,1,1,0,1,1
1,1,1,1,1,0,1,0,1,0,1,0,1,1,1,1,0,1,1,0,1,1,0,0,1,0,0,1,1,0,0,0,0,0
1,0,1,1,1,1,1,1,0,0,1,0,1,0,1,1,0,0,1,0,0,0,0,0,1,0,1,1,0,0,1,1,1,1
1,0,0,1,0,0,1,0,1,1,1,1,1,1,1,0,1,0,0,0,0,1,1,0,1,1,0,0,0,1,0,0,0,0
0,0,1,1,1,1,0,1,1,1,1,0,1,1,0,1,0,0,1,0,1,0,1,0,1,1,0,0,1,1,0,1,0,0
0,0,1,1,0,1,0,0,1,0,1,0,1,1,0,0,0,0,0,1,0,1,0,1,1,1,0,1,1,0,0,1,1,1
1,1,0,1,1,0,0,1,1,0,1,1,1,0,1,1,0,1,0,1,1,1,0,1,0,0,0,0,1,0,0,0,0,0
1,0,0,0,1,1,0,1,0,0,1,0,1,1,0,1,0,0,1,1,0,0,0,1,0,0,1,0,0,0,0,0,0,0
1,1,1,0,0,0,0,0,1,0,0,1,0,1,0,1,0,0,1,1,0,1,1,1,1,1,1,0,1,1,1,1,0,0
0,0,1,1,0,1,0,1,1,1,0,1,1,0,1,0,0,0,1,0,0,0,1,1,1,0,0,1,1,0,0,1,0,0
1,0,1,1,0,1,0,1,0,1,0,1,1,1,1,0,1,0,1,0,0,1,1,0,1,0,1,1,0,0,1,1,0,0
1,1,0,1,0,1,1,0,0,1,1,0,1,1,1,0,0,1,1,0,1,0,0,1,0,1,0,0,0,0,0,0,0,0
1,0,0,0,1,0,0,0,1,0,1,0,1,1,1,0,0,1,0,0,1,1,1,0,1,0,0,0,1,1,0,1,0,0
1,1,0,1,1,1,0,0,1,1,1,1,0,0,0,1,1,1,0,0,0,1,0,0,1,1,1,1,0,0,1,0,0,0
1,0,0,0,1,0,0,1,0,0,1,0,1,1,1,0,0,1,0,1,0,1,0,0,0,1,1,0,1,0,0,0,0,0
1,0,1,0,0,1,1,1,1,1,0,1,1,1,0,0,0,1,1,0,1,0,0,1,1,0,0,0,0,1,1,0,0,0
0,1,1,1,0,0,0,0,1,0,1,0,1,1,1,0,0,0,1,0,1,0,0,1,1,1,1,0,1,0,0,1,0,0
1,0,1,1,1,1,1,1,0,0,0,0,1,1,1,1,0,0,0,0,1,1,1,1,1,0,1,0,1,0,0,0,0,0
1,1,1,0,1,0,0,0,0,0,0,1,0,0,0,0,1,0,1,0,0,1,0,0,0,1,0,0,1,1,0,0,0,0
1,0,0,1,0,1,1,1,0,1,0,0,1,0,1,1,0,0,0,0,0,0,1,0,0,1,1,0,1,1,0,0,1,1
1,1,0,1,0,1,1,0,0,0,0,1,0,1,0,1,0,0,1,1,0,0,0,1,0,1,1,1,0,0,0,0,1,1
1,0,1,1,1,0,1,0,1,1,0,0,1,0,0,1,0,0,1,0,1,1,1,0,0,1,1,1,0,1,0,1,0,0
1,1,1,0,1,1,1,1,0,1,0,1,1,1,0,1,0,1,0,1,0,1,1,0,1,1,1,0,0,1,0,0,0,0
1,0,1,0,1,0,0,1,1,0,1,1,1,1,1,1,0,1,1,1,1,1,0,0,1,1,1,1,0,1,0,1,0,0
1,0,1,0,1,1,0,1,1,1,1,1,0,0,1,0,0,1,1,0,0,0,1,1,1,0,0,1,1,0,0,1,0,0
1,1,0,1,0,0,1,0,1,1,0,0,0,0,0,0,0,1,1,1,0,0,1,0,0,1,1,0,1,1,1,0,0,0
1,1,1,1,1,0,0,1,1,1,1,1,0,0,0,1,0,0,0,1,0,1,0,1,1,1,1,1,0,0,0,0,0,0
0,0,1,1,1,1,0,0,1,1,1,1,1,1,0,0,0,0,0,1,1,1,1,1,0,1,0,0,1,0,1,1,0,0
1,0,1,1,0,0,1,1,0,0,0,0,1,0,1,1,0,1,0,0,1,1,0,0,1,0,0,1,1,1,1,0,0,0
1,1,0,0,1,1,1,1,1,0,1,1,0,1,1,1,0,0,0,0,0,1,0,0,0,1,0,0,0,1,0,0,1,2
1,1,0,0,1,0,0,0,0,0,0,0,1,0,1,0,1,0,1,1,1,1,1,0,0,1,1,0,1,0,1,0,0,0
1,1,1,1,1,0,1,0,1,1,1,0,0,0,1,0,0,1,0,1,1,0,0,0,0,0,0,0,1,1,0,1,0,0
1,1,0,1,0,0,0,0,0,1,1,1,1,0,1,1,0,0,1,0,0,1,1,0,1,1,1,0,0,1,1,1,0,0
1,0,0,0,0,0,1,0,1,1,1,0,0,0,1,1,0,0,0,1,1,1,0,1,1,1,0,1,1,0,1,1,0,0
1,0,0,1,1,1,0,1,1,1,1,1,1,0,0,1,0,1,0,0,0,1,1,1,0,0,0,1,1,1,1,1,0,0
0,1,0,0,0,0,0,0,1,0,0,1,0,1,1,1,0,0,0,1,1,1,1,1,0,0,1,0,1,1,1,0,1,1
1,0,1,1,0,0,0,1,1,0,0,1,0,1,1,1,0,1,0,0,0,1,1,1,1,0,1,1,0,0,1,0,0,0
1,0,0,0,0,1,0,1,0,1,1,1,0,0,1,1,0,0,1,1,0,1,0,0,1,0,1,0,1,1,0,0,0,0
1,0,1,1,1,1,1,1,0,0,0,1,1,1,1,1,0,0,0,0,0,1,0,1,0,1,1,0,0,0,0,0,0,0
1,1,0,1,1,1,1,0,1,1,1,0,0,1,0,0,0,1,1,0,0,0,1,0,1,0,1,0,0,1,0,0,0,0
0,0,0,1,1,1,1,1,1,0,1,0,0,0,0,1,0,0,0,0,1,1,0,1,1,0,0,0,1,1,0,0,0,0
1,0,1,1,0,1,1,0,1,1,0,1,0,0,0,1,1,0,0,1,1,1,0,0,0,0,0,0,1,1,1,0,0,0
1,0,1,0,0,0,0,0,1,1,1,1,0,0,1,0,0,0,1,1,0,0,0,1,1,1,0,0,0,0,0,1,0,0
1,1,0,0,0,0,0,1,0,1,0,0,1,1,1,0,1,0,0,1,0,0,0,1,0,1,0,0,1,1,1,0,0,0
0,1,1,1,1,1,1,0,1,1,1,0,1,0,0,0,0,0,0,0,0,0,0,1,0,1,1,1,1,1,1,0,0,0
1,1,1,0,0,0,0,0,0,0,1,1,1,1,1,0,0,0,0,1,0,1,0,1,1,1,0,1,1,0,1,0,0,0
1,1,1,1,0,1,1,1,1,1,1,0,1,0,1,1,0,0,1,1,1,0,0,0,0,0,1,0,0,0,1,0,0,0
1,0,0,0,1,1,0,0,1,0,0,1,1,0,0,1,1,0,0,0,1,0,0,0,1,0,0,0,1,0,1,0,0,0
1,1,0,0,0,1,1,0,1,0,0,0,0,0,0,1,0,0,1,0,0,0,1,0,0,1,1,0,0,1,1,0,1,1
0,1,1,1,1,1,0,1,0,1,1,0,1,1,0,0,0,0,1,0,1,0,0,0,1,0,0,0,1,1,1,0,0,0
1,0,1,1,1,0,1,1,0,1,1,1,1,1,1,0,1,0,0,1,1,0,0,1,0,0,1,0,1,1,0,0,0,0
1,0,0,1,1,0,1,1,1,1,0,0,0,1,0,0,1,0,0,1,0,0,1,1,0,0,0,1,1,0,0,1,0,0
0,1,0,0,0,0,0,1,1,1,1,1,1,0,1,0,0,0,0,1,0,0,0,1,0,0,0,1,0,0,0,0,0,0
1,1,1,1,0,1,1,1,0,0,0,1,0,0,0,1,0,0,0,0,1,1,1,0,0,1,0,0,0,0,1,1,1,1
1,0,0,1,0,1,1,0,0,1,0,0,0,1,1,1,0,1,1,0,0,0,0,0,0,0,1,1,1,0,1,1,0,0
1,1,1,1,0,1,1,0,0,0,0,1,1,1,0,1,1,1,0,0,1,0,0,0,0,0,0,1,0,0,1,1,0,0
1,0,0,1,0,0,0,1,1,1,0,1,0,1,0,1,0,0,1,0,0,0,1,1,1,1,0,0,1,1,1,0,0,0
0,1,1,1,1,1,0,0,1,1,1,0,0,1,1,0,0,0,1,0,0,0,0,0,0,0,1,1,1,0,0,0,0,0
1,1,1,1,0,1,0,1,0,0,1,0,1,1,1,0,0,0,0,0,0,1,0,1,1,0,0,1,1,1,0,0,1,1
1,1,0,1,0,0,1,0,0,1,0,1,0,0,1,0,0,0,1,1,1,0,0,1,0,0,1,0,1,1,0,0,0,0
1,1,0,0,0,0,1,1,1,0,1,0,1,0,1,0,1,0,1,1,1,0,1,0,0,1,1,0,1,1,1,1,0,0
1,1,1,1,1,1,1,1,1,0,1,0,0,0,1,0,0,1,0,1,0,0,1,1,0,1,0,1,0,1,0,1,0,0
0,1,1,1,0,1,0,1,0,1,1,1,1,0,1,0,0,1,0,1,0,0,1,0,0,1,0,0,0,1,0,1,0,0
1,0,1,1,0,1,0,0,0,1,1,1,0,0,1,0,0,1,0,1,1,0,0,1,1,1,1,0,1,1,1,0,0,0
1,1,0,0,0,0,1,1,0,1,0,0,1,0,0,1,0,1,0,0,1,1,0,1,1,0,0,0,1,0,1,0,0,0
1,1,0,0,1,1,1,1,1,1,1,1,0,1,1,1,0,0,0,1,1,1,1,0,1,1,0,0,1,1,0,1,0,0
1,1,0,0,1,0,1,0,1,0,1,0,1,1,0,0,0,1,1,0,0,1,0,0,1,0,1,1,0,0,1,0,0,0
0,0,1,1,1,0,0,0,0,0,0,1,1,1,0,0,0,0,1,0,1,1,1,1,1,0,0,1,1,1,0,0,0,0
0,1,1,0,1,0,1,1,1,1,0,0,0,1,0,0,0,0,0,0,1,0,1,0,1,0,0,1,1,0,0,1,1,1
1,1,1,1,0,1,0,1,0,0,1,0,1,1,0,0,1,1,1,1,0,0,1,1,0,0,1,0,0,1,0,1,0,0
1,1,0,0,1,1,0,0,1,0,1,1,0,0,1,1,0,0,1,0,0,0,1,0,1,0,1,1,1,0,1,1,0,0
0,0,1,0,1,1,1,1,0,0,0,0,1,1,1,0,0,0,1,0,1,1,0,1,1,1,1,0,0,1,1,0,0,0
1,1,1,1,0,0,0,1,1,1,1,1,0,1,1,1,0,0,0,1,0,1,0,1,0,0,1,1,0,0,1,1,0,0
1,1,1,0,1,0,1,1,1,0,0,1,0,0,0,0,0,0,0,1,0,0,1,0,1,0,1,0,1,0,0,1,1,1
0,0,1,1,1,0,1,1,1,0,1,0,0,1,0,0,0,0,1,0,1,0,1,1,0,1,0,0,0,1,1,0,1,1
1,1,1,0,0,0,0,0,0,1,1,0,1,0,1,0,1,1,0,1,0,0,0,1,0,0,1,1,1,1,1,0,0,0
0,0,0,1,1,0,1,0,1,0,0,0,1,1,0,1,0,0,0,0,0,1,1,1,1,1,0,0,1,0,0,0,0,0
1,0,0,1,1,1,1,0,0,1,1,1,1,0,0,0,0,0,1,1,1,0,1,1,1,1,0,0,0,0,0,1,0,0
1,1,0,1,1,1,0,1,1,1,1,1,0,0,1,1,0,1,1,0,1,0,0,0,1,1,1,1,0,0,1,0,0,0
1,1,1,1,0,1,0,0,0,0,0,0,0,1,1,1,1,0,0,1,1,0,1,1,1,1,1,1,1,1,0,0,0,0
1,1,0,0,1,1,0,0,1,1,0,0,0,1,1,1,0,0,1,1,1,0,0,0,1,1,0,0,1,0,0,0,0,0
1,0,0,0,1,0,1,1,1,0,0,1,1,0,0,1,0,0,1,1,0,1,1,0,1,0,1,1,1,1,0,0,0,0
1,1,0,0,0,1,1,1,0,0,0,1,0,1,0,1,1,0,0,0,0,1,1,1,1,1,1,0,0,1,0,0,0,0
1,1,1,0,0,0,0,0,1,1,0,0,1,1,1,1,0,1,1,1,0,1,1,0,0,1,0,0,1,1,0,1,0,0
0,1,1,1,1,1,1,0,0,0,0,0,0,1,1,1,0,0,0,1,0,0,0,0,1,0,1,0,0,0,0,1,1,1
1,1,1,0,0,0,0,0,0,1,0,1,0,1,0,1,0,0,0,1,0,0,1,0,0,0,0,0,0,0,1,0,1,1
1,1,1,0,1,0,1,1,0,0,1,0,0,0,0,0,0,1,1,0,0,0,0,0,0,0,0,1,0,0,1,1,0,0
1,0,1,0,1,0,1,0,1,1,1,0,1,0,1,0,0,1,1,1,0,1,1,1,1,1,0,0,1,0,1,1,0,0
1,1,0,1,0,1,0,0,1,1,0,1,1,0,0,1,0,1,0,1,0,0,0,1,1,1,1,1,0,0,1,1,0,0
1,1,1,0,0,1,1,1,1,0,0,0,0,1,0,1,1,0,1,0,1,1,0,0,1,1,1,1,0,1,0,1,0,0
1,0,1,0,0,1,1,0,0,1,0,0,1,1,1,0,1,0,0,0,0,1,0,1,0,1,0,1,1,0,1,1,0,0
1,1,0,0,0,0,0,1,1,0,1,1,1,0,0,0,0,0,0,1,1,0,1,1,0,0,0,0,1,0,0,0,1,1
1,1,0,0,0,1,1,0,1,0,0,0,1,0,0,0,0,1,1,0,0,1,1,0,0,0,1,0,1,1,0,1,0,0
1,0,0,1,0,0,0,0,0,1,0,1,0,1,1,1,1,0,0,0,0,1,0,1,0,1,0,0,0,1,1,1,0,0
1,1,0,1,1,0,0,0,0,0,0,1,1,0,1,0,1,0,0,0,1,1,1,0,0,0,0,1,0,1,1,1,0,0
0,1,0,0,1,1,1,1,0,1,0,1,0,1,1,0,0,0,0,0,0,1,0,1,1,0,1,0,1,0,1,0,1,1
1,1,0,1,1,1,0,1,1,0,1,1,0,0,0,0,0,0,1,0,1,1,1,0,1,1,1,1,0,0,0,0,0,0
1,0,0,1,0,0,1,1,1,1,1,0,0,0,1,0,0,0,1,0,1,0,0,1,1,0,1,0,0,1,1,0,0,0
1,1,0,1,0,0,1,1,0,1,1,1,1,0,0,1,0,0,0,1,1,1,1,0,1,0,1,0,1,0,1,1,0,0
0,1,1,0,0,1,0,1,0,0,1,0,0,0,1,1,0,0,0,0,0,1,1,1,1,1,0,1,1,1,0,0,1,1
1,0,1,1,1,1,1,1,1,1,0,1,1,1,1,0,1,0,0,1,0,1,1,0,0,0,1,0,1,1,1,1,0,0
1,1,1,0,1,1,0,0,0,0,0,0,0,1,1,0,1,0,1,0,0,1,1,0,0,1,0,1,0,0,0,0,0,0
1,1,0,0,1,1,0,1,0,1,1,0,0,1,0,0,0,1,0,0,1,1,1,1,1,0,0,1,0,0,0,0,0,0
1,1,0,1,0,0,1,0,0,1,1,1,0,0,0,0,0,1,0,0,0,0,0,1,1,0,1,1,0,0,0,0,0,0
0,1,1,0,0,0,1,0,1,1,1,1,0,1,1,0,0,0,1,0,1,0,1,0,1,0,0,1,1,0,0,1,0,0
1,1,1,1,0,0,0,0,0,0,0,0,1,1,1,0,0,1,0,0,0,1,1,1,0,0,0,1,0,1,0,0,0,0
1,1,0,0,0,0,1,1,0,0,0,1,0,0,0,0,0,1,1,1,0,1,1,1,0,1,1,1,0,0,0,0,0,0
1,0,0,0,1,1,0,0,1,1,1,1,1,1,1,0,1,0,0,0,0,0,1,1,0,0,0,1,0,0,1,0,0,0
0,1,0,1,0,1,1,1,0,0,0,1,1,1,1,0,0,0,0,0,1,0,1,1,0,0,0,0,1,1,0,0,1,1
1,1,1,0,0,1,0,1,1,0,0,0,1,0,1,0,1,1,0,1,0,1,1,1,0,1,1,1,1,0,1,1,0,0
1,1,0,0,1,1,0,0,0,1,0,0,0,0,0,0,1,0,1,1,0,0,1,1,0,0,1,1,1,0,1,1,0,0
1,1,0,1,0,0,1,0,0,1,1,1,0,1,1,1,0,1,0,0,0,0,0,1,1,0,0,1,1,1,1,1,0,0
1,1,1,1,1,1,0,0,1,1,1,1,0,1,1,1,1,0,0,0,1,1,1,0,0,1,0,0,0,0,1,1,0,0
1,1,0,0,1,0,0,0,0,0,1,0,0,0,1,0,1,0,1,1,0,0,1,0,1,1,1,1,0,0,1,1,0,0
1,1,0,1,1,1,1,0,0,0,0,0,0,0,1,1,1,0,0,1,0,1,0,1,1,0,0,1,0,1,1,0,0,0
1,1,0,1,0,1,0,0,1,1,0,1,1,0,0,1,1,1,0,0,0,0,1,1,0,1,0,0,1,1,1,0,0,0
1,1,0,1,1,1,1,1,0,0,1,1,1,0,1,1,1,0,1,1,1,1,1,1,0,0,0,1,1,0,1,1,0,0
1,0,0,1,0,1,1,0,1,1,1,0,0,1,0,0,1,0,0,0,1,0,1,1,1,1,0,0,1,1,1,1,0,0
0,1,1,0,0,1,1,1,1,0,0,1,1,0,1,0,0,1,0,1,0,1,1,1,0,0,0,0,0,1,1,0,0,0
1,0,1,0,1,0,0,0,1,1,1,1,1,0,1,0,1,0,0,0,0,0,0,0,0,0,0,1,1,0,0,0,0,0
1,0,0,1,0,1,1,1,1,1,0,1,1,0,1,1,0,1,1,1,0,0,0,0,0,1,1,1,1,1,1,1,0,0
0,1,0,0,1,0,1,1,1,0,0,0,0,0,0,0,0,0,0,0,1,0,1,1,0,0,0,0,1,1,1,1,1,1
1,1,0,1,0,1,1,1,0,0,0,1,1,0,1,1,0,1,0,1,0,1,0,1,0,0,1,1,0,1,1,1,0,0
1,0,0,1,1,1,1,1,0,0,0,1,0,1,1,1,0,1,1,0,0,0,0,0,0,1,0,1,1,1,1,1,0,0
0,0,0,1,1,1,0,1,1,1,0,0,1,0,1,1,0,0,0,1,0,0,1,0,1,0,0,0,1,0,1,0,0,0
1,1,1,0,1,0,1,0,1,0,0,0,0,0,0,0,1,0,1,0,1,0,1,0,0,0,1,0,0,1,1,1,0,0
0,1,0,1,0,1,0,1,1,1,1,1,1,0,0,1,0,0,0,0,1,0,0,0,0,0,1,0,1,0,1,1,0,0
0,1,1,0,1,1,1,1,0,1,0,0,1,0,0,1,0,0,1,0,1,1,1,0,0,0,1,0,1,1,1,1,1,1
1,1,1,0,1,0,1,1,1,0,1,1,1,1,1,1,0,1,1,1,1,1,1,0,0,1,0,1,1,1,1,0,0,0
1,0,1,0,1,1,0,1,1,1,1,1,1,0,0,0,0,0,0,0,1,1,0,0,0,0,0,1,1,0,1,0,0,0
1,1,1,0,0,1,1,1,1,0,1,0,0,0,0,1,1,1,1,0,0,0,0,0,0,1,0,0,1,1,0,1,0,0
0,1,1,0,0,1,1,0,0,1,0,0,1,0,1,0,0,0,1,1,0,1,1,1,0,1,0,0,1,1,1,1,0,0
1,0,1,1,1,0,1,1,0,1,1,0,0,1,1,0,1,0,1,1,0,1,1,0,0,1,0,1,1,0,1,1,0,0
0,1,0,0,1,1,1,0,1,0,1,0,0,1,0,1,0,1,0,0,1,0,0,0,0,1,0,0,1,1,0,0,0,0
0,1,1,1,0,1,1,1,0,0,1,1,0,1,0,0,0,1,0,0,0,0,1,0,0,0,1,1,0,1,1,0,0,0
1,0,1,0,0,0,0,1,0,1,0,0,0,1,0,1,0,1,1,0,0,0,1,0,1,1,1,0,1,0,0,1,0,0
0,1,0,0,0,1,0,0,1,1,1,1,1,0,0,0,0,1,0,0,0,0,0,0,1,1,1,1,1,0,1,1,0,0
1,0,0,1,0,1,0,1,0,0,1,1,0,1,0,1,0,1,0,0,1,1,1,1,0,0,0,1,1,1,0,0,0,0
1,1,1,1,1,1,0,1,1,0,1,1,0,0,0,1,1,0,0,1,0,0,1,0,0,0,0,0,1,1,0,1,0,0
1,0,0,1,0,0,1,0,1,1,0,0,1,0,1,0,0,1,1,1,0,0,0,0,1,0,1,0,0,0,1,0,0,0
1,1,1,1,0,1,0,0,0,1,0,1,0,0,1,0,0,0,1,0,1,1,0,1,1,1,1,1,0,1,0,0,0,0
1,1,1,0,1,0,1,0,0,1,0,1,0,0,0,1,1,1,0,0,0,0,1,0,0,1,0,0,1,0,1,0,0,0
1,0,1,1,1,1,1,0,0,1,0,1,1,0,1,0,0,0,1,0,1,0,1,0,0,1,1,1,0,1,0,0,0,0
1,1,0,1,1,0,1,1,1,1,0,0,1,1,0,1,1,1,0,0,0,1,1,0,1,0,0,0,0,1,0,0,0,0
0,1,0,1,1,1,1,1,1,0,1,1,0,0,0,0,0,0,1,0,0,1,1,0,1,1,0,0,0,0,1,0,0,0
1,0,1,1,0,1,0,1,1,0,1,0,1,1,1,1,1,0,1,0,1,0,1,0,1,0,0,1,0,0,0,0,0,0
1,1,0,1,0,0,0,0,0,0,1,1,0,1,1,0,0,0,0,1,1,0,1,1,0,0,1,1,0,0,0,1,1,1
0,0,1,1,1,0,0,1,0,1,0,0,1,1,0,1,0,0,1,1,1,0,0,0,1,1,1,0,0,0,1,1,0,0
0,0,0,0,1,1,0,1,0,1,1,1,0,1,0,1,0,0,0,0,0,0,1,0,0,1,0,1,0,0,0,0,0,0
1,0,0,0,1,0,0,0,1,0,0,1,0,0,0,0,0,0,0,0,1,1,0,1,1,0,0,0,1,0,1,1,1,1
1,1,1,1,1,0,1,1,0,1,1,0,1,1,1,0,0,0,0,1,0,0,0,1,1,0,0,0,0,0,1,1,1,1
1,1,1,1,1,0,1,1,0,1,0,0,1,1,0,1,0,0,1,0,1,1,1,0,0,0,1,1,1,0,1,0,0,0
1,0,1,1,0,0,1,0,1,0,1,1,1,1,1,0,0,1,1,0,0,1,1,0,1,1,1,1,0,0,0,0,0,0
1,1,0,1,0,0,0,1,1,1,0,0,1,0,1,1,1,1,0,0,1,0,0,1,1,1,0,0,0,0,0,1,0,0
1,1,0,0,0,1,0,0,1,1,0,0,1,1,0,1,0,0,0,1,1,1,1,0,0,0,1,0,1,1,1,1,1,1
1,1,0,1,0,0,0,1,0,0,1,0,1,1,1,1,0,0,0,0,0,1,0,1,0,0,1,0,1,0,0,0,1,3
1,0,0,1,0,0,1,0,0,1,1,1,1,1,0,0,0,0,0,1,1,0,1,0,1,0,0,1,1,1,1,1,0,0
1,0,1,1,0,0,0,0,0,1,0,0,0,0,1,0,0,0,1,1,0,1,0,1,0,1,1,1,0,1,1,0,1,1
0,1,1,1,0,0,0,0,1,1,0,0,1,1,0,1,0,1,1,0,1,0,0,0,0,1,1,1,1,0,0,0,0,0
1,0,0,1,1,0,1,1,1,0,1,0,0,1,1,1,0,1,0,1,0,1,0,0,1,1,0,1,1,0,1,1,0,0
1,1,1,0,1,1,0,1,1,0,1,0,0,1,0,0,0,0,1,0,1,1,1,1,1,1,1,0,1,1,0,1,0,0
1,0,1,0,1,0,1,1,1,0,0,1,0,0,0,0,1,0,1,0,1,0,0,1,1,1,1,0,0,0,0,1,0,0
1,1,1,1,0,1,1,1,0,0,1,1,0,0,0,1,1,1,1,0,0,0,0,0,1,1,0,1,0,0,0,0,0,0
1,0,0,1,0,1,0,1,1,1,0,1,1,1,1,0,0,1,0,0,0,0,1,0,0,1,0,0,1,1,0,0,0,0
1,1,1,0,0,0,1,1,0,1,0,0,1,0,1,1,1,0,0,1,1,1,1,1,0,0,1,1,1,0,1,1,0,0
0,1,0,1,1,0,0,1,1,0,1,1,0,0,1,0,0,1,0,1,0,0,1,1,0,0,0,0,0,0,0,1,0,0
0,1,1,0,0,1,0,1,1,1,0,0,1,0,1,0,0,0,1,0,1,0,0,1,1,0,0,1,0,1,1,1,0,0
1,0,1,1,1,0,1,1,1,1,1,0,0,1,1,0,0,1,1,1,1,0,0,1,1,0,1,0,0,1,0,1,0,0
0,1,0,0,1,0,0,0,0,0,1,0,1,1,1,0,0,0,1,1,1,1,0,1,1,1,0,0,0,0,0,0,0,0
1,0,1,1,1,1,0,1,1,1,0,0,0,1,0,0,1,0,0,0,1,1,1,0,0,0,0,0,1,1,0,0,0,0
0,1,0,0,1,0,0,0,1,0,0,1,1,0,0,0,0,0,1,1,0,0,1,0,1,0,1,1,0,1,1,0,0,0
1,1,0,1,1,1,0,0,0,1,0,0,1,0,0,0,0,0,1,1,0,0,0,0,1,1,0,0,0,1,1,0,0,0
1,1,1,1,0,1,1,1,1,1,0,0,1,1,0,1,1,1,0,1,1,0,1,0,1,1,0,1,1,1,0,0,0,0
1,1,1,0,1,0,0,1,0,0,1,1,0,1,1,1,0,0,1,0,0,1,0,0,0,1,0,1,1,1,0,0,1,1
0,1,0,0,0,0,0,1,1,0,1,0,0,1,0,0,0,0,1,1,0,0,1,1,1,0,1,0,0,0,1,0,0,0
1,1,1,0,1,0,1,1,1,0,1,0,0,0,0,0,1,1,0,1,0,1,1,0,0,0,1,0,1,0,0,0,0,0
1,1,0,0,0,1,0,1,0,0,0,0,0,0,0,1,0,0,1,1,0,1,0,0,0,1,1,0,1,1,1,0,1,1
1,1,1,0,0,0,1,1,1,0,1,1,1,0,1,1,0,0,1,1,1,1,1,0,0,0,1,1,1,0,1,1,0,0
1,1,1,1,0,1,1,1,1,1,0,1,0,1,0,1,0,0,0,0,1,0,1,0,1,1,0,0,0,0,0,1,1,1
0,1,1,0,0,0,1,1,0,0,1,0,1,1,0,0,0,0,1,0,1,1,1,0,1,1,1,0,1,1,0,1,0,0
1,1,1,0,0,0,0,1,0,0,0,1,0,0,1,1,0,1,0,1,0,1,0,1,0,0,1,1,0,0,1,0,0,0
1,0,1,0,0,1,1,0,0,0,1,0,0,0,1,1,0,1,1,1,1,1,1,1,1,0,1,1,1,0,1,0,0,0
1,0,0,1,1,1,1,0,0,0,0,0,1,0,1,1,0,1,0,0,1,0,0,0,1,0,1,1,0,1,1,0,0,0
1,1,1,1,1,1,0,1,0,1,1,0,1,0,0,1,1,1,0,1,0,0,1,0,1,0,1,1,0,1,1,1,0,0
1,1,0,0,0,1,0,1,0,1,0,0,0,1,1,1,0,0,0,1,1,0,1,0,1,0,0,0,1,1,1,1,1,1
1,1,0,1,0,0,0,1,1,0,1,1,0,0,1,1,1,0,1,0,0,0,0,1,0,1,1,0,0,0,1,1,0,0
1,1,1,0,1,1,0,1,0,1,1,1,1,0,0,1,1,0,1,0,1,0,1,1,0,1,1,0,1,1,0,0,0,0
1,1,0,1,0,0,0,0,1,0,1,1,1,0,0,0,0,1,1,1,1,1,1,0,1,1,0,1,1,1,0,1,0,0
1,1,0,1,0,0,1,0,1,0,0,1,1,1,1,1,0,1,0,1,0,0,1,0,1,1,0,0,0,1,0,1,0,0
1,0,0,0,1,0,1,1,0,0,0,1,0,0,1,1,0,1,0,0,0,0,0,1,0,1,0,0,1,1,0,0,0,0
0,0,1,1,0,0,1,1,0,0,1,0,0,0,1,0,0,0,0,0,0,1,0,1,0,1,1,1,0,1,0,1,0,0
1,0,0,0,1,1,0,0,0,1,1,1,1,0,0,0,0,0,1,0,1,0,1,0,1,1,0,1,0,1,0,1,0,0
1,1,1,1,1,0,1,0,0,0,0,0,1,1,1,0,1,1,1,1,0,1,0,0,0,0,1,1,1,1,1,0,0,0
1,1,1,1,1,0,1,0,0,0,0,0,0,1,0,0,1,1,1,0,0,0,1,1,1,1,0,0,0,1,0,0,0,0
1,1,1,0,0,0,0,1,0,1,0,0,1,1,1,0,1,0,1,0,0,1,0,0,1,1,0,1,1,0,0,1,0,0
1,1,0,1,1,1,1,1,1,1,0,0,1,1,1,1,0,1,0,0,0,1,1,1,1,0,0,1,1,1,0,1,0,0
1,0,1,0,1,0,1,0,0,0,1,1,0,0,0,1,0,0,1,1,1,0,0,1,0,1,1,0,1,0,0,0,0,0
1,0,1,1,0,1,0,1,1,1,1,0,1,1,1,1,0,0,1,0,1,1,1,1,0,0,1,1,1,0,1,0,0,0
1,1,0,1,0,1,1,0,0,0,1,1,1,0,1,1,1,0,0,1,0,0,0,1,1,0,1,0,1,1,0,0,0,0
0,1,0,1,1,0,1,1,1,1,0,0,0,1,1,1,0,1,0,1,0,0,0,1,1,1,1,0,1,0,0,1,0,0
1,0,1,1,0,1,0,1,1,0,0,0,1,0,0,1,0,1,0,0,0,1,1,1,0,0,1,0,1,0,0,1,0,0
0,1,0,1,1,1,1,1,1,1,0,1,0,0,0,1,0,1,0,1,1,0,1,1,0,1,1,0,0,0,1,0,0,0
1,1,1,1,0,1,0,1,1,1,1,0,0,1,0,0,0,1,0,1,0,0,1,1,0,0,1,1,0,1,0,0,0,0
1,1,1,0,1,0,1,1,1,1,1,1,0,1,1,0,0,0,1,0,0,0,0,0,0,1,1,0,0,0,0,0,0,0
0,1,0,1,0,0,0,1,0,0,0,0,0,1,1,1,0,0,0,1,0,1,0,1,0,1,0,0,1,1,1,0,1,1
1,0,1,1,0,1,0,0,1,1,0,0,0,0,1,0,0,1,0,0,0,1,1,1,0,1,1,0,1,0,1,1,0,0
1,0,0,0,1,0,1,1,1,1,0,0,0,0,1,1,0,0,1,0,0,1,0,0,1,1,0,1,1,1,0,1,0,0
1,0,1,1,0,0,0,0,1,1,0,0,0,1,1,0,1,0,1,0,1,0,0,1,1,0,1,1,0,1,0,1,0,0
1,0,1,0,0,0,0,1,1,0,0,1,1,1,0,0,0,1,0,1,1,0,1,0,1,0,1,0,1,1,1,0,0,0
0,1,1,1,0,1,1,0,0,0,0,0,0,0,1,1,0,0,0,0,1,0,1,0,0,0,1,0,1,1,0,0,1,1
1,1,0,1,1,0,1,0,1,1,1,0,1,1,0,1,0,1,0,0,0,1,1,0,1,1,1,0,1,0,0,0,0,0
1,1,1,0,1,1,1,0,1,0,0,0,1,1,1,0,1,0,0,0,0,1,1,1,0,1,0,1,1,0,0,1,0,0
0,0,1,1,0,1,0,0,1,1,0,0,0,1,0,0,0,0,0,0,1,0,1,1,1,1,0,0,0,0,1,0,1,1
1,1,1,1,1,1,0,0,0,1,1,1,0,1,1,0,0,0,0,0,1,0,0,0,1,0,1,0,0,1,0,0,0,0
1,1,0,0,1,0,0,1,0,1,1,0,1,0,1,1,1,0,0,0,0,1,0,1,0,0,1,0,1,0,1,0,0,0
1,0,0,0,0,1,1,0,0,0,1,1,1,1,1,1,0,0,0,1,0,0,0,0,1,0,0,1,1,0,1,1,0,0
1,1,1,0,0,1,1,1,1,1,1,1,0,1,0,0,0,1,0,1,1,0,1,0,0,0,1,0,0,0,1,1,0,0
1,1,0,0,0,1,0,0,1,0,0,1,0,1,0,1,1,0,1,1,0,1,1,1,0,0,1,0,1,0,1,0,0,0
1,1,1,0,0,0,0,1,1,1,0,1,1,0,1,1,1,0,1,0,1,0,0,1,1,0,1,0,1,1,0,0,0,0
1,1,0,1,0,1,0,0,0,1,1,0,0,0,0,0,0,1,0,0,0,1,1,0,0,1,1,1,0,1,0,1,0,0
1,0,1,1,0,0,1,1,0,1,1,1,0,0,0,1,1,0,1,1,0,0,1,0,0,0,0,0,0,1,0,1,0,0
1,0,1,0,1,0,1,1,0,0,1,0,1,1,1,1,1,0,0,0,1,0,1,0,0,1,1,0,0,0,1,0,0,0
1,0,1,0,1,0,0,0,1,1,1,0,1,0,0,1,0,0,0,1,1,1,1,1,0,1,0,0,0,1,1,0,0,0
1,1,0,1,1,1,0,1,0,1,1,0,0,1,1,0,0,1,0,1,0,0,1,1,1,1,1,1,1,0,1,1,0,0
0,1,0,1,0,1,0,0,0,0,0,1,1,0,1,1,0,0,0,0,1,1,0,1,0,0,0,0,1,1,0,0,1,1
1,1,1,0,0,1,1,0,0,0,0,1,0,1,1,1,1,1,0,0,1,0,0,0,0,0,0,0,1,1,1,1,0,0
1,1,1,0,0,0,0,1,1,0,1,0,1,1,1,1,1,0,0,0,0,0,0,0,1,0,1,0,0,1,0,0,0,0
1,1,0,0,1,1,1,1,1,1,1,0,0,0,1,0,1,0,0,1,0,1,1,1,0,1,1,1,1,0,1,0,0,0
1,0,1,0,1,1,1,1,1,1,1,1,1,1,0,0,0,1,1,0,0,1,1,1,1,0,1,0,1,0,1,0,0,0
1,1,0,1,1,0,1,1,0,0,1,0,1,0,1,0,1,0,0,0,1,0,1,1,0,1,0,1,0,0,0,1,0,0
1,0,0,0,0,1,0,1,0,1,0,0,0,1,1,0,0,0,1,0,0,1,1,1,0,0,0,1,0,0,1,1,1,1
1,0,1,1,1,1,1,1,1,1,1,1,0,0,0,0,0,0,0,0,0,0,0,1,1,0,0,1,0,0,0,0,0,0
1,0,1,0,0,0,0,0,1,0,1,1,1,0,1,1,0,1,1,0,1,0,1,1,1,0,1,0,0,1,0,0,0,0
1,0,0,1,1,1,0,1,0,0,0,0,1,1,1,0,1,0,0,0,0,0,0,0,0,1,1,1,0,1,0,1,0,0
0,1,0,1,1,0,1,0,0,1,0,1,0,1,0,0,0,0,1,1,1,0,1,0,1,0,1,1,1,1,0,1,0,0
1,1,1,0,1,0,1,0,0,1,0,0,1,1,1,0,0,0,0,0,1,0,0,1,1,0,0,1,0,0,0,1,1,1
0,0,1,1,0,0,0,1,1,0,0,0,1,0,0,0,0,0,0,0,0,0,1,0,0,0,0,1,1,0,1,0,0,0
1,0,1,0,1,0,0,1,1,0,1,1,1,0,0,0,0,1,0,0,0,0,0,1,0,1,0,1,1,1,0,1,0,0
0,1,1,1,1,1,1,0,1,0,0,1,1,0,0,1,0,1,0,0,0,1,0,0,0,1,0,1,0,1,1,0,0,0
1,1,0,1,0,0,1,0,1,0,0,0,1,1,0,1,0,1,1,0,1,0,0,0,1,1,1,0,1,0,1,1,0,0
1,1,0,1,0,1,0,0,1,1,1,0,0,0,0,1,1,0,0,0,1,0,1,1,1,0,0,1,0,1,1,1,0,0
1,1,0,0,0,1,0,0,1,1,0,1,1,1,1,1,0,1,1,0,0,1,0,1,1,1,0,1,0,0,0,1,0,0
1,0,1,0,1,1,1,1,0,0,1,1,0,0,0,1,1,0,1,0,1,0,0,1,1,0,1,1,1,0,0,1,0,0
0,1,0,0,1,1,0,1,1,1,0,0,1,0,0,0,0,0,0,0,1,1,0,1,0,0,1,0,1,0,1,1,1,1
1,1,1,1,0,1,1,0,1,1,0,0,1,0,0,0,1,1,1,0,0,1,0,1,0,1,0,1,1,0,1,0,0,0
0,1,1,1,0,1,0,0,0,0,0,1,0,0,0,1,0,1,0,1,0,0,1,0,0,1,1,0,1,0,0,1,0,0
1,0,1,0,1,0,0,0,1,0,0,0,0,0,1,0,0,0,1,0,0,0,1,0,0,1,0,0,1,0,1,1,1,1
1,1,1,0,1,1,1,0,0,0,1,1,0,1,0,1,0,0,1,1,0,1,0,0,0,1,1,0,1,0,0,0,0,0
1,0,0,0,1,0,1,0,1,0,0,0,0,0,1,0,0,0,0,1,1,0,1,1,1,0,0,0,0,0,1,0,1,1
1,0,0,0,0,1,0,0,1,0,0,0,1,0,0,0,0,1,0,0,1,1,0,0,0,0,1,0,1,0,1,1,0,0
0,0,1,0,1,0,1,1,1,0,1,1,0,1,0,1,0,0,0,0,0,1,1,1,0,1,1,1,0,0,0,0,1,1
1,1,0,0,0,1,1,0,0,0,0,1,1,1,0,1,0,0,0,0,1,1,1,0,0,1,1,0,0,1,0,0,1,1
1,0,1,1,1,1,0,0,0,1,1,1,0,0,1,0,0,0,1,0,0,0,1,1,0,0,0,0,1,1,1,0,0,0
1,1,0,1,1,1,0,0,0,1,0,0,0,0,1,0,1,1,0,1,0,0,1,1,0,0,1,1,0,0,0,1,0,0
1,1,0,0,0,1,1,1,0,1,1,0,0,1,0,0,0,0,0,1,1,0,1,1,0,1,0,0,0,1,1,1,1,1
0,1,0,1,0,1,0,0,0,1,0,1,0,1,1,1,0,0,0,1,1,1,1,0,1,1,1,1,1,1,0,0,1,1
1,1,0,1,0,1,0,1,1,1,1,1,0,1,1,1,0,0,1,1,1,1,1,0,0,1,1,1,0,0,1,1,0,0
0,1,1,1,0,0,1,0,0,0,0,0,0,0,0,1,0,1,0,1,0,0,0,0,0,1,0,1,0,0,1,1,0,0
1,1,1,1,1,0,1,0,1,1,0,0,1,0,0,0,0,0,0,1,1,1,1,1,1,1,0,1,1,0,1,0,0,0
1,0,1,1,1,0,1,1,0,1,0,0,0,0,0,0,0,0,1,1,0,0,1,1,0,0,0,1,0,1,0,0,1,1
0,1,0,0,1,1,0,0,0,1,1,1,0,0,1,1,0,0,0,1,1,0,0,1,0,0,0,1,1,1,1,1,0,0
1,1,0,0,0,0,1,1,1,1,0,0,1,0,1,1,0,1,0,0,1,1,0,1,1,1,0,1,1,1,1,1,0,0
1,1,0,1,0,1,0,0,0,0,1,0,1,0,1,0,0,1,1,0,1,1,1,0,1,1,0,0,1,1,1,1,0,0
1,1,1,1,0,1,1,0,0,1,0,0,1,0,0,1,1,0,0,1,0,1,0,1,1,0,0,1,1,0,1,1,0,0
1,0,1,0,0,1,0,0,1,1,1,1,1,0,0,0,0,0,1,1,1,1,0,0,0,1,1,1,1,0,0,0,0,0
1,1,0,1,1,1,1,0,0,1,1,0,1,0,0,1,0,0,0,1,0,1,1,1,0,1,0,1,1,1,1,1,1,1
1,0,0,0,0,1,1,0,1,0,0,1,1,1,1,0,0,0,0,1,1,0,0,0,0,1,0,0,1,1,0,1,0,0
1,1,1,1,1,0,0,1,1,0,1,1,0,0,0,1,1,0,1,1,0,1,1,0,0,1,0,1,0,1,1,1,0,0
1,0,0,1,1,0,1,0,1,0,0,0,1,1,0,0,0,0,1,0,0,1,0,1,1,0,0,0,1,0,1,1,1,1
1,1,0,1,0,0,0,0,0,0,0,1,0,0,0,0,0,1,1,1,0,1,1,0,0,0,0,0,0,1,0,1,0,0
1,0,0,1,1,0,0,0,0,0,0,0,0,1,1,0,0,1,1,1,0,1,1,1,0,1,0,1,0,0,0,0,0,0
1,1,0,1,0,0,0,0,0,0,1,0,0,1,1,0,0,1,1,0,1,1,0,1,0,1,1,1,0,0,1,0,0,0
1,1,0,0,0,1,0,0,1,0,0,0,0,1,1,0,0,1,1,0,1,0,1,1,0,1,0,1,0,1,1,0,0,0
1,1,1,0,0,0,0,1,0,1,0,0,1,1,1,1,0,1,1,0,1,0,0,1,1,0,0,0,0,1,1,0,0,0
1,1,1,0,0,1,0,1,1,1,1,0,0,0,1,0,1,0,1,1,0,0,1,1,0,0,0,0,1,1,1,0,0,0
1,0,0,1,1,1,0,0,0,0,1,1,1,0,0,0,0,1,1,1,0,1,0,0,1,1,1,0,1,1,0,0,0,0
0,1,1,0,1,1,1,1,0,0,0,1,1,1,1,1,0,0,0,1,1,0,1,1,0,1,0,1,0,1,0,0,0,0
1,1,0,0,1,0,1,0,0,1,0,0,0,1,1,0,0,1,0,0,0,0,1,0,1,1,0,1,0,1,0,1,0,0
1,1,0,1,1,0,1,1,0,1,0,1,0,1,0,0,1,0,1,0,0,0,0,1,1,0,0,1,1,1,1,0,0,0
0,1,0,1,0,1,1,0,0,1,1,0,1,0,1,1,0,1,0,1,0,1,0,1,1,0,0,1,0,1,0,0,0,0
1,1,0,1,0,0,1,0,1,0,0,0,0,1,0,1,1,1,0,0,0,0,0,1,1,0,0,1,1,1,0,0,0,0
1,1,0,0,0,1,1,1,0,0,0,1,0,0,1,1,0,0,1,1,1,1,1,0,1,1,1,1,0,0,1,0,0,0
0,1,0,1,1,1,0,0,0,1,0,1,0,0,0,0,0,0,1,1,1,0,0,0,0,1,0,0,1,1,0,1,0,0
1,1,0,0,1,1,0,1,0,0,0,1,1,0,0,0,0,0,0,1,1,0,1,0,0,1,1,0,1,1,1,0,1,1
1,1,1,1,1,0,0,1,1,1,0,1,1,1,0,1,1,1,0,1,0,1,0,0,0,1,1,0,1,1,0,1,0,0
1,1,0,0,0,1,1,0,0,0,0,0,0,1,0,1,1,0,1,1,0,1,1,0,0,1,1,0,0,0,1,0,0,0
1,0,1,1,1,0,1,1,1,0,1,0,1,0,0,1,0,1,1,0,1,0,0,1,1,0,0,0,1,0,0,0,0,0
1,1,1,0,0,1,1,0,1,0,1,1,1,1,1,1,1,0,1,0,1,1,1,0,1,0,0,0,1,1,1,0,0,0
1,0,0,1,0,0,0,1,1,0,1,1,1,0,0,1,1,0,0,0,0,1,0,1,1,0,0,0,0,1,1,1,0,0
1,1,0,1,0,0,0,0,0,1,1,1,1,0,1,1,1,0,0,0,1,0,1,1,0,0,1,0,0,1,1,0,0,0
1,0,1,1,1,1,0,1,0,0,0,0,1,1,0,0,1,0,0,0,1,1,0,1,0,1,0,1,0,1,1,1,0,0
1,0,0,0,0,1,1,1,0,0,1,1,1,0,0,1,0,0,1,1,0,0,0,1,0,0,0,1,0,0,1,0,0,0
1,0,1,1,0,1,0,1,0,0,0,1,1,1,0,0,1,0,1,1,0,0,1,1,0,1,0,0,1,1,1,0,0,0
1,0,1,1,1,1,0,1,1,1,0,0,1,1,1,1,1,0,0,0,1,1,1,1,1,0,1,0,0,1,1,0,0,0
1,0,0,0,0,0,0,1,0,0,0,1,1,1,1,1,0,1,0,1,0,0,1,1,1,0,0,0,0,1,1,0,0,0
1,1,1,0,0,1,0,0,0,0,0,1,0,1,0,1,0,1,1,0,0,1,1,0,0,0,0,0,1,0,0,1,0,0
0,1,0,1,1,1,0,0,0,1,0,1,1,1,1,0,0,0,0,0,0,0,1,0,1,0,1,0,0,0,0,0,1,1
1,0,1,0,0,1,0,1,0,1,0,0,0,0,0,0,1,0,0,1,0,0,1,0,0,0,1,1,1,1,0,1,0,0
0,0,1,0,0,1,1,0,1,0,1,0,1,0,1,1,0,0,0,1,1,1,1,1,0,1,1,1,1,0,0,1,0,0
0,1,0,0,1,0,0,0,0,1,1,1,0,0,0,1,0,0,1,1,0,1,0,1,0,1,1,1,0,1,1,1,0,0
0,1,0,1,0,1,1,1,1,1,0,1,1,0,1,0,0,0,1,0,0,0,0,1,1,1,0,0,0,0,1,0,0,0
1,1,1,1,0,0,0,0,1,1,1,1,0,1,1,0,0,1,1,0,1,1,1,1,0,0,0,1,0,0,0,0,0,0
1,1,1,0,1,1,0,1,1,0,0,1,1,1,0,0,1,0,0,1,1,1,1,0,1,0,1,1,0,0,0,0,0,0
1,0,0,0,1,0,0,0,0,1,1,1,1,0,0,1,0,0,0,1,1,1,1,0,0,0,1,0,1,1,1,0,0,0
0,1,0,1,1,1,0,1,0,0,1,1,0,0,0,1,0,1,0,0,0,0,1,0,1,0,1,1,0,1,0,1,0,0
1,1,1,0,0,0,1,0,1,1,1,0,1,0,0,1,1,0,1,0,1,1,1,0,1,1,1,0,1,1,0,0,0,0
0,1,1,1,0,0,0,1,0,1,0,1,1,0,0,0,0,1,0,0,0,1,0,0,1,1,0,0,1,0,0,0,0,0
1,1,0,0,1,1,1,1,0,1,1,1,0,0,0,1,0,1,1,0,1,1,1,1,1,1,1,0,0,0,1,1,0,0
1,1,0,1,0,0,1,1,1,1,0,0,0,1,0,0,0,0,1,1,1,1,1,0,0,0,1,0,1,1,0,0,0,0
1,0,0,1,0,0,0,1,0,0,0,1,1,0,1,1,1,0,0,0,1,1,1,0,1,1,0,0,0,0,0,1,0,0
1,0,1,1,0,1,0,1,0,1,1,1,1,1,1,0,1,0,0,0,0,0,0,1,1,1,1,1,0,0,1,0,0,0
1,1,1,0,1,1,0,1,0,0,0,1,1,1,1,1,0,1,0,0,1,0,1,0,1,1,1,1,0,0,0,0,0,0
0,1,1,1,1,0,0,0,1,0,0,0,0,1,0,0,0,1,0,0,0,0,0,0,0,1,0,1,1,0,1,1,0,0
1,0,1,0,1,0,1,1,0,1,1,1,0,1,0,0,1,0,0,1,0,1,1,0,0,0,0,0,0,1,1,0,0,0
0,0,0,1,1,0,0,1,1,0,1,1,1,0,0,0,0,0,0,0,1,0,0,1,1,1,1,0,0,0,1,1,0,0
0,1,1,1,1,1,1,0,1,1,1,1,1,0,1,1,0,1,1,1,0,1,0,0,0,0,1,0,1,1,1,0,0,0
1,0,1,0,0,0,1,1,1,0,0,0,0,0,0,1,1,0,0,1,0,1,1,0,0,1,0,0,0,1,1,1,0,0
1,1,0,1,1,0,0,1,0,1,0,0,0,1,0,1,0,1,1,0,0,1,0,0,1,0,0,0,1,0,0,0,0,0
1,1,0,0,0,1,1,1,0,0,0,0,0,1,0,0,1,0,1,0,0,1,0,0,1,0,0,1,1,1,1,0,0,0
0,1,1,0,0,1,1,1,0,0,0,0,1,0,1,1,0,1,0,0,1,0,1,0,0,0,1,0,1,0,1,1,0,0
1,0,0,0,0,0,0,1,1,0,0,1,0,1,1,1,0,1,0,0,0,0,1,0,1,1,1,0,0,1,0,1,0,0
0,1,1,1,0,0,0,1,1,0,1,0,0,1,0,1,0,0,0,0,1,0,0,0,1,0,0,0,1,1,1,1,1,1
1,1,0,1,0,1,1,1,1,0,0,1,1,0,0,0,1,0,0,0,0,0,0,0,0,1,0,1,0,0,1,0,0,0
1,1,0,1,1,0,1,0,1,0,0,0,0,0,0,0,1,0,1,0,0,1,0,1,0,1,0,1,1,0,0,0,0,0
1,1,0,1,0,0,1,1,1,1,1,0,1,0,0,0,0,0,1,1,0,1,0,0,1,0,1,1,0,1,0,1,0,0
0,1,0,0,1,0,1,0,1,1,1,0,0,0,0,0,0,0,1,0,1,1,1,0,1,0,1,1,0,1,0,0,0,0
1,1,0,1,0,0,0,0,1,0,0,1,0,1,1,0,0,0,0,0,1,1,0,1,0,0,0,0,0,1,0,1,1,1
1,0,0,1,0,1,0,0,0,1,1,1,1,1,0,1,1,0,0,0,1,0,0,0,0,0,0,1,0,0,0,1,0,0
1,1,0,1,1,1,0,0,0,1,0,1,0,1,1,0,0,1,1,1,0,1,0,0,0,0,0,1,1,0,0,0,0,0
1,1,0,1,1,0,1,0,1,1,0,1,0,1,0,0,1,1,0,0,1,1,0,1,0,0,1,1,1,1,1,0,0,0
1,0,0,0,1,1,0,0,0,0,1,0,0,1,1,1,0,1,1,1,1,0,1,1,0,1,0,1,0,1,1,1,0,0
1,1,1,0,0,0,1,0,1,0,1,1,0,0,0,0,1,1,1,0,0,0,0,0,1,1,1,1,0,0,0,1,0,0
1,0,1,0,1,0,1,0,0,1,1,1,1,1,1,0,1,0,0,0,1,0,1,1,0,1,1,1,1,1,1,0,0,0
1,0,0,1,0,0,1,0,1,0,0,1,1,0,0,0,1,0,0,1,0,0,1,0,0,0,0,1,1,0,0,1,0,0
0,0,1,1,1,0,1,0,1,1,1,1,1,1,1,1,0,0,0,0,1,1,0,0,0,1,0,0,1,1,1,0,0,0
1,0,0,0,0,0,0,1,0,0,1,1,0,1,0,0,0,1,1,0,0,0,0,0,0,1,1,1,1,1,1,1,0,0
0,1,0,1,0,0,1,1,0,1,0,1,1,0,0,0,0,1,0,0,0,1,1,1,0,0,1,0,1,0,0,1,0,0
1,1,1,1,1,1,0,0,0,1,0,0,0,0,1,1,1,1,0,1,0,0,0,0,1,0,0,1,0,1,0,1,0,0
0,1,1,0,1,0,1,1,1,1,1,1,0,0,1,1,0,0,1,1,0,0,0,0,0,1,1,1,0,1,0,0,0,0
1,1,0,0,1,0,1,1,1,0,1,1,1,0,0,0,0,1,1,1,0,0,1,0,1,0,1,1,1,1,1,1,0,0
0,1,1,0,1,0,1,0,0,1,0,0,0,1,0,0,0,1,0,0,0,0,1,0,1,1,0,1,1,1,1,0,0,0
1,1,0,0,1,1,0,0,0,0,1,0,0,1,0,0,0,1,1,1,1,0,1,0,1,1,0,0,1,1,0,1,0,0
1,1,1,1,1,0,0,0,0,0,1,1,1,0,0,0,1,0,1,0,0,1,1,1,0,1,0,1,1,1,0,1,0,0
1,0,1,1,0,1,1,1,0,0,0,1,1,1,1,0,0,0,0,1,0,1,1,0,1,0,0,0,0,1,1,1,1,1
1,0,0,1,1,1,1,1,0,1,0,0,1,1,0,0,1,0,0,0,0,0,0,0,1,0,1,0,1,1,0,0,0,0
1,1,0,1,1,1,1,1,0,0,1,0,0,1,1,0,0,0,1,0,1,1,0,1,0,0,0,1,0,0,0,0,1,1
1,1,1,1,1,0,1,1,1,1,0,1,0,0,0,0,0,1,1,1,0,1,0,1,0,0,1,0,0,1,1,1,0,0
1,1,1,1,0,1,0,0,0,1,0,0,0,0,0,0,1,1,1,0,0,1,0,1,0,1,0,1,1,1,0,1,0,0
1,1,1,1,1,0,0,1,0,1,0,0,1,0,1,1,0,1,0,1,0,1,0,1,0,1,1,0,1,1,0,1,0,0
0,0,0,1,0,0,0,0,1,1,1,1,0,1,0,0,0,0,0,0,1,1,0,1,1,0,0,1,1,0,0,1,0,0
1,1,1,1,1,1,1,1,1,1,0,1,1,1,0,0,1,0,1,1,1,1,1,1,1,1,0,0,1,1,0,1,0,0
1,1,1,0,0,1,0,1,0,0,0,1,0,1,0,0,0,1,1,0,0,0,1,0,1,1,0,1,1,0,1,1,0,0
1,0,1,1,0,0,0,1,0,0,0,1,0,0,1,1,1,0,1,0,1,1,1,0,0,1,1,1,0,1,1,0,0,0
1,1,1,1,1,1,1,1,1,0,0,1,1,1,0,1,0,0,0,0,0,1,0,0,0,1,1,1,1,1,0,1,1,1
0,0,1,1,1,0,0,1,1,0,0,0,1,1,0,1,0,0,1,1,0,0,0,1,0,1,1,0,1,1,1,1,1,1
0,0,0,1,1,0,1,1,1,0,0,1,1,0,1,0,0,0,0,0,1,0,0,0,1,0,0,0,1,0,0,0,0,0
0,0,0,1,0,0,1,1,1,0,0,1,0,0,1,0,0,0,0,0,1,0,1,0,0,1,1,1,0,1,0,1,0,0
0,0,0,1,1,0,0,1,0,0,0,1,1,1,0,0,0,0,0,1,0,1,0,1,1,0,1,1,1,0,1,0,0,0
1,1,1,1,0,0,0,0,0,1,1,0,0,1,0,0,0,0,0,1,1,0,0,1,0,0,0,0,1,0,1,1,1,1
1,1,1,0,1,1,0,1,1,1,0,1,0,0,0,0,0,0,0,0,1,0,1,0,0,1,1,0,0,0,1,1,1,1
1,1,1,1,0,1,1,1,0,1,1,1,0,0,1,0,0,0,0,1,1,0,0,0,0,1,0,0,1,0,0,0,0,0
0,0,0,1,1,0,0,0,1,1,0,0,0,0,1,1,0,0,0,0,0,0,1,1,0,0,0,0,1,1,1,0,0,0
1,1,0,0,0,1,0,0,0,1,1,0,1,1,1,1,0,1,0,0,0,1,1,0,0,0,1,1,0,1,1,1,0,0
1,1,0,1,1,0,0,1,0,0,0,0,1,1,0,0,0,0,0,1,1,1,1,0,1,0,0,0,0,1,1,0,1,1
1,1,1,1,0,0,1,1,1,0,1,1,1,1,0,1,0,0,0,0,0,1,1,1,0,1,0,0,0,0,0,1,0,0
1,0,1,0,1,0,1,0,0,1,1,1,0,1,1,1,0,1,1,0,0,1,0,1,1,1,1,0,0,1,1,1,0,0
1,1,1,0,1,1,0,0,1,1,1,1,0,1,1,1,0,0,1,1,1,1,1,1,0,1,0,0,0,0,1,1,0,0
1,0,1,1,1,0,0,1,1,0,0,1,1,1,0,1,0,1,1,0,1,1,0,0,0,0,1,0,1,0,0,1,0,0
0,1,0,1,0,0,0,0,1,1,1,1,1,1,0,1,0,1,0,0,1,0,0,0,0,1,1,0,0,0,0,1,0,0
1,0,0,1,0,0,1,1,1,0,1,1,1,0,0,0,0,1,1,1,0,0,0,1,0,1,1,0,1,0,0,0,0,0
1,1,1,0,1,1,1,0,1,0,1,1,0,1,0,1,0,1,0,1,1,1,1,1,1,1,0,0,1,1,0,0,0,0
1,1,1,0,1,1,1,1,0,1,1,0,1,1,1,1,1,1,1,0,1,1,0,1,0,1,1,1,1,1,0,0,0,0
0,0,0,1,0,0,1,0,0,1,0,1,1,1,0,0,0,0,0,0,0,1,1,0,1,0,0,0,1,1,0,1,0,0
0,1,0,0,0,1,0,1,1,0,1,0,1,0,0,1,0,0,0,1,1,0,1,0,0,0,0,0,1,0,0,1,1,1
0,1,0,0,0,1,0,0,0,1,0,0,0,1,1,1,0,0,0,1,1,0,0,0,0,1,1,0,0,1,0,0,1,1
0,0,0,0,1,0,1,1,1,0,1,0,1,1,0,1,0,0,0,0,0,1,0,1,1,1,1,0,0,0,0,1,0,0
1,1,1,1,0,1,1,1,1,1,1,0,0,1,0,1,1,0,0,0,0,1,1,0,0,0,0,1,0,0,0,1,0,0
1,1,0,1,1,1,1,0,1,1,1,1,0,1,0,0,1,1,0,1,0,0,0,1,1,0,0,1,0,0,1,1,0,0
0,1,0,1,0,0,1,1,0,0,0,1,0,1,0,1,0,0,1,1,1,1,1,1,1,0,1,0,0,1,0,0,0,0
1,1,1,0,1,0,1,0,0,0,1,1,0,1,0,0,0,1,0,1,1,0,0,1,0,0,0,1,0,0,0,0,0,0
1,0,1,0,0,0,1,1,1,1,0,1,0,0,0,1,0,0,1,0,1,0,1,1,1,0,1,0,1,1,0,0,0,0
1,0,0,0,0,1,1,1,0,0,0,1,0,1,1,1,0,0,1,0,1,1,0,1,0,0,1,0,0,0,1,1,0,0
1,1,0,1,0,1,1,1,1,0,0,0,1,1,1,1,0,1,1,1,0,0,0,1,0,0,0,0,0,1,0,1,0,0
1,1,1,1,1,1,1,0,0,0,1,0,1,1,0,1,0,1,1,0,0,1,1,1,0,0,1,0,1,1,0,0,0,0
1,1,0,1,1,0,1,1,1,0,0,0,0,0,0,1,0,0,1,1,0,0,1,0,1,1,1,0,0,1,1,0,1,1
0,1,0,1,0,0,0,1,0,1,0,1,1,1,0,1,0,1,0,0,0,0,1,1,0,1,0,1,1,1,1,0,0,0
1,1,1,0,1,0,0,0,0,1,0,0,0,1,0,0,1,0,1,1,1,0,0,1,1,1,0,1,1,1,1,1,0,0
1,1,0,1,1,0,0,1,1,0,0,1,0,1,1,1,1,0,1,0,0,0,0,1,1,1,0,0,0,1,1,0,0,0
1,0,1,0,1,1,0,1,0,0,0,1,0,0,1,0,0,0,0,0,1,0,0,1,0,1,1,1,1,1,1,0,1,1
1,0,0,1,1,0,1,0,0,0,0,1,1,1,1,0,0,0,0,1,0,0,0,0,0,1,0,0,1,0,0,1,0,0
1,0,0,1,1,1,1,1,0,1,1,0,0,1,0,0,0,0,1,0,0,1,1,0,1,0,1,0,1,0,0,1,0,0
1,1,0,1,0,0,0,1,0,0,0,0,0,0,0,1,0,0,0,0,0,0,1,0,1,1,1,0,1,0,1,1,1,1
1,0,1,0,0,0,0,0,1,0,0,0,1,1,1,1,0,1,0,0,1,0,1,1,1,1,0,1,1,0,1,1,0,0
1,1,0,1,1,1,0,0,0,1,1,1,1,1,0,0,0,1,1,0,0,1,1,0,0,0,0,1,1,0,0,1,0,0
1,0,0,0,0,1,0,1,0,0,1,1,0,0,1,0,0,1,0,0,0,1,0,0,1,1,0,1,1,1,0,1,0,0
0,1,1,0,1,0,1,0,1,1,1,1,1,0,1,0,0,0,1,0,1,0,1,0,1,1,1,1,0,1,1,1,0,0
1,0,1,0,1,0,1,0,0,0,1,0,1,1,1,0,0,1,0,0,1,1,0,1,1,0,1,1,1,1,1,0,0,0
1,0,1,1,1,1,0,1,1,1,1,1,0,0,1,1,1,0,0,1,1,0,0,0,1,1,0,0,1,0,1,0,0,0
0,1,1,1,1,0,1,0,0,0,1,0,0,0,1,0,0,0,0,1,0,1,1,0,1,1,0,0,1,1,0,1,1,1
1,0,0,1,1,1,1,0,1,1,0,0,1,1,1,1,1,0,0,0,1,0,0,0,0,0,0,1,0,0,0,1,0,0
0,0,1,0,1,1,0,1,0,1,0,1,0,1,1,0,0,0,0,0,0,0,0,1,0,0,0,1,1,1,0,0,1,1
1,1,1,1,1,0,1,0,0,0,1,1,1,1,1,1,1,0,0,0,1,0,1,0,1,1,1,1,0,0,0,1,0,0
1,1,1,0,0,0,1,1,0,0,1,1,0,0,1,1,0,1,1,1,0,1,0,0,1,0,1,0,0,0,0,0,0,0
1,1,1,0,0,0,0,0,1,0,0,1,0,1,0,1,0,1,1,0,1,1,1,0,1,0,0,1,1,0,1,1,0,0
1,0,0,0,0,1,1,1,1,0,0,0,0,0,0,0,0,0,0,1,1,1,0,0,1,1,0,0,0,1,1,1,1,1
1,1,1,1,1,0,0,0,1,1,1,1,1,0,1,1,1,0,1,0,1,1,0,0,1,1,0,0,1,1,1,0,0,0
1,1,1,0,0,0,0,1,0,0,1,1,1,0,1,0,0,0,1,1,0,1,0,0,1,0,0,0,1,1,1,0,0,0
1,1,1,1,0,0,1,1,0,1,0,0,0,0,0,0,0,0,1,1,0,0,1,0,0,0,1,0,1,1,0,0,1,1
1,0,1,1,0,0,1,1,0,1,1,1,1,1,0,0,1,0,0,0,1,1,1,1,1,1,1,1,0,0,0,0,0,0
1,0,1,0,0,1,0,0,0,0,0,1,1,1,1,1,1,0,1,0,0,0,1,0,1,0,1,1,0,1,1,1,0,0
1,0,1,0,1,0,0,0,1,1,1,1,1,1,1,0,0,1,0,0,0,0,1,1,1,1,0,0,1,0,0,0,0,0
1,1,1,1,1,0,1,1,1,1,0,1,1,0,0,0,0,0,0,1,1,1,1,1,0,0,0,0,1,0,1,1,0,0
1,0,0,0,1,0,1,0,1,1,0,0,1,1,1,0,0,0,1,0,0,1,0,0,1,0,0,0,1,0,1,0,0,0
0,1,0,1,0,1,0,1,1,1,0,0,1,0,0,0,0,0,1,1,0,0,1,1,1,0,0,0,0,0,0,0,0,0
1,0,0,0,0,0,1,1,1,0,1,1,1,1,1,1,0,0,1,0,1,0,0,0,0,1,0,0,0,1,0,0,1,1
1,0,0,0,0,1,1,0,1,1,0,0,0,0,0,1,0,1,0,1,0,1,1,0,0,1,0,0,0,0,1,0,0,0
0,1,0,1,0,1,0,0,0,0,1,0,1,1,1,0,0,1,0,0,0,1,0,1,0,1,1,1,1,1,1,0,0,0
1,1,1,0,0,0,0,1,1,1,1,1,1,0,1,0,0,1,0,1,1,0,0,1,1,0,1,1,1,1,1,0,0,0
0,0,1,1,0,1,1,1,1,0,1,0,1,0,0,1,0,0,1,0,0,1,0,0,0,1,0,1,1,1,0,1,1,1
1,0,1,1,1,0,0,0,0,1,1,0,1,0,1,1,0,0,0,0,1,1,0,1,1,1,1,0,1,0,1,0,1,1
1,1,0,0,0,0,0,1,1,0,0,0,1,0,1,1,1,0,1,0,0,0,1,0,1,1,1,0,1,1,0,0,0,0
1,0,1,0,1,0,1,1,0,1,0,1,1,1,1,1,0,1,1,0,1,1,1,0,0,0,0,0,1,0,1,0,0,0
1,0,0,1,0,0,1,0,1,1,1,1,1,0,0,0,0,0,0,0,1,1,1,1,1,1,1,1,0,1,0,0,0,0
0,1,1,0,0,0,0,1,1,1,1,1,1,1,1,0,0,0,1,1,1,1,0,0,1,1,1,0,1,0,0,0,0,0
0,1,0,1,0,1,1,1,1,0,0,1,1,0,0,1,0,0,1,1,0,1,0,0,0,0,1,1,0,0,0,0,0,0
0,1,0,1,1,0,0,0,1,1,1,0,0,0,0,1,0,0,1,1,1,1,1,1,1,1,1,1,1,1,0,0,0,0
1,0,1,0,1,0,1,1,1,0,1,0,0,1,1,0,0,1,0,1,0,0,0,1,0,1,1,0,0,1,1,1,0,0
0,1,0,1,0,0,1,1,0,0,1,0,1,0,1,1,0,0,0,1,1,0,1,1,0,0,1,0,1,1,1,0,1,1
1,0,0,1,1,1,1,0,1,1,1,1,1,1,1,0,0,1,1,1,1,1,0,0,1,0,0,1,1,1,0,0,0,0
0,1,1,0,0,1,0,1,0,1,0,1,1,0,0,1,0,0,0,1,0,0,1,1,0,0,0,1,0,0,1,0,1,1
1,1,1,1,1,0,0,0,1,1,0,1,1,0,1,0,1,1,1,1,0,0,1,0,1,1,1,0,1,0,0,0,0,0
1,1,0,0,0,0,0,1,0,1,0,0,1,1,1,0,1,1,0,0,0,0,0,0,0,0,0,0,0,1,0,1,0,0
1,1,1,1,1,0,1,1,1,1,1,0,1,0,1,1,0,0,1,0,1,0,0,0,1,0,1,1,1,1,1,1,0,0
1,1,0,1,1,1,1,1,0,1,0,1,1,1,0,1,1,0,0,1,1,0,0,1,0,0,0,1,0,0,1,0,0,0
1,0,0,0,0,1,1,1,1,1,1,1,0,1,1,1,0,0,1,1,0,0,0,1,1,0,1,1,0,0,0,0,0,0
1,1,0,0,1,1,0,0,1,1,0,0,1,0,0,0,0,1,1,0,1,1,0,0,0,1,0,1,0,1,0,1,0,0
1,0,1,1,1,1,0,1,0,1,0,1,0,0,1,0,1,0,0,1,1,1,1,1,1,0,0,0,1,0,1,1,0,0
1,0,1,0,1,0,1,1,1,0,1,1,0,1,0,0,0,0,1,1,1,0,1,1,0,0,1,1,1,0,1,1,0,0
1,1,0,1,0,0,0,0,1,0,1,1,1,1,1,0,0,1,1,1,1,0,1,1,0,0,0,0,0,0,0,1,0,0
1,0,1,0,0,0,0,0,1,0,0,0,1,0,0,0,0,1,1,1,1,0,0,0,1,1,0,1,0,0,1,0,0,0
0,1,1,1,1,0,1,0,1,1,1,1,1,0,1,1,0,0,0,0,1,0,0,0,1,1,1,1,0,1,1,0,0,0
1,1,0,1,0,1,0,1,1,1,1,0,1,1,0,1,1,0,1,0,1,1,0,1,1,0,0,1,0,1,0,0,0,0
0,1,1,0,0,0,1,1,1,0,0,0,1,0,0,0,0,0,0,1,0,1,1,1,1,1,1,1,1,1,1,1,1,1
1,0,0,1,0,1,0,1,0,1,1,1,0,1,1,1,0,1,0,0,1,0,1,1,1,1,1,0,0,1,0,1,0,0
1,1,1,1,1,1,0,1,1,0,0,1,1,1,1,0,0,1,1,1,1,0,0,1,0,0,1,0,1,1,1,1,0,0
1,0,0,1,1,0,1,1,1,0,1,0,0,0,0,0,0,1,0,0,0,0,1,1,1,0,1,0,0,1,1,1,0,0
1,0,0,1,0,0,1,0,0,0,1,0,0,1,0,0,0,1,0,0,1,0,1,0,1,1,1,1,1,1,1,1,0,0
1,0,0,1,0,0,1,1,1,0,1,1,0,0,0,0,0,1,1,1,1,0,0,1,1,0,0,1,0,0,1,0,0,0
0,1,1,0,0,1,0,0,0,0,0,0,1,1,1,0,0,0,0,0,1,1,0,0,0,0,0,1,0,1,1,1,1,1
1,1,0,0,1,0,1,0,1,1,1,1,1,1,1,1,1,0,0,0,0,1,0,0,0,1,0,0,1,1,0,0,0,0
1,1,1,0,0,0,0,0,1,0,1,0,1,0,1,1,1,0,1,1,0,0,0,0,0,0,1,0,0,1,0,0,0,0
1,1,1,0,1,0,1,1,1,1,1,0,0,1,0,1,0,0,0,1,1,0,0,1,1,0,1,1,0,0,1,0,0,0
1,1,0,1,0,1,1,1,0,1,1,1,0,1,0,0,0,0,0,1,1,0,1,1,1,0,1,0,0,1,1,0,0,0
1,0,1,1,1,1,0,1,1,1,1,1,0,0,1,0,1,0,0,1,0,0,0,0,0,1,0,1,0,0,1,0,0,0
1,0,1,1,1,0,0,0,1,0,0,0,1,0,1,1,0,1,0,0,1,1,1,0,1,0,0,0,0,1,1,0,0,0
1,0,1,1,0,0,0,1,0,1,1,1,0,0,0,1,0,0,1,1,0,1,0,1,1,0,1,0,0,1,1,1,0,0
0,1,1,1,0,0,0,1,0,0,1,0,0,1,0,1,0,1,1,0,0,0,0,1,1,1,1,0,0,0,0,1,0,0
0,0,1,1,0,0,0,0,0,0,0,1,0,1,0,1,0,0,0,0,1,1,1,0,1,0,0,0,1,1,0,0,0,0
1,1,1,0,0,1,0,0,1,0,1,1,1,1,1,1,0,1,0,0,0,1,1,0,1,1,1,0,0,1,0,1,0,0
1,0,1,1,0,1,0,0,0,1,0,0,1,1,0,1,0,0,1,0,0,1,0,0,0,1,1,1,1,1,1,1,1,1
1,1,0,1,0,1,0,0,0,0,1,0,1,0,1,0,0,0,0,1,0,0,0,1,0,1,1,1,0,0,0,1,1,1
1,1,0,1,1,1,1,0,1,0,0,0,0,0,0,1,1,0,0,1,0,1,0,1,1,0,1,0,1,1,1,0,0,0
1,0,0,1,1,1,0,0,1,1,0,1,0,1,0,1,0,0,0,1,0,0,1,0,1,0,0,1,0,0,0,1,1,1
0,1,1,0,0,1,0,0,1,1,0,1,0,1,0,1,0,1,0,1,1,1,0,0,0,1,1,0,0,0,1,1,0,0
1,0,1,1,0,1,1,1,0,1,1,0,0,0,1,0,0,0,0,0,0,0,1,1,1,0,0,0,0,0,1,1,1,1
1,0,1,1,1,0,1,1,0,1,0,0,1,1,0,1,1,0,0,1,0,1,1,0,0,1,0,1,1,1,0,1,0,0
1,0,0,1,0,1,1,0,0,0,1,0,0,0,1,1,0,1,1,0,1,1,1,0,0,0,1,1,1,0,1,0,0,0
0,1,1,0,0,0,0,1,0,0,0,0,1,0,0,0,0,0,1,0,1,1,1,0,0,1,0,0,0,0,0,1,1,1
0,1,0,1,0,0,0,1,1,1,0,0,0,0,1,0,0,0,0,1,0,1,1,1,1,0,0,0,1,0,1,1,1,1
1,1,1,1,0,0,0,1,1,0,0,0,0,0,1,1,0,1,1,0,0,0,0,1,1,0,1,0,1,1,1,1,0,0
1,1,1,1,1,1,1,1,0,1,0,1,0,1,1,0,1,0,1,1,0,0,1,1,1,0,1,0,0,0,1,1,0,0
0,1,1,1,0,1,0,0,0,0,0,0,0,0,1,1,0,1,0,1,1,0,1,0,1,0,0,1,1,0,0,0,0,0
1,1,1,1,1,1,0,1,0,1,0,0,0,1,0,1,0,1,0,1,0,0,0,1,1,0,0,0,1,1,0,1,0,0
1,0,0,0,1,0,1,0,0,0,0,1,1,0,0,1,0,1,0,1,1,0,1,0,1,1,0,0,1,0,1,1,0,0
1,1,0,1,0,0,1,1,1,0,0,0,0,0,0,0,0,1,1,0,1,1,0,1,0,1,0,0,1,0,0,1,0,0
1,0,1,1,1,0,0,1,1,1,1,1,1,1,1,1,0,0,0,1,0,0,1,1,0,1,0,1,0,0,0,1,0,0
1,0,1,1,0,0,1,0,0,0,1,0,0,0,1,1,0,1,1,1,0,1,1,0,1,0,0,0,0,0,0,0,0,0
0,0,1,0,1,0,0,1,0,1,0,1,1,1,1,1,0,0,0,1,0,0,1,1,1,0,0,1,1,0,0,0,0,0
1,0,0,1,0,0,0,0,1,1,1,0,0,1,0,0,0,0,1,1,0,0,0,0,0,0,0,1,0,0,1,1,0,0
1,1,1,1,0,1,1,0,1,1,1,1,0,0,1,1,1,0,1,0,0,1,0,0,1,1,1,0,1,0,0,1,0,0
1,1,0,1,0,0,1,0,1,1,1,1,0,0,0,1,1,0,0,1,1,0,1,0,0,0,1,1,0,0,0,0,0,0
1,0,0,1,1,1,0,0,0,1,0,0,1,0,0,0,0,1,0,1,1,0,0,0,1,0,0,1,0,0,1,0,0,0
0,1,1,1,0,1,1,0,1,1,1,1,1,1,1,0,0,0,1,1,0,1,0,0,1,1,1,1,1,1,1,1,0,0
1,0,0,1,0,1,1,1,0,1,0,1,1,0,1,0,0,1,0,1,1,0,0,0,0,1,0,0,0,0,0,0,0,0
1,1,1,0,1,0,0,0,0,1,0,0,1,0,0,1,0,0,1,0,0,1,0,1,0,0,0,1,1,0,1,0,1,1
1,1,0,0,1,1,1,0,0,1,1,0,0,1,1,0,0,1,1,0,0,1,1,0,1,0,0,1,0,1,0,1,0,0
1,1,0,1,0,0,0,0,1,1,1,0,1,1,1,0,0,1,1,1,0,1,0,1,0,0,0,1,1,1,1,0,0,0
0,0,1,1,1,1,0,0,0,1,1,1,1,0,1,1,0,0,1,1,0,1,1,1,1,1,1,1,1,1,0,1,0,0
1,1,0,0,1,1,0,1,1,0,1,0,0,0,1,1,1,0,0,1,1,1,1,0,0,0,1,0,1,0,0,1,0,0
0,1,0,0,0,0,1,0,0,1,0,0,0,0,0,1,0,0,1,0,0,0,0,1,1,1,1,0,1,1,1,1,1,1
0,0,0,1,1,0,0,0,0,1,0,0,1,0,0,0,0,0,0,0,0,1,1,1,0,0,1,0,1,1,0,1,0,0
1,0,1,1,1,0,0,1,1,0,1,1,1,1,0,1,0,1,1,0,0,1,1,1,0,0,1,0,1,0,0,0,0,0
1,0,0,1,1,1,1,0,0,0,0,1,1,0,1,0,1,0,0,0,1,1,1,1,1,0,0,0,1,0,0,0,0,0
1,1,1,0,1,0,1,0,1,0,1,0,0,1,1,0,0,0,1,1,0,1,0,1,0,0,1,0,1,1,0,1,0,0
1,0,0,1,1,0,0,0,1,1,1,0,0,0,0,1,0,1,1,0,1,1,1,1,1,0,1,0,1,1,1,1,0,0
1,1,0,1,0,0,0,1,0,1,0,0,0,0,1,1,0,0,1,1,0,0,1,1,0,1,1,1,1,0,1,0,1,1
1,0,1,0,0,1,0,1,1,0,0,0,1,0,0,0,0,1,1,1,0,0,1,1,1,0,0,1,0,0,0,0,0,0
0,1,1,1,0,1,0,1,0,0,1,1,1,1,1,0,0,0,0,0,1,0,0,0,1,0,1,0,0,1,0,1,0,0
1,1,1,0,0,1,0,0,1,1,1,1,1,0,0,1,0,1,1,0,0,1,1,1,0,0,0,0,0,0,0,1,0,0
1,1,1,1,1,1,0,1,0,1,0,1,1,0,1,0,0,1,0,1,0,1,0,1,1,0,0,1,1,1,0,1,0,0
1,1,1,1,1,1,1,1,1,1,1,1,0,1,1,1,1,0,0,0,1,0,0,1,0,0,1,1,1,1,0,0,0,0
1,0,1,0,1,1,1,0,1,0,0,0,0,1,0,1,1,0,1,0,1,0,1,0,1,0,1,1,1,0,1,0,0,0
1,0,1,0,0,1,0,1,0,1,0,0,0,1,0,0,0,0,1,1,1,0,0,1,1,0,0,0,1,1,0,0,0,0
1,0,0,1,1,0,0,0,0,1,0,1,1,0,0,1,0,1,0,0,1,0,1,1,0,1,0,0,1,0,0,0,0,0
0,1,1,0,1,0,0,0,0,1,0,0,1,1,1,0,0,0,0,1,1,0,0,0,1,1,1,1,0,0,1,1,1,1
1,1,0,1,0,0,0,1,1,0,1,0,0,0,1,1,1,1,0,0,0,1,0,0,0,0,0,0,1,1,1,0,0,0
1,1,1,0,0,1,1,1,0,1,1,1,1,1,1,0,1,1,0,1,1,0,1,1,0,0,0,1,0,0,0,0,0,0
1,1,0,1,1,1,1,0,1,1,0,1,0,1,1,1,1,0,1,1,0,1,1,0,1,1,0,1,1,1,1,0,0,0
1,1,0,1,0,0,1,0,1,0,0,0,0,0,1,1,0,0,0,0,1,0,1,0,1,0,1,1,0,1,0,0,1,1
0,1,0,0,0,1,0,1,1,0,0,0,1,0,0,0,0,0,0,0,0,1,0,0,1,0,1,1,0,1,1,1,1,1
1,0,0,1,0,1,1,1,0,0,1,0,1,0,1,0,0,0,1,1,0,0,0,0,1,1,1,0,1,0,1,0,0,0
0,1,1,1,1,1,1,1,1,0,0,0,0,0,1,1,0,0,0,0,1,1,0,0,0,1,1,1,1,1,1,0,1,1
1,1,1,1,0,1,1,1,0,1,0,0,0,1,0,1,0,1,0,0,1,0,0,1,0,1,1,1,1,0,0,0,0,0
0,1,1,1,0,0,1,0,0,0,1,1,0,1,1,0,0,0,1,0,1,0,0,0,1,0,0,1,1,1,1,0,0,0
1,0,1,0,1,0,1,1,0,0,0,0,0,1,1,0,0,1,1,1,1,0,1,1,1,0,0,0,1,0,0,1,0,0
1,0,1,0,0,1,1,0,0,1,1,1,0,0,1,1,0,1,1,0,0,1,0,1,0,0,1,1,1,1,0,0,0,0
1,0,1,1,1,0,1,1,1,0,1,0,1,0,1,1,1,0,0,1,1,0,1,0,1,0,0,0,1,1,0,0,0,0
0,1,0,1,1,0,1,0,0,0,1,1,0,1,1,1,0,0,1,1,0,1,0,1,0,0,0,1,1,0,1,0,0,0
0,1,1,0,0,1,1,0,1,1,0,1,0,1,1,0,0,0,1,0,0,1,0,1,1,1,1,1,0,1,0,1,0,0
1,1,1,1,0,0,0,1,0,0,0,0,0,0,1,1,0,0,0,0,1,1,1,1,0,1,0,0,0,0,0,1,1,1
1,1,1,0,1,1,0,1,0,0,0,1,1,0,1,1,0,0,1,0,1,1,1,1,1,1,1,1,1,1,1,0,0,0
1,1,1,0,0,0,1,0,0,0,0,1,0,0,1,0,0,1,0,1,0,0,0,1,0,0,1,0,0,1,0,1,0,0
1,1,1,1,1,1,1,0,1,0,1,1,1,1,0,0,0,0,1,1,1,1,1,1,1,0,1,0,0,1,1,0,0,0
1,0,0,0,1,1,1,0,1,0,0,1,1,0,1,0,0,0,1,0,0,0,0,1,1,0,1,1,0,1,0,0,1,1
1,1,0,0,0,1,1,1,1,1,1,1,0,1,1,1,1,0,0,0,1,0,1,1,1,1,0,0,0,1,1,1,0,0
1,1,1,0,0,0,0,0,0,0,1,0,0,0,1,1,1,0,0,0,1,1,0,0,0,1,0,0,1,1,1,0,0,0
1,1,0,0,1,0,1,1,0,0,0,1,0,1,0,1,1,0,0,0,1,0,1,1,0,0,1,1,0,1,1,1,0,0
1,0,1,1,0,1,0,0,1,1,1,1,1,0,0,0,0,0,0,1,1,1,0,0,1,0,1,0,1,1,1,1,0,0
0,1,0,1,0,0,0,0,1,1,1,1,0,0,1,1,0,0,1,0,1,0,1,0,1,1,0,1,0,0,1,1,0,0
1,0,0,0,1,1,0,0,1,1,0,1,0,0,0,0,0,0,1,0,0,1,0,1,0,0,1,1,1,0,1,0,0,0
1,0,0,0,1,1,1,0,0,1,1,1,1,0,0,0,0,1,1,0,1,1,1,0,0,0,1,1,0,0,1,0,0,0
1,1,0,0,1,1,0,0,1,0,1,1,1,1,1,0,1,1,0,0,1,0,0,0,0,1,1,1,0,1,1,0,0,0
1,0,0,0,1,1,0,0,0,0,0,0,1,1,0,0,0,1,1,1,0,0,0,0,0,1,1,1,1,0,1,1,0,0
1,1,0,1,0,1,1,1,0,1,1,1,0,1,1,1,1,0,0,0,1,0,1,0,1,1,1,1,1,1,1,1,1,1
0,0,1,1,1,0,1,0,0,0,0,1,0,0,0,1,0,0,0,1,1,0,1,1,0,0,1,0,1,1,1,0,0,0
1,0,1,0,0,0,0,0,0,1,0,1,0,1,0,0,0,0,0,1,1,1,1,1,1,0,1,0,1,1,0,0,1,1
1,0,1,1,0,0,1,1,1,1,0,1,1,0,1,0,1,0,1,0,0,0,1,0,0,0,1,1,0,0,1,1,0,0
1,0,1,0,1,1,1,1,1,0,1,0,1,0,0,0,1,0,0,0,0,0,0,1,0,0,0,0,1,0,0,0,0,0
1,1,1,0,1,0,1,0,0,1,0,1,0,0,0,1,0,1,0,1,1,1,1,0,1,1,0,0,0,1,1,0,0,0
0,1,0,1,0,0,0,0,0,1,1,1,0,0,1,0,0,0,1,1,1,1,0,0,0,0,1,1,0,0,1,0,0,0
0,1,0,1,0,1,0,0,1,1,1,1,1,1,0,0,0,0,1,0,0,1,1,1,0,0,0,1,0,1,1,0,0,0
0,0,1,0,1,0,0,0,0,1,0,0,0,1,1,1,0,0,0,0,1,0,0,0,1,1,0,1,0,0,0,1,0,0
1,0,0,1,0,0,0,1,1,1,1,1,0,0,1,1,1,0,0,0,0,0,0,0,1,1,0,0,1,0,1,1,0,0
1,0,0,0,1,1,1,1,0,1,1,0,1,1,1,1,0,1,1,1,1,1,1,1,1,0,0,0,1,0,1,1,0,0
1,0,1,1,1,0,0,0,1,0,1,0,0,1,0,0,0,0,0,1,0,0,1,1,1,0,1,0,0,0,1,1,1,1
0,1,1,0,0,1,0,0,0,0,0,0,1,0,0,1,0,0,0,1,1,1,0,0,1,1,0,0,0,0,0,1,1,1
1,1,0,0,0,0,1,1,0,1,1,0,1,0,1,0,0,0,0,1,1,1,1,1,0,0,0,0,1,1,1,1,0,0
1,1,1,1,1,0,0,1,0,1,1,1,1,1,0,0,1,1,1,1,0,0,0,1,0,0,1,0,0,0,1,1,0,0
1,0,1,0,0,1,0,1,0,0,1,0,1,0,0,0,1,0,0,1,0,1,1,0,0,1,0,1,1,0,0,0,0,0
1,1,1,1,1,1,1,1,0,1,1,1,0,0,1,0,1,0,1,0,1,0,0,1,0,0,1,1,0,1,1,0,0,0
1,0,0,1,1,0,1,1,0,0,0,1,1,0,1,0,0,1,1,0,1,0,1,1,1,0,1,0,1,1,1,1,0,0
1,1,1,1,0,0,0,0,1,0,1,1,0,0,1,1,0,0,1,1,0,1,1,1,0,1,0,1,0,1,1,0,0,0
1,0,0,0,1,1,1,0,0,0,0,1,0,1,0,0,0,1,1,1,1,1,0,0,1,1,0,0,0,0,1,1,0,0
0,1,1,0,1,1,1,1,0,0,1,0,0,0,1,0,0,1,0,0,0,1,0,0,0,1,0,0,1,0,1,0,0,0
1,1,0,1,1,1,0,0,0,1,1,1,1,1,0,1,0,0,1,1,1,0,0,0,1,1,1,0,0,0,1,1,0,0
0,1,1,1,1,0,0,0,1,0,1,1,1,1,0,1,0,1,1,1,0,1,1,0,1,1,0,1,0,0,1,0,0,0
1,0,1,0,0,1,0,1,0,1,1,1,1,0,0,1,0,0,1,0,1,0,0,1,1,1,1,0,0,0,0,0,0,0
1,0,1,0,1,1,1,0,0,1,1,1,1,1,0,1,0,1,1,0,0,1,1,0,1,1,0,1,0,1,0,1,0,0
1,0,0,1,1,0,1,0,0,0,1,0,0,0,1,1,1,0,0,0,1,0,0,0,0,1,0,1,0,0,0,0,0,0
1,1,1,1,0,1,1,1,1,0,0,1,0,1,0,1,0,0,0,0,1,0,1,1,0,1,0,0,1,0,1,1,1,1
1,1,1,0,0,1,0,1,1,1,0,1,0,1,0,0,0,1,0,0,0,0,0,1,1,0,1,1,1,1,1,0,0,0
1,1,0,1,0,0,0,1,1,0,0,1,1,1,1,1,1,0,0,1,0,0,1,1,1,0,0,1,0,0,1,0,0,0
1,1,1,0,1,0,1,0,1,1,0,0,1,1,0,0,1,1,0,1,1,0,0,0,1,0,1,0,0,1,0,1,0,0
1,1,0,1,0,1,0,1,1,1,1,1,0,0,0,0,0,1,1,0,0,1,0,1,0,0,1,0,0,0,0,1,0,0
1,0,0,1,0,0,0,0,1,1,1,1,1,0,1,1,0,0,1,1,1,0,1,1,0,0,1,0,0,1,1,1,0,0
0,0,1,1,0,1,0,0,0,1,1,1,0,1,1,1,0,0,1,0,1,1,0,1,0,1,0,1,0,0,0,0,0,0
0,1,0,0,1,1,0,1,0,0,1,0,0,1,1,0,0,1,0,0,0,1,0,1,1,1,0,0,1,0,0,0,0,0
1,0,0,0,0,0,1,1,0,0,1,0,0,0,1,0,0,0,1,1,0,1,0,1,0,0,0,0,1,1,1,0,1,1
1,1,0,0,1,1,0,1,1,0,1,1,1,0,1,0,0,1,1,1,0,1,0,0,0,0,0,0,1,0,0,1,0,0
0,1,1,1,1,1,0,1,1,1,1,0,0,0,0,1,0,0,0,0,1,0,1,0,1,1,1,1,0,1,0,1,1,1
0,1,1,0,0,1,0,0,0,0,1,1,0,1,1,0,0,1,0,1,0,0,0,1,1,1,1,0,0,0,0,0,0,0
0,1,0,1,1,0,0,1,0,0,1,0,0,1,0,0,0,0,1,1,1,1,0,0,1,1,0,1,0,0,0,0,0,0
1,1,1,1,0,0,1,1,0,0,0,1,1,0,1,1,1,1,0,1,1,1,0,0,1,0,0,0,0,0,1,1,0,0
1,0,1,1,1,0,1,0,1,1,1,0,1,0,0,0,0,1,0,0,0,0,0,0,1,0,1,1,1,0,0,1,0,0
0,0,1,1,0,0,1,1,0,0,1,1,0,0,0,0,0,0,0,0,0,0,1,1,1,0,0,0,0,0,0,1,1,1
0,0,1,1,1,0,0,0,1,0,1,1,1,1,0,0,0,0,1,0,0,1,1,0,1,0,0,1,0,1,0,0,0,0
0,1,1,1,0,1,1,1,0,1,1,0,1,1,0,1,0,0,1,0,0,0,0,0,0,0,1,0,1,1,1,0,0,0
1,1,1,1,0,1,0,0,0,0,0,0,0,0,1,0,0,1,1,0,0,1,0,0,0,0,1,0,1,0,0,0,0,0
1,0,1,1,1,0,0,0,0,1,0,1,1,0,1,0,0,0,0,1,1,0,1,0,0,0,0,0,1,1,0,1,1,1
0,1,0,0,1,1,0,1,0,1,1,0,1,1,1,1,0,0,1,0,0,0,0,0,1,0,0,0,0,0,1,0,0,0
1,0,1,0,0,1,1,0,0,1,0,0,1,1,1,0,0,0,1,1,0,1,1,1,0,1,1,1,1,0,0,1,0,0
1,1,0,0,1,0,0,1,0,1,0,1,1,1,0,0,1,0,0,1,0,1,1,1,1,0,0,1,1,1,1,1,0,0
1,0,1,1,0,1,1,0,0,1,1,1,0,0,1,0,0,0,0,1,0,1,0,1,1,1,1,1,1,0,0,0,0,0
1,0,1,1,0,1,1,1,1,0,0,1,0,0,0,0,0,1,0,0,1,1,0,0,0,1,0,1,0,0,1,0,0,0
1,1,1,0,0,1,0,0,0,1,0,0,1,0,0,0,0,0,0,0,0,1,1,0,0,1,1,1,1,1,0,0,1,1
0,1,1,1,0,1,0,1,1,0,1,1,0,1,0,0,0,0,0,1,1,1,0,0,0,1,0,0,1,1,1,0,1,1
1,0,0,0,0,1,1,1,1,0,0,1,1,0,1,1,0,1,1,0,1,1,1,0,0,0,1,0,1,0,1,0,0,0
1,0,0,0,0,1,1,1,0,1,0,0,1,1,1,0,0,0,1,1,1,0,0,1,1,0,1,0,0,1,1,0,0,0
1,1,0,0,1,0,0,1,0,1,1,0,0,1,0,0,0,0,1,1,1,1,0,1,0,0,0,1,1,1,0,1,0,0
0,0,1,0,1,0,0,1,0,1,0,0,1,1,1,0,0,0,0,1,1,1,0,1,1,0,0,0,0,1,0,0,0,0
0,1,1,1,0,0,1,1,1,1,1,0,1,0,1,0,0,0,0,1,1,1,1,1,0,0,1,0,1,1,1,0,0,0
1,1,0,0,0,0,1,1,0,0,0,1,1,0,0,1,1,0,1,0,0,0,1,1,0,0,0,0,0,1,0,1,0,0
1,0,1,0,0,1,1,0,1,1,0,1,1,0,1,1,0,0,1,0,1,0,0,0,1,1,1,0,0,0,1,0,0,0
1,1,1,0,1,0,0,1,1,1,0,0,0,0,1,0,1,1,0,0,0,1,1,0,1,1,1,1,0,0,1,1,0,0
1,0,0,1,0,1,0,1,0,0,1,0,0,1,1,1,0,0,1,0,0,1,0,1,0,0,0,0,1,0,1,0,1,1
1,1,1,0,1,1,0,0,1,0,0,0,1,0,0,0,0,1,1,1,1,0,0,0,0,1,1,1,0,1,1,1,0,0
1,0,1,1,0,1,0,1,1,0,1,0,0,1,0,1,0,0,1,1,1,0,0,1,1,0,0,0,1,1,0,1,0,0
1,0,0,1,1,0,1,1,0,0,0,1,0,1,1,1,0,0,0,0,1,1,0,0,1,0,1,0,0,1,1,0,1,1
0,1,1,1,1,0,1,1,0,0,1,0,1,0,0,1,0,1,0,1,0,1,0,0,1,0,1,1,0,0,1,0,0,0
1,0,1,1,1,1,1,1,0,1,0,0,1,1,1,1,0,0,1,1,0,0,1,0,1,0,1,0,1,1,0,1,0,0
0,1,0,0,1,0,1,1,0,0,1,0,0,1,1,0,0,0,0,1,1,0,1,1,0,1,0,1,1,0,0,1,1,1
1,1,0,1,1,1,0,1,1,1,0,1,0,1,1,0,0,1,0,1,1,1,1,0,1,0,0,0,1,1,0,0,0,0
1,0,1,0,1,0,0,1,0,1,1,1,1,1,1,0,0,0,0,0,1,0,1,0,0,1,1,1,0,0,1,0,0,0
0,0,0,1,1,0,0,0,1,1,0,0,1,1,1,0,0,0,0,1,0,1,1,1,0,0,1,0,0,1,1,0,0,0
1,1,1,0,0,1,0,1,1,1,1,1,0,1,1,1,1,0,0,1,1,0,0,0,1,1,1,0,1,0,0,0,0,0
0,1,1,1,0,0,1,0,1,1,1,0,1,0,1,1,0,0,1,1,0,1,0,0,1,0,1,1,0,1,1,1,0,0
1,1,1,1,1,1,1,1,0,0,1,1,1,0,1,0,0,0,1,0,0,0,0,0,0,1,0,0,1,0,0,1,0,0
1,0,0,1,0,1,1,1,0,0,1,1,1,1,0,1,0,0,1,1,0,0,0,1,1,0,0,1,0,1,1,1,0,0
0,0,1,1,1,0,1,1,0,1,1,0,1,1,0,1,0,0,0,1,0,0,1,1,0,0,0,1,1,0,0,1,1,1
1,1,1,0,1,1,1,1,0,0,0,1,1,1,1,1,1,1,1,0,0,1,0,1,1,1,0,0,0,0,1,0,0,0
1,0,0,0,1,1,0,1,0,0,0,1,0,1,1,0,0,1,0,1,0,0,0,0,1,1,1,1,0,0,1,1,0,0
1,0,0,1,1,0,1,0,0,0,0,0,1,1,1,1,0,0,1,0,1,0,1,0,0,1,0,0,1,0,0,0,0,0
0,1,1,1,0,1,1,0,0,1,0,1,0,1,0,0,0,1,0,0,1,1,1,0,1,1,1,1,1,1,1,1,0,0
1,1,1,0,0,1,1,0,0,0,1,1,1,0,0,0,0,1,0,1,0,1,1,0,0,0,0,1,0,0,1,0,0,0
1,1,0,0,0,1,1,0,0,0,0,0,1,0,0,1,0,0,1,0,0,1,1,0,0,0,1,1,1,0,0,0,1,1
0,1,0,0,1,1,0,0,0,1,0,1,0,0,1,0,0,0,1,0,0,1,1,0,1,1,0,1,0,0,1,1,1,1
1,1,1,1,0,0,1,0,1,0,1,0,0,1,0,1,0,1,1,0,0,0,1,1,1,1,1,1,0,0,0,0,0,0
1,0,0,0,1,1,1,0,1,1,0,0,1,0,1,0,0,1,1,0,1,0,1,0,0,0,1,0,0,0,1,0,0,0
0,1,0,0,1,1,0,0,1,1,0,0,0,1,1,0,0,0,1,0,1,1,0,1,0,1,1,1,0,1,0,0,0,0
1,1,1,0,1,0,0,0,0,1,0,1,0,0,1,0,1,0,0,0,1,0,1,1,1,1,1,1,1,0,0,1,0,0
1,1,1,1,0,0,0,0,1,0,0,1,0,1,1,0,0,0,1,1,1,0,1,0,1,1,0,0,1,0,0,1,0,0
1,0,1,1,1,0,1,1,0,1,0,0,0,1,0,0,0,0,0,0,0,0,0,1,1,0,1,0,1,0,1,1,1,1
0,0,1,0,1,0,0,1,0,0,1,0,0,0,1,1,0,0,1,0,0,0,0,1,0,1,0,0,1,0,1,0,0,0
1,1,1,0,0,0,1,1,1,0,1,0,1,1,0,1,1,0,1,1,0,1,1,1,1,0,0,1,0,1,0,0,0,0
1,0,0,0,1,0,1,1,0,1,1,1,0,0,1,0,0,0,0,0,1,0,0,1,1,0,0,0,0,1,1,1,0,0
1,0,1,1,1,0,0,1,0,1,0,0,1,0,0,1,1,0,0,0,0,0,1,0,0,0,1,0,1,1,0,1,0,0
1,0,1,0,0,1,1,1,0,1,0,0,0,1,0,0,0,1,0,1,0,1,1,0,1,1,1,0,1,1,1,0,0,0
1,1,0,1,0,1,1,1,0,1,1,0,1,0,1,1,0,0,0,1,1,1,0,1,0,0,0,0,1,0,1,1,0,0
1,0,1,1,1,1,0,0,1,0,0,1,0,1,0,0,0,1,0,0,0,1,1,1,1,0,1,0,1,0,0,0,0,0
1,0,0,1,0,1,1,1,1,1,1,0,1,0,1,1,0,0,0,0,1,0,0,0,1,0,0,1,1,0,0,0,0,0
1,1,0,0,0,0,1,0,0,1,1,1,0,1,1,1,0,1,0,0,1,1,0,0,0,0,1,0,1,0,0,0,0,0
1,1,0,1,0,1,1,1,1,1,0,1,1,0,0,0,0,0,0,0,1,0,0,0,1,1,1,1,0,1,1,1,0,0
0,1,0,1,1,1,1,0,0,1,0,0,1,0,0,0,0,0,1,0,1,0,0,0,1,0,0,1,1,0,0,0,1,1
1,0,1,1,1,0,0,0,0,1,0,1,1,1,0,1,0,0,1,1,0,1,1,1,1,0,1,1,1,1,1,0,0,0
0,0,0,1,1,1,1,0,1,1,0,0,0,1,0,0,0,0,0,1,0,0,0,0,0,1,1,1,1,1,1,1,0,0
1,0,0,0,0,0,0,1,0,1,1,0,0,0,1,1,0,1,0,1,0,0,1,0,0,1,0,0,0,1,1,0,0,0
0,1,1,0,0,1,0,0,0,1,0,1,1,0,1,0,0,0,0,1,1,1,0,0,1,1,0,0,0,1,0,0,1,1
1,1,1,1,1,1,0,0,1,0,0,1,0,0,0,0,0,1,0,1,0,0,1,1,0,0,1,0,1,1,0,1,0,0
1,0,1,1,1,1,0,0,0,0,0,0,1,1,1,1,1,0,1,1,0,0,0,0,0,0,1,0,0,1,0,0,0,0
1,0,1,0,0,0,1,0,1,1,0,0,0,1,1,1,1,0,0,1,0,0,0,1,1,0,1,1,1,1,0,1,0,0
1,0,1,1,0,0,0,0,0,1,0,0,1,1,0,0,0,0,1,1,1,0,1,1,1,0,0,0,1,1,0,1,0,0
1,0,1,0,0,0,1,0,0,0,1,1,0,1,1,0,0,1,0,0,1,0,1,0,1,1,0,1,0,0,0,0,0,0
0,1,1,1,0,1,1,0,1,0,0,0,1,0,0,0,0,1,0,1,0,1,1,1,1,1,0,0,1,1,1,0,0,0
1,1,0,0,0,1,0,1,0,1,1,1,0,0,0,0,0,1,0,0,0,1,1,0,1,0,0,0,1,0,0,1,0,0
1,1,0,0,1,1,0,1,1,1,0,0,1,1,1,1,0,1,1,1,0,0,0,1,1,1,1,0,0,1,0,0,0,0
1,1,1,1,1,1,0,0,0,0,1,1,0,1,1,0,1,1,1,1,1,0,0,1,1,0,0,0,0,0,1,1,0,0
1,1,1,1,1,0,1,0,0,0,1,1,1,0,0,0,0,1,0,0,1,1,0,1,0,1,1,1,0,0,0,1,0,0
1,0,0,1,1,1,0,0,1,1,0,0,1,1,0,0,0,1,0,1,0,1,1,0,1,0,0,0,0,1,1,1,0,0
1,1,1,1,1,1,1,1,1,0,1,1,0,1,1,0,0,1,1,1,0,0,0,1,0,0,1,0,1,1,1,1,0,0
0,0,1,0,1,1,0,1,0,1,1,0,0,1,1,1,0,0,0,0,0,1,1,0,1,0,0,0,0,0,1,0,1,1
1,0,0,1,1,0,0,0,0,0,0,1,0,0,0,1,0,1,0,1,1,1,0,0,0,1,0,0,0,0,1,0,0,0
1,0,1,1,1,1,1,1,1,0,0,1,1,0,1,0,0,1,1,1,0,1,1,1,1,0,1,1,0,0,0,1,0,0
1,1,0,0,0,0,0,0,1,0,1,0,1,0,1,1,0,0,0,1,1,1,1,0,0,1,1,0,0,1,0,1,1,1
1,1,1,1,1,0,1,1,1,0,0,0,1,1,1,1,0,0,1,0,1,0,1,1,1,0,0,1,1,1,0,0,0,0
0,1,1,1,0,1,0,1,0,0,0,1,1,0,0,0,0,0,1,0,0,1,1,0,1,1,1,1,1,1,0,1,1,1
1,1,1,0,0,1,0,1,0,0,0,1,0,0,0,1,1,0,1,0,1,0,1,0,0,0,1,0,0,0,0,0,0,0
1,1,0,1,0,0,1,0,1,1,1,0,0,0,1,0,0,1,0,1,0,0,1,1,0,0,0,0,0,1,0,1,0,0
1,1,0,0,1,1,0,1,1,1,0,1,0,1,0,0,1,0,0,1,0,1,1,0,0,0,0,1,0,0,1,1,0,0
1,0,0,1,1,0,1,0,0,1,0,0,1,0,1,1,1,0,0,0,0,0,1,1,0,1,0,0,0,1,0,0,0,0
1,1,0,0,1,1,1,1,1,0,0,0,0,0,1,1,0,0,1,1,1,0,1,0,0,0,0,1,1,0,0,0,0,0
1,0,1,1,0,1,0,1,1,1,1,1,1,1,1,1,0,1,1,1,0,0,1,1,1,1,1,0,1,1,1,1,0,0
1,0,0,1,1,1,0,0,0,0,0,0,0,1,0,0,1,0,0,1,1,0,0,1,0,1,0,0,0,0,1,0,0,0
1,1,1,0,1,1,1,0,1,1,1,1,1,1,1,0,0,1,1,1,1,1,0,0,0,1,0,0,0,0,1,1,0,0
1,0,1,1,1,0,1,1,1,1,1,0,0,1,1,0,1,0,1,1,0,0,1,0,0,0,0,0,0,0,0,1,0,0
1,1,0,0,1,0,0,1,0,0,0,0,0,0,1,1,1,0,1,0,0,0,0,0,0,1,1,0,0,1,0,0,0,0
1,1,1,0,1,1,0,1,1,1,1,1,1,1,1,0,0,0,1,1,1,0,1,1,0,1,0,0,0,0,0,0,0,0
1,1,1,0,1,1,0,1,0,1,0,0,0,1,1,1,1,1,0,0,1,1,0,1,0,1,1,0,1,1,0,0,0,0
1,1,1,1,1,0,1,1,0,0,0,1,0,0,0,0,0,1,1,0,0,0,1,0,1,1,1,0,0,0,1,1,0,0
1,1,1,0,1,1,1,0,0,1,0,1,1,1,1,0,1,0,1,1,1,1,1,0,1,0,1,1,0,0,1,1,0,0
1,1,0,0,1,0,0,0,1,1,0,0,0,1,0,0,0,0,1,0,1,1,0,0,0,1,0,1,1,0,0,1,0,0
0,1,0,0,1,0,1,0,1,0,1,1,1,1,0,0,0,0,0,1,1,1,0,0,0,1,0,0,1,1,0,1,0,0
1,1,0,0,0,1,1,0,1,1,1,0,1,0,0,0,1,0,0,1,1,1,0,1,0,1,1,0,0,0,1,1,0,0
1,1,1,0,0,1,0,0,0,1,1,0,0,1,0,0,1,1,0,0,0,1,0,1,0,1,1,1,0,1,1,0,0,0
1,0,1,1,0,1,0,0,1,0,1,0,0,0,1,1,0,1,1,0,0,0,0,1,1,1,1,1,0,0,0,0,0,0
1,1,1,0,1,1,0,1,1,1,1,0,0,1,1,1,1,0,0,1,1,0,1,1,1,0,0,1,1,0,0,1,0,0
1,0,1,1,0,0,0,1,1,1,1,0,0,0,1,0,0,0,0,0,1,0,0,1,0,0,1,1,0,1,0,1,0,0
1,0,0,0,0,0,1,0,0,0,1,1,1,0,0,0,1,0,0,0,0,0,0,1,0,0,1,0,0,1,0,1,0,0
1,0,0,1,0,0,1,1,1,1,0,1,1,0,0,0,0,1,0,0,0,0,1,0,1,0,1,1,0,0,0,0,0,0
1,1,0,1,0,0,0,0,0,1,0,0,1,0,1,0,0,0,1,1,0,1,0,0,0,0,0,0,1,1,0,1,0,0
0,1,1,0,0,0,1,0,1,0,1,1,0,1,0,0,0,1,0,1,0,0,1,0,1,1,0,0,1,0,0,1,0,0
1,1,0,1,0,1,0,0,0,1,0,1,1,0,0,1,0,1,1,0,0,1,0,0,0,0,1,1,0,0,0,0,0,0
1,1,1,1,0,0,0,0,1,0,1,0,0,0,0,0,1,0,0,0,1,1,0,0,1,1,1,0,0,1,0,0,0,0
1,0,0,0,1,0,1,0,1,1,1,0,0,0,0,0,0,1,1,0,1,1,0,0,1,1,0,1,0,0,0,1,0,0
1,1,1,0,1,1,0,1,1,1,0,1,1,1,1,1,1,0,0,0,1,1,0,0,0,0,0,0,0,1,0,1,0,0
1,1,0,1,0,1,0,1,0,1,0,1,1,0,0,1,1,1,0,0,1,0,0,1,0,0,1,1,0,1,0,1,0,0
1,1,1,0,1,0,0,1,0,0,1,0,0,1,1,0,0,0,1,0,0,0,0,1,1,0,0,1,1,1,0,1,1,1
0,1,0,1,1,0,1,0,1,0,0,1,0,0,0,1,0,1,0,0,1,1,1,0,1,1,0,1,1,1,1,0,0,0
1,0,0,1,1,1,1,1,1,1,0,0,0,1,0,1,0,1,1,1,1,1,0,1,1,0,0,0,1,0,0,1,0,0
1,0,1,0,1,1,0,1,1,1,1,0,1,1,1,1,1,0,0,1,1,1,1,0,0,1,0,1,1,0,1,0,0,0
1,1,1,1,1,0,0,1,0,1,1,0,1,0,0,1,0,0,1,1,0,1,0,1,1,0,1,1,0,0,0,1,0,0
1,1,0,0,1,0,0,1,1,1,1,0,0,0,1,0,1,0,0,0,0,0,0,0,0,0,0,1,0,0,1,0,0,0
1,1,1,1,1,1,0,0,1,1,0,0,0,1,1,0,0,0,1,0,0,1,0,0,0,0,1,1,1,1,1,1,0,0
0,1,1,1,1,1,0,0,0,0,1,0,1,1,0,0,0,1,1,1,0,0,0,1,0,0,0,0,1,1,0,1,0,0
1,0,1,0,0,1,1,1,0,0,0,0,1,1,1,1,0,0,0,1,1,1,0,0,1,1,0,0,0,1,0,0,1,1
1,1,1,0,1,1,1,1,0,1,0,0,1,1,0,1,0,1,1,0,0,1,1,1,0,1,0,0,0,1,0,0,0,0
1,0,1,0,0,0,1,1,0,1,0,0,0,1,0,1,0,1,0,1,1,0,0,1,1,0,0,1,1,1,1,0,0,0
0,1,0,1,0,0,1,0,1,1,1,1,1,1,0,1,0,1,0,0,1,0,0,0,1,1,1,1,1,1,1,0,0,0
1,1,0,1,1,1,1,0,1,0,1,1,0,1,0,1,0,0,1,0,0,1,0,0,0,1,1,0,1,1,1,1,0,0
1,1,0,0,1,1,0,1,0,1,1,1,0,0,0,1,0,1,0,1,1,0,0,1,1,0,0,1,1,0,0,1,0,0
1,1,1,0,0,1,1,0,0,0,1,1,1,1,1,0,0,0,1,0,0,1,1,0,1,1,1,1,0,1,0,1,0,0
1,1,0,0,0,1,1,1,1,0,0,0,0,0,1,1,1,0,1,1,1,0,1,1,1,0,1,1,0,1,1,1,0,0
1,0,1,0,1,1,0,0,0,1,1,1,0,0,0,1,0,1,0,1,0,0,0,1,1,0,1,1,1,1,1,1,0,0
1,1,1,0,1,1,0,1,1,1,1,0,1,0,1,0,0,0,1,0,0,0,0,0,0,0,1,1,0,1,0,0,0,0
1,0,1,0,1,1,0,1,0,0,1,1,0,1,1,0,0,1,0,0,1,0,1,0,1,1,0,1,1,1,1,1,0,0
0,1,1,1,0,0,0,1,1,0,0,0,1,0,0,0,0,1,1,0,1,1,1,1,0,1,0,0,1,1,1,0,0,0
1,0,1,0,0,1,1,0,0,0,1,0,1,1,0,0,0,0,0,1,0,0,1,1,0,1,1,1,1,0,1,0,1,1
1,1,1,1,0,0,1,1,0,1,1,0,0,1,0,1,0,1,1,0,0,0,1,0,0,1,1,1,1,0,1,1,0,0
1,1,0,1,0,1,0,0,1,0,1,0,0,0,0,1,1,1,0,0,0,1,0,0,0,0,0,1,0,1,1,0,0,0
1,0,1,0,1,0,0,1,0,1,1,0,0,1,1,1,0,1,1,1,0,1,1,0,1,1,0,1,1,0,1,0,0,0
1,1,1,1,1,0,1,0,1,1,0,0,1,0,0,1,1,0,0,0,1,1,1,0,0,0,1,0,0,0,0,1,0,0
1,1,1,1,1,1,0,1,1,1,1,1,0,0,0,0,0,0,1,0,0,0,0,0,1,0,0,1,1,0,1,1,0,0
0,1,1,1,1,1,1,0,1,1,1,1,0,1,0,1,0,1,0,1,0,0,0,0,1,1,1,0,1,1,1,0,0,0
1,1,0,1,0,1,0,1,0,0,0,1,0,0,1,0,1,0,1,1,1,0,0,0,0,1,0,0,1,1,0,1,0,0
0,1,1,1,1,0,1,1,1,0,0,0,0,1,1,1,0,0,0,1,1,0,0,0,1,0,1,0,0,1,0,1,1,1
1,0,1,1,1,0,1,0,0,0,0,1,0,0,1,1,0,1,1,0,1,0,0,1,1,1,1,1,0,0,1,1,0,0
1,1,0,1,1,1,1,1,1,0,1,0,0,0,1,0,1,0,0,0,0,1,1,0,1,1,1,0,0,0,0,0,0,0
0,1,0,0,0,1,1,0,1,1,0,0,1,0,0,1,0,0,0,1,0,0,0,0,0,0,1,0,1,1,1,1,1,1
0,1,1,0,1,1,1,1,0,1,0,1,0,1,1,0,0,0,1,0,1,0,1,0,1,0,0,1,0,0,1,1,0,0
1,1,1,1,0,1,0,0,0,1,0,0,1,0,0,0,1,1,0,0,0,1,1,1,0,1,0,0,0,1,1,1,0,0
0,1,0,1,1,0,1,0,0,0,0,0,0,1,1,0,0,0,1,0,0,1,1,1,0,1,0,0,1,0,1,0,1,1
1,1,1,0,1,0,0,0,1,0,0,0,0,1,1,1,1,0,1,0,0,1,0,0,0,0,1,0,1,1,0,0,0,0
1,1,0,1,1,1,0,0,0,1,1,1,1,1,1,0,0,1,1,1,0,1,1,0,0,0,0,1,0,0,0,0,0,0
1,0,0,1,0,1,0,0,1,0,0,0,0,1,1,0,0,1,0,0,0,1,1,0,0,1,0,1,0,1,0,1,0,0
1,1,1,0,1,1,0,1,1,1,0,1,0,0,1,1,1,0,1,0,0,1,1,1,0,0,1,0,0,0,1,1,0,0
1,1,0,0,1,0,1,0,0,1,0,1,0,1,0,0,0,0,0,1,0,0,0,0,1,0,1,0,1,1,0,0,1,1
1,1,1,1,0,1,1,0,1,1,0,0,1,1,1,0,0,0,1,0,0,1,1,0,1,0,1,0,1,1,1,0,0,0
1,1,0,0,0,0,1,1,1,0,1,0,1,1,1,0,0,0,0,0,1,1,1,0,0,0,0,0,1,0,1,0,1,1
1,1,0,1,1,0,0,1,0,1,0,1,1,0,0,0,1,0,0,0,0,0,0,1,1,0,1,0,1,1,1,0,0,0
1,1,0,0,0,1,1,1,0,1,0,0,1,1,0,0,0,1,1,0,0,1,1,1,1,1,0,0,1,0,1,0,0,0
1,0,1,1,1,1,1,0,1,0,0,1,1,1,1,1,0,0,0,1,0,1,0,0,0,0,0,1,1,0,1,0,0,0
1,1,1,0,1,1,0,0,1,1,0,1,0,1,0,1,0,0,0,0,0,0,1,0,1,1,1,0,0,0,0,0,0,0
1,1,0,0,1,0,1,0,0,1,0,0,0,1,0,1,1,0,0,0,0,0,1,0,1,1,1,1,0,1,0,0,0,0
1,1,0,0,1,0,1,0,0,1,0,1,1,0,1,1,1,0,0,1,1,1,1,1,1,1,1,0,1,1,1,0,0,0
1,0,1,1,1,0,1,1,0,0,0,0,0,0,1,1,0,0,1,1,0,1,1,0,0,1,0,1,1,0,1,0,1,1
0,1,1,1,0,1,0,1,0,0,1,1,0,1,1,0,0,1,1,0,1,0,0,1,1,1,0,1,1,0,0,1,0,0
0,1,1,0,0,1,0,1,1,0,1,0,1,1,0,1,0,0,1,1,1,0,1,1,1,1,1,0,0,1,0,1,0,0
1,0,0,1,0,0,1,1,0,1,0,1,1,1,0,0,0,0,1,1,0,0,0,1,0,1,0,1,0,0,0,1,0,0
1,0,0,1,0,0,1,1,0,0,0,1,1,1,0,1,0,1,1,1,0,1,1,0,1,0,0,1,0,0,0,0,0,0
1,1,1,0,0,0,0,1,1,0,1,0,0,0,0,1,0,1,1,0,1,1,0,1,0,1,0,1,1,0,0,1,0,0
1,1,0,1,1,0,1,1,1,0,0,0,1,0,0,0,0,1,1,0,0,0,1,0,1,1,0,0,1,1,1,0,0,0
1,1,1,0,0,1,0,0,1,0,0,0,0,0,1,1,1,1,0,0,1,0,0,1,0,1,1,1,1,1,0,0,0,0
1,0,1,0,0,0,0,1,1,1,1,1,1,1,0,1,0,1,1,1,0,0,1,0,1,0,0,0,0,0,0,1,0,0
1,1,0,0,0,1,1,0,1,0,0,1,0,0,1,0,0,1,1,0,1,0,1,0,1,0,0,0,1,1,0,0,0,0
1,1,1,1,1,1,1,1,1,1,0,0,0,0,0,0,0,0,1,0,0,1,1,1,1,1,1,1,0,0,1,0,0,0
0,0,0,0,1,0,1,1,1,0,1,0,0,1,1,0,0,0,0,0,1,0,0,1,0,0,1,0,0,0,1,0,0,0
1,1,1,1,0,0,1,1,1,0,0,1,0,1,0,0,0,1,1,0,0,1,0,1,1,1,0,0,1,1,0,1,0,0
1,0,1,0,1,1,1,1,1,0,0,1,1,0,0,1,0,1,0,1,0,1,0,1,0,0,1,1,0,0,0,1,0,0
1,1,1,0,0,1,1,1,0,1,0,0,0,1,1,1,0,1,1,0,0,0,0,1,1,1,0,0,1,1,0,1,0,0
1,1,0,0,0,0,1,0,1,0,1,0,1,0,1,0,1,0,1,1,0,1,1,1,0,0,0,1,1,0,1,1,0,0
0,1,1,1,0,0,1,1,0,0,0,0,1,0,0,1,0,0,1,1,1,1,1,1,0,0,0,1,1,1,0,0,0,0
1,0,1,1,0,1,1,1,1,0,0,0,1,1,0,0,1,0,0,1,1,0,0,0,1,1,0,1,1,0,1,1,0,0
1,0,0,1,0,0,1,1,1,0,1,0,1,0,0,0,0,1,1,0,0,1,0,1,0,1,1,1,0,0,0,1,0,0
1,0,1,0,1,0,0,1,1,1,0,0,0,0,1,0,0,1,0,1,1,1,1,0,0,1,1,0,1,1,0,1,0,0
1,1,1,0,0,0,1,1,0,1,0,1,1,0,1,0,0,1,0,1,0,1,1,1,1,0,0,1,1,1,0,1,0,0
1,1,0,0,1,0,1,1,0,0,1,0,0,0,0,0,0,0,0,0,0,0,1,1,0,1,1,1,1,1,0,0,1,1
1,1,1,1,1,1,1,1,1,0,0,0,0,1,1,0,0,0,1,1,1,1,1,1,0,1,1,0,1,1,0,1,0,0
1,1,1,1,1,0,0,0,0,0,1,1,1,0,1,0,1,0,1,0,0,0,1,1,1,1,0,1,0,1,1,0,0,0
1,0,1,0,0,1,0,0,0,0,0,0,1,0,1,1,1,0,0,1,1,0,1,1,1,0,1,1,0,0,1,1,0,0
1,1,1,0,0,1,1,0,1,0,0,0,0,0,1,1,1,1,0,0,1,0,1,0,1,1,1,0,0,0,0,1,0,0
0,1,1,0,0,1,1,0,0,0,1,1,1,1,0,1,0,0,0,0,0,0,1,0,1,1,0,0,1,0,1,0,1,1
1,0,0,1,0,1,1,1,0,1,0,1,1,0,0,0,0,1,0,0,1,1,0,1,1,1,0,0,1,0,1,0,0,0
1,0,1,0,1,1,1,0,1,0,1,1,0,1,1,0,0,1,1,0,0,0,1,0,0,1,0,0,0,0,1,0,0,0
1,1,1,1,1,1,1,0,0,1,0,0,0,0,0,1,1,0,1,1,0,1,1,1,1,1,0,0,0,0,1,1,0,0
1,1,1,1,1,0,1,0,1,1,1,0,0,1,0,1,0,0,1,1,1,0,1,0,1,0,1,0,0,1,0,0,0,0
1,1,0,1,1,0,1,1,0,1,0,0,1,0,0,1,0,0,1,1,1,0,0,0,1,1,0,1,0,1,0,0,0,0
1,0,0,0,1,0,1,0,0,0,1,0,1,0,1,0,1,0,0,0,1,0,0,1,1,1,0,0,0,0,1,0,0,0
1,0,0,1,1,1,1,0,1,0,0,0,0,0,0,0,1,0,0,1,0,0,1,0,0,0,0,1,0,1,1,0,0,0
1,1,1,0,1,0,0,0,0,0,0,0,0,0,1,0,1,1,0,1,0,1,1,0,1,0,0,0,0,1,0,1,0,0
1,0,0,0,0,0,0,1,0,1,1,1,0,1,0,1,0,1,1,0,1,1,1,1,0,1,0,0,1,1,0,1,0,0
0,1,1,1,0,0,1,0,0,1,1,1,1,1,0,1,0,0,1,0,1,0,1,1,0,1,0,1,0,1,0,0,0,0
1,1,1,0,0,0,1,0,0,0,1,1,0,0,1,0,0,1,1,1,0,0,0,0,1,0,1,0,1,1,1,1,0,0
1,0,1,1,1,1,1,0,1,1,0,0,1,0,0,1,1,0,0,1,0,1,0,1,1,0,1,1,1,0,0,0,0,0
1,1,0,0,1,1,1,0,0,0,1,1,0,0,1,1,0,0,0,0,1,1,0,0,1,0,1,1,0,1,1,1,1,1
0,1,1,1,0,0,1,0,1,0,0,1,0,1,1,0,0,0,1,1,1,0,0,0,1,1,0,1,0,0,1,0,0,0
1,0,1,0,0,0,1,1,0,0,1,1,1,1,0,0,0,1,0,1,1,0,1,0,1,1,1,0,1,0,0,1,0,0
1,0,1,1,1,0,0,1,1,0,1,1,0,0,1,0,0,1,0,0,1,0,0,1,0,1,0,0,1,0,1,1,0,0
0,0,0,0,1,1,1,0,0,0,1,0,0,1,0,1,0,0,0,0,1,0,0,0,1,1,0,0,1,1,0,1,0,0
1,0,0,1,1,1,0,0,1,1,1,0,1,1,0,1,0,0,0,0,1,1,1,0,1,1,1,1,1,0,1,1,0,0
1,0,0,1,0,1,0,0,0,0,0,0,0,1,1,0,0,1,0,0,1,1,0,1,0,0,0,0,1,1,0,1,0,0
0,1,0,1,0,0,0,0,0,1,0,1,1,0,1,0,0,0,0,1,1,1,0,1,0,0,0,0,1,0,1,1,1,1
1,1,1,0,0,1,1,1,0,0,0,0,1,0,1,0,0,1,1,1,1,0,0,0,1,1,0,0,0,0,0,0,0,0
0,1,1,0,1,0,0,1,0,1,0,0,1,0,0,0,0,0,1,1,0,0,0,0,0,1,1,0,0,1,1,0,0,0
1,1,0,0,1,1,1,1,0,0,0,1,1,0,0,1,0,1,1,1,1,0,1,0,1,1,0,0,1,1,1,1,0,0
1,1,0,1,1,0,0,0,0,1,1,0,0,1,0,1,1,0,1,1,1,0,0,0,0,0,0,0,1,0,0,0,0,0
1,1,0,0,0,0,1,1,0,0,0,0,0,0,1,0,0,1,1,0,1,0,1,0,0,0,1,1,1,0,1,1,0,0
1,0,1,0,1,0,0,0,0,0,0,1,0,0,1,0,0,1,1,0,0,1,1,1,0,1,1,0,0,1,0,1,0,0
1,1,1,0,0,0,1,1,1,0,1,0,0,0,0,0,0,1,0,1,1,0,0,0,1,0,0,1,0,0,1,1,0,0
1,0,1,1,0,1,1,0,1,1,0,1,0,0,0,1,1,0,1,0,0,0,1,1,1,1,0,0,1,0,1,0,0,0
1,1,0,1,0,0,0,1,1,1,0,1,1,0,0,0,1,0,0,0,1,1,0,1,0,1,1,0,1,0,0,1,0,0
1,1,0,0,1,1,0,1,0,1,0,1,0,1,1,1,0,0,1,1,0,0,1,1,1,0,0,0,0,1,0,0,0,0
1,1,1,0,0,1,0,1,0,1,0,1,1,1,1,0,0,1,1,0,0,1,1,1,1,1,1,1,1,0,1,0,0,0
1,0,1,1,1,0,1,0,1,1,0,1,0,0,1,1,1,0,0,1,1,1,1,1,0,1,0,1,1,0,0,1,0,0
0,1,0,0,0,0,0,1,1,1,1,0,1,0,0,0,0,0,1,1,1,1,0,1,0,0,0,0,1,1,0,1,0,0
1,0,1,1,0,0,0,1,0,0,1,0,0,0,0,1,0,0,1,0,0,1,1,1,0,0,0,0,1,0,0,1,1,1
1,0,0,1,1,1,1,1,0,0,1,0,0,1,1,1,0,0,1,1,1,0,0,0,0,0,0,1,1,0,1,0,0,0
0,1,1,0,0,0,1,1,1,1,1,1,1,0,1,1,0,0,0,0,0,0,1,1,1,1,0,1,0,0,1,1,0,0
1,0,1,0,1,0,0,0,0,0,1,0,0,1,1,1,0,0,1,1,1,1,0,1,0,1,1,1,1,0,0,1,0,0
1,0,0,1,0,1,0,0,1,0,1,1,1,1,1,0,0,0,0,1,0,0,0,0,0,1,1,1,0,0,0,0,0,0
0,1,1,0,0,1,1,1,0,0,1,0,1,1,1,0,0,0,0,0,0,1,0,0,1,1,0,1,1,1,0,1,1,1
1,0,1,0,1,0,1,1,1,0,0,1,0,1,0,1,0,0,1,1,1,1,0,1,1,1,0,0,1,0,0,0,0,0
1,0,0,1,1,1,1,1,1,1,0,0,1,1,0,0,0,1,1,1,1,1,0,1,1,0,1,0,1,1,0,0,0,0
1,1,0,0,1,1,0,1,0,0,0,0,0,0,1,0,0,1,0,0,1,0,1,1,1,0,1,0,1,0,0,0,0,0
1,0,1,0,0,0,1,1,0,0,0,0,0,1,1,1,0,1,0,0,1,1,0,1,1,1,0,0,1,0,0,1,0,0
0,0,1,1,0,0,1,1,0,0,1,1,0,1,0,1,0,0,0,1,0,1,0,0,0,1,1,0,1,0,0,0,1,1
1,0,1,1,1,1,1,1,1,1,0,1,1,1,1,0,0,0,0,1,0,1,1,0,0,1,1,0,1,1,0,0,0,0
1,1,0,1,0,1,1,1,1,1,1,0,0,1,1,1,0,0,0,1,0,0,0,0,1,0,1,0,1,0,1,0,0,0
0,1,0,1,0,0,1,0,0,0,1,0,0,0,1,1,0,0,1,1,0,0,1,1,1,1,1,0,1,0,0,1,1,1
0,1,0,1,1,0,1,1,1,1,1,1,1,1,1,0,0,0,0,1,1,0,1,1,0,1,0,1,1,0,1,1,0,0
1,1,0,0,1,0,1,1,0,0,0,1,1,0,0,1,0,1,1,1,1,0,0,0,0,1,0,0,1,1,0,1,0,0
1,0,0,0,0,1,0,0,1,0,1,0,1,1,1,1,0,0,1,1,0,1,0,0,1,1,0,1,1,1,0,1,0,0
1,1,0,0,1,1,0,0,0,1,1,0,1,0,0,0,1,0,1,0,0,1,0,0,0,1,0,1,0,0,0,0,0,0
0,1,0,0,1,0,0,0,0,0,0,0,1,0,1,0,0,0,0,1,0,0,0,0,1,1,0,0,0,0,1,0,0,0
1,1,0,0,0,0,0,1,0,0,1,1,1,0,0,1,0,1,0,1,0,0,0,1,1,1,0,0,1,0,1,1,0,0
0,0,1,0,1,0,0,1,1,0,0,0,1,0,0,1,0,0,0,0,0,0,1,1,1,0,1,1,0,0,0,1,0,0
0,0,1,0,0,1,1,0,1,0,1,0,0,1,1,1,0,0,0,0,0,0,0,1,1,0,0,0,0,0,1,1,0,0
1,0,0,1,1,1,1,1,0,0,1,1,1,0,0,1,0,0,0,0,1,1,1,0,0,0,1,1,0,1,1,0,0,0
1,1,1,1,1,0,0,0,1,0,1,0,1,1,1,0,1,1,1,1,0,0,1,0,1,1,1,0,1,1,1,0,0,0
1,1,1,0,1,1,1,0,1,0,1,1,1,0,0,1,0,1,0,0,1,0,1,1,0,1,1,0,1,0,0,1,0,0
0,1,1,0,1,0,0,0,0,0,0,0,0,1,0,0,0,0,0,1,1,0,0,0,1,0,0,0,1,1,0,1,1,1
1,1,0,0,0,0,0,0,1,0,0,0,1,1,1,0,1,0,1,0,0,0,0,1,1,0,1,1,0,0,1,1,0,0
0,1,1,0,0,0,1,1,1,1,1,1,1,0,1,1,0,1,0,1,0,0,0,1,1,0,1,1,0,0,1,1,0,0
1,1,1,1,0,0,1,0,0,0,0,1,0,1,1,1,0,0,1,0,0,0,1,1,0,1,0,0,0,0,1,1,1,1
0,1,1,1,0,1,0,1,0,1,1,1,1,0,1,0,0,0,0,0,0,1,1,1,1,0,1,1,1,1,1,0,0,0
1,1,0,1,1,0,0,0,0,1,0,0,0,0,1,1,1,0,1,0,0,0,1,0,0,1,0,1,0,1,1,1,0,0
1,1,1,0,0,1,0,1,0,0,1,0,1,1,1,1,0,1,1,0,0,0,0,0,0,0,1,1,1,1,0,0,0,0
1,1,1,1,0,0,1,1,1,0,1,0,0,0,0,1,0,1,0,1,0,1,1,1,0,1,1,1,0,0,1,1,0,0
1,1,0,1,1,0,0,1,1,0,1,0,1,0,0,1,1,0,1,1,1,0,1,0,0,0,0,1,0,0,0,1,0,0
1,0,1,1,0,1,0,0,1,1,0,1,0,0,1,1,1,0,0,1,1,0,0,0,0,0,1,0,0,1,1,1,0,0
0,0,1,1,1,0,1,1,1,0,0,1,1,1,1,0,0,0,1,1,0,0,1,1,0,0,1,1,0,1,0,0,0,0
1,0,1,1,0,0,1,1,1,0,0,0,1,1,1,1,0,0,1,1,0,0,1,0,0,0,1,0,0,1,1,1,0,0
1,0,0,1,0,1,1,0,0,0,0,1,1,1,0,1,0,1,0,0,1,0,1,0,0,1,1,0,1,0,0,1,0,0
1,1,1,1,1,0,0,0,0,0,0,0,1,1,0,0,0,1,0,0,1,0,1,1,1,0,1,1,0,0,0,1,0,0
0,1,1,1,0,0,0,0,1,1,0,0,0,0,1,0,0,1,0,0,0,0,1,1,1,0,1,0,0,1,1,0,0,0
1,1,1,1,1,1,0,0,1,1,0,0,1,1,0,0,1,1,0,0,1,1,1,1,0,0,0,0,1,1,1,0,0,0
1,0,0,1,1,1,0,1,1,1,0,1,0,0,0,1,0,1,0,1,0,0,0,1,1,1,0,1,0,0,1,1,0,0
1,1,1,0,1,1,1,1,1,1,1,0,1,0,0,1,0,1,1,0,1,0,0,0,1,1,1,1,0,0,0,1,0,0
1,1,0,0,0,0,0,0,0,0,0,1,1,1,0,1,1,0,1,1,1,1,0,1,0,0,0,0,1,1,1,1,0,0
1,1,0,1,0,1,0,0,1,1,0,0,1,1,0,1,0,1,1,0,0,0,0,1,0,1,0,1,1,0,1,0,0,0
1,0,0,1,1,1,1,1,1,1,1,1,0,0,0,1,1,0,0,0,0,1,0,0,1,1,1,0,0,0,0,0,0,0
0,0,1,1,1,0,0,1,0,0,0,0,0,0,0,1,0,0,0,0,1,1,0,0,1,1,0,0,0,0,1,0,0,0
1,0,1,0,0,0,1,1,1,0,0,1,1,1,1,0,0,0,1,1,0,0,1,0,1,0,1,0,1,0,0,0,0,0
1,0,0,1,0,1,0,0,1,0,1,1,0,1,0,1,0,0,1,1,1,0,1,0,1,1,1,1,1,0,0,0,0,0
1,0,0,1,1,1,1,0,0,1,1,1,0,1,1,0,0,0,0,1,0,0,1,1,1,0,0,0,1,1,1,0,0,0
1,1,0,1,0,1,1,0,0,1,0,0,1,0,0,0,0,1,0,0,1,0,0,1,0,0,1,0,1,1,0,1,0,0
1,0,0,0,0,0,0,1,1,1,1,0,0,0,0,1,0,1,0,1,1,1,1,1,1,1,1,0,1,0,1,0,0,0
0,1,1,1,0,1,0,0,0,0,1,0,1,1,0,0,0,1,1,1,0,0,1,0,0,1,0,0,1,1,1,0,0,0
1,0,1,1,1,1,1,1,0,0,0,0,1,1,0,1,1,0,0,1,0,0,1,0,0,0,0,1,1,0,1,0,0,0
1,1,1,0,1,1,1,0,0,1,1,0,0,0,1,0,0,0,0,1,0,1,0,0,1,0,0,0,0,1,1,0,1,1
1,0,0,1,1,1,0,0,1,0,1,0,1,0,1,1,0,0,0,1,1,0,0,1,1,0,0,1,0,1,0,1,1,1
1,1,1,1,0,0,1,1,1,0,0,0,0,1,1,1,1,0,1,1,1,0,1,0,1,1,0,0,1,1,0,1,0,0
1,1,0,1,0,0,0,1,0,1,1,0,0,0,0,0,0,0,0,1,1,1,0,0,1,1,0,0,0,0,0,1,1,1
1,1,1,1,0,1,0,0,1,0,1,0,0,1,0,0,1,1,0,0,1,0,0,1,0,1,1,0,0,1,1,0,0,0
1,1,1,0,1,1,1,1,0,0,0,0,0,1,1,1,1,1,1,0,0,1,0,1,0,1,1,0,1,0,0,0,0,0
1,1,0,0,0,1,1,1,1,0,1,1,1,0,0,0,1,0,0,0,0,1,0,1,0,0,0,0,0,1,0,1,0,0
1,1,0,1,1,1,1,0,1,0,1,1,0,0,1,0,0,0,1,1,0,1,0,1,0,0,0,0,0,1,1,1,0,0
0,1,1,0,1,0,0,0,1,0,0,1,1,0,0,0,0,1,0,0,1,0,1,1,1,1,0,0,0,0,0,1,0,0
1,0,0,1,1,1,0,1,0,1,1,1,1,0,0,0,0,1,0,0,1,0,0,0,0,0,1,0,0,1,1,1,0,0
1,0,0,1,0,1,1,0,1,1,1,0,0,0,0,1,0,0,1,1,0,1,1,0,0,0,0,1,0,0,0,1,0,0
1,1,1,0,1,1,1,0,1,1,0,1,1,1,1,1,1,1,0,1,1,1,1,1,0,1,1,0,1,1,1,0,0,0
1,1,1,1,0,1,1,0,1,0,1,0,0,1,1,0,0,1,1,1,1,1,1,0,0,0,0,1,0,1,1,1,0,0
1,1,0,1,0,1,1,1,0,1,1,1,1,0,0,0,0,1,1,0,0,0,0,0,0,1,0,1,1,1,1,1,0,0
1,1,1,1,1,1,0,0,1,0,0,1,1,1,1,0,0,0,0,0,0,1,0,1,1,1,1,0,1,1,0,1,1,1
1,1,0,1,1,1,0,0,1,1,1,0,0,0,0,0,1,1,0,1,0,0,1,1,0,1,0,1,1,1,0,1,0,0
1,1,0,0,1,0,1,1,1,0,1,1,1,1,1,0,0,1,0,0,0,0,0,0,1,0,0,0,0,1,1,0,0,0
1,0,0,0,1,1,1,1,1,1,0,1,0,1,1,1,0,0,1,1,0,1,0,1,0,0,1,0,0,1,1,0,0,0
1,1,0,0,0,1,1,0,0,0,1,0,1,0,0,0,1,0,1,1,1,0,0,1,0,0,0,1,0,0,1,1,0,0
1,1,1,1,0,1,0,0,1,0,1,1,0,0,1,1,1,0,0,0,1,0,0,0,1,1,1,1,0,1,0,1,0,0
0,1,0,0,0,0,0,0,0,1,0,0,1,0,1,1,0,0,0,1,0,0,1,0,0,0,1,1,0,0,0,1,1,1
1,1,0,0,1,0,1,0,1,1,1,1,0,1,0,1,0,0,0,0,1,0,0,0,1,1,1,1,1,1,0,0,0,0
1,0,1,0,1,1,0,1,1,1,1,1,0,1,0,1,0,0,1,1,1,0,0,1,0,1,1,0,1,0,0,1,0,0
1,1,1,0,1,1,1,0,1,0,1,0,1,1,0,1,0,1,1,0,0,0,1,1,0,1,1,1,1,0,0,1,0,0
1,0,0,1,1,0,1,0,1,0,1,0,1,1,1,0,0,1,0,0,0,1,0,1,0,1,1,0,0,0,0,0,0,0
0,1,0,1,1,1,1,1,1,0,1,0,0,0,0,0,0,0,0,1,0,1,1,0,0,0,1,0,0,1,0,1,1,1
1,1,0,1,1,0,0,1,1,1,0,0,0,1,0,0,0,0,0,0,0,0,1,1,1,1,1,0,1,0,0,1,1,1
1,1,1,1,0,0,1,0,0,0,1,1,1,0,0,1,1,0,1,0,1,1,0,0,0,1,0,0,0,0,1,1,0,0
0,1,1,1,1,1,1,1,0,0,1,1,1,0,1,0,0,1,1,0,1,0,0,1,1,0,0,1,1,1,1,0,0,0
1,0,1,1,0,0,0,0,1,0,0,0,0,0,1,1,0,0,0,0,1,0,0,1,1,0,0,0,0,1,1,0,1,1
0,1,0,0,0,1,0,0,0,1,1,1,0,0,1,0,0,0,1,1,0,1,1,1,0,0,0,0,0,0,1,1,0,0
1,1,1,0,0,0,0,0,0,0,0,1,1,0,0,1,1,0,0,0,0,0,0,0,1,0,0,0,1,0,0,0,0,0
0,1,1,0,0,0,0,0,0,1,0,0,1,0,1,0,0,1,0,0,0,0,1,1,0,1,0,0,0,1,1,0,0,0
1,1,0,1,1,1,1,1,0,0,0,0,1,0,1,1,0,1,1,1,1,1,1,1,1,0,0,1,0,1,0,1,0,0
1,1,0,0,1,1,1,1,1,0,0,1,0,0,1,1,0,0,0,0,0,0,1,0,0,1,0,0,1,0,0,1,1,1
0,1,1,1,0,1,0,1,0,0,1,0,1,0,1,0,0,0,0,1,1,0,0,0,0,0,1,1,0,0,0,0,1,1
1,0,1,1,1,1,1,0,1,0,1,0,1,0,0,0,0,1,0,0,0,0,1,0,0,0,1,1,0,1,1,1,0,0
0,1,0,0,0,0,0,1,0,1,1,0,0,0,1,0,0,0,1,0,0,1,0,1,1,0,1,1,0,0,0,0,0,0
0,1,0,1,0,1,1,1,1,0,1,1,0,1,0,1,0,0,1,1,1,1,1,0,1,1,1,1,1,0,0,1,0,0
1,0,1,1,0,0,0,0,0,1,1,1,0,0,1,0,0,1,1,1,1,0,0,0,1,1,0,1,0,1,0,0,0,0
1,0,0,1,1,1,0,0,1,1,0,0,0,0,0,0,0,0,0,0,1,1,1,1,0,0,0,1,0,0,0,0,1,1
1,1,0,1,1,0,0,1,0,0,0,1,0,1,0,0,0,1,1,0,0,0,0,0,1,0,0,1,0,1,0,0,0,0
0,1,1,0,1,0,0,1,0,0,0,1,1,1,0,1,0,1,0,1,1,0,0,1,1,1,0,1,1,1,1,1,0,0
1,1,0,0,1,1,1,1,1,0,1,1,1,1,1,0,0,1,0,0,1,1,0,1,0,0,1,1,1,1,1,1,0,0
1,0,1,1,1,1,1,0,0,1,1,0,0,0,0,1,0,0,1,0,1,1,1,1,0,0,1,1,0,1,1,0,0,0
1,0,1,0,0,0,0,1,1,1,1,0,1,1,1,1,0,1,0,1,1,0,1,1,0,0,1,0,1,0,1,0,1,1
1,1,0,0,0,0,0,0,1,0,0,0,1,1,1,1,0,1,1,1,1,1,0,0,1,0,1,1,1,1,0,0,0,0
1,1,0,0,1,1,1,1,1,0,1,0,1,0,0,1,1,0,1,1,1,1,0,0,0,0,0,1,1,1,1,0,0,0
0,1,0,0,0,0,1,0,1,0,1,1,1,0,1,1,0,0,1,0,0,1,1,1,0,1,0,1,1,1,1,0,0,0
1,0,0,1,0,1,1,0,0,0,0,1,1,0,0,0,0,1,1,1,0,0,1,0,0,0,1,0,0,0,0,0,0,0
1,0,0,0,1,1,0,1,0,0,1,1,0,0,0,1,0,0,0,1,1,0,0,0,0,0,1,1,1,1,0,1,1,1
1,0,1,0,1,0,1,1,0,0,1,1,1,0,0,0,1,0,0,1,0,1,0,1,1,0,0,0,1,1,0,0,0,0
1,0,0,0,1,1,1,1,1,0,0,0,0,0,1,0,0,0,0,1,0,1,0,0,1,1,1,0,1,1,1,1,1,1
1,1,0,1,0,0,0,1,1,1,0,0,0,1,0,0,1,0,0,0,0,1,1,0,1,1,0,1,0,1,1,1,0,0
1,1,0,1,0,0,0,0,1,0,0,1,1,0,0,1,0,1,0,1,0,0,1,0,1,1,1,1,0,0,0,1,0,0
1,1,1,1,1,0,0,1,0,0,1,0,1,1,0,0,1,1,1,1,0,0,0,1,1,1,1,1,0,1,1,1,0,0
1,0,1,0,1,0,0,0,1,1,0,0,0,1,1,0,0,0,0,0,0,0,1,1,0,1,1,1,1,1,0,1,1,1
1,1,1,1,1,0,1,0,1,0,0,0,0,0,0,0,1,1,0,1,1,1,0,1,1,1,0,1,1,1,1,0,0,0
1,0,0,0,1,1,1,1,0,0,1,1,0,1,0,0,0,0,0,0,1,0,0,0,0,0,0,0,0,0,1,0,1,1
1,1,1,0,0,0,1,0,0,0,1,0,1,0,1,1,1,1,0,0,0,0,0,0,0,0,1,1,1,1,1,1,0,0
1,1,1,0,1,0,1,1,1,1,0,1,1,1,1,0,1,1,0,1,0,0,0,0,1,0,1,1,0,1,1,0,0,0
1,1,1,1,1,0,1,1,1,1,1,1,1,0,0,0,0,0,0,0,1,1,0,0,0,1,0,0,0,0,0,0,0,0
1,1,0,0,0,1,0,0,1,1,0,0,0,1,1,1,0,1,0,1,1,0,1,0,1,1,0,0,0,0,0,0,0,0
1,0,0,0,1,0,1,0,1,1,0,1,1,0,0,1,0,1,1,0,1,1,0,1,1,0,0,1,0,1,0,0,0,0
1,1,0,1,1,1,0,0,0,0,1,0,0,0,1,1,1,0,0,1,1,1,0,1,1,1,0,0,1,0,1,1,0,0
1,1,1,0,0,1,0,0,0,0,0,0,1,1,1,1,1,0,0,1,1,1,0,0,0,0,0,0,1,1,1,1,0,0
1,0,1,0,0,1,1,1,0,0,1,1,1,1,0,0,0,1,1,1,0,0,1,0,1,1,0,1,1,0,1,0,0,0
1,0,0,0,1,0,1,1,0,1,0,0,0,0,1,1,0,0,1,1,0,0,0,1,0,1,1,0,1,1,0,0,1,1
1,1,1,1,1,0,1,0,1,0,1,0,0,1,0,0,0,0,0,0,0,0,1,0,1,0,0,1,0,1,0,1,1,1
1,1,0,0,0,1,1,0,0,1,1,1,1,0,1,0,0,0,0,0,0,1,1,1,0,1,1,0,1,1,1,0,0,0
1,1,1,0,0,1,0,0,0,0,1,0,1,1,0,1,1,1,0,0,0,1,0,1,0,1,1,1,1,1,0,0,0,0
0,1,1,0,1,0,1,1,0,0,1,1,0,0,0,1,0,1,0,0,0,1,0,1,0,0,0,1,0,1,0,0,0,0
1,1,0,0,0,1,1,0,1,1,0,0,0,1,0,0,0,0,1,0,0,0,1,0,0,1,0,1,0,0,0,0,0,0
1,1,0,0,1,1,1,0,1,1,1,1,0,1,0,0,0,1,0,1,1,1,0,1,0,0,0,1,0,0,0,1,0,0
1,1,0,0,0,0,0,1,0,1,1,1,0,0,1,0,0,0,0,1,0,0,1,0,0,0,0,0,0,1,0,1,0,0
0,1,1,0,0,1,0,1,1,1,1,0,1,1,1,1,0,0,1,1,1,1,0,1,0,0,0,1,0,0,0,1,0,0
1,0,1,0,1,1,1,0,1,1,0,1,0,1,0,1,1,0,1,0,1,1,1,0,0,1,1,0,1,1,1,1,0,0
1,1,1,1,0,0,1,0,1,0,1,0,1,1,0,1,0,0,1,0,1,0,1,1,0,0,1,0,0,1,0,0,0,0
0,1,0,1,0,1,0,1,0,1,1,0,0,1,1,0,0,0,0,0,0,0,1,0,0,0,0,0,0,1,0,0,1,1
1,0,1,1,1,0,1,0,0,0,1,0,0,1,0,0,0,1,1,0,0,0,1,0,0,0,1,1,1,0,0,1,0,0
1,0,0,0,0,1,1,1,0,1,1,0,0,1,0,1,0,0,0,1,0,0,0,1,1,0,0,1,1,0,1,0,1,1
0,0,1,1,0,0,0,1,1,0,0,1,0,1,0,0,0,0,0,0,0,1,0,0,1,1,0,1,1,0,1,1,1,1
1,1,0,1,0,0,1,1,1,0,1,0,1,0,1,0,0,1,1,0,0,1,1,0,0,1,1,0,1,1,0,0,0,0
1,1,0,0,1,1,0,0,0,1,1,1,0,0,1,1,1,0,1,1,0,0,0,1,1,0,0,1,0,1,0,0,0,0
1,1,0,1,1,1,0,1,0,0,0,1,0,1,0,0,0,0,0,1,1,1,1,1,0,1,0,1,1,1,0,0,1,1
1,0,1,1,1,1,0,1,1,1,1,0,0,1,0,1,0,1,1,0,0,0,1,0,1,0,0,1,0,0,1,1,0,0
1,1,1,1,1,1,1,1,1,0,1,1,1,1,0,1,0,1,0,1,1,1,0,1,0,1,1,1,0,0,0,0,0,0
1,1,1,1,1,1,1,0,1,0,0,1,0,1,1,1,1,1,0,0,0,0,0,1,1,0,1,1,0,1,1,0,1,1
1,1,1,0,1,1,1,0,0,1,1,1,1,1,0,1,0,1,0,1,0,1,1,0,1,0,0,0,1,0,0,1,0,0
1,1,0,1,1,1,0,1,0,1,1,1,0,0,0,0,1,1,0,0,1,1,0,0,0,1,1,1,0,0,0,1,0,0
0,1,0,0,0,1,1,1,1,1,0,0,0,1,0,0,0,1,0,0,0,0,1,1,0,1,1,0,0,0,0,0,0,0
1,1,1,1,1,0,0,1,0,0,1,0,0,0,0,0,0,0,1,0,1,0,0,1,0,1,0,0,0,0,0,1,1,1
1,0,0,1,0,1,1,0,1,0,1,0,1,0,1,1,0,0,1,0,0,0,0,0,1,0,0,1,0,0,1,0,1,1
0,1,0,1,0,1,0,0,1,1,1,1,0,0,0,1,0,0,0,0,1,0,0,1,1,1,0,0,0,0,0,1,0,0
0,1,1,1,1,0,0,1,1,1,1,1,1,0,1,1,0,0,0,0,0,0,0,1,0,0,0,1,0,0,0,0,0,0
0,1,1,1,1,1,1,0,0,1,1,0,0,0,1,0,0,0,1,1,0,0,0,1,0,1,0,1,0,1,1,0,0,0
1,0,0,0,0,1,1,1,1,1,1,1,0,1,0,0,0,0,1,1,0,0,1,0,1,1,1,0,0,1,1,1,0,0
0,1,1,0,0,0,0,1,0,0,0,1,0,1,1,0,0,0,0,0,0,0,1,0,1,1,1,0,1,0,1,0,1,1
1,0,1,1,0,1,1,1,1,1,1,0,1,1,1,0,1,0,1,0,1,1,1,0,0,1,1,0,0,0,0,1,0,0
1,1,0,0,1,0,0,1,0,1,0,0,0,0,1,1,0,1,0,1,1,0,0,0,1,1,1,1,1,0,1,0,0,0
1,0,1,1,0,1,0,0,1,1,1,1,1,0,1,0,0,1,1,1,0,1,0,1,1,1,0,1,1,0,0,1,0,0
1,1,0,1,0,0,1,0,0,1,1,1,0,1,1,1,0,1,1,0,1,1,0,0,0,0,1,1,0,1,0,1,0,0
1,1,1,0,0,0,1,1,1,1,0,0,1,0,1,0,1,0,0,1,1,1,0,0,1,1,0,1,0,1,0,0,0,0
1,0,0,0,1,0,1,0,1,1,1,1,1,1,0,1,0,1,0,1,0,1,0,0,1,1,1,1,1,1,0,0,0,0
0,1,0,1,1,0,0,1,0,1,0,0,1,1,1,0,0,1,0,1,0,0,0,0,0,1,1,1,0,0,0,0,0,0
1,1,1,1,1,0,1,0,1,1,0,0,1,1,1,1,0,1,1,1,1,1,0,1,1,1,1,1,1,0,1,1,0,0
1,1,0,1,0,1,0,0,0,0,1,1,0,1,1,0,0,1,0,0,0,0,0,1,0,1,1,0,0,1,1,0,0,0
1,0,1,1,0,1,0,0,0,0,1,0,0,1,1,1,0,0,0,0,0,0,1,1,0,1,0,0,0,0,0,0,1,1
1,1,0,0,1,1,0,0,1,1,1,0,0,0,0,0,0,0,1,0,0,1,1,0,0,0,0,1,1,0,0,0,0,0
0,1,0,0,1,1,1,0,1,0,1,0,1,1,0,0,0,0,1,0,1,0,1,0,1,1,1,1,1,0,0,0,0,0
0,1,1,1,1,0,0,0,1,1,0,0,0,0,0,1,0,0,1,0,1,1,1,1,1,1,1,1,1,1,0,0,1,1
0,0,1,0,1,1,0,0,0,0,1,1,1,0,1,0,0,0,1,0,1,0,1,1,0,0,1,0,0,1,1,0,0,0
1,0,0,0,0,0,1,1,1,0,1,1,0,1,1,0,0,0,0,1,0,1,0,0,1,0,0,0,0,0,0,1,1,1
1,0,1,1,1,1,1,1,1,0,0,1,1,0,0,1,0,1,0,0,0,0,1,0,1,1,1,0,0,1,0,0,0,0
1,0,0,0,1,0,0,1,1,0,1,0,0,1,1,0,0,1,0,0,1,1,0,0,0,0,0,0,1,1,1,1,0,0
0,1,0,0,0,0,0,0,0,1,1,1,0,1,1,1,0,0,1,1,1,0,0,0,1,0,0,0,1,1,0,1,0,0
0,1,1,0,1,0,0,1,1,0,0,1,0,1,0,1,0,1,0,1,0,1,1,0,0,1,0,1,0,1,0,1,0,0
1,1,0,0,1,1,0,0,1,0,1,1,1,0,1,1,1,1,0,0,1,0,1,0,0,1,1,1,1,1,0,0,0,0
1,0,0,1,1,1,0,0,1,1,0,0,1,1,0,1,0,1,0,1,0,1,1,1,1,0,0,1,0,0,0,1,0,0
1,1,1,0,1,0,1,0,1,1,0,0,1,1,1,0,0,0,0,1,0,1,0,0,1,0,0,1,0,0,0,1,1,1
0,1,1,1,1,0,1,1,0,1,1,0,1,1,0,0,0,0,1,0,1,0,0,0,0,0,1,0,1,0,0,0,0,0
1,0,0,1,1,1,1,1,0,1,1,1,1,0,0,0,1,0,0,1,0,1,1,1,1,1,0,0,0,0,0,0,0,0
1,0,1,0,0,0,1,1,1,1,1,1,1,1,1,1,0,0,0,0,0,0,0,1,1,0,1,1,1,1,1,0,0,0
1,0,0,0,1,0,0,0,0,0,0,1,0,1,0,1,0,0,0,1,0,1,0,0,1,0,0,1,1,1,1,1,1,1
0,0,1,1,1,1,0,0,1,0,1,1,1,0,0,0,0,0,1,0,0,0,0,1,0,0,1,0,1,1,1,0,0,0
1,0,1,1,0,1,1,0,1,0,0,0,0,1,0,0,0,0,0,1,1,1,1,0,1,0,1,1,1,1,1,1,1,1
1,1,0,1,1,0,0,0,1,0,0,1,1,0,1,1,0,1,0,0,0,0,1,0,1,1,1,1,1,1,1,0,0,0
0,0,1,0,0,0,1,0,0,1,0,0,0,1,0,1,0,0,0,0,0,1,0,0,1,1,0,0,1,0,1,0,0,0
1,1,1,1,0,0,0,0,0,0,1,1,0,0,0,1,1,1,1,0,1,0,1,0,1,0,1,1,1,1,0,1,0,0
0,1,1,0,1,0,0,0,0,1,0,1,1,0,0,0,0,0,1,1,1,0,1,1,0,0,0,0,0,0,0,1,0,0
1,0,1,1,1,0,1,0,1,1,0,0,0,1,1,0,0,1,0,1,1,0,1,0,1,0,1,1,1,0,1,0,0,0
1,0,0,0,1,0,1,0,1,1,0,1,1,1,0,1,0,0,0,0,1,0,1,1,1,1,1,1,1,1,1,0,1,1
1,0,1,1,1,1,1,0,0,0,0,1,1,1,0,1,1,0,1,0,1,1,0,1,1,1,0,0,1,0,1,0,0,0
1,0,1,0,0,0,0,1,0,1,1,1,1,1,1,1,0,1,1,0,0,1,1,0,0,0,0,0,0,1,1,1,1,1
1,1,0,1,1,1,0,1,0,0,0,0,1,0,1,1,0,0,1,1,1,1,1,0,0,1,1,0,0,1,1,1,0,0
0,0,1,0,0,1,1,0,0,1,1,1,0,1,0,1,0,0,0,1,1,0,1,1,1,1,0,1,0,1,1,1,0,0
1,0,1,0,1,1,0,1,1,1,0,0,0,0,1,1,1,0,0,0,1,1,1,0,0,0,1,0,0,1,0,1,0,0
1,1,0,0,1,1,1,1,0,0,0,0,1,0,0,0,1,0,1,1,0,1,0,1,0,0,1,1,1,0,0,1,0,0
1,0,1,0,1,1,0,1,0,0,1,0,0,1,0,1,1,0,1,0,1,0,0,1,1,1,0,1,1,0,1,0,0,0
1,0,0,0,0,1,1,1,1,1,0,1,1,1,1,0,1,0,0,0,0,1,0,0,0,1,1,0,0,1,1,1,0,0
1,0,0,0,1,0,0,0,0,0,0,1,1,0,1,0,0,0,1,1,0,1,0,0,0,1,1,1,1,1,1,1,0,0
0,1,0,0,0,1,0,1,1,0,1,1,0,0,0,0,0,0,1,0,0,0,0,0,0,0,1,0,1,1,0,0,0,0
1,0,0,0,1,1,0,1,1,0,0,0,0,1,1,0,0,1,0,0,0,0,1,1,0,0,0,0,1,1,1,1,0,0
1,1,1,1,1,0,1,1,0,0,0,1,0,1,0,0,1,0,1,1,0,0,0,1,1,1,0,0,0,1,0,1,0,0
0,1,1,1,0,0,0,0,0,1,1,0,1,0,0,0,0,0,1,1,1,0,1,1,1,0,0,0,1,1,0,0,0,0
1,0,1,0,1,1,1,1,1,1,0,1,1,0,0,1,1,0,1,0,1,0,1,1,1,0,0,1,1,1,0,1,0,0
0,0,1,0,1,1,1,0,0,1,1,0,1,1,0,0,0,0,0,1,1,0,1,0,0,0,1,1,1,1,1,1,1,1
1,1,0,1,1,1,1,0,0,0,0,1,0,1,1,0,0,1,0,0,0,0,0,1,0,0,0,0,1,0,0,1,0,0
1,1,0,1,1,1,0,1,1,1,1,1,0,1,1,0,1,1,0,1,0,0,0,1,0,0,0,1,0,1,1,1,0,0
0,1,1,0,0,1,0,1,0,0,1,1,0,0,0,1,0,1,0,0,0,1,0,0,0,0,1,1,1,1,0,1,0,0
1,0,0,0,0,0,0,0,0,0,0,1,1,1,1,0,0,1,1,1,1,1,0,1,1,1,0,1,1,1,0,0,0,0
1,1,1,1,1,1,0,0,1,1,1,0,0,0,0,1,1,0,1,0,0,1,0,0,0,1,0,0,0,1,1,1,0,0
1,0,0,0,1,1,1,1,1,1,0,1,0,1,1,1,0,0,1,0,0,0,1,1,0,1,1,0,1,0,0,0,0,0
1,1,1,0,0,1,0,0,1,1,0,0,0,1,1,1,0,0,0,1,0,0,1,0,0,0,1,1,1,0,1,1,1,1
0,0,1,0,0,1,1,1,0,1,0,1,1,0,0,0,0,0,0,1,0,0,1,0,1,0,0,0,1,1,0,0,0,0
1,1,1,0,0,0,0,1,0,1,0,0,1,1,1,0,0,0,1,0,0,0,1,1,1,0,0,0,1,0,1,0,1,1
1,0,1,0,0,1,0,1,0,1,1,1,1,1,0,0,0,0,1,1,0,1,0,0,1,0,1,1,0,0,1,0,0,0
1,0,1,1,0,0,1,0,1,1,1,1,0,0,0,1,1,0,0,0,1,1,1,1,0,0,0,1,1,1,0,1,0,0
0,1,0,0,1,0,0,0,1,1,0,0,1,1,1,0,0,0,0,1,0,1,1,1,0,1,0,0,0,1,0,1,1,1
1,1,0,0,1,1,1,0,0,0,0,1,0,1,0,1,0,0,0,1,0,0,0,0,0,1,1,1,0,1,1,0,1,1
0,1,1,1,1,1,1,1,1,1,1,0,0,1,1,0,0,1,1,0,1,0,1,1,0,0,1,1,1,0,0,0,0,0
1,0,1,1,1,1,0,1,0,1,0,1,1,1,1,1,1,0,1,0,1,1,0,0,1,0,0,1,0,0,1,0,0,0
0,1,1,0,1,0,1,0,1,0,0,0,1,0,1,1,0,0,0,0,1,0,0,0,1,1,0,1,1,0,0,1,1,1
1,1,1,1,1,0,1,1,1,1,0,0,1,0,0,1,1,1,0,1,1,0,1,0,0,0,1,1,0,1,1,0,0,0
0,1,0,1,0,1,0,0,0,1,0,0,1,1,1,1,0,0,0,1,1,1,0,0,1,1,1,0,1,0,1,1,0,0
1,0,1,1,1,0,0,1,0,1,0,0,1,0,0,0,0,1,1,0,1,1,1,1,0,0,0,0,1,1,1,0,0,0
0,1,1,1,0,1,0,1,1,1,0,0,0,0,0,1,0,1,1,1,0,1,0,0,0,1,0,1,1,1,1,1,0,0
1,0,0,0,1,0,0,1,0,0,1,0,0,0,1,0,0,1,1,1,0,0,1,0,1,0,0,1,1,0,0,1,0,0
1,1,0,0,0,0,1,1,1,0,1,1,0,1,1,1,0,1,0,0,0,1,1,0,0,0,1,0,0,0,1,1,0,0
1,1,0,1,1,1,0,0,0,1,1,0,1,1,0,1,0,0,1,1,0,1,0,1,0,0,1,0,0,1,0,1,0,0
0,1,1,1,1,0,1,1,1,0,1,0,0,1,0,1,0,0,0,1,0,0,1,0,1,1,0,1,0,1,0,0,1,1
1,1,1,1,0,0,0,0,0,0,1,1,1,0,0,1,0,1,0,0,0,1,1,0,0,1,1,1,0,0,1,1,0,0
1,1,0,1,0,0,0,1,0,0,1,0,1,0,1,1,1,0,1,1,0,1,1,1,0,1,0,1,1,1,1,0,0,0
1,0,1,1,0,0,1,0,1,0,0,1,0,0,0,0,0,1,0,1,1,0,1,0,1,0,1,0,1,0,0,1,0,0
1,1,0,0,0,1,0,1,1,1,0,1,1,0,1,0,0,1,1,0,1,0,1,1,1,0,1,1,0,0,0,1,0,0
1,0,1,0,0,1,0,1,0,0,0,0,1,1,0,1,0,0,0,1,1,1,0,1,0,1,1,0,0,0,0,1,1,1
1,1,1,0,1,0,0,0,0,0,0,1,1,1,0,1,0,1,1,1,0,1,1,1,1,0,0,0,1,0,0,0,0,0
1,0,1,0,1,1,1,1,1,1,0,1,0,0,0,1,1,0,0,1,0,0,0,0,0,0,1,0,1,1,1,1,0,0
1,0,1,1,1,1,1,1,1,1,1,1,1,1,1,0,0,0,1,1,0,0,0,1,0,1,1,0,1,1,0,0,0,0
0,1,1,1,1,1,0,1,1,1,0,0,1,0,1,1,0,1,1,1,1,0,1,1,1,0,0,0,0,0,0,0,0,0
1,1,1,0,0,1,1,1,0,0,1,0,1,1,1,0,0,0,1,1,0,1,0,1,0,1,0,1,0,0,0,0,0,0
1,1,0,1,0,1,0,1,0,1,1,0,1,0,1,1,0,1,1,1,0,0,0,0,1,1,0,0,0,0,0,1,0,0
1,1,0,0,0,0,1,1,0,0,0,1,0,1,1,1,0,1,1,0,1,0,1,0,0,0,1,1,0,0,0,0,0,0
1,1,0,1,1,1,0,1,1,0,1,0,0,1,0,1,1,0,0,0,1,1,0,0,1,0,0,0,1,0,1,1,0,0
1,1,1,0,1,0,0,0,0,1,0,1,1,0,1,0,0,1,1,1,1,1,1,0,0,1,0,1,1,0,0,0,0,0
1,1,1,0,0,1,0,0,1,0,1,0,1,1,0,0,1,0,0,1,1,1,1,1,1,0,1,0,1,1,1,0,0,0
0,1,1,0,1,0,0,1,1,0,0,1,1,0,1,1,0,0,1,1,0,0,0,1,0,1,1,1,0,1,1,0,0,0
0,1,1,1,0,0,0,0,0,0,0,0,0,1,0,0,0,0,1,0,1,0,0,1,0,1,0,0,1,1,1,1,1,1
1,1,1,1,1,0,1,1,1,0,1,0,1,1,1,1,1,1,1,0,1,0,0,0,0,1,0,1,0,0,0,0,0,0
1,0,0,1,0,1,1,1,0,1,1,0,0,1,1,1,0,1,1,1,1,1,0,1,1,0,1,0,1,1,0,0,0,0
0,1,1,1,0,1,1,1,1,0,1,0,1,1,0,1,0,0,1,1,1,0,1,0,1,0,1,0,1,1,0,1,0,0
1,1,1,1,0,1,0,1,0,1,0,1,0,0,1,1,0,0,0,0,1,0,1,1,0,1,0,1,1,0,0,1,1,1
1,1,1,1,1,0,0,0,1,0,0,0,1,1,0,0,0,0,1,1,1,1,0,1,1,1,0,1,0,0,0,0,0,0
1,1,0,0,1,1,0,0,1,1,1,0,1,0,1,0,0,0,1,1,1,1,1,0,1,1,1,0,0,0,1,1,0,0
1,1,1,0,1,0,0,1,1,0,1,0,1,1,0,1,0,1,0,1,1,1,0,1,1,0,1,0,0,1,1,0,0,0
0,1,0,1,0,0,1,1,0,1,1,1,0,0,0,0,0,0,0,1,1,1,0,0,1,1,0,1,0,0,0,1,1,1
0,1,0,1,0,1,0,0,1,0,1,1,0,0,1,1,0,1,0,0,0,0,0,1,0,1,1,1,1,0,0,1,0,0
1,0,1,0,1,0,0,1,1,0,0,0,0,1,0,1,1,0,0,0,1,0,1,0,1,0,1,1,0,0,0,1,0,0
1,0,1,0,0,1,0,0,1,1,1,0,0,0,1,0,0,0,0,0,1,0,1,0,0,1,1,1,1,0,1,1,0,0
1,1,0,1,1,0,1,1,1,0,1,0,0,1,0,0,0,0,1,0,0,1,0,1,0,0,0,0,0,1,0,1,1,1
1,1,1,0,0,0,1,1,0,1,1,0,0,1,1,0,0,1,1,1,0,0,0,1,1,1,0,0,0,1,1,0,0,0
0,0,1,1,1,0,1,1,1,0,0,0,0,0,0,0,0,0,0,0,1,1,0,0,1,1,0,1,0,1,0,0,0,0
1,1,0,0,0,0,0,0,1,1,0,1,1,1,0,1,0,0,0,0,0,1,0,0,0,1,1,1,0,0,1,0,1,1
1,0,0,0,1,1,1,0,1,0,1,0,0,1,1,1,0,1,1,0,1,1,1,1,1,1,1,0,0,1,1,1,0,0
0,1,1,1,1,1,0,0,1,0,1,0,0,0,0,0,0,1,0,1,0,1,0,0,0,1,1,1,0,1,1,1,0,0
0,0,0,1,1,0,1,1,1,0,0,0,0,1,0,0,0,0,0,0,1,0,0,0,1,1,0,1,1,1,0,0,0,0
1,1,1,0,1,0,1,1,1,0,0,1,0,1,1,1,1,1,0,0,1,0,1,1,1,1,0,0,0,1,1,0,0,0
1,1,0,1,0,1,0,1,0,0,1,0,1,0,0,1,1,1,0,1,0,0,1,1,0,0,0,1,1,0,0,1,0,0
1,0,0,1,0,0,1,0,1,1,0,1,1,1,0,1,0,1,1,0,0,0,0,0,0,0,1,0,1,1,1,0,0,0
0,1,1,0,1,1,0,1,1,0,0,1,0,1,0,0,0,1,0,1,0,1,1,0,1,0,1,1,0,1,1,0,0,0
1,1,0,1,0,1,1,1,1,1,0,0,0,0,1,0,0,1,1,1,0,0,1,0,0,0,1,1,1,0,1,0,0,0
0,1,1,1,0,1,1,1,0,0,1,1,0,1,0,0,0,1,0,1,0,1,0,1,0,1,0,0,0,1,0,0,0,0
1,0,0,1,1,1,0,0,1,0,0,0,1,1,0,1,0,0,1,1,1,1,0,1,1,1,1,0,0,0,0,0,0,0
1,0,1,1,1,0,1,0,1,0,1,1,0,1,0,1,0,1,0,0,1,1,0,1,1,0,1,0,0,1,0,0,0,0
1,0,1,1,1,1,0,0,0,1,1,0,0,1,0,0,1,0,1,1,0,0,1,0,1,0,0,0,0,0,1,0,0,0
0,1,0,0,0,1,1,0,0,0,1,0,0,0,1,1,0,0,0,1,0,0,1,0,0,1,0,0,1,0,1,0,1,1
1,1,1,1,0,1,0,1,1,1,0,0,0,0,0,0,0,0,0,1,0,1,0,1,0,0,0,1,0,0,0,1,1,1
1,1,0,1,0,1,0,0,1,0,0,0,1,1,0,1,1,0,1,0,1,1,0,0,1,1,0,1,1,1,1,1,0,0
1,0,0,1,0,1,1,1,1,1,0,0,1,1,0,1,0,0,1,0,0,0,0,1,1,1,1,0,1,0,1,1,0,0
1,0,0,0,0,1,0,1,0,0,1,1,0,1,1,1,0,1,1,1,1,1,0,1,0,0,0,1,0,0,0,1,0,0
1,1,0,1,0,0,1,1,0,0,1,0,0,1,1,0,0,0,1,1,1,0,0,1,1,0,0,1,0,0,0,1,0,0
1,1,1,0,1,1,0,1,0,0,1,0,1,0,1,1,1,0,0,0,1,0,1,0,0,0,0,0,0,0,0,1,0,0
1,0,0,1,0,0,1,0,0,1,0,1,1,0,1,1,0,1,1,0,0,1,1,1,1,0,1,0,0,0,1,1,0,0
1,0,1,1,0,0,0,1,0,1,0,1,0,1,1,1,1,0,0,1,0,1,1,1,1,0,0,1,1,1,0,0,0,0
1,0,1,0,1,1,0,0,0,0,0,0,0,0,1,0,1,0,0,1,1,1,1,1,0,1,1,1,0,1,0,1,0,0
1,1,0,1,1,0,1,1,1,1,0,1,1,0,0,1,0,1,1,0,0,0,1,0,0,0,1,0,0,1,0,0,0,0
1,1,0,1,0,1,0,0,1,0,1,1,1,1,0,0,1,1,0,0,1,1,1,1,0,0,0,1,0,1,1,0,0,0
1,1,1,1,1,1,0,0,0,0,0,1,1,0,0,0,0,1,1,0,1,1,1,0,1,1,0,1,1,1,1,0,0,0
1,0,0,1,1,1,0,0,0,1,1,0,0,1,1,0,0,0,1,1,1,1,0,0,0,1,0,1,0,0,1,0,0,0
1,1,1,0,1,0,0,0,0,1,1,0,0,0,1,1,0,0,1,1,0,1,1,1,0,1,0,1,1,0,0,1,0,0
1,1,0,0,0,0,1,0,0,0,0,1,1,0,0,1,1,0,1,1,0,1,1,1,1,0,0,1,1,1,0,0,0,0
0,1,1,1,0,1,0,1,1,0,0,0,0,0,1,0,0,0,1,1,0,1,1,1,0,0,0,1,0,1,1,0,1,1
1,1,0,1,1,1,1,0,1,1,1,0,0,0,0,0,0,1,1,0,1,0,1,0,0,0,0,1,0,1,1,0,0,0
0,1,1,0,1,0,0,0,1,1,1,0,0,0,0,1,0,1,0,1,1,1,1,0,0,1,1,1,0,1,1,0,0,0
0,1,0,1,0,0,0,1,0,1,1,0,1,0,0,0,0,0,0,0,1,1,0,0,0,0,0,0,0,0,0,1,1,1
1,1,0,0,0,1,0,0,0,1,1,0,1,1,1,0,0,1,0,0,0,0,1,1,0,0,0,1,1,0,1,0,0,0
1,1,1,0,1,0,0,0,1,1,0,1,1,0,0,0,1,0,1,0,1,0,1,0,0,0,0,1,0,0,1,1,0,0
1,1,0,1,1,1,1,0,1,1,0,1,1,1,1,1,0,1,1,0,0,1,1,1,1,1,0,0,1,1,0,0,0,0
1,0,0,0,1,0,1,0,0,1,1,0,1,1,1,0,0,1,0,0,0,0,0,1,1,1,0,1,1,0,1,0,0,0
1,0,0,1,0,0,1,1,0,0,1,1,0,1,1,1,0,0,1,1,0,1,1,0,0,0,1,1,1,1,0,0,1,1
1,0,1,1,1,0,1,1,1,1,0,0,0,0,0,0,0,0,0,0,0,1,0,1,1,0,1,0,1,0,0,0,1,1
1,0,0,1,0,1,1,0,0,1,0,1,1,0,1,1,0,1,1,1,1,1,0,0,1,0,0,1,1,1,1,0,0,0
1,1,0,0,0,1,0,1,0,1,0,0,1,1,1,0,0,1,1,1,1,0,0,1,1,0,1,1,0,0,0,0,0,0
1,0,1,0,1,1,0,0,1,1,1,1,1,0,0,1,0,0,0,0,0,0,1,1,1,0,1,1,1,0,0,1,0,0
1,1,0,1,1,0,1,0,1,1,0,0,1,0,1,0,0,0,0,1,0,0,1,0,0,0,0,0,0,0,1,0,1,1
1,0,0,1,0,1,1,1,1,1,0,0,0,1,0,1,0,0,0,0,0,1,1,0,1,1,0,0,0,0,0,0,1,1
1,1,1,0,0,1,1,0,0,0,1,1,0,1,1,0,0,1,0,1,0,0,1,0,1,0,1,1,1,0,0,0,0,0
1,0,1,1,1,1,0,1,1,1,0,1,0,0,0,0,0,0,0,0,0,1,1,1,1,0,1,0,1,1,1,0,0,0
1,1,1,1,0,1,1,0,1,1,1,0,1,0,1,1,0,1,1,0,1,1,1,1,0,0,1,1,1,0,0,1,0,0
1,1,1,0,1,0,1,0,1,0,0,1,1,0,0,1,0,1,1,0,0,1,1,0,1,1,0,0,1,0,1,0,0,0
1,1,1,0,0,1,0,0,1,1,1,0,1,1,0,0,0,1,0,0,0,0,0,1,0,1,0,0,1,1,1,0,0,0
1,0,0,0,1,1,0,0,0,1,0,0,1,0,1,1,0,1,1,1,0,0,0,0,0,0,1,1,0,0,0,0,0,0
1,1,1,1,1,0,1,1,1,0,0,1,1,0,1,1,1,0,0,0,0,0,0,0,0,0,0,0,0,0,1,0,0,0
1,0,1,1,0,0,1,0,0,1,0,1,1,0,0,0,0,0,1,1,1,1,1,1,1,1,0,0,0,0,1,0,0,0
0,1,1,0,0,0,1,1,0,1,1,0,1,1,0,0,0,0,1,1,1,1,0,1,1,0,0,0,1,0,0,0,0,0
0,1,1,0,1,0,1,0,1,0,0,1,0,0,0,1,0,0,1,0,0,0,1,1,0,0,0,0,0,0,0,1,1,1
1,1,1,0,0,1,1,0,0,1,1,0,0,1,1,0,0,0,1,0,0,1,0,0,0,0,1,0,0,1,1,0,0,0
1,1,0,0,0,1,0,0,0,1,1,0,1,0,0,0,0,1,1,0,1,0,1,0,1,1,1,1,0,0,1,0,0,0
1,1,0,1,0,1,1,1,1,0,0,1,0,0,0,1,1,0,1,1,1,0,0,1,1,1,0,0,1,0,1,1,0,0
1,1,1,1,1,1,1,1,1,1,0,0,1,1,0,0,1,1,0,1,0,0,1,0,0,0,0,1,1,0,0,0,0,0
1,1,1,0,0,0,1,0,1,0,0,1,1,0,1,1,1,0,0,1,1,0,0,1,1,1,0,0,0,1,1,1,0,0
1,1,1,1,0,0,1,1,1,0,1,1,1,1,1,0,1,0,0,1,0,0,1,1,0,0,1,1,1,1,0,1,0,0
1,0,0,0,0,1,0,1,0,0,0,1,1,1,1,0,0,0,1,1,1,0,0,0,1,1,1,0,0,1,1,1,0,0
0,0,1,0,1,1,0,0,1,1,0,0,1,1,0,1,0,0,0,0,0,1,1,1,1,0,0,0,1,0,0,0,1,1
1,0,1,1,0,0,0,1,0,1,1,1,0,0,0,1,0,1,1,1,0,0,1,1,0,0,0,1,1,0,1,0,0,0
1,1,0,0,1,0,1,1,0,1,1,0,1,1,0,0,1,0,1,1,1,1,0,1,1,0,1,1,0,0,0,0,0,0
1,1,0,1,0,1,0,1,0,1,0,0,1,0,0,0,1,1,0,0,1,0,0,0,0,0,1,0,0,1,0,1,0,0
1,1,1,1,1,1,1,1,0,1,1,0,0,0,0,0,0,1,0,1,1,1,1,0,0,0,1,0,1,1,1,1,0,0
1,1,1,1,0,0,0,0,1,0,1,1,1,1,1,0,0,1,0,0,0,0,1,0,1,1,1,1,1,0,1,1,0,0
1,0,0,0,0,0,0,0,0,1,1,0,1,0,1,0,0,1,1,1,0,0,0,0,0,0,0,1,1,0,0,0,0,0
1,0,1,1,1,0,0,1,1,0,1,1,1,1,1,1,0,0,1,1,1,0,1,1,1,1,1,1,1,1,1,1,0,0
1,0,0,1,1,0,1,1,0,0,0,1,1,1,0,1,1,0,0,0,0,1,1,1,0,0,0,1,0,0,0,0,0,0
0,1,1,1,0,1,1,1,0,0,1,0,1,0,0,1,0,1,0,1,0,1,0,0,1,0,1,1,1,1,1,1,0,0
0,1,0,1,0,1,1,0,0,0,0,1,0,0,0,0,0,1,0,1,0,0,1,1,0,0,1,1,0,1,1,0,0,0
0,1,0,1,1,0,0,0,0,0,0,0,1,0,0,1,0,0,1,1,1,0,1,1,0,1,0,0,0,0,0,0,0,0
0,1,1,1,1,0,1,1,0,0,1,0,1,1,1,1,0,1,0,0,1,1,0,1,1,0,0,1,1,0,1,0,0,0
0,1,1,1,1,0,1,1,1,0,0,1,0,1,1,0,0,1,0,0,0,0,1,1,0,1,1,1,0,1,1,1,0,0
1,1,0,1,0,0,1,1,1,0,1,0,1,1,0,1,0,1,1,1,0,0,0,0,1,0,1,0,0,1,0,0,0,0
1,1,0,0,0,0,0,0,0,1,1,0,1,0,1,1,0,1,1,1,1,0,1,0,1,1,0,1,1,1,0,0,0,0
1,0,0,0,1,1,0,1,0,0,0,1,0,1,1,0,0,1,0,1,0,1,0,1,1,0,0,1,1,1,0,1,0,0
1,1,1,1,1,0,1,0,0,0,0,1,0,0,1,1,1,1,0,1,1,0,0,1,0,0,1,0,0,1,1,0,0,0
1,1,0,1,1,1,1,1,0,0,0,1,0,1,1,1,0,1,1,0,0,0,0,1,0,0,1,0,1,0,1,0,0,0
1,0,1,0,0,1,0,0,0,1,0,0,1,0,1,0,0,0,1,0,1,0,0,0,0,1,0,1,1,0,0,0,1,1
1,0,1,0,1,1,0,0,0,0,0,0,1,0,0,0,0,0,1,0,0,0,0,0,1,0,1,1,1,1,0,1,1,1
1,0,1,0,0,0,0,1,1,0,0,0,0,1,0,0,0,0,0,1,0,1,1,1,1,1,0,1,1,1,0,0,1,1
1,1,1,0,1,0,1,0,1,0,0,0,1,0,0,0,1,1,0,0,0,1,0,1,1,0,0,0,1,1,0,0,0,0
0,0,1,0,1,0,1,1,0,0,0,0,0,1,0,0,0,0,1,0,0,0,1,1,0,1,1,1,1,1,0,0,0,0
1,1,1,0,1,1,1,1,1,0,0,1,0,1,1,0,1,1,0,0,1,0,1,1,0,1,1,0,0,0,0,0,0,0
1,0,1,1,0,0,1,1,0,1,0,1,1,0,0,1,1,0,1,0,0,1,1,1,1,0,0,1,0,1,0,1,0,0
1,1,0,0,1,1,0,0,1,0,0,1,0,0,0,1,1,1,0,0,0,0,1,1,1,1,1,0,0,0,0,1,0,0
1,0,0,1,1,0,1,1,0,1,0,1,1,0,1,0,0,0,0,1,1,1,0,1,1,0,0,1,0,1,1,1,1,1
1,0,0,1,1,0,1,0,0,1,1,0,0,1,0,0,0,0,1,1,1,0,0,0,0,0,0,0,0,1,0,1,0,0
1,1,1,0,1,1,1,0,0,0,0,1,0,0,1,0,1,1,0,1,1,0,1,0,0,1,0,0,0,1,0,1,0,0
1,0,1,0,0,1,1,1,1,1,1,1,1,1,1,0,0,1,0,1,1,1,1,1,1,1,1,1,0,1,1,1,0,0
1,0,0,0,1,1,0,1,1,0,1,0,1,1,0,0,0,0,0,0,0,1,1,0,1,1,0,0,1,1,1,0,1,1
0,1,1,1,0,0,1,0,1,0,1,1,0,1,1,1,0,0,1,0,1,1,1,0,0,1,1,1,1,0,0,0,0,0
1,1,0,0,1,0,1,0,0,1,1,0,1,0,1,1,0,1,1,0,1,0,0,1,0,1,0,1,0,0,1,0,0,0
0,1,0,0,1,0,0,0,0,0,1,1,1,0,1,0,0,0,0,0,0,1,0,1,0,1,1,1,1,0,1,1,1,1
1,1,1,1,0,0,1,0,1,1,1,1,1,1,1,0,1,1,1,0,1,0,0,1,0,0,1,0,1,1,1,1,0,0
0,1,0,1,1,0,1,1,1,1,0,0,1,0,1,0,0,0,1,0,0,1,1,1,0,1,0,1,1,1,0,1,0,0
1,1,0,0,1,1,0,1,0,1,0,1,1,0,1,1,0,1,0,1,0,1,0,1,1,0,1,1,1,1,1,1,0,0
0,1,1,1,0,0,1,0,0,1,0,0,1,1,0,1,0,0,0,0,1,1,1,0,0,1,0,0,0,0,1,0,1,1
1,0,1,1,1,0,1,0,0,0,1,1,1,0,0,1,0,1,0,0,0,1,0,1,1,1,1,0,1,1,1,0,0,0
1,1,1,0,1,0,0,0,1,1,0,0,0,1,0,0,0,1,1,0,1,1,1,1,0,1,0,1,1,1,1,0,0,0
0,0,1,0,0,1,0,0,0,1,1,1,0,1,1,1,0,0,0,1,0,1,1,1,0,0,0,0,1,0,1,0,1,1
0,1,0,0,0,1,0,1,0,1,1,0,0,0,1,0,0,0,0,0,0,0,1,0,1,0,1,1,1,0,1,1,1,1
1,1,1,0,1,1,0,1,1,1,1,1,1,0,0,0,1,1,1,0,1,0,0,0,0,0,1,1,0,1,0,1,0,0
1,0,0,1,1,0,0,0,0,0,1,0,1,0,0,1,0,0,1,0,1,1,0,1,1,0,1,1,0,0,1,1,1,1
1,1,1,1,0,0,0,0,1,1,1,0,0,1,1,0,0,1,0,0,1,0,1,1,0,0,1,1,1,1,1,1,0,0
0,0,1,1,0,0,1,0,1,1,1,1,0,0,1,0,0,0,0,0,0,0,1,1,0,1,0,1,0,0,1,1,0,0
1,0,0,1,1,1,0,1,1,1,1,0,0,1,1,1,0,0,1,0,0,1,1,0,1,0,0,0,1,1,0,1,0,0
1,1,0,1,0,0,1,0,1,1,0,1,1,0,1,0,1,0,0,0,0,1,0,1,1,0,1,0,1,1,0,1,0,0
1,0,0,0,1,0,1,1,1,1,1,1,0,0,0,0,0,1,0,0,0,1,0,1,1,0,0,0,0,0,1,0,0,0
1,0,1,1,1,1,0,1,1,1,0,0,0,1,0,1,0,1,0,1,1,1,1,1,1,0,1,0,1,0,0,1,0,0
1,1,0,0,1,1,1,1,1,0,1,0,0,1,1,0,0,0,0,1,0,0,1,1,1,1,1,1,1,0,1,1,1,1
1,1,1,1,0,0,1,1,1,0,0,0,1,0,0,1,1,1,1,0,1,1,1,1,1,1,1,1,0,0,0,1,0,0
1,0,0,1,1,1,0,0,1,0,0,0,0,0,0,1,1,0,0,0,1,1,0,0,1,0,1,0,0,0,0,0,0,0
1,1,1,1,0,0,1,0,1,0,1,1,1,1,1,0,1,0,1,1,0,0,1,1,0,1,0,0,1,0,1,1,0,0
1,0,0,1,0,1,0,0,1,0,0,1,0,1,1,1,0,0,1,1,1,1,1,1,1,1,0,1,1,1,1,0,0,0
1,1,1,1,1,0,1,1,1,1,0,0,1,0,0,0,0,0,1,0,1,0,1,1,1,1,0,1,1,0,0,0,0,0
0,0,0,0,1,1,0,1,0,1,1,1,0,0,0,0,0,0,0,0,1,1,0,1,0,0,0,1,0,0,0,0,0,0
0,1,1,0,0,1,0,1,1,1,1,1,0,0,0,1,0,0,1,1,0,1,0,0,0,1,1,0,1,1,0,0,0,0
1,1,1,1,0,0,0,1,0,0,0,1,0,0,1,1,1,0,0,0,1,0,0,0,0,0,0,1,0,0,0,1,0,0
1,0,1,1,0,1,1,1,0,1,1,1,0,1,0,1,0,0,0,0,1,0,1,1,0,1,1,0,0,0,0,0,0,0
1,1,0,1,0,1,0,0,0,1,0,0,1,1,1,0,0,0,0,1,0,1,1,1,1,1,0,1,0,1,0,0,1,1
0,1,0,0,1,1,0,0,1,0,1,0,1,0,0,1,0,0,0,0,0,0,0,1,0,1,0,0,0,0,0,0,1,1
1,1,0,1,1,1,0,1,0,0,1,0,0,0,1,0,1,1,0,0,0,1,0,0,1,1,0,0,0,0,0,0,0,0
1,1,0,0,1,1,1,0,0,0,1,1,1,0,0,0,0,0,1,0,1,1,1,1,0,0,1,0,0,0,1,1,0,0
1,1,1,0,0,1,0,1,0,0,0,1,0,1,1,0,0,1,0,1,0,1,1,0,0,1,0,0,0,0,1,0,0,0
0,0,1,1,1,0,1,0,1,1,0,0,1,0,0,0,0,0,1,1,0,0,1,0,1,0,1,1,0,1,0,0,0,0
1,1,1,1,1,1,1,0,1,0,0,1,0,1,0,1,1,0,0,0,1,1,0,0,0,1,0,0,1,1,1,1,0,0
1,0,1,0,0,1,1,1,1,1,0,1,1,0,1,1,0,1,1,0,0,0,0,0,1,0,1,0,1,0,1,0,0,0
1,1,1,0,1,0,0,1,1,0,0,1,1,0,1,0,0,1,0,1,1,0,0,0,0,0,0,0,0,1,1,1,0,0
1,1,0,0,1,0,1,0,1,0,1,1,1,0,0,1,1,1,0,0,0,1,1,1,0,0,0,0,1,0,0,0,0,0
1,0,1,0,0,0,0,0,1,0,0,0,0,0,1,0,0,1,0,0,1,0,0,0,1,0,1,0,1,0,1,1,0,0
1,1,0,0,1,0,1,0,1,1,0,0,0,0,1,1,0,0,0,1,1,0,0,1,1,0,1,0,0,0,0,1,1,1
1,0,0,1,1,1,1,0,0,0,0,1,0,0,1,0,0,0,1,0,0,0,1,1,1,1,1,0,0,0,1,0,1,1
0,1,1,1,1,1,1,1,0,1,0,1,1,0,1,0,0,1,0,0,1,0,1,1,0,0,1,0,0,0,0,1,0,0
1,0,0,1,1,0,1,0,0,0,0,0,1,0,0,0,1,0,0,0,1,0,0,0,0,1,1,0,0,1,1,0,0,0
0,1,0,0,0,0,1,0,1,1,1,1,0,0,0,1,0,0,1,0,1,1,0,0,1,0,1,0,0,0,1,1,0,0
0,1,1,1,1,1,0,0,1,1,0,0,0,1,1,0,0,1,0,1,1,1,1,0,0,1,0,0,0,1,0,1,0,0
1,0,0,1,0,1,1,0,0,0,0,1,0,0,1,0,1,0,0,0,0,0,0,0,1,0,0,1,1,1,1,1,0,0
1,1,1,0,0,0,1,0,1,1,1,0,0,1,0,1,1,1,0,1,0,1,1,0,0,0,0,0,1,1,0,0,0,0
1,1,1,0,0,1,1,0,0,0,0,1,1,0,1,0,0,1,1,0,0,0,0,0,1,1,0,0,1,1,1,0,0,0
0,0,0,1,0,0,1,0,1,0,0,0,1,0,0,1,0,0,0,0,0,0,1,1,0,1,0,1,0,1,0,1,0,0
1,1,1,1,1,0,1,0,0,1,1,1,1,1,0,0,1,1,1,0,1,0,1,0,1,1,0,1,1,0,1,0,0,0
0,1,1,0,1,0,0,1,1,0,0,0,0,0,1,0,0,1,0,1,0,0,0,1,1,0,0,0,0,1,1,0,0,0
0,0,0,1,0,1,1,0,1,1,1,0,1,1,1,1,0,0,0,0,0,0,1,0,1,1,1,1,1,1,0,1,0,0
1,1,1,1,1,0,0,1,0,0,1,1,1,1,1,1,1,0,1,0,0,1,0,0,0,0,1,0,1,1,1,0,0,0
1,1,0,1,0,0,0,0,0,0,1,1,1,1,0,1,0,0,1,0,0,1,0,0,0,0,0,1,0,1,1,1,0,0
1,1,0,0,1,0,0,0,0,0,0,1,0,1,0,0,0,1,1,1,0,0,0,0,1,0,0,0,1,1,1,1,0,0
1,1,0,0,0,0,1,0,1,1,1,0,1,1,0,1,1,0,0,0,0,1,0,1,1,0,1,0,1,1,1,0,0,0
0,0,1,1,0,1,0,0,0,1,1,0,0,1,0,0,0,0,0,0,1,1,0,0,0,0,0,0,1,1,1,0,1,1
0,1,1,0,0,1,1,1,1,1,0,0,1,0,1,0,0,0,0,0,0,1,0,1,1,1,0,1,0,0,1,0,1,1
1,1,0,0,1,0,0,0,1,0,0,0,0,1,0,0,0,0,1,0,1,0,1,1,0,0,0,0,0,0,0,1,1,1
1,1,1,1,1,1,1,0,0,1,1,1,1,1,0,0,0,1,0,1,1,1,0,1,0,0,0,0,1,0,1,1,0,0
1,1,1,0,0,0,0,1,1,1,1,0,0,1,0,0,0,0,1,1,0,0,1,0,0,0,0,1,0,1,0,1,0,0
1,1,1,1,1,0,0,1,0,0,1,0,1,0,0,0,0,0,0,0,1,1,1,1,0,0,0,1,1,1,0,1,1,1
1,1,0,0,1,1,1,0,0,0,0,0,1,1,1,0,0,0,0,0,1,1,0,0,0,1,0,1,0,1,0,0,1,1
1,0,1,1,1,1,0,1,0,1,1,1,0,0,0,0,0,1,0,0,0,1,1,1,0,0,1,0,1,1,0,0,0,0
1,1,0,1,0,0,1,1,0,0,0,0,1,0,1,1,0,0,1,1,1,1,1,1,1,0,0,1,1,1,0,1,1,1
1,1,0,1,0,0,0,1,1,0,1,1,1,0,0,1,0,1,1,0,0,1,0,1,1,1,1,1,1,1,0,0,0,0
1,1,0,1,1,1,1,0,0,0,0,0,0,1,0,1,0,1,1,1,0,1,1,1,1,1,1,1,0,1,0,1,0,0
1,1,0,1,0,1,0,1,1,1,1,1,1,0,0,0,1,0,1,0,0,0,0,1,0,1,0,0,0,1,1,1,0,0
1,1,1,1,0,0,0,0,1,1,1,1,1,1,1,0,1,0,0,1,1,1,0,0,1,1,0,1,1,1,1,1,0,0
1,0,1,1,0,1,1,0,0,0,1,0,0,0,0,1,1,0,1,0,0,0,1,0,1,1,0,0,1,1,1,0,0,0
1,1,1,1,0,1,0,1,1,0,0,0,0,0,1,1,1,1,1,0,1,1,0,1,0,1,1,1,0,1,0,0,0,0
1,1,1,0,1,0,1,1,1,1,1,1,0,1,1,1,1,1,0,1,1,1,1,0,1,1,0,1,1,1,1,1,0,0
1,0,1,0,0,0,0,1,1,1,0,1,1,1,0,1,0,0,1,1,0,1,0,1,0,0,0,1,1,1,0,1,0,0
1,1,0,0,1,1,1,0,0,0,1,0,0,1,1,1,1,0,0,1,0,0,1,1,1,1,0,0,1,0,0,0,0,0
1,1,0,0,0,0,0,1,0,1,0,1,1,1,1,0,0,0,1,1,0,1,0,1,1,1,1,0,1,1,0,1,0,0
1,0,0,0,0,0,0,1,0,0,0,1,0,1,1,1,0,1,1,1,0,1,0,1,1,0,0,0,1,1,1,1,0,0
1,0,1,0,1,1,1,1,1,1,0,0,0,0,0,1,1,0,0,0,0,0,0,0,0,0,0,0,0,1,1,1,0,0
1,0,0,0,1,1,0,1,0,0,1,0,1,0,0,1,0,0,1,0,0,1,1,0,0,0,0,1,0,1,1,1,1,1
0,1,0,1,1,0,0,0,0,0,0,1,1,1,0,0,0,0,0,1,0,1,0,0,0,1,1,0,0,0,1,0,1,1
0,1,1,0,0,1,0,1,1,0,0,0,1,0,1,0,0,0,1,0,0,1,1,0,1,1,1,1,0,0,1,1,1,1
1,0,0,1,0,1,1,1,1,0,0,0,0,1,0,1,1,0,0,1,0,1,1,1,0,0,0,0,0,0,1,1,0,0
1,1,1,0,1,0,1,0,1,0,0,0,1,1,0,1,1,0,0,0,0,1,1,1,1,0,1,0,1,0,0,1,0,0
0,0,1,1,1,0,0,0,0,1,0,0,0,1,1,0,0,0,1,0,1,1,0,0,1,0,0,1,0,0,0,1,1,1
1,1,1,0,0,0,1,0,1,1,0,0,0,1,0,1,0,1,0,0,0,1,0,1,1,0,1,0,0,1,1,1,0,0
1,0,1,0,0,0,0,0,0,1,0,1,1,1,1,0,0,1,1,0,0,1,1,0,1,1,1,1,1,1,1,0,0,0
1,1,0,0,0,0,1,0,0,0,0,1,0,1,1,1,1,0,0,0,1,1,0,0,1,1,0,0,1,1,1,0,0,0
1,0,1,1,0,1,1,1,1,0,0,0,1,1,1,0,0,1,1,1,0,0,0,1,1,1,0,0,1,0,0,0,0,0
1,1,0,1,1,1,0,1,0,1,1,1,1,0,0,0,1,1,0,0,1,1,0,1,1,1,1,1,0,0,1,1,0,0
1,1,0,1,0,0,0,0,0,1,1,1,1,1,0,0,1,0,1,0,1,0,0,0,0,1,1,0,1,1,1,0,0,0
0,1,0,0,1,1,1,1,0,1,1,0,1,1,0,1,0,0,1,0,1,0,0,0,0,0,1,0,0,0,0,0,0,0
0,1,0,0,1,0,1,1,1,0,1,0,0,0,0,1,0,0,1,1,1,1,0,0,0,0,1,1,1,1,1,0,0,0
0,1,1,1,1,0,0,0,0,0,0,0,0,1,1,1,0,0,0,0,0,1,0,0,1,0,0,0,0,1,1,1,1,1
1,1,1,0,1,0,0,1,0,0,1,0,1,0,0,0,1,1,1,0,0,1,0,0,1,0,0,0,1,1,0,1,0,0
0,1,1,1,0,0,0,1,0,1,0,0,1,1,0,1,0,0,0,0,1,1,1,1,1,0,1,1,1,0,0,1,1,1
0,1,1,1,1,0,1,1,1,1,0,0,1,1,1,1,0,1,0,0,1,1,0,0,0,0,1,1,0,1,1,1,0,0
1,1,1,0,1,1,1,0,1,1,0,1,0,1,0,1,0,1,0,0,1,0,0,1,0,1,1,0,0,1,1,1,0,0
1,0,0,0,1,0,0,0,0,1,1,1,1,1,0,0,0,0,1,1,1,0,0,1,0,0,0,0,1,0,0,1,0,0
1,1,0,1,1,1,0,0,1,1,1,1,0,0,0,1,0,1,1,0,0,0,0,0,1,1,0,1,1,1,0,0,0,0
1,0,1,1,0,1,1,1,1,0,1,0,0,1,1,0,0,0,0,0,1,1,1,1,0,0,1,0,0,0,0,0,1,1
1,0,1,0,0,0,1,1,1,0,1,0,1,0,0,1,1,0,0,1,0,0,1,1,0,1,1,1,1,1,0,0,0,0
1,1,1,1,1,0,1,0,0,1,1,0,0,0,0,0,0,1,0,0,0,1,1,1,0,0,0,0,0,0,1,1,0,0
0,1,0,0,1,1,1,0,0,1,0,0,0,1,1,1,0,1,0,0,1,0,1,0,1,1,0,0,0,1,0,0,0,0
1,1,1,1,0,1,0,1,1,1,0,0,1,1,0,1,1,1,0,0,1,0,1,1,0,0,1,1,0,1,1,0,0,0
1,1,1,0,0,0,0,0,0,1,1,0,0,0,0,1,1,0,0,0,1,1,1,0,1,0,0,1,1,0,0,1,0,0
1,0,0,0,0,1,0,0,0,0,0,0,1,1,0,0,0,1,1,0,0,0,0,0,0,0,1,1,1,0,0,1,0,0
0,1,0,1,1,1,1,1,1,1,0,0,1,1,1,1,0,0,1,1,0,1,0,1,1,0,0,0,1,0,0,0,0,0
1,1,1,1,1,0,0,0,0,0,1,0,0,0,1,1,1,1,1,0,1,0,1,1,0,0,0,1,1,0,0,0,0,0
1,1,0,1,1,1,0,1,0,0,1,1,0,1,0,1,1,0,0,0,0,1,0,1,0,1,1,0,0,1,1,0,0,0
0,1,1,0,0,0,0,1,1,1,1,0,0,0,0,1,0,0,0,1,1,0,0,0,1,0,0,1,0,1,1,0,1,1
1,0,1,1,1,1,0,1,1,1,1,1,0,1,0,0,0,1,1,0,1,0,0,0,1,1,0,0,0,1,1,1,0,0
1,1,0,0,1,0,1,0,1,0,0,0,1,0,1,0,1,1,0,0,0,1,0,0,1,0,0,1,0,0,0,0,0,0
1,0,0,1,1,1,1,0,0,0,0,0,1,0,1,0,1,0,0,0,1,1,0,0,1,1,0,0,1,0,1,0,0,0
1,1,1,1,0,0,0,1,1,0,0,1,1,0,0,0,0,0,0,0,1,0,1,1,1,0,1,1,1,0,1,0,1,1
0,0,1,0,1,1,1,1,0,0,0,0,0,0,1,1,0,0,0,0,0,0,1,1,1,1,0,1,0,0,0,0,0,0
1,0,0,0,1,1,1,0,1,0,1,1,1,0,0,1,0,0,0,1,0,1,1,0,1,0,0,1,1,0,0,1,1,1
1,0,0,0,0,1,1,0,0,0,0,1,1,1,0,1,0,1,0,0,0,1,1,0,1,1,1,0,1,1,1,1,0,0
1,1,1,1,0,0,0,1,1,1,0,0,1,1,0,0,0,0,1,1,0,0,1,1,0,0,0,0,0,0,0,1,0,0
1,1,0,1,1,1,1,1,0,0,0,0,1,1,0,1,1,0,1,1,0,0,0,0,1,1,0,1,0,0,0,0,0,0
1,0,1,0,1,0,1,1,0,1,1,1,1,1,1,0,1,0,0,0,0,0,0,0,1,1,0,1,1,1,1,1,0,0
1,1,1,0,0,1,0,0,0,0,0,1,0,0,0,0,0,0,1,0,1,1,0,1,0,1,1,0,0,0,0,0,1,1
1,1,1,0,0,1,0,1,1,1,0,0,1,0,0,1,1,0,1,0,0,0,0,0,0,0,0,0,1,1,1,0,0,0
1,0,0,1,1,0,1,0,1,1,1,0,0,0,1,0,0,1,1,1,1,1,1,1,1,1,0,1,0,1,1,0,0,0
1,0,1,0,0,0,0,0,1,0,1,1,0,1,1,0,0,1,1,0,1,0,1,0,0,1,1,0,1,1,1,0,0,0
1,0,1,1,1,0,1,1,1,1,0,1,1,0,0,1,0,0,1,1,0,0,0,1,0,1,1,1,0,0,0,1,0,0
1,0,1,0,0,1,1,0,1,1,0,0,1,1,1,0,0,1,1,0,0,1,1,1,0,1,0,0,0,1,0,1,0,0
0,1,0,0,0,0,1,0,1,1,1,0,0,0,1,0,0,0,0,1,0,1,0,1,0,1,1,0,0,0,1,0,1,1
0,1,0,0,1,0,0,1,0,1,0,0,1,0,1,1,0,0,1,0,1,0,0,1,1,0,1,1,1,1,0,1,1,1
0,1,0,1,1,1,1,1,1,1,0,1,1,1,1,0,0,0,1,0,1,0,1,1,1,1,1,1,1,1,0,1,0,0
0,1,1,0,0,0,1,1,1,1,1,1,1,0,1,1,0,0,0,1,0,1,1,0,1,0,1,1,1,1,1,0,0,0
1,1,1,1,0,1,0,1,0,1,1,1,0,1,1,0,0,1,0,0,1,1,0,0,0,1,1,1,1,1,0,1,0,0
0,0,1,0,1,0,1,1,0,1,0,1,1,0,0,1,0,0,0,0,0,0,1,1,1,1,1,1,1,0,0,1,1,1
1,1,1,0,1,1,1,1,1,0,0,0,0,0,0,0,1,0,1,0,0,0,0,0,0,0,0,0,1,1,0,0,0,0
0,0,1,1,0,1,0,0,0,0,1,0,1,1,0,1,0,0,0,1,1,1,0,1,1,0,1,1,1,1,0,0,1,1
0,1,1,1,1,0,0,1,1,1,0,1,0,0,1,1,0,1,0,1,0,1,1,1,0,0,1,0,1,0,0,0,0,0
1,1,1,0,1,1,0,1,1,0,1,1,0,1,0,0,0,0,1,1,0,1,0,0,0,0,1,1,0,0,1,1,0,0
1,0,0,0,0,1,1,1,1,1,0,0,1,1,1,1,0,1,0,1,1,0,1,0,1,0,1,0,0,1,1,1,0,0
1,0,1,1,1,0,1,1,1,0,0,0,0,1,0,0,0,0,0,1,0,0,1,1,1,0,1,1,1,1,0,0,1,1
1,1,1,1,1,1,0,1,1,0,1,1,0,1,1,0,1,0,0,0,1,1,1,1,1,1,1,0,0,0,0,1,0,0
0,0,0,1,1,1,0,0,0,0,0,1,1,0,1,1,0,0,0,0,0,1,0,0,0,0,1,0,0,1,1,0,0,0
1,1,1,0,0,1,1,1,0,0,0,0,1,0,1,1,0,1,0,0,1,0,0,1,1,0,0,1,1,1,0,1,0,0
1,0,1,1,1,0,0,0,0,1,1,0,1,0,0,0,1,0,0,0,1,0,0,0,0,0,0,1,0,1,1,0,0,0
0,1,1,0,0,0,1,1,0,1,1,1,1,1,0,1,0,0,0,1,0,0,0,0,1,1,1,0,0,0,1,1,0,0
1,1,1,1,1,0,1,0,1,1,0,0,0,1,1,1,0,1,0,0,1,0,1,0,1,0,0,0,0,1,1,0,0,0
1,0,0,0,0,0,1,1,1,1,0,0,1,0,1,1,0,1,0,1,0,0,0,0,0,1,1,0,1,1,0,1,0,0
1,1,1,1,1,0,1,0,0,0,1,0,0,0,0,1,1,0,1,1,0,1,1,0,0,1,1,1,0,0,0,1,0,0
1,0,0,1,1,0,1,1,0,0,0,1,1,0,0,1,0,0,1,1,1,1,1,1,0,1,0,1,0,1,0,0,0,0
0,1,0,0,0,0,0,0,0,1,1,1,1,0,1,0,0,0,1,1,0,0,1,1,1,1,1,1,0,0,0,1,0,0
1,1,1,1,1,0,0,0,0,0,0,1,0,0,0,0,1,0,1,0,1,1,1,1,0,0,1,0,0,0,1,1,0,0
1,0,0,0,1,0,1,0,0,0,1,0,0,0,0,1,0,0,0,1,0,0,1,0,0,0,1,0,1,0,0,1,1,1
1,0,1,0,1,1,1,1,0,0,1,1,0,0,1,0,1,0,1,0,0,1,1,1,1,0,1,0,1,1,1,0,0,0
1,1,0,1,1,0,1,1,0,0,1,0,0,0,1,0,0,1,0,1,1,1,0,0,0,0,1,0,1,0,0,1,0,0
1,1,1,1,0,1,1,1,0,0,0,1,1,1,0,1,1,0,1,1,1,0,0,1,1,1,1,0,1,0,1,0,0,0
1,1,1,1,1,0,0,1,0,1,1,0,1,1,1,0,1,1,0,1,1,0,1,0,0,1,1,0,1,1,1,0,0,0
0,1,1,0,0,0,1,1,0,0,0,0,1,0,0,1,0,0,1,1,1,1,1,1,1,0,1,1,1,1,1,1,1,1
0,0,1,0,0,1,1,0,1,1,0,1,0,0,1,0,0,0,0,0,1,1,1,0,1,0,1,0,0,1,1,0,0,0
1,0,0,1,1,1,1,0,0,1,0,1,1,0,0,1,0,0,1,0,0,0,1,0,1,0,1,1,1,0,1,1,1,1
1,1,1,1,1,1,1,0,1,0,1,1,1,0,0,0,0,0,1,0,0,1,0,1,0,1,1,1,0,1,0,0,0,0
1,0,0,1,1,0,1,1,0,1,1,0,0,0,1,0,0,0,0,0,1,0,0,1,0,0,1,1,0,0,1,1,1,1
0,1,0,1,0,1,0,1,1,0,1,1,1,0,1,1,0,0,1,0,1,0,1,0,0,0,0,0,0,1,1,1,0,0
1,0,0,1,1,1,0,0,1,0,0,1,1,0,1,1,0,1,0,0,1,0,1,1,1,1,0,1,1,0,1,0,0,0
0,1,0,1,0,0,0,1,1,1,1,0,0,1,0,1,0,0,0,0,0,0,1,1,1,1,1,1,0,1,0,0,0,0
1,1,0,1,1,0,0,1,1,1,0,1,1,0,1,1,0,1,0,0,1,0,1,0,0,1,0,1,0,1,1,0,0,0
1,1,1,1,1,0,1,1,0,0,0,1,1,0,0,1,0,0,0,1,1,1,1,0,1,1,1,1,1,1,1,1,1,1
1,1,1,0,1,0,1,0,1,1,1,0,0,0,1,0,1,1,0,1,0,1,1,1,0,0,0,0,0,1,1,1,0,0
1,0,0,1,1,1,0,0,0,1,0,1,1,0,1,0,0,1,0,0,0,0,0,1,1,0,1,0,1,0,1,0,0,0
1,1,1,1,1,1,0,0,0,0,1,0,0,1,0,0,0,1,1,0,1,1,0,1,0,0,0,1,0,1,0,1,0,0
1,1,0,1,1,0,1,1,1,1,0,1,0,0,1,1,0,1,0,1,1,0,0,1,1,0,0,1,0,1,0,0,0,0
1,0,1,1,1,1,1,1,0,1,1,0,1,0,1,1,1,0,0,0,1,0,1,0,0,0,0,0,0,1,0,0,0,0
1,1,1,1,1,1,1,0,0,0,1,1,0,0,0,0,1,1,0,1,0,1,0,0,0,1,0,1,0,1,0,1,0,0
0,1,1,0,0,1,1,1,0,0,1,1,1,0,1,1,0,1,0,1,0,0,0,1,0,1,1,0,1,1,1,1,0,0
1,0,0,1,1,1,0,0,0,1,0,0,0,0,1,1,0,1,1,1,0,0,0,1,1,0,0,0,1,1,1,0,0,0
1,0,1,1,1,0,0,0,1,1,0,0,0,1,1,1,1,0,0,0,0,1,1,1,0,1,1,1,1,1,0,0,0,0
1,0,1,0,1,1,0,0,1,0,0,0,0,0,1,1,0,1,0,0,0,1,0,0,0,0,0,0,1,0,1,1,0,0
1,1,1,0,1,0,1,0,0,1,0,0,1,1,0,1,0,0,1,1,0,1,1,0,0,0,0,1,0,1,0,1,0,0
0,1,1,0,1,1,1,0,1,1,0,0,1,0,1,1,0,1,0,1,0,1,0,0,1,0,0,1,0,0,1,1,0,0
0,1,1,0,0,1,0,1,1,1,1,0,0,1,0,1,0,0,0,1,1,0,0,1,0,1,0,1,1,1,0,0,1,1
1,1,0,1,1,1,1,1,1,1,0,1,0,1,1,0,0,1,1,1,0,1,1,0,1,0,0,0,0,1,1,1,0,0
1,1,0,0,0,0,0,1,0,0,1,1,1,1,1,0,0,1,1,0,0,0,0,1,1,0,0,1,1,1,1,1,0,0
1,0,1,1,1,1,1,0,1,1,0,1,1,0,1,1,1,0,0,1,0,0,0,0,1,0,1,1,0,1,1,1,0,0
0,1,1,1,0,1,0,0,1,0,1,0,0,1,1,1,0,0,0,0,1,1,1,1,0,0,0,1,0,0,0,0,1,1
0,1,0,0,1,1,1,0,1,0,0,0,1,1,1,0,0,0,1,1,0,0,0,0,1,0,1,0,0,0,0,1,1,1
1,1,1,0,1,0,1,1,0,1,0,0,0,1,0,1,1,1,0,0,1,0,1,0,1,0,1,0,0,0,1,1,0,0
1,1,1,0,0,1,0,0,0,1,0,1,0,0,0,0,0,0,1,0,0,1,0,0,1,1,0,0,1,1,1,1,1,1
1,0,1,1,1,0,0,1,1,1,1,0,1,1,1,1,0,1,1,0,1,1,1,0,0,1,0,1,0,0,0,1,0,0
1,1,1,0,0,1,0,0,1,1,1,1,0,1,0,0,0,0,1,1,0,1,0,0,0,0,1,1,0,0,0,0,0,0
0,1,1,1,1,1,0,0,0,0,1,0,1,1,0,1,0,0,1,1,1,1,0,0,1,0,1,1,0,1,1,0,0,0
1,1,0,0,0,1,1,0,0,1,0,0,1,1,1,1,0,0,0,0,1,0,0,0,0,1,1,0,1,0,1,1,1,1
0,1,1,1,0,1,1,0,1,1,1,1,0,0,0,0,0,1,0,0,1,0,0,1,1,1,0,0,0,0,0,0,0,0
0,1,1,0,1,0,0,1,0,0,1,1,1,1,0,1,0,0,1,0,1,1,1,1,0,1,0,0,1,1,0,1,0,0
1,0,1,1,1,1,0,1,1,1,1,0,1,0,1,1,0,0,1,0,1,0,0,0,1,0,0,1,1,1,0,1,0,0
1,1,1,0,1,1,0,0,0,0,1,0,1,0,0,0,0,0,0,1,1,0,1,0,1,1,1,1,0,0,1,1,1,1
0,1,1,0,1,0,0,1,0,0,1,0,1,1,1,0,0,1,0,1,0,0,1,0,1,0,0,0,1,1,0,1,0,0
1,1,0,1,1,1,1,0,0,1,0,1,1,1,1,1,1,0,0,0,1,0,0,1,1,1,0,1,0,0,0,1,0,0
1,1,0,1,0,0,0,0,1,1,1,1,1,0,1,1,1,1,0,0,1,1,1,0,0,1,0,0,1,1,1,0,0,0
0,1,1,1,0,1,0,0,0,0,0,0,1,0,1,1,0,0,0,1,1,0,0,0,1,1,0,1,0,1,1,0,1,1
1,1,0,0,0,1,0,0,0,0,0,0,0,0,1,0,0,0,0,1,0,1,1,1,0,1,1,0,1,0,0,1,1,1
1,0,1,0,0,0,0,1,0,1,0,0,0,0,1,0,0,1,0,0,1,1,0,0,0,1,1,1,0,0,0,1,0,0
1,0,1,1,0,0,0,1,0,0,1,0,1,0,0,1,1,0,1,0,0,0,1,1,1,0,1,1,1,0,1,0,0,0
0,1,0,1,0,0,0,1,0,0,1,0,1,1,1,0,0,0,1,0,1,1,0,1,0,1,1,0,1,1,0,0,0,0
1,0,0,1,1,0,0,0,1,1,0,1,1,1,1,1,1,0,0,0,0,1,1,0,0,1,1,0,1,1,0,1,0,0
0,1,0,0,0,0,1,1,1,0,1,1,1,0,1,0,0,0,1,0,1,1,1,1,0,0,0,1,0,1,0,0,0,0
1,1,0,0,1,0,0,1,1,0,1,0,1,0,0,1,1,1,0,0,0,0,0,0,1,1,1,1,0,1,0,1,0,0
1,1,0,0,0,0,0,1,0,0,1,1,0,0,1,1,0,0,0,0,0,1,1,1,1,0,1,0,0,1,1,1,1,1
1,0,0,1,0,1,0,1,1,1,1,0,0,0,0,1,0,0,0,0,0,1,1,1,1,0,1,0,1,0,0,0,0,0
0,1,0,0,0,0,0,0,1,1,1,0,1,1,1,0,0,0,0,1,1,0,0,0,0,1,1,1,1,1,1,1,0,0
1,1,0,1,1,0,0,0,1,0,1,0,0,1,1,0,0,1,1,0,1,1,0,1,1,1,1,1,1,1,0,1,0,0
1,1,0,1,0,1,1,1,1,1,0,1,0,0,1,1,0,1,1,1,0,0,0,1,1,0,0,0,1,0,1,1,0,0
1,0,0,0,0,0,0,0,1,0,0,0,0,1,1,1,0,1,0,1,1,1,0,0,0,0,1,1,0,0,1,1,0,0
1,0,0,0,0,1,1,1,1,1,1,1,1,1,1,0,0,0,1,1,1,1,1,1,0,0,1,1,1,0,1,1,0,0
0,1,1,1,1,1,0,0,1,0,0,1,1,0,1,1,0,0,0,1,0,1,1,1,1,0,1,0,1,1,1,0,1,1
0,1,0,0,1,0,1,1,1,1,0,1,0,0,0,0,0,0,1,0,0,1,1,0,1,1,0,1,0,1,1,1,0,0
1,1,0,1,0,0,1,0,1,1,1,0,1,0,1,0,0,0,0,0,0,1,1,1,1,0,0,0,0,1,0,1,0,0
1,1,0,0,1,1,1,0,0,1,0,1,1,1,1,1,1,0,0,0,0,1,0,1,0,0,1,1,0,1,0,1,0,0
1,1,0,1,1,1,0,1,0,1,1,0,1,1,1,1,1,0,1,0,0,1,0,1,1,1,1,1,0,0,0,1,0,0
1,0,1,1,1,1,1,0,1,1,0,1,1,1,1,0,0,1,1,0,0,1,0,0,0,1,1,0,0,0,1,1,0,0
1,0,0,0,1,1,0,1,1,0,0,1,1,0,0,0,0,0,0,0,0,0,1,0,1,0,0,1,0,0,1,0,1,1
0,1,1,1,0,0,0,1,1,0,0,0,0,0,1,0,0,0,0,0,1,0,0,1,0,1,0,1,1,0,1,1,1,1
1,0,1,1,1,0,0,0,1,0,0,1,0,0,0,0,0,1,1,1,1,1,0,0,1,0,1,0,1,0,0,1,0,0
0,1,1,1,1,0,0,1,0,1,0,0,0,1,1,0,0,0,0,1,1,0,0,0,1,1,1,0,0,0,0,1,1,1
1,1,1,1,0,1,0,1,0,1,1,1,0,0,1,1,1,0,1,0,0,1,0,0,1,0,0,0,1,0,1,1,0,0
1,0,0,0,1,0,0,0,1,1,0,0,1,0,1,1,0,0,0,0,0,1,0,1,1,0,1,0,0,1,1,1,1,1
1,0,1,0,1,1,0,1,0,0,0,1,0,0,0,1,0,0,1,1,1,1,1,1,1,1,1,1,1,1,1,1,0,0
1,1,1,1,1,0,1,1,1,0,1,1,0,0,1,1,1,0,1,1,0,1,0,0,0,1,1,1,1,0,0,1,0,0
0,1,0,1,1,1,1,0,1,0,1,1,0,0,0,0,0,0,0,1,0,1,0,1,0,1,0,0,0,0,0,1,1,1
0,0,1,1,0,1,0,1,1,0,0,0,1,0,1,1,0,0,0,0,0,1,0,0,1,1,1,0,1,1,0,0,0,0
1,1,0,1,1,1,1,1,0,1,0,0,1,1,1,1,1,1,0,0,0,1,0,0,1,1,1,1,1,0,1,1,0,0
1,0,1,0,1,1,1,1,1,0,1,0,1,1,0,1,0,1,1,0,1,1,1,1,1,1,0,0,1,1,0,0,0,0
1,1,1,1,1,0,1,1,0,1,0,0,1,0,1,0,0,1,1,1,1,1,0,1,0,1,0,0,1,0,0,0,0,0
1,0,0,0,0,0,1,0,0,0,1,0,0,1,0,0,0,0,0,1,0,1,1,0,0,1,1,0,1,0,0,1,1,1
0,1,1,0,1,1,0,0,1,0,0,1,0,0,0,0,0,0,0,1,0,0,1,0,0,0,0,1,1,0,0,1,1,1
1,1,0,1,1,1,0,0,0,1,0,1,1,0,0,0,0,1,0,0,1,0,1,0,1,0,1,0,0,0,0,0,0,0
1,1,0,1,1,1,0,0,0,0,0,0,0,1,1,0,0,0,0,0,1,1,1,0,0,1,0,1,1,1,0,1,1,1
0,1,1,1,1,1,1,0,0,1,0,1,0,1,1,1,0,0,0,0,1,0,1,0,0,1,1,0,1,0,1,1,0,0
1,0,0,1,1,0,0,1,0,0,0,1,0,1,1,0,0,1,1,0,0,1,0,1,1,1,1,1,0,0,0,0,0,0
1,0,1,1,0,0,1,1,1,1,1,1,0,0,1,0,0,0,0,1,0,1,0,0,1,0,0,1,0,0,0,1,0,0
1,1,1,0,1,1,1,0,1,0,0,0,1,1,1,0,0,1,1,0,1,0,0,0,1,0,0,0,1,0,1,1,0,0
0,1,0,1,0,1,0,0,0,0,1,0,0,0,1,1,0,1,0,0,1,1,1,0,1,0,0,0,0,1,1,1,0,0
1,1,1,0,1,0,1,1,1,1,0,0,1,1,1,0,1,1,1,0,1,0,0,0,1,1,0,1,1,1,0,1,0,0
1,1,0,1,0,0,0,1,0,0,0,1,0,1,0,1,0,0,0,1,1,1,1,1,1,1,0,0,0,0,1,1,1,1
0,1,0,0,0,1,1,0,1,0,1,1,0,1,1,0,0,1,0,0,0,0,0,1,1,0,0,0,0,1,1,0,0,0
1,1,1,0,1,1,1,1,1,0,0,1,1,0,0,0,0,0,0,0,1,0,0,0,0,1,1,1,0,1,0,1,1,1
1,1,0,0,1,1,1,0,0,0,1,1,0,1,0,0,0,1,0,0,1,0,0,0,1,1,0,1,1,1,1,0,0,0
1,0,1,1,0,1,1,1,1,1,1,1,0,1,1,0,0,0,0,1,1,0,1,1,1,1,1,0,1,1,0,0,0,0
1,1,1,0,1,1,0,1,1,1,0,1,0,1,1,0,1,0,0,0,0,0,0,1,1,0,1,1,0,0,0,1,0,0
1,0,0,1,0,1,1,1,1,0,1,0,1,0,0,0,0,0,0,1,1,0,1,1,1,0,0,0,0,0,1,0,1,1
1,1,1,1,0,0,0,1,0,0,1,0,1,0,1,1,0,0,1,0,1,1,0,1,0,1,0,1,1,1,1,1,1,1
0,1,1,0,1,1,0,0,1,1,0,1,0,1,0,1,0,1,0,1,0,0,1,1,0,0,1,0,1,1,1,0,0,0
0,0,1,1,1,1,1,1,0,1,0,0,0,1,1,1,0,0,0,0,0,1,1,1,0,0,1,1,1,1,1,0,1,1
0,1,1,0,1,0,1,0,0,0,1,1,1,0,1,0,0,0,1,1,0,1,1,1,0,0,0,1,0,1,0,1,0,0
1,0,1,0,0,1,1,0,0,1,1,1,0,0,0,1,0,1,0,1,0,0,0,1,0,0,0,0,0,0,0,1,0,0
1,0,0,1,0,0,1,1,0,0,1,0,0,1,0,0,1,0,0,1,0,0,1,0,1,0,1,0,1,0,0,1,0,0
1,1,1,1,1,0,0,0,1,0,1,0,0,0,1,1,1,1,0,0,1,0,1,1,0,0,0,1,1,0,1,1,0,0
0,1,0,0,0,0,1,1,0,0,0,0,1,0,1,1,0,0,0,0,0,1,0,0,0,1,0,1,0,0,1,0,0,0
1,0,0,1,1,0,0,0,1,0,1,0,0,1,1,0,0,0,0,1,1,0,1,1,0,1,0,1,0,1,0,0,1,1
0,1,1,1,1,1,1,1,1,1,0,0,1,0,1,1,0,1,1,0,1,1,0,1,0,0,0,1,0,1,1,1,0,0
1,0,0,0,0,0,0,0,0,0,1,1,0,1,1,1,0,0,1,1,0,1,0,1,1,1,1,0,1,0,0,0,0,0
1,1,1,1,0,1,1,0,1,1,0,1,0,0,1,0,1,0,1,0,0,0,0,1,0,0,0,0,1,1,1,1,0,0
1,0,1,1,1,1,1,0,1,1,0,1,1,1,1,0,1,0,1,0,0,0,0,1,1,1,1,0,1,0,1,1,0,0
1,1,0,1,0,1,1,0,1,1,1,1,1,1,1,1,1,0,0,0,1,0,1,0,1,0,0,0,0,0,0,0,0,0
0,0,0,1,1,0,0,0,0,1,0,1,1,1,1,1,0,0,0,0,0,1,0,1,0,1,1,0,0,1,1,0,1,1
1,0,0,0,1,0,1,1,1,1,0,0,0,1,0,0,0,1,0,0,1,0,1,0,1,1,0,0,1,1,1,1,0,0
1,0,0,0,0,0,1,0,1,0,0,0,1,1,0,1,0,0,1,1,1,1,0,1,0,1,0,0,0,0,1,0,0,0
1,0,0,1,1,0,0,1,1,1,0,0,1,1,0,0,0,0,0,1,0,0,0,1,1,0,0,1,0,0,0,0,1,1
1,0,0,0,1,1,1,1,0,0,1,0,0,0,1,0,0,1,1,1,0,1,0,1,0,0,1,0,1,0,0,1,0,0
1,0,1,1,0,1,0,0,1,1,1,1,1,1,1,0,0,1,0,1,0,0,0,0,1,1,0,0,1,0,1,1,0,0
1,0,0,1,0,1,0,0,0,1,0,1,0,1,1,1,0,1,1,1,1,1,0,0,0,1,0,1,1,1,0,1,0,0
1,1,1,1,0,0,1,0,0,1,0,1,1,0,1,0,0,0,0,1,1,1,0,1,0,0,1,1,0,0,1,0,0,0
1,1,1,1,0,0,0,1,1,0,1,0,1,0,1,1,1,0,0,0,0,0,1,1,1,0,0,0,0,0,1,0,0,0
1,1,1,0,0,0,1,1,0,1,0,0,1,1,0,1,0,0,1,1,0,1,1,0,1,1,1,0,0,1,1,1,0,0
1,1,0,1,1,0,1,1,0,0,1,1,0,1,1,0,0,1,0,0,1,0,1,0,1,1,1,0,0,1,0,1,0,0
1,0,1,0,1,1,1,1,1,0,1,0,1,1,1,1,1,0,0,1,1,1,0,0,0,0,0,1,0,0,0,1,0,0
1,1,0,1,0,1,0,0,0,0,1,0,1,1,1,1,1,0,1,1,0,1,1,0,0,0,1,1,0,0,1,1,0,0
1,1,0,1,1,1,0,0,1,0,0,1,1,1,1,1,0,1,0,0,0,0,1,0,0,0,0,1,0,1,1,0,0,0
0,1,0,0,1,0,1,0,0,1,1,0,0,1,0,1,0,1,0,0,0,1,1,0,1,1,1,0,1,0,0,1,0,0
1,1,0,0,1,0,1,1,0,1,0,1,1,1,0,1,0,1,0,1,1,1,0,1,0,1,1,1,0,1,1,1,0,0
1,1,1,0,1,1,1,1,0,1,0,0,0,1,1,1,1,1,0,1,0,0,1,1,1,0,1,1,0,1,0,1,0,0
1,1,0,0,1,0,1,1,1,0,0,0,1,1,0,0,0,0,1,0,0,0,1,1,1,0,0,0,1,1,1,1,1,1
0,1,1,0,0,1,1,0,0,1,0,0,1,0,0,0,0,1,0,0,0,1,1,0,1,0,1,0,0,0,0,1,0,0
0,1,1,1,0,0,0,0,0,1,1,1,0,1,1,0,0,1,1,0,0,1,1,0,1,0,0,1,0,0,0,1,0,0
1,0,0,0,0,0,0,1,1,0,0,1,0,1,1,0,0,1,1,0,0,1,1,0,1,1,0,0,0,1,1,0,0,0
1,0,0,1,1,0,1,1,0,1,1,0,0,1,1,1,0,0,0,0,1,0,1,0,0,1,1,0,1,0,1,0,1,1
1,1,1,0,0,0,1,1,0,0,1,1,1,0,0,1,0,0,0,1,0,0,0,1,0,1,1,1,0,1,1,0,0,0
1,1,0,1,1,1,0,1,0,0,0,0,0,1,0,1,0,1,1,1,0,1,0,1,1,1,0,1,1,1,1,1,0,0
0,1,0,1,1,0,0,0,1,0,0,1,0,0,0,0,0,0,1,0,1,0,1,0,0,1,0,0,1,0,1,1,1,1
0,0,0,1,1,0,1,0,1,1,1,1,1,0,1,0,0,0,0,0,0,0,1,1,1,0,0,0,1,1,1,1,0,0
1,1,0,0,1,1,1,1,0,0,0,0,0,1,1,0,1,0,0,0,1,1,1,0,0,1,1,1,0,0,0,1,0,0
1,1,1,0,1,1,1,0,0,1,0,1,0,0,0,0,1,0,1,0,1,0,1,1,0,1,0,0,1,0,1,0,0,0
1,0,1,1,1,1,0,0,1,1,1,1,0,1,1,0,0,1,0,0,0,1,1,1,0,1,0,1,0,0,0,0,0,0
1,1,0,1,1,1,1,1,1,1,1,0,1,0,0,0,0,0,0,0,1,0,0,0,0,1,1,0,0,0,1,1,0,0
0,0,0,1,1,1,0,1,0,1,1,0,0,1,0,0,0,0,0,0,1,1,0,0,0,0,1,1,1,1,1,0,0,0
1,1,0,0,0,0,0,1,1,0,1,0,0,1,0,0,0,1,0,0,0,1,0,1,1,1,1,1,0,1,0,0,0,0
1,1,1,1,0,0,0,0,0,0,0,1,1,0,1,0,1,0,0,1,1,1,1,0,1,0,1,0,0,1,1,1,0,0
1,0,1,1,0,1,1,1,0,0,1,1,0,1,0,0,1,0,1,1,0,0,1,0,0,0,1,0,1,1,0,0,0,0
1,1,1,0,0,1,1,0,1,1,1,0,0,0,1,1,0,1,1,1,0,0,0,1,1,1,0,0,0,0,0,1,0,0
1,1,0,1,0,1,1,0,0,0,0,1,0,0,1,0,0,0,1,0,0,0,0,1,1,0,1,1,0,1,0,1,1,1
1,1,1,0,1,0,0,0,1,1,1,0,0,0,1,0,1,1,0,1,0,0,1,1,0,1,0,0,1,1,0,0,0,0
0,0,0,0,1,1,1,0,0,0,1,0,0,1,0,1,0,0,0,0,0,1,0,1,0,0,0,0,1,0,1,1,0,0
1,1,1,1,1,0,1,1,0,0,0,1,0,1,0,0,1,1,0,0,0,0,1,1,0,0,1,1,1,0,0,0,0,0
1,0,1,1,0,1,0,0,0,1,1,1,0,0,1,1,0,0,1,1,0,0,0,1,0,1,0,1,0,0,0,0,0,0
1,1,1,0,0,0,1,1,0,1,0,0,0,1,0,0,0,0,1,1,0,0,0,0,0,1,1,0,1,0,1,0,1,1
1,0,1,1,1,1,0,1,1,0,1,0,0,1,1,1,0,1,1,0,0,0,0,1,0,1,0,0,1,0,0,0,0,0
1,1,0,1,1,1,1,1,0,1,0,0,0,1,0,0,0,1,1,1,0,1,0,1,1,0,1,1,1,1,1,0,0,0
1,1,0,0,0,0,1,1,0,1,0,0,0,1,0,1,1,0,1,1,0,1,1,0,1,0,1,0,1,1,1,1,0,0
1,1,0,1,1,0,1,0,1,1,0,0,0,1,0,1,0,0,1,1,0,1,0,0,1,1,1,1,0,1,1,0,0,0
1,1,1,0,1,1,0,0,0,1,1,0,0,0,0,0,1,1,0,0,0,0,0,0,0,1,0,1,0,1,0,0,0,0
0,1,0,1,0,0,0,0,1,1,0,0,0,1,0,0,0,1,0,0,1,0,1,1,1,0,0,0,1,1,1,1,0,0
1,1,1,1,1,0,0,1,1,0,0,0,0,1,1,0,0,1,0,0,0,0,0,1,0,0,1,0,1,1,0,0,0,0
1,0,0,1,1,1,0,1,0,1,0,1,1,0,0,0,1,0,0,1,0,0,1,0,0,0,1,0,0,0,1,1,0,0
1,0,0,0,0,0,0,1,1,0,0,0,1,1,1,0,0,0,0,0,1,0,0,0,1,0,1,1,1,0,1,1,1,1
1,1,1,0,1,1,0,1,0,1,1,1,1,0,1,0,0,0,1,1,0,1,1,1,0,0,1,0,0,1,1,1,0,0
1,0,0,0,1,0,0,1,0,1,1,1,0,1,1,1,1,0,0,0,0,1,0,1,0,0,0,1,1,1,1,1,0,0
1,1,1,0,0,0,1,1,0,1,1,1,0,1,0,0,1,0,0,1,0,1,0,1,1,0,0,0,0,0,1,0,0,0
1,0,0,1,1,1,1,1,0,1,1,0,1,0,1,1,0,0,1,1,0,0,0,1,0,0,1,1,0,0,0,1,0,0
1,1,1,0,1,0,0,0,0,1,1,1,0,0,0,0,0,0,1,1,0,0,1,0,0,1,1,1,0,0,0,1,0,0
1,0,1,0,0,0,0,0,1,0,1,1,0,1,0,1,0,0,1,1,0,1,0,0,0,1,1,1,1,0,0,1,0,0
1,1,0,1,1,1,1,0,0,0,0,1,0,1,0,1,0,0,0,1,1,0,1,0,0,0,0,1,0,1,0,1,1,1
0,1,1,0,1,0,0,0,1,1,0,1,1,1,0,0,0,1,0,0,0,1,0,0,1,1,0,0,0,1,0,0,0,0
1,0,1,0,1,0,0,1,1,0,1,1,1,0,1,1,1,0,0,0,1,0,1,1,0,1,1,0,1,1,1,1,0,0
1,0,1,1,1,0,1,0,1,1,0,0,1,1,1,1,0,1,1,0,0,1,0,1,1,1,0,0,1,0,1,1,0,0
0,0,1,0,1,1,0,1,1,0,1,1,0,0,1,1,0,0,0,0,0,1,1,0,0,1,1,0,1,1,1,0,1,1
1,1,1,0,1,0,1,0,1,1,1,1,1,0,1,0,0,1,1,1,0,1,1,0,1,0,1,0,1,0,0,0,0,0
1,0,0,1,0,1,0,0,1,1,1,0,1,0,1,0,0,1,0,1,1,0,1,0,1,0,0,1,1,0,1,1,0,0
1,0,1,0,0,0,1,0,1,0,0,0,0,0,1,1,0,1,0,0,1,0,1,1,1,1,0,0,0,1,1,1,0,0
0,1,0,1,0,0,1,0,0,0,0,0,1,1,0,0,0,0,1,1,1,1,0,0,1,0,1,1,0,0,0,0,1,1
1,1,0,1,1,1,0,1,1,0,0,1,0,1,0,0,0,1,1,0,1,0,1,1,1,0,1,1,0,1,0,0,0,0
1,1,0,1,0,1,1,1,0,1,1,0,1,1,1,0,1,1,0,1,0,1,1,0,0,1,1,0,1,0,0,1,0,0
1,0,1,1,1,1,1,1,1,0,1,1,0,0,1,0,0,0,0,0,0,0,1,1,1,1,1,1,1,0,0,0,1,1
1,1,0,0,0,1,1,0,0,0,0,1,1,1,0,1,0,1,0,1,1,0,1,0,1,1,0,1,0,1,1,1,0,0
1,0,0,1,1,0,0,1,1,1,0,1,1,0,0,0,0,0,1,1,1,1,1,0,1,1,0,0,0,1,0,1,0,0
1,0,1,0,0,0,1,0,1,0,0,0,0,0,0,0,0,0,1,1,1,0,1,0,1,1,1,0,1,0,1,1,1,1
1,1,0,1,1,1,0,1,1,0,0,1,1,1,1,0,0,0,0,1,1,1,0,0,0,1,0,0,1,0,1,1,0,0
1,1,1,0,1,0,1,0,0,1,0,0,1,1,1,0,0,0,1,0,1,1,1,0,0,0,0,1,0,1,1,1,0,0
1,1,1,0,0,1,1,0,0,0,0,0,1,0,1,0,0,1,1,1,1,0,0,0,1,0,0,1,1,1,0,1,0,0
1,1,0,1,1,0,0,0,1,1,0,1,0,1,1,1,1,0,1,1,0,0,1,1,0,1,1,0,1,0,1,0,0,0
1,1,0,0,0,1,1,0,1,0,0,1,1,1,1,0,0,1,1,0,0,0,1,1,1,0,1,1,1,0,0,1,0,0
0,1,0,1,1,0,1,0,0,1,1,0,0,1,0,0,0,0,0,1,0,1,0,1,0,0,1,1,0,0,0,1,1,1
0,1,0,0,1,0,0,1,1,1,0,1,0,0,0,0,0,0,1,1,1,0,0,1,1,0,0,1,0,0,0,0,0,0
1,1,1,1,0,0,1,1,1,1,1,1,1,1,1,1,0,1,0,0,0,1,0,1,1,0,0,0,1,0,1,0,0,0
0,1,1,1,0,1,0,1,1,0,0,1,1,0,0,1,0,0,1,1,1,0,1,0,0,0,1,1,1,1,1,1,0,0
1,1,1,1,0,1,0,1,0,1,0,1,1,0,1,0,0,1,0,0,0,1,1,0,0,1,0,1,1,1,0,1,0,0
1,0,0,0,0,0,0,1,0,1,0,0,1,1,0,0,0,1,0,0,0,1,0,0,0,0,0,1,0,0,0,0,0,0
0,1,1,1,1,0,0,1,0,1,1,0,0,0,1,0,0,1,1,0,1,0,1,0,0,1,0,0,1,0,0,1,0,0
1,1,1,0,0,0,0,1,1,0,1,1,0,1,1,1,1,0,1,0,0,1,1,1,1,0,0,0,1,0,1,0,1,1
1,0,0,1,0,1,1,1,0,1,0,0,1,1,1,0,0,0,1,0,1,0,1,0,0,1,0,0,1,1,1,1,1,1
0,1,0,0,0,1,1,0,0,0,0,1,0,1,1,1,0,0,1,1,1,0,1,0,1,0,0,0,0,0,1,1,0,0
1,0,0,0,1,0,1,1,1,0,1,1,1,1,1,1,0,1,1,0,1,1,0,1,0,0,1,1,1,1,0,1,0,0
1,0,0,1,1,1,1,1,1,0,1,0,0,0,1,1,0,0,1,1,0,0,0,1,0,0,0,0,1,1,1,0,0,0
1,1,0,0,1,1,0,0,1,1,0,1,1,1,0,1,0,1,0,1,1,1,0,1,1,1,1,1,0,0,0,0,0,0
0,0,1,1,1,0,0,0,1,1,1,0,0,0,0,1,0,0,1,0,0,0,1,1,0,1,1,1,1,1,1,0,0,0
1,0,1,0,0,0,1,1,0,1,0,0,1,1,1,1,1,0,0,0,0,0,0,0,1,0,1,0,0,1,1,1,0,0
1,0,0,1,1,1,1,0,0,0,0,1,0,0,0,0,0,1,0,0,1,1,1,1,1,1,0,0,0,0,1,1,0,0
1,0,1,0,0,0,1,1,0,0,1,0,0,0,1,0,0,1,0,0,0,0,0,0,1,1,1,1,1,1,1,1,0,0
1,1,0,0,1,1,0,0,0,1,0,0,0,1,0,1,0,1,1,0,1,0,0,0,1,0,1,0,1,0,0,0,0,0
1,1,1,1,0,0,0,1,1,0,1,0,0,1,1,0,0,1,1,1,1,1,0,0,0,0,1,0,1,0,1,1,0,0
1,0,1,0,0,0,0,1,1,1,1,0,0,0,1,0,0,0,0,1,1,1,1,1,1,0,1,0,0,1,1,0,0,0
1,0,1,0,1,0,1,0,0,0,1,1,1,0,0,0,0,1,0,1,0,0,0,1,1,1,1,0,0,1,1,1,0,0
1,0,0,1,1,0,1,1,0,0,0,1,1,1,1,0,0,1,0,0,1,1,1,1,0,1,0,1,1,1,0,0,0,0
0,1,1,0,0,0,0,1,0,1,0,0,0,1,1,1,0,0,1,1,0,0,0,1,0,0,0,1,1,1,1,0,1,1
1,0,1,0,0,0,1,0,0,0,0,0,0,1,1,0,0,1,1,0,0,0,1,0,0,1,1,0,1,1,1,0,0,0
1,1,1,0,0,1,0,1,1,0,1,1,0,1,1,0,0,1,1,1,0,0,0,0,0,1,0,0,1,1,0,0,0,0
0,1,1,0,0,0,1,0,0,0,0,0,1,0,0,1,0,1,0,0,0,0,0,1,1,1,0,1,1,0,0,0,0,0
1,1,0,0,1,1,1,0,1,1,0,0,0,0,0,1,1,1,0,0,0,1,0,1,1,1,1,0,1,0,0,0,0,0
1,1,0,1,0,1,0,0,1,1,1,0,1,0,1,0,0,0,1,0,0,1,1,0,1,0,0,1,0,1,0,0,0,0
1,0,1,0,0,1,1,1,1,0,1,0,0,0,1,0,0,0,0,1,0,1,0,1,0,0,1,0,0,0,0,1,1,1
0,1,1,0,1,1,0,1,1,1,0,1,0,0,0,0,0,0,0,1,1,1,1,0,1,0,1,1,1,0,0,0,1,1
0,1,1,0,0,1,1,0,0,0,1,1,1,1,0,0,0,1,0,1,1,0,0,1,0,0,1,0,0,1,1,1,0,0
0,0,1,0,1,0,0,1,0,1,0,1,1,1,1,1,0,0,1,0,0,1,1,0,1,1,1,1,0,0,1,1,0,0
1,1,0,1,0,0,0,0,1,0,1,1,0,0,1,1,0,0,1,0,0,0,0,0,0,0,1,0,1,0,0,0,0,0
1,1,0,0,1,0,0,0,0,0,0,1,0,0,0,1,1,0,0,1,1,0,0,0,0,1,1,1,0,1,0,0,0,0
1,0,1,1,1,1,1,1,0,0,1,0,1,0,1,0,1,0,0,0,1,1,0,0,0,0,1,0,1,1,0,0,0,0
1,1,0,1,0,0,1,0,0,1,0,1,0,1,1,1,1,0,1,1,0,1,1,0,0,0,0,1,1,0,1,0,0,0
1,1,1,1,1,0,0,1,1,0,1,1,1,0,0,1,1,0,1,1,0,0,0,0,1,1,0,1,0,1,1,1,0,0
0,1,1,0,0,1,0,0,1,0,1,0,0,0,0,0,0,0,1,0,1,0,0,0,1,1,1,0,1,0,0,1,1,1
1,1,1,0,1,1,0,1,1,1,0,1,1,0,1,0,0,1,0,1,0,0,0,0,1,1,1,1,1,1,0,0,0,0
1,1,1,0,0,1,1,1,1,0,1,1,0,1,0,1,0,0,1,1,1,1,1,0,1,1,0,1,0,1,1,1,0,0
0,1,0,1,0,1,0,0,1,0,1,0,1,1,1,0,0,0,1,1,0,1,0,1,1,1,1,1,1,1,0,0,0,0
1,1,1,0,1,1,0,0,1,0,1,1,0,1,0,1,0,1,1,0,1,1,0,0,0,0,0,1,1,1,1,1,0,0
0,0,1,1,0,1,0,0,0,0,0,0,1,0,0,1,0,0,0,1,0,1,0,0,1,1,0,0,1,1,0,0,0,0
1,0,0,1,1,1,1,0,1,1,1,0,1,0,0,1,1,0,0,0,0,1,0,1,1,1,1,1,1,1,1,0,0,0
1,0,0,1,0,0,0,1,1,0,0,1,0,0,0,1,1,0,0,0,0,1,0,1,1,1,0,0,1,0,0,1,0,0
0,1,1,1,0,0,0,0,0,1,1,1,1,1,1,1,0,0,0,1,1,1,0,1,1,0,0,1,1,1,1,0,0,0
1,1,0,0,1,1,0,1,1,1,1,1,0,0,1,0,0,1,0,0,1,0,0,1,1,0,1,0,0,0,0,0,0,0
1,0,1,1,1,1,0,1,1,1,1,1,0,1,0,1,1,0,0,1,1,1,0,1,0,1,0,1,0,0,0,1,0,0
0,1,1,1,0,0,0,1,0,1,0,0,1,0,0,1,0,1,1,0,1,1,0,0,1,0,0,0,1,1,0,0,0,0
1,0,1,0,0,0,1,0,1,1,0,1,1,0,0,0,0,0,0,1,1,0,1,0,1,0,1,1,1,1,1,0,1,1
0,0,0,1,0,1,0,0,1,1,1,0,0,0,1,1,0,0,0,0,0,1,0,0,0,0,1,1,1,1,1,1,0,0
0,1,1,1,1,0,1,1,1,1,0,1,0,1,0,0,0,1,1,1,1,0,1,1,0,0,1,1,1,1,0,1,0,0
1,1,1,0,0,1,1,1,0,1,0,1,0,0,1,0,1,0,1,1,1,1,0,1,1,0,1,0,0,0,0,0,0,0
1,1,0,1,1,0,1,1,0,1,0,0,1,0,1,0,1,1,0,0,0,0,0,1,0,0,1,0,1,0,1,1,0,0
1,1,1,0,0,1,0,0,1,1,1,1,1,1,1,1,1,1,0,1,0,0,0,0,0,1,1,1,1,0,0,1,0,0
1,1,0,1,0,0,1,1,1,0,1,1,0,1,0,1,1,0,0,1,0,0,1,0,1,0,1,0,1,0,1,0,0,0
1,0,0,1,1,0,0,1,0,1,0,0,0,0,0,1,0,1,1,0,0,0,1,0,0,1,0,0,0,0,1,0,0,0
1,1,0,1,1,1,1,0,0,0,1,0,0,1,1,1,0,1,1,0,0,0,0,1,0,1,1,0,0,0,1,0,0,0
1,1,1,1,0,0,0,1,0,1,1,1,1,0,1,0,0,1,0,0,0,1,1,1,0,1,0,0,0,0,0,1,0,0
1,1,1,0,1,0,0,1,0,0,0,0,1,1,1,1,1,1,0,1,0,0,1,1,0,1,1,1,0,1,1,1,0,0
0,1,0,0,1,0,0,1,1,1,1,0,0,1,0,0,0,0,0,0,1,1,0,1,0,0,1,1,0,0,1,1,0,0
1,1,1,1,1,0,1,0,1,1,0,1,1,0,1,1,0,0,0,0,0,1,0,0,0,0,0,1,0,1,1,1,0,0
1,1,1,0,1,0,1,0,1,0,0,0,0,0,0,1,0,1,0,1,0,0,0,0,1,0,0,1,1,0,1,0,0,0
0,1,1,1,1,0,0,1,0,0,0,1,1,0,0,1,0,1,1,1,0,0,1,0,1,1,0,1,1,1,1,0,0,0
1,1,0,1,1,1,0,0,1,1,1,1,0,0,0,1,0,0,1,0,0,0,0,1,0,1,0,0,0,1,0,1,0,0
1,1,1,1,0,0,0,1,1,0,1,1,1,1,0,0,1,0,0,0,1,1,0,0,1,1,0,0,0,0,1,1,0,0
1,0,0,1,1,1,0,1,0,0,1,1,0,0,0,0,0,0,1,0,1,0,0,0,0,1,1,0,0,1,1,1,1,1
0,1,1,0,0,1,0,1,1,0,0,0,1,0,1,1,0,0,1,0,1,1,1,1,0,0,0,1,1,1,0,1,1,1
1,0,1,0,0,1,1,0,1,1,0,0,1,1,1,0,0,1,0,1,0,1,1,0,1,1,0,0,0,1,1,1,0,0
1,0,1,0,0,1,1,1,1,0,1,1,1,0,1,1,0,1,1,1,1,1,0,0,0,1,0,1,0,1,1,1,0,0
0,1,1,1,0,1,1,0,1,0,0,0,0,0,1,0,0,0,0,1,0,1,1,1,1,1,0,1,0,0,1,1,1,1
1,1,1,1,0,1,1,1,0,0,0,0,0,0,1,1,0,1,1,1,0,1,0,0,0,1,0,1,1,1,1,0,0,0
1,1,0,1,1,1,1,0,0,1,0,0,0,1,1,1,1,1,0,0,0,1,0,1,0,0,0,1,0,1,1,0,0,0
1,1,1,0,1,0,1,0,0,1,0,0,1,1,0,1,0,0,1,0,0,1,1,0,1,1,1,1,0,0,0,0,1,1
1,1,0,1,1,0,1,1,0,1,1,1,1,1,1,1,0,0,0,0,1,1,1,0,0,0,0,1,0,0,1,0,0,0
1,1,0,0,0,1,1,1,0,0,1,0,1,1,1,0,0,0,1,1,0,1,1,1,1,1,0,1,1,0,0,0,0,0
1,0,1,0,1,1,0,0,1,0,0,0,0,0,1,0,0,0,0,0,0,1,0,1,1,0,0,0,0,0,0,1,1,1
1,1,1,1,1,1,1,1,1,0,0,1,0,0,0,0,1,1,0,0,0,0,1,1,1,1,0,0,1,1,0,1,0,0
1,1,0,1,0,1,1,1,0,1,1,0,1,0,0,0,0,0,1,1,0,0,1,1,1,1,0,0,1,0,1,0,0,0
0,1,0,0,1,1,1,1,1,1,1,0,1,0,1,0,0,0,0,1,1,0,1,1,0,0,0,0,0,0,0,1,0,0
1,1,1,1,1,0,1,0,1,1,0,0,1,0,0,1,1,0,0,1,1,1,1,1,1,1,1,1,0,1,1,0,0,0
1,1,0,1,0,0,0,1,0,0,0,0,1,0,0,0,1,1,0,0,1,1,1,0,1,0,0,1,1,1,0,1,0,0
1,1,1,0,0,0,1,0,1,0,0,1,1,1,1,1,1,0,0,0,1,0,1,1,1,0,1,0,1,0,1,1,0,0
1,1,1,0,0,1,1,0,1,0,0,1,1,1,1,0,0,0,0,0,0,0,1,0,1,0,1,1,0,1,1,1,1,1
1,0,0,1,1,0,1,0,1,0,1,1,0,0,0,0,0,1,0,0,1,1,1,1,1,1,1,0,1,0,1,0,0,0
0,1,0,0,0,1,1,1,0,1,0,1,1,0,0,0,0,0,0,1,1,1,1,1,1,0,0,1,1,0,1,0,1,1
1,0,1,0,0,1,0,1,1,1,0,1,1,0,1,1,0,0,1,0,1,1,1,1,0,1,1,0,0,1,1,1,0,0
1,1,1,1,0,0,0,1,1,1,1,1,1,0,1,1,0,1,0,0,1,1,1,1,1,1,1,0,0,0,0,1,0,0
0,1,0,1,0,1,0,1,1,0,1,1,1,0,1,1,0,0,1,1,0,0,1,1,0,0,1,1,1,0,1,1,0,0
1,1,1,1,0,1,1,0,1,0,1,1,1,0,1,1,0,0,1,0,1,0,0,1,0,1,0,0,0,1,0,0,0,0
0,0,1,0,0,1,1,0,1,0,0,0,1,1,1,0,0,0,0,1,0,1,1,0,0,0,1,0,0,1,1,1,0,0
0,1,0,1,1,1,1,1,1,0,0,1,1,1,0,0,0,0,0,1,0,1,1,0,1,1,0,0,1,1,0,0,1,1
1,0,1,1,1,0,0,1,0,0,1,1,0,1,1,1,0,0,0,1,1,1,0,0,0,0,1,0,0,0,0,1,0,0
1,1,0,0,1,0,0,0,1,0,0,1,1,1,1,0,0,0,0,1,0,1,0,1,0,0,1,0,1,0,0,0,0,0
1,0,1,1,1,1,1,1,0,1,1,1,0,0,0,1,0,1,0,0,1,0,1,1,0,0,0,1,1,1,0,1,0,0
1,1,1,1,0,1,0,0,0,1,0,1,0,0,0,1,0,1,1,1,1,1,0,0,0,0,1,1,0,0,1,0,0,0
1,1,0,0,1,0,0,1,1,1,1,1,1,0,1,0,0,1,1,0,1,1,1,0,0,1,0,0,1,0,0,0,0,0
1,1,1,0,0,1,0,0,1,0,1,0,0,0,1,0,1,1,0,1,0,1,1,0,0,1,1,0,1,1,0,1,0,0
0,1,1,0,1,1,0,1,0,0,0,1,0,0,0,0,0,0,0,0,1,1,1,0,1,0,1,1,1,0,1,1,1,1
1,1,1,1,1,0,0,0,0,0,1,0,0,0,1,1,1,1,1,0,1,0,0,0,1,1,1,1,1,1,0,0,0,0
1,1,0,1,1,0,0,0,1,0,1,0,0,0,1,0,0,0,0,1,0,0,0,0,0,0,1,0,0,0,1,1,1,1
1,1,0,0,1,0,0,1,1,0,0,0,0,1,0,0,0,0,0,1,0,1,0,0,1,1,0,0,0,1,0,1,1,1
1,1,1,1,0,0,0,0,1,0,1,0,0,0,1,1,1,0,1,1,1,0,1,0,1,1,0,0,1,0,1,0,0,0
0,0,0,1,1,1,0,1,0,1,0,1,1,0,0,1,0,0,0,1,0,1,1,0,1,0,1,1,1,1,1,0,0,0
1,1,0,1,0,1,1,0,0,1,0,0,1,1,1,0,0,1,1,0,0,1,1,1,1,0,1,0,0,0,0,1,0,0
1,1,1,0,1,0,1,1,0,1,0,1,1,1,1,1,0,0,0,0,0,0,1,1,1,0,0,0,0,1,0,1,0,0
0,0,1,0,1,0,0,0,1,1,1,0,0,1,1,0,0,0,0,1,1,0,0,1,1,1,1,1,1,1,1,0,0,0
1,1,0,1,0,0,1,0,1,1,1,1,0,1,1,1,1,0,1,1,1,0,1,0,1,1,1,0,1,0,1,0,1,1
1,1,1,1,1,1,0,1,1,1,0,0,1,0,1,1,0,1,1,1,0,1,1,0,1,0,1,0,0,0,0,0,0,0
1,0,1,0,1,0,1,1,1,0,1,1,1,0,0,0,0,1,1,0,1,1,1,1,1,0,0,1,0,0,0,0,0,0
1,1,0,0,1,1,0,0,0,1,1,1,0,0,1,0,1,0,1,1,1,0,0,0,1,1,1,0,0,1,0,0,0,0
1,1,0,0,1,1,1,1,1,1,1,1,0,0,0,0,0,0,0,1,0,1,0,0,0,1,0,1,1,1,1,0,0,0
1,1,0,1,0,0,1,0,1,1,0,1,0,0,0,0,0,1,1,1,0,0,1,1,0,1,0,0,1,0,1,1,0,0
1,0,0,0,0,1,0,1,0,1,0,0,1,1,1,0,0,1,1,0,1,1,0,0,0,0,0,1,1,1,0,1,0,0
1,0,1,1,0,0,1,1,0,1,1,1,1,1,0,0,0,0,1,1,1,1,1,0,1,1,1,0,0,1,1,1,0,0
1,1,0,1,0,0,1,0,0,0,1,1,0,1,0,0,1,0,0,1,1,1,1,1,1,0,1,1,1,0,0,0,0,0
1,1,0,1,1,1,1,0,1,1,0,1,1,0,1,1,0,1,0,0,0,0,1,0,1,1,0,1,1,0,1,1,0,0
1,0,1,0,0,0,1,1,0,1,1,1,0,0,0,0,0,0,0,0,0,1,1,0,1,0,0,0,1,0,0,0,1,1
1,0,1,0,1,0,0,0,1,0,0,1,1,0,1,0,0,0,0,0,0,1,1,1,0,1,1,0,1,0,1,1,1,1
1,0,0,1,1,0,0,0,1,1,0,1,1,0,1,1,0,0,0,1,1,0,1,1,1,0,0,1,1,1,1,0,0,0
1,1,0,1,0,1,0,0,1,1,1,1,1,0,1,1,0,1,1,1,0,1,0,0,1,0,0,0,0,1,1,0,0,0
0,1,0,0,0,0,1,1,1,0,1,0,0,1,0,1,0,0,1,0,0,0,0,0,0,1,1,0,0,1,0,1,1,1
1,1,0,1,1,1,1,1,1,1,0,0,0,0,0,1,0,0,0,1,0,0,1,1,0,0,1,0,1,0,1,1,1,1
0,1,1,1,1,1,0,0,0,1,0,0,1,0,1,0,0,0,1,0,1,1,0,0,0,1,0,1,0,1,1,0,1,1
1,1,1,1,0,1,1,0,0,1,0,1,0,1,1,1,1,0,0,0,1,0,0,1,1,1,0,1,1,0,0,1,0,0
0,0,1,0,1,1,1,0,1,0,1,1,0,0,0,0,0,0,1,0,0,0,1,0,1,0,0,1,0,1,0,1,0,0
1,0,0,1,0,1,0,0,1,0,0,0,1,1,1,0,0,1,1,1,1,1,0,1,0,1,1,0,0,0,1,0,0,0
0,0,0,1,0,1,0,0,1,1,1,0,1,0,1,1,0,0,0,0,1,1,0,0,0,1,0,0,1,1,0,1,0,0
1,1,1,1,1,1,1,1,1,1,0,1,1,1,0,0,1,1,0,0,0,1,0,0,1,1,1,0,0,0,0,1,0,0
0,1,1,0,1,0,0,0,1,1,1,0,0,1,0,1,0,0,1,1,1,0,0,1,1,0,0,0,0,0,0,0,0,0
1,0,1,1,0,0,0,1,0,1,0,1,1,1,1,0,0,0,0,0,1,0,0,1,1,0,1,0,0,1,0,1,1,1
0,1,0,1,0,1,1,0,0,1,1,0,0,1,0,0,0,0,0,0,0,1,0,1,1,0,0,0,0,1,1,1,1,1
0,1,0,1,1,1,1,0,1,1,1,0,0,1,0,0,0,0,0,1,1,1,0,1,1,1,0,0,1,1,1,0,1,1
1,1,1,0,0,1,0,1,0,0,1,0,1,0,1,0,0,0,0,1,0,1,0,1,1,1,0,0,1,0,0,0,1,1
1,1,1,1,1,1,1,1,0,0,1,0,0,0,1,0,1,0,1,0,1,1,1,1,1,1,1,0,0,0,1,0,0,0
1,0,0,1,0,1,1,0,1,0,0,1,1,0,0,1,0,0,0,0,0,1,1,0,0,0,1,0,1,0,1,0,1,1
0,1,0,0,0,0,0,0,0,0,0,1,0,0,1,0,0,0,1,0,1,1,1,1,0,0,0,0,1,0,1,1,0,0
1,1,0,0,1,0,0,0,0,0,1,1,0,0,1,1,0,0,0,0,0,0,1,0,0,1,1,0,1,1,0,1,1,1
1,0,1,0,0,0,1,1,0,0,0,1,0,0,1,1,1,0,0,0,0,1,0,1,0,0,0,1,0,1,0,1,0,0
0,0,1,1,0,0,0,1,0,0,1,0,1,0,1,0,0,0,1,0,1,0,0,0,1,1,0,1,0,1,0,0,1,1
1,1,1,1,0,0,1,0,0,0,0,0,0,0,1,1,0,0,1,0,1,1,0,0,0,1,1,1,1,1,1,0,1,1
1,1,0,0,0,1,0,1,1,1,0,1,1,1,0,1,0,0,0,1,1,0,0,0,0,0,1,1,1,0,1,0,0,0
0,1,1,1,1,1,1,0,1,0,1,1,1,0,0,1,0,1,1,0,1,0,0,0,1,0,1,1,1,0,1,1,0,0
1,1,0,1,1,1,1,0,1,0,1,1,1,0,1,0,1,1,0,1,0,0,1,1,1,0,0,1,1,1,0,0,0,0
1,1,1,0,0,1,0,0,1,1,0,0,1,1,1,1,0,0,0,1,1,1,0,0,1,1,0,1,1,0,0,0,0,0
1,0,0,1,1,0,0,1,0,1,1,1,1,1,1,0,0,1,0,0,0,0,0,1,1,0,1,1,0,1,0,0,0,0
1,1,0,1,1,1,1,1,1,0,1,0,0,1,0,0,0,1,1,1,0,0,0,0,0,0,1,1,1,0,1,1,0,0
1,1,0,1,0,0,0,1,0,1,1,1,0,1,1,0,1,0,0,1,1,1,0,1,1,0,0,0,1,1,1,1,0,0
1,1,1,1,1,1,0,0,0,0,0,0,0,1,0,0,0,1,1,1,1,1,1,1,0,0,1,1,1,0,0,0,0,0
1,1,0,1,1,1,0,0,1,1,1,0,0,1,0,1,0,0,0,0,0,0,1,1,1,1,1,0,0,0,0,0,0,0
1,0,1,1,0,0,1,1,0,0,0,1,0,0,0,1,0,1,1,1,0,0,0,0,1,1,1,1,1,0,1,1,0,0
1,1,1,0,0,0,1,0,0,1,0,1,1,0,1,0,1,1,1,0,0,0,0,1,0,0,0,1,1,0,0,0,0,0
0,1,1,1,1,0,1,0,1,1,0,1,0,0,0,1,0,0,0,0,1,0,0,1,1,1,0,1,0,0,0,1,1,1
1,0,0,1,1,0,0,0,1,1,1,1,0,1,1,1,1,0,0,0,0,0,1,0,0,0,0,0,0,1,1,1,0,0
0,1,0,1,0,1,1,0,0,1,1,0,1,0,1,0,0,0,1,0,1,1,1,1,1,1,0,1,0,1,1,0,0,0
0,1,0,1,0,1,0,1,1,1,0,0,1,1,0,0,0,1,0,0,0,1,1,0,1,1,1,0,1,1,1,0,0,0
1,1,0,1,0,1,1,0,1,1,0,1,0,0,1,0,0,0,1,1,1,0,0,1,0,0,1,0,1,1,0,0,0,0
1,0,0,0,0,0,0,0,0,1,1,0,1,1,1,1,0,1,1,0,1,0,1,0,1,1,1,0,1,1,1,0,0,0
0,0,1,1,0,0,1,0,1,0,0,1,0,0,1,1,0,0,0,1,0,1,0,0,1,1,0,0,0,1,0,0,0,0
1,0,1,1,0,1,0,1,0,1,0,0,0,1,1,0,0,1,1,1,0,0,1,0,0,0,1,0,0,0,0,1,0,0
1,0,1,1,0,0,0,0,0,1,1,1,0,1,0,0,1,0,0,0,1,0,1,1,1,0,1,1,0,0,0,1,0,0
1,1,0,1,1,0,0,1,1,0,1,0,0,1,1,0,0,1,0,0,1,1,0,1,1,0,1,1,0,0,0,1,0,0
1,0,1,0,1,0,1,1,0,0,1,0,1,1,1,0,0,1,0,0,0,0,0,0,0,0,1,0,1,1,0,1,0,0
1,1,0,1,0,1,0,0,0,1,0,1,0,1,0,0,1,1,0,0,1,1,1,0,1,1,0,0,1,0,0,1,0,0
1,0,1,1,0,0,1,0,0,1,1,0,0,0,1,1,0,0,1,0,1,0,1,0,0,0,0,1,0,0,1,0,0,0
1,1,1,0,0,1,1,0,0,1,1,0,1,1,1,1,0,1,1,1,0,1,0,0,0,0,0,0,1,1,0,0,0,0
0,1,0,1,0,1,1,1,0,0,1,1,1,1,1,0,0,1,0,0,0,0,1,1,1,0,1,0,0,1,1,0,0,0
0,0,1,0,1,0,0,0,0,0,0,0,1,1,0,0,0,0,0,0,0,1,0,1,1,1,1,0,1,0,0,0,0,0
0,0,0,1,0,0,1,0,1,0,0,0,0,0,0,1,0,0,0,0,0,0,0,1,0,0,1,0,1,0,0,0,0,0
0,1,1,0,0,1,0,1,1,0,1,1,1,1,0,0,0,1,0,1,1,0,0,1,0,1,1,0,1,1,1,0,0,0
0,0,1,1,0,1,1,1,1,1,1,1,1,1,1,0,0,0,0,0,0,1,0,0,1,0,0,0,0,1,1,0,0,0
1,1,0,1,0,0,1,1,1,1,1,0,1,1,0,1,0,1,1,0,0,1,0,0,1,0,1,0,1,0,0,1,0,0
0,1,1,0,1,1,0,1,0,1,1,0,1,0,1,1,0,0,1,1,1,1,1,0,1,1,1,0,0,1,1,1,0,0
1,0,1,0,1,1,1,0,1,1,0,0,0,1,1,0,0,0,0,0,1,0,1,1,0,1,0,0,0,1,0,0,1,1
1,0,1,1,0,0,0,1,1,1,1,0,1,1,0,1,0,1,1,1,1,0,1,0,1,1,1,0,0,0,1,1,0,0
0,0,1,0,0,1,0,1,1,0,0,0,0,1,0,1,0,0,0,1,1,1,0,1,1,0,1,1,1,1,1,0,0,0
0,1,1,1,1,1,1,0,0,1,0,1,0,1,1,1,0,0,1,1,0,0,1,1,1,1,1,1,0,0,0,1,1,1
0,1,0,0,1,0,1,0,0,0,0,1,0,0,1,1,0,0,1,0,0,1,1,1,1,0,1,0,0,1,1,0,1,1
1,1,1,1,0,0,1,0,1,1,1,0,1,0,0,0,0,0,0,0,0,1,1,0,0,1,0,0,1,0,1,0,0,0
1,1,1,1,1,0,1,0,0,1,1,0,1,1,0,0,1,1,0,1,1,1,1,0,1,0,1,1,1,1,0,0,0,0
1,1,1,0,0,0,0,0,0,0,0,1,0,0,0,0,1,0,1,1,1,0,1,1,0,0,1,0,1,0,0,1,0,0
1,0,0,1,1,0,0,1,1,1,0,0,1,0,1,1,0,0,1,1,1,1,1,0,1,1,0,0,0,1,0,1,0,0
1,1,0,0,0,1,1,1,0,1,0,1,1,1,0,0,1,0,1,1,1,1,1,0,1,1,1,0,1,1,0,0,0,0
1,1,1,1,1,0,0,1,1,1,1,0,1,1,1,0,0,1,1,1,1,0,1,0,1,0,0,0,0,1,1,0,0,0
1,0,0,0,1,0,1,0,1,0,1,0,0,1,1,1,0,1,0,0,0,0,1,1,1,1,1,1,1,1,0,0,0,0
1,0,1,1,1,1,0,1,0,0,0,1,1,0,1,0,0,0,1,0,1,0,1,1,0,0,0,1,1,0,0,0,1,1
1,0,1,1,0,0,1,1,1,1,1,0,0,1,0,0,1,0,1,0,1,1,0,1,0,0,0,1,0,1,0,1,0,0
0,1,1,1,0,1,1,1,1,1,1,1,0,0,0,0,0,1,0,1,1,1,0,0,0,0,0,0,0,1,0,1,0,0
1,1,0,1,1,0,0,0,1,0,1,0,1,1,0,1,0,0,0,0,0,1,0,0,0,0,0,1,1,1,0,0,1,1
1,1,1,1,1,0,1,1,0,1,0,1,0,1,0,0,0,1,0,0,0,1,0,0,1,1,1,1,0,0,0,0,0,0
1,0,1,1,0,1,1,1,1,1,1,1,0,0,0,1,0,1,1,1,0,0,0,0,0,1,1,0,0,0,1,1,0,0
0,1,1,0,1,0,1,1,0,0,0,1,1,0,0,0,0,1,0,1,1,0,0,0,1,0,1,1,1,0,1,0,0,0
1,0,1,0,0,0,0,1,1,1,1,1,0,0,1,1,0,0,0,1,0,0,0,0,1,1,0,0,1,1,0,0,0,0
1,1,1,0,0,0,0,0,1,1,1,1,0,1,1,1,0,0,0,0,1,1,0,1,0,1,0,0,0,0,1,1,0,0
1,0,1,0,1,0,0,0,1,0,0,1,1,0,1,0,0,0,1,1,1,1,0,0,0,0,0,1,0,0,1,0,0,0
1,0,1,0,0,0,0,1,0,1,1,0,1,1,1,0,0,1,0,0,1,0,1,0,1,0,1,0,1,0,0,1,0,0
1,1,1,1,0,0,0,1,0,1,1,0,1,1,1,1,0,1,1,1,1,0,1,1,0,1,0,1,1,1,0,1,0,0
1,0,1,1,1,1,1,0,1,1,1,1,0,1,1,0,0,0,0,1,0,0,0,1,1,1,1,0,0,1,1,1,0,0
1,1,1,0,0,0,0,1,0,0,0,1,0,0,1,1,0,0,0,1,0,0,1,0,0,1,1,1,0,1,1,0,1,1
1,1,1,1,0,0,0,1,0,0,0,0,0,0,0,1,0,1,1,1,0,0,1,0,1,1,1,1,1,1,0,0,0,0
1,1,1,1,1,1,0,1,1,1,1,1,1,0,1,0,0,1,1,0,0,1,1,0,1,1,0,1,1,0,0,1,0,0
0,1,1,1,1,0,0,1,1,0,1,0,1,0,1,0,0,0,1,1,1,0,1,0,0,1,1,0,0,1,1,1,0,0
0,1,1,0,0,0,0,0,1,1,0,0,0,0,0,1,0,1,0,1,0,0,0,1,0,1,1,1,1,1,1,1,0,0
0,1,1,0,1,0,1,0,0,1,0,0,1,1,1,1,0,1,0,0,0,1,1,0,1,1,0,0,1,0,1,1,1,1
0,1,1,0,1,0,0,0,1,0,0,0,1,1,1,0,0,0,1,1,1,0,0,1,0,0,1,1,0,0,1,0,0,0
1,1,0,0,0,0,0,1,1,0,0,1,0,1,1,1,1,0,1,0,1,0,1,0,1,1,1,1,1,0,0,0,0,0
0,1,1,1,0,1,0,0,1,0,0,0,0,1,0,1,0,0,0,1,1,1,1,1,1,1,1,0,0,1,1,1,1,1
1,1,0,0,0,1,1,0,0,1,1,0,0,1,0,0,0,1,1,1,1,0,1,1,0,1,0,1,1,1,0,0,0,0
1,0,0,1,0,1,0,0,0,1,1,1,1,1,0,0,1,0,0,0,1,1,0,1,1,1,0,0,0,0,1,1,0,0
0,0,1,1,1,1,0,1,0,0,1,1,0,0,1,0,0,0,1,1,1,0,1,0,0,1,1,0,1,1,0,0,0,0
1,1,0,1,1,1,1,0,0,0,1,0,1,0,1,1,0,1,1,1,0,0,1,1,0,0,0,1,1,0,1,0,0,0
0,1,0,0,0,0,1,0,1,1,0,0,1,0,1,0,0,0,0,1,0,1,1,1,0,0,0,0,0,0,1,1,1,1
1,0,0,1,1,0,0,1,1,1,0,1,1,1,1,1,0,1,0,1,0,0,0,1,1,0,1,0,0,0,1,1,0,0
0,0,0,1,1,0,0,1,0,1,0,1,0,1,1,0,0,0,0,0,1,0,1,0,1,0,1,0,0,0,0,0,0,0
1,1,0,1,1,0,0,1,1,1,1,0,1,1,0,0,1,0,1,0,1,0,1,1,1,1,0,1,0,1,1,1,0,0
0,1,0,0,1,0,1,0,0,1,0,0,0,1,0,1,0,0,1,1,0,1,1,0,1,0,1,1,1,1,0,0,0,0
1,0,1,1,0,0,1,0,1,0,1,1,0,0,1,1,0,1,1,0,1,1,0,1,1,1,0,1,0,0,0,1,0,0
1,1,0,1,0,0,0,0,1,0,0,0,1,1,1,0,0,0,0,0,1,0,0,1,0,1,1,1,1,0,0,1,1,1
0,1,0,0,0,1,0,1,1,1,0,0,1,1,1,0,0,0,1,1,0,1,0,1,1,1,0,1,1,1,1,0,0,0
0,1,0,1,1,0,0,1,0,0,1,0,0,1,1,1,0,0,1,0,0,1,1,0,0,0,1,0,1,1,0,1,1,1
1,1,0,1,0,1,1,1,1,0,0,0,0,0,1,1,0,0,0,0,1,0,0,1,0,1,1,0,1,0,1,1,1,1
1,0,0,0,1,0,1,0,0,0,0,1,1,0,0,0,0,0,0,0,1,1,1,0,0,1,0,1,1,1,1,1,1,1
0,1,0,1,1,0,1,1,1,1,0,0,1,0,1,1,0,0,1,0,0,0,0,1,1,1,1,1,1,1,0,1,0,0
1,1,1,1,1,1,0,0,0,1,1,1,1,0,0,0,0,1,0,0,0,1,0,0,0,1,0,1,1,0,1,0,0,0
1,1,0,1,0,1,1,1,1,1,0,0,1,1,0,0,0,1,1,0,0,0,0,0,0,0,1,0,1,0,1,0,0,0
1,1,1,1,1,1,1,1,0,0,0,1,0,1,1,0,1,0,0,1,1,0,1,0,0,1,1,0,1,0,0,0,0,0
0,1,1,0,1,1,0,1,1,1,0,0,1,1,0,1,0,1,1,0,0,0,0,0,0,0,1,1,0,0,0,0,0,0
1,1,1,1,0,0,1,1,1,1,1,0,1,0,0,0,0,0,1,0,1,1,0,0,1,1,0,1,0,0,1,1,0,0
1,0,1,0,0,1,0,1,0,1,0,1,0,1,0,0,0,1,1,1,1,1,1,0,0,0,0,1,1,0,0,1,0,0
0,1,1,1,0,0,1,1,0,1,0,0,1,1,1,1,0,0,1,1,1,1,0,0,0,1,1,0,1,1,1,0,0,0
1,0,0,0,1,1,0,0,1,0,1,1,0,1,0,1,0,1,0,0,1,1,1,1,1,0,1,0,0,1,1,1,0,0
1,0,1,1,0,1,1,1,1,1,0,0,0,0,1,0,0,1,1,0,1,1,0,0,1,0,0,1,0,0,0,0,0,0
1,0,0,1,1,1,1,0,1,1,1,0,1,1,1,0,1,0,0,0,0,0,1,1,1,0,0,1,0,0,0,1,0,0
1,1,0,0,1,1,0,1,1,1,0,0,0,1,1,1,0,1,1,1,1,0,1,0,1,0,1,1,1,1,0,1,0,0
0,0,0,1,1,0,1,0,0,1,1,1,1,1,0,0,0,0,0,1,0,0,1,1,0,1,1,1,1,1,1,1,0,0
1,1,1,0,0,1,1,1,0,0,1,1,1,0,0,0,1,0,1,1,1,1,1,0,0,1,0,1,1,1,1,0,0,0
1,0,0,0,1,1,0,0,1,0,0,0,0,0,1,0,0,0,0,0,1,0,1,0,0,0,0,1,0,0,1,0,1,1
1,1,1,0,1,0,1,1,0,1,0,1,1,1,1,0,1,0,0,0,0,0,0,0,0,1,0,0,0,1,0,1,0,0
1,0,1,0,0,0,1,0,1,1,0,1,0,0,1,0,0,0,0,0,0,0,0,1,1,1,0,1,0,0,0,0,0,0
1,1,0,1,1,0,1,1,1,0,1,1,1,1,1,0,0,1,0,0,1,1,0,1,1,1,0,1,1,1,0,1,0,0
0,1,1,1,1,0,1,1,0,1,1,0,0,0,1,1,0,1,0,1,1,0,0,1,1,1,1,1,0,0,1,1,0,0
1,0,0,1,1,0,0,1,0,1,1,1,1,1,1,0,0,1,0,0,0,0,0,1,1,0,0,1,1,0,0,1,0,0
1,0,1,0,0,0,0,1,0,1,1,0,1,0,0,0,0,0,0,1,1,0,0,1,0,0,1,1,0,0,0,1,1,1
1,0,0,0,1,0,0,1,0,0,1,1,1,1,0,1,0,1,0,0,1,0,0,1,1,0,0,1,0,1,0,1,0,0
0,0,1,1,0,0,1,1,0,1,0,0,1,1,1,1,0,0,1,0,0,1,1,0,1,0,1,1,0,0,1,1,1,1
0,1,0,0,0,1,1,1,0,1,1,0,1,0,0,0,0,0,1,0,0,1,0,0,1,0,0,0,1,0,0,0,0,0
0,1,1,0,0,1,0,1,0,1,1,0,0,0,1,0,0,0,1,0,0,0,0,1,1,1,0,0,0,0,0,1,0,0
0,1,0,1,0,0,0,0,1,0,1,1,1,1,1,0,0,1,0,0,1,0,1,1,1,1,1,1,1,0,0,1,0,0
0,1,1,1,0,0,1,1,0,0,1,1,1,0,0,0,0,0,0,1,1,1,0,0,1,0,0,0,1,1,0,1,1,1
1,1,0,1,1,0,0,0,1,1,1,0,1,1,1,1,1,1,0,1,0,0,1,0,0,0,1,0,1,0,1,0,0,0
1,0,0,0,0,1,0,1,1,1,0,0,1,0,1,1,0,1,0,1,1,0,1,1,1,1,0,0,0,0,0,1,0,0
0,1,1,1,0,1,1,1,1,0,1,0,1,1,1,1,0,1,0,0,1,0,1,1,0,0,1,1,1,0,1,0,0,0
1,1,1,1,1,1,1,0,1,1,1,0,1,0,1,1,1,0,0,1,1,0,0,1,0,0,1,0,0,0,0,1,0,0
1,1,1,0,0,0,0,0,1,0,0,0,0,1,1,0,1,0,1,0,1,1,1,0,1,1,0,0,0,1,1,1,0,0
1,0,1,1,0,0,1,1,1,0,1,0,0,0,0,1,0,1,0,0,0,1,1,0,0,1,1,1,0,0,1,1,0,0
0,0,1,1,1,1,0,1,0,1,0,0,1,0,0,0,0,0,1,0,0,1,0,1,0,1,0,0,0,0,1,0,1,1
1,0,1,0,0,1,1,0,1,0,0,0,0,1,0,0,0,1,1,1,0,1,1,1,1,1,1,0,0,1,0,1,0,0
1,1,1,1,0,1,1,0,0,1,0,0,1,1,1,0,1,0,0,1,0,0,0,1,1,0,1,1,1,0,1,1,0,0
1,1,0,0,1,1,1,1,1,1,1,1,0,0,1,1,1,0,1,1,0,1,0,0,0,0,1,0,0,0,1,1,0,0
1,0,1,1,0,1,0,1,0,1,1,1,1,1,0,0,0,1,1,0,0,0,1,1,0,1,1,1,0,0,0,0,0,0
1,1,0,1,0,0,0,1,0,1,0,1,1,0,0,0,1,1,0,0,1,0,1,1,0,1,0,0,1,1,1,0,0,0
1,0,1,0,0,1,1,0,1,0,1,0,1,1,0,0,0,0,1,1,1,0,1,1,1,0,0,1,1,1,0,1,0,0
1,0,1,0,1,0,1,1,1,0,1,0,1,1,0,0,0,1,0,1,0,0,1,1,1,1,0,0,0,0,0,0,0,0
1,0,1,0,0,0,1,1,0,1,0,0,0,1,0,0,0,0,1,1,0,1,1,0,1,1,1,0,1,0,0,0,0,0
1,1,0,1,0,0,0,0,0,0,1,1,0,1,0,1,0,0,1,0,1,1,1,0,1,1,1,0,1,0,1,1,0,0
0,0,0,1,1,1,1,1,1,0,0,0,1,1,1,0,0,0,0,1,1,1,0,0,1,0,1,1,1,1,1,0,0,0
1,0,1,1,0,0,1,0,1,1,0,0,1,1,1,0,0,1,1,1,1,1,1,0,0,1,1,1,1,1,1,1,0,0
1,0,1,1,1,1,1,1,1,0,0,1,1,0,0,1,1,0,1,0,1,0,0,1,0,1,0,0,0,0,0,1,0,0
1,0,0,0,1,0,0,0,1,1,0,0,0,0,0,0,0,0,0,1,1,1,1,1,0,0,1,0,1,0,0,0,1,1
1,0,0,1,1,1,1,1,1,0,0,1,1,0,0,0,0,1,0,1,1,0,1,0,0,1,1,0,0,1,0,1,0,0
0,1,0,0,0,0,0,1,0,1,0,0,1,1,0,1,0,0,0,1,0,1,1,0,1,0,1,0,0,0,1,1,1,1
1,0,1,0,1,1,1,0,0,0,0,1,1,1,0,0,0,1,0,1,0,1,0,1,0,1,1,1,1,1,1,0,0,0
1,1,1,1,0,0,1,0,0,1,1,0,1,1,1,1,0,0,1,1,1,0,0,1,1,0,1,1,0,1,0,1,0,0
0,1,0,1,1,0,0,0,1,0,0,0,0,1,1,1,0,0,0,1,0,1,0,1,0,1,1,1,0,1,1,0,1,1
1,0,1,1,1,1,1,1,1,1,1,1,0,1,1,0,0,1,0,0,1,0,1,0,0,1,1,1,0,0,0,0,0,0
0,1,0,1,0,0,1,1,0,0,1,0,1,0,1,0,0,0,1,0,1,0,0,0,0,1,0,0,1,1,1,0,1,1
1,1,0,1,1,0,0,1,1,0,0,0,0,0,1,1,1,0,1,0,0,1,0,1,0,0,1,0,0,1,1,0,0,0
1,0,0,0,0,0,1,1,1,0,1,0,0,1,0,0,0,0,1,0,0,1,1,1,0,1,1,1,0,1,1,1,0,0
0,0,1,0,1,1,1,1,0,1,1,1,1,1,1,0,0,0,1,0,1,0,1,1,0,1,0,0,1,0,1,1,0,0
0,1,0,1,0,1,1,0,1,1,0,1,1,1,0,0,0,0,0,0,1,1,1,0,0,1,0,1,0,0,0,1,1,1
1,1,1,0,1,0,0,1,1,1,0,1,1,1,1,1,0,1,1,1,1,0,1,0,1,0,0,1,0,0,0,0,0,0
0,1,0,1,1,0,0,1,0,0,0,0,0,1,1,1,0,0,0,1,1,0,0,0,0,0,1,0,1,0,0,0,1,1
0,0,1,0,1,0,1,1,1,1,1,0,1,1,0,0,0,0,0,1,1,0,0,1,1,0,0,1,1,1,0,1,0,0
1,1,0,0,1,1,1,1,0,1,0,1,0,0,1,0,0,1,0,0,1,1,0,1,1,0,1,1,1,1,0,1,0,0
0,1,0,1,1,0,0,1,1,0,0,0,1,0,1,1,0,0,0,1,0,1,0,0,1,1,1,0,1,1,0,1,1,1
1,0,0,1,0,0,1,0,0,1,0,1,0,0,1,1,1,0,0,0,0,0,0,0,0,1,1,0,1,1,1,1,0,0
1,1,1,1,0,0,0,1,0,0,0,0,1,1,0,0,0,1,1,0,1,0,0,1,1,0,0,0,0,1,1,0,0,0
1,1,1,1,1,1,1,0,1,1,1,0,1,1,0,0,1,1,0,1,0,1,1,0,1,0,0,1,1,0,1,1,0,0
0,1,1,1,1,0,0,1,1,0,1,1,1,0,0,0,0,1,0,1,0,0,1,1,0,0,1,0,1,1,1,1,0,0
0,1,1,0,1,1,0,1,0,1,0,0,1,1,1,1,0,1,0,0,1,1,0,0,0,0,1,0,0,0,0,1,0,0
1,0,0,0,1,0,0,1,1,1,0,0,0,1,0,0,0,0,1,0,1,0,1,1,0,0,1,0,0,0,0,0,0,0
1,1,1,1,0,1,0,1,0,0,0,0,0,0,1,0,1,0,1,1,1,0,0,1,1,0,0,1,0,1,1,1,0,0
1,0,1,1,1,1,1,0,1,0,0,0,1,1,0,1,1,0,0,1,1,1,1,0,1,1,1,1,0,0,0,0,0,0
1,1,1,0,1,1,0,0,0,0,1,1,0,0,1,1,0,1,1,0,1,0,1,0,0,1,0,0,1,1,1,0,0,0
1,1,1,1,1,1,0,1,0,1,1,1,1,0,0,1,1,1,1,0,1,1,1,1,0,1,0,1,0,1,0,0,0,0
1,1,0,0,1,0,0,0,0,0,0,1,1,1,0,0,1,0,0,0,0,0,0,1,0,0,1,0,0,1,1,1,0,0
1,0,1,0,1,0,0,0,1,0,1,0,0,0,0,0,1,0,0,1,1,0,1,1,1,0,1,0,1,0,1,0,0,0
1,1,0,1,1,0,1,1,0,0,0,1,1,1,1,0,1,0,0,1,0,0,0,1,0,0,0,0,0,0,1,0,0,0
1,1,0,1,1,1,0,0,0,0,0,0,1,0,1,1,0,0,1,1,0,0,1,1,1,1,1,1,0,0,1,0,1,1
1,0,0,1,0,0,0,0,1,1,1,0,1,0,1,0,0,0,1,1,1,1,1,0,1,0,0,0,1,1,1,1,0,0
1,1,0,1,1,1,0,1,1,0,1,1,0,1,0,0,1,1,0,0,1,1,0,0,0,1,1,0,0,1,1,1,0,0
1,1,0,1,0,0,1,0,1,0,1,0,0,0,1,1,0,0,0,0,0,0,1,0,0,0,1,0,1,1,1,0,1,1
1,1,1,1,0,1,0,0,1,1,0,1,1,0,1,1,1,1,0,0,1,0,0,0,1,1,1,1,1,0,1,1,0,0
1,1,0,0,1,0,1,1,0,1,1,0,0,0,1,1,0,0,1,1,1,0,1,0,0,1,0,0,0,1,1,1,0,0
1,0,1,1,0,1,0,0,0,0,0,1,1,1,0,1,0,1,1,0,1,1,1,1,1,1,0,0,1,0,0,1,0,0
1,0,0,1,1,0,0,0,1,0,1,0,1,1,1,0,0,1,1,1,0,0,0,0,0,1,1,0,1,1,1,0,0,0
1,1,0,1,0,0,1,1,1,0,0,1,1,1,0,1,1,0,1,0,0,0,0,1,1,1,0,0,1,1,0,1,0,0
1,1,0,1,1,0,0,1,0,0,1,1,1,0,1,1,0,1,1,1,0,1,0,0,0,1,1,0,0,1,1,1,0,0
0,1,1,0,0,1,1,0,1,1,0,1,1,1,1,0,0,0,1,1,1,0,0,0,0,1,1,1,0,0,1,1,0,0
0,0,1,0,1,0,1,1,0,1,0,1,0,1,1,1,0,0,0,1,0,0,0,0,0,1,0,0,1,0,1,1,0,0
1,1,1,0,1,1,1,1,1,0,0,0,1,0,1,0,1,0,0,1,0,1,0,1,0,1,1,0,0,0,0,0,0,0
1,1,1,0,0,1,0,0,0,1,1,1,1,0,0,1,0,1,0,1,1,1,0,1,0,1,1,1,1,1,1,0,0,0
1,0,0,1,0,1,0,0,1,1,0,0,1,1,1,0,0,1,0,0,0,1,0,1,0,0,1,0,0,0,1,1,0,0
1,1,1,0,1,0,0,0,1,1,0,1,1,1,0,0,1,0,0,1,0,1,1,1,1,1,0,0,1,0,1,0,0,0
0,1,0,0,1,1,1,1,0,0,1,1,1,1,1,1,0,0,1,1,0,0,1,1,0,1,0,1,1,1,0,0,0,0
0,0,1,0,0,1,0,1,0,0,1,1,1,1,1,0,0,0,0,1,1,0,0,0,0,0,1,0,0,1,1,1,0,0
1,1,1,1,1,0,0,0,1,0,0,0,0,1,1,0,1,1,0,1,0,1,1,0,0,1,1,1,0,0,1,1,0,0
0,0,1,0,0,0,0,1,1,0,1,1,0,1,1,0,0,0,0,1,1,0,0,0,1,1,1,0,1,0,1,1,1,1
0,0,0,1,1,0,0,1,0,0,1,0,0,1,1,1,0,0,0,1,0,1,1,0,0,0,0,0,0,1,0,1,0,0
1,0,1,1,0,0,1,1,1,1,1,0,0,1,0,0,0,1,1,1,0,1,1,1,0,0,0,0,1,1,0,0,0,0
1,1,1,0,0,1,1,0,0,0,1,1,1,1,0,0,0,1,0,1,1,1,0,1,0,0,1,1,1,1,0,0,0,0
1,1,1,0,1,0,0,0,0,1,0,1,0,1,0,1,1,0,0,1,1,0,1,1,0,0,1,0,1,1,1,0,0,0
1,1,1,1,1,0,1,1,0,0,1,0,0,1,0,0,1,1,0,0,0,0,1,0,1,0,0,1,0,0,0,0,0,0
1,1,1,1,1,1,0,1,1,0,0,0,0,0,1,1,1,0,1,1,0,0,1,1,0,0,0,1,1,0,1,1,0,0
0,1,0,0,1,1,0,0,0,0,1,1,1,1,1,0,0,0,1,0,1,1,0,0,0,1,0,1,0,1,0,0,0,0
1,1,1,0,0,0,1,1,1,0,0,1,1,1,1,1,0,0,0,1,0,0,1,0,1,0,1,0,0,1,0,0,0,0
1,0,0,1,0,1,0,0,0,0,0,0,1,0,1,1,0,0,0,0,0,1,1,1,1,1,1,1,0,0,1,0,1,1
1,1,0,0,0,1,1,0,0,0,1,1,1,0,0,0,1,0,0,1,1,1,1,1,1,1,1,1,1,1,0,0,0,0
1,0,0,1,0,1,1,0,0,1,1,0,0,0,0,0,0,0,1,0,1,0,0,0,0,1,1,1,1,0,0,1,0,0
1,1,1,0,1,1,0,0,0,0,1,1,0,1,0,1,1,0,0,0,0,0,1,0,0,0,0,0,1,1,0,0,0,0
1,0,1,1,0,1,1,0,0,1,0,0,0,1,1,0,0,0,1,1,1,1,0,1,1,0,0,0,0,1,0,1,0,0
1,1,1,0,1,0,1,1,1,0,0,0,1,1,0,1,0,1,1,0,0,0,1,1,1,0,1,1,1,0,0,1,0,0
1,0,0,1,1,1,1,0,0,0,0,1,0,0,0,0,0,0,0,1,1,1,1,1,0,1,0,0,0,1,1,0,1,1
1,1,1,1,1,0,0,1,0,0,1,1,1,0,0,1,1,1,1,0,1,0,1,0,1,0,1,1,0,0,0,0,0,0
0,1,1,1,1,1,1,0,1,1,1,1,1,1,0,1,0,0,0,0,0,1,1,0,0,1,0,1,1,1,0,1,0,0
1,0,0,1,0,1,0,0,0,0,0,0,1,1,1,1,0,1,1,1,0,0,1,0,1,0,1,1,1,0,0,1,0,0
1,1,1,1,1,0,1,1,1,0,0,1,0,1,1,0,0,1,1,1,1,1,1,0,0,1,1,0,0,1,0,1,0,0
1,1,1,0,1,0,0,0,1,1,0,0,0,1,1,0,0,1,1,1,1,0,1,1,1,0,0,1,1,1,1,1,0,0
1,1,0,1,1,1,0,1,1,1,0,1,1,0,1,0,0,0,0,1,1,0,0,1,0,0,0,1,0,0,0,0,0,0
1,0,1,1,0,0,0,0,0,1,0,0,0,0,0,1,0,1,0,0,0,1,0,0,0,1,0,0,1,0,1,0,0,0
1,1,1,0,0,1,0,1,1,1,0,0,1,0,1,0,1,0,0,0,1,0,1,1,0,1,0,1,1,0,0,0,0,0
1,1,1,1,1,0,1,1,1,1,1,0,0,1,0,1,1,1,1,1,0,1,1,0,1,1,0,0,0,0,1,1,0,0
1,1,0,0,0,1,1,0,1,1,0,0,0,0,1,1,1,0,0,0,1,1,0,0,0,1,1,0,0,1,1,1,0,0
1,0,1,0,0,0,1,1,1,1,1,0,1,0,0,1,0,0,1,1,1,0,0,0,1,0,1,0,1,1,1,1,0,0
1,1,1,1,1,1,0,1,0,0,0,1,1,1,1,0,0,0,1,1,0,0,0,0,1,0,0,1,0,0,1,1,0,0
0,1,0,1,1,0,0,0,1,1,1,1,1,1,0,0,0,1,0,0,0,1,0,0,1,1,1,1,0,1,0,1,0,0
1,1,0,1,0,1,0,1,1,1,1,1,1,0,0,1,1,0,0,1,1,1,0,1,1,0,1,0,1,1,1,0,0,0
0,1,1,0,0,1,1,0,1,0,1,1,1,0,1,1,0,0,0,1,0,1,0,1,0,0,0,0,1,0,1,0,0,0
0,1,1,0,1,1,0,1,1,1,1,0,0,0,0,1,0,0,0,1,0,0,0,0,0,1,1,1,1,1,1,1,1,1
1,1,1,1,1,0,0,0,0,1,1,0,0,0,1,1,0,0,0,1,1,1,0,0,1,1,1,1,1,0,0,0,1,1
1,1,1,1,1,1,0,0,1,1,0,1,0,1,0,1,0,1,1,1,0,0,1,1,0,0,0,1,1,0,1,1,0,0
1,0,1,1,0,1,0,1,1,0,1,1,1,0,0,0,0,0,0,0,0,0,1,0,1,1,0,0,1,0,1,0,1,1
1,1,1,0,1,0,0,1,0,0,0,0,0,1,0,1,0,0,1,1,1,1,0,0,1,0,1,0,0,1,1,0,0,0
1,1,1,1,1,1,1,0,1,0,0,0,0,0,0,1,1,1,0,0,0,0,0,1,0,0,0,1,1,1,0,1,0,0
1,1,1,1,0,0,1,1,0,0,1,1,1,1,0,1,0,0,1,1,0,0,0,0,1,0,0,1,1,0,1,0,0,0
1,0,1,0,1,1,1,0,0,1,0,0,1,0,1,1,0,1,1,1,0,1,0,0,1,1,1,1,1,0,1,0,0,0
0,0,0,1,1,0,1,0,0,0,0,0,1,0,0,0,0,0,0,0,1,1,1,1,0,0,0,0,1,0,1,1,0,0
1,1,1,1,0,1,1,0,0,1,1,1,0,1,0,0,1,0,1,1,0,1,1,1,1,1,0,1,0,1,0,0,0,0
1,0,0,1,0,0,1,1,0,0,0,1,0,1,0,0,1,0,0,0,1,0,1,0,0,1,1,1,0,1,0,1,0,0
1,1,0,1,1,0,0,0,1,1,0,1,1,1,1,0,0,1,1,0,1,1,0,1,1,0,0,0,0,0,1,0,0,0
1,1,1,0,1,1,1,0,0,1,1,1,0,1,1,1,1,1,1,0,0,0,0,0,1,0,0,0,1,0,0,1,0,0
1,0,1,0,0,1,1,1,0,0,1,1,1,1,1,1,0,0,1,0,0,1,1,1,1,0,1,1,0,0,1,0,0,0
0,1,1,1,1,1,1,1,0,0,0,1,1,1,1,0,0,0,1,1,1,1,1,0,0,1,0,1,1,1,1,1,0,0
1,0,1,0,0,1,0,0,1,1,1,0,0,0,1,0,0,0,1,0,0,1,1,1,0,0,1,1,0,0,1,1,0,0
0,1,0,1,1,1,1,0,0,1,0,1,1,1,1,0,0,0,1,1,1,0,1,0,0,0,1,1,0,0,0,0,0,0
1,1,1,0,1,0,1,0,1,1,0,1,1,1,0,1,1,1,0,0,1,0,0,1,1,1,0,1,1,1,1,1,0,0
0,1,0,1,1,0,1,0,1,0,0,0,0,1,0,1,0,0,0,0,0,1,0,0,1,0,0,0,0,1,0,1,1,1
1,0,0,0,0,0,1,1,1,0,1,0,0,1,1,1,0,1,0,1,0,0,1,0,0,0,1,0,1,0,1,0,0,0
1,1,1,1,1,1,0,1,1,1,0,0,1,1,1,0,0,1,1,1,1,0,0,0,0,1,0,0,1,0,0,1,0,0
0,1,1,1,1,1,1,0,1,1,1,0,1,0,1,0,0,0,1,1,0,1,0,1,0,1,1,1,0,1,0,1,0,0
0,0,1,1,0,1,1,0,1,1,0,0,0,1,1,0,0,0,1,0,0,0,1,1,0,0,1,0,1,1,0,0,1,1
1,1,1,0,1,0,1,0,0,1,1,1,1,0,0,1,1,1,0,1,0,1,0,1,0,1,1,0,1,1,1,0,0,0
1,0,1,0,1,0,0,0,1,0,0,0,0,0,0,1,0,1,1,0,1,1,0,0,1,1,0,0,0,1,0,0,0,0
1,0,1,1,0,0,0,1,1,1,1,0,1,0,0,0,0,1,0,1,0,0,1,1,0,0,0,1,1,0,1,0,0,0
1,1,0,0,1,1,0,0,0,1,0,0,1,0,0,0,0,1,0,0,1,1,0,0,0,0,1,1,0,0,1,0,0,0
1,0,1,0,0,1,0,1,1,1,0,0,0,1,0,0,1,0,0,0,0,1,0,0,1,0,1,1,0,1,1,0,0,0
0,1,1,0,1,1,1,0,0,0,1,1,0,0,0,1,0,0,0,0,0,0,1,0,1,1,1,0,1,0,1,1,1,1
0,1,1,1,1,0,0,1,0,0,0,0,0,1,1,0,0,1,0,0,0,1,1,1,0,1,1,0,1,1,0,0,0,0
1,1,1,1,1,1,1,0,0,1,0,0,1,1,0,0,0,0,1,0,0,0,1,1,0,0,1,1,0,1,1,0,1,1
0,1,1,1,1,1,1,0,1,0,1,1,0,0,0,1,0,1,0,1,0,0,1,0,1,0,1,0,0,0,1,0,0,0
1,1,0,1,0,1,1,0,1,1,0,0,0,0,0,0,0,0,0,1,1,0,1,0,0,0,0,0,1,0,0,0,1,1
0,0,1,1,1,0,0,1,0,0,0,0,1,1,0,1,0,0,1,0,0,0,0,0,0,0,1,1,1,1,0,1,0,0
1,1,1,1,1,0,1,0,1,0,1,1,1,1,0,1,1,0,0,1,1,0,1,1,1,1,1,1,1,1,0,0,0,0
1,1,1,1,0,0,0,0,1,0,0,0,0,1,0,1,0,0,0,1,0,1,0,1,0,0,1,0,1,0,1,1,1,1
0,1,0,0,0,0,1,0,1,1,0,1,1,0,0,1,0,0,1,0,1,1,0,0,0,0,1,0,1,0,1,0,0,0
1,1,1,0,0,1,0,1,1,1,1,1,1,0,1,0,1,1,0,1,0,0,1,1,0,1,0,0,1,1,0,1,0,0
1,0,0,0,0,0,1,1,1,0,1,1,0,0,1,1,0,0,0,0,1,1,0,0,0,1,1,0,0,0,1,0,1,1
0,1,0,0,1,1,1,1,0,1,0,1,0,1,1,0,0,1,0,0,1,0,0,1,1,0,0,0,0,1,0,0,0,0
1,1,0,1,0,1,1,0,0,0,1,1,0,0,0,1,0,0,0,1,0,0,0,0,1,1,1,0,1,1,1,1,1,1
0,1,1,0,0,1,0,1,1,1,0,1,0,0,0,0,0,1,0,0,1,0,1,0,0,1,1,1,0,0,1,0,0,0
1,1,0,0,0,1,0,1,0,1,0,0,1,1,0,0,1,0,1,0,1,0,1,1,1,1,1,1,1,0,1,1,0,0
1,0,0,1,1,1,0,0,1,0,0,0,0,1,0,0,0,0,1,0,1,1,0,0,0,1,0,0,1,1,0,0,1,1
1,1,1,1,1,0,0,0,1,1,1,0,1,0,1,1,0,0,0,0,1,0,0,0,1,0,1,0,0,1,0,1,0,0
1,0,0,1,1,0,1,1,1,0,1,0,1,1,1,0,0,1,1,1,1,1,0,0,0,1,0,1,0,0,0,0,0,0
1,0,0,1,1,0,1,1,0,0,1,1,1,1,0,0,0,1,0,1,0,0,1,0,1,1,0,0,1,0,0,1,0,0
1,0,0,0,0,1,1,0,1,0,0,0,0,1,0,0,0,0,1,0,0,1,0,1,1,0,0,0,1,1,0,1,1,1
1,0,0,1,1,1,1,0,0,1,1,1,1,1,1,0,0,1,1,1,1,1,0,0,0,1,1,0,1,0,1,0,0,0
1,0,0,0,1,1,1,1,0,0,1,0,0,0,0,0,0,0,0,1,0,0,0,1,1,0,1,1,0,0,0,1,1,1
0,1,1,1,1,0,0,1,1,0,1,1,0,0,1,0,0,0,1,1,0,1,1,1,1,1,1,0,0,1,0,0,0,0
1,1,0,1,0,1,1,0,1,1,1,1,0,1,1,1,0,1,0,1,0,1,0,1,0,0,1,1,0,0,1,1,0,0
1,0,1,0,0,0,0,1,0,1,1,0,1,0,1,1,1,0,0,0,0,0,1,0,1,1,1,1,0,0,0,1,0,0
1,0,0,0,0,0,0,1,0,0,0,0,0,0,1,0,0,1,1,1,1,0,1,1,1,0,1,1,1,1,0,1,0,0
1,1,1,0,0,1,0,1,0,0,1,1,0,1,1,0,0,0,1,1,1,0,1,1,1,0,0,1,0,0,1,1,0,0
0,1,0,1,1,1,1,0,1,1,1,0,0,0,1,1,0,0,1,0,1,1,0,0,1,1,0,1,1,0,0,0,0,0
0,1,1,1,1,1,1,1,0,1,1,0,1,0,0,1,0,1,1,0,0,0,1,0,0,0,0,1,1,0,1,0,0,0
0,0,1,0,1,1,1,1,0,1,0,1,1,1,0,0,0,0,1,0,0,0,0,0,0,1,0,1,1,1,1,1,1,1
1,1,0,0,0,0,1,1,0,0,1,1,1,0,1,1,0,0,0,1,0,0,0,0,0,1,1,1,0,0,0,0,1,1
1,1,0,0,0,0,1,1,1,0,0,1,0,1,1,0,1,0,0,1,0,1,1,1,0,0,0,0,0,0,1,1,0,0
1,0,1,1,0,1,0,0,0,0,0,1,1,0,1,1,0,0,0,1,1,1,1,0,1,1,1,0,1,0,1,1,1,1
1,1,1,1,1,1,0,0,1,1,1,0,0,1,1,0,1,0,0,0,1,1,1,0,0,1,0,0,0,1,0,1,0,0
1,0,0,1,1,1,1,0,1,0,1,1,1,0,1,1,0,0,1,0,1,1,0,0,0,0,1,1,0,0,0,1,0,0
0,1,1,1,0,0,0,1,0,0,0,1,1,1,1,1,0,1,0,1,0,1,1,0,1,0,0,1,1,0,0,0,0,0
1,0,1,0,0,1,1,1,1,0,0,0,1,1,0,1,0,0,1,0,1,0,1,0,0,0,0,1,1,1,1,1,1,1
1,1,0,1,0,1,0,0,0,0,0,0,0,1,1,0,0,1,0,1,0,0,1,1,1,0,1,1,1,0,0,0,0,0
1,1,0,1,1,0,0,0,1,0,1,0,0,1,1,0,1,0,0,0,1,0,1,0,1,0,1,0,1,0,0,1,0,0
1,0,0,0,0,1,0,1,1,0,0,1,0,1,0,1,0,1,0,1,1,1,0,1,0,0,1,0,0,1,0,0,0,0
0,1,1,1,0,0,1,1,0,1,0,0,1,0,0,0,0,0,1,0,1,0,0,0,1,0,0,0,1,1,0,0,1,1
1,0,0,0,1,1,0,1,1,1,1,1,0,0,1,0,0,0,0,0,1,0,0,1,1,0,0,1,1,0,1,0,0,0
1,0,0,0,0,0,1,1,1,0,0,0,1,0,1,1,0,0,0,0,0,0,1,1,0,1,1,0,0,1,0,0,1,1
1,1,1,0,0,0,0,1,1,0,1,1,1,1,1,0,1,0,0,0,0,1,0,1,0,0,0,0,1,0,1,1,0,0
0,1,0,1,1,1,0,1,0,1,0,0,0,0,0,1,0,0,1,0,1,1,0,0,0,0,1,1,0,1,0,1,1,1
0,1,0,0,1,0,0,1,0,1,0,1,1,1,0,0,0,0,1,0,0,1,0,0,1,0,0,1,1,1,0,0,0,0
1,0,1,0,0,1,0,1,0,0,1,0,1,1,0,0,0,1,0,1,1,1,0,0,0,1,0,1,1,0,0,1,0,0
1,1,1,1,0,1,1,0,0,0,1,1,0,0,1,0,1,0,0,1,1,1,1,0,0,0,0,1,1,1,0,0,0,0
1,1,1,1,0,0,1,1,1,1,1,1,1,1,0,0,1,1,0,1,1,0,1,0,1,0,0,0,0,0,0,1,0,0
1,0,1,1,1,1,0,1,0,0,1,1,0,1,0,0,1,0,0,0,0,1,1,0,1,0,0,0,0,1,1,0,0,0
1,0,1,0,0,1,0,0,1,0,0,0,0,0,0,1,0,0,0,1,0,0,1,1,1,0,0,1,1,0,0,0,1,1
1,1,1,0,1,0,0,0,1,1,0,0,0,0,1,1,0,1,0,0,0,0,0,1,1,1,0,0,0,1,0,1,0,0
1,0,1,0,0,0,0,0,0,1,0,0,0,0,0,0,0,1,0,1,0,1,0,0,1,0,0,1,0,0,0,1,0,0
1,1,1,1,0,0,0,1,1,1,1,1,0,0,0,1,0,0,0,0,1,0,0,1,1,1,1,0,0,1,0,1,0,0
1,1,0,1,0,0,0,1,1,1,0,1,0,0,0,0,1,0,0,1,0,1,1,1,1,0,0,0,1,0,0,1,0,0
1,1,1,1,0,0,0,1,0,1,1,1,0,1,0,1,0,1,1,0,1,1,0,0,1,1,1,0,1,0,1,1,0,0
1,1,1,1,0,0,0,1,1,1,0,0,0,1,0,1,0,1,0,0,1,0,1,0,1,1,0,0,0,0,1,0,0,0
1,0,1,1,0,0,1,1,1,1,0,0,0,1,0,0,0,0,0,0,0,0,1,1,0,1,0,1,0,0,1,0,1,1
1,1,0,0,1,1,1,0,1,0,0,1,1,1,1,0,0,1,1,1,1,0,0,1,0,1,0,1,0,0,1,0,0,0
1,1,1,1,1,0,1,0,1,1,0,1,1,1,1,0,0,1,1,1,0,0,0,0,0,0,0,0,1,0,1,1,0,0
1,1,0,0,1,0,0,0,1,0,1,1,0,0,1,1,0,1,0,0,1,1,1,0,1,0,1,1,1,0,0,1,0,0
1,1,0,0,0,0,0,0,0,0,0,0,0,1,1,0,1,0,0,1,1,0,1,0,0,1,1,0,0,0,1,1,0,0
1,1,0,1,1,0,0,1,1,1,1,1,1,0,0,1,0,1,0,0,1,1,1,1,1,1,1,0,0,1,1,1,0,0
1,1,1,1,1,0,1,0,0,1,0,0,1,1,1,1,1,1,1,0,0,1,1,1,0,0,1,0,1,0,1,0,0,0
1,1,0,0,0,0,1,0,1,0,1,1,1,1,1,0,0,0,1,0,0,1,0,1,0,0,1,1,0,1,0,0,0,0
1,1,0,1,1,1,1,0,0,0,0,1,0,1,0,1,0,1,1,0,0,0,1,0,0,0,0,0,0,0,0,1,0,0
1,0,1,1,1,0,0,0,0,0,0,1,0,1,1,1,1,0,1,1,0,0,1,0,1,0,1,1,1,0,0,0,0,0
0,1,0,1,0,0,1,0,1,0,1,1,1,1,1,1,0,1,0,0,0,1,1,1,1,1,1,1,1,1,0,1,0,0
1,1,0,0,1,1,1,1,1,0,1,0,1,0,0,1,0,0,1,1,1,0,1,0,1,1,0,0,0,0,0,0,0,0
1,0,0,1,0,0,0,0,0,1,1,1,1,1,0,1,0,1,0,1,1,1,0,1,0,1,0,0,1,1,1,1,0,0
0,1,0,1,1,1,0,0,1,0,0,1,1,0,1,0,0,0,0,0,0,1,1,0,0,1,0,0,1,1,0,1,1,1
1,1,0,1,1,1,1,0,1,1,0,0,0,1,0,1,0,1,1,1,1,1,1,1,0,1,1,1,0,0,1,0,0,0
1,0,0,1,0,0,0,0,0,1,0,0,0,1,1,1,0,0,1,0,0,1,1,1,0,0,1,0,1,0,1,1,1,1
0,1,1,1,0,1,0,1,1,1,1,1,0,1,0,1,0,0,1,1,1,1,0,0,1,1,1,1,0,0,0,1,0,0
0,0,1,0,1,1,0,1,1,0,0,0,1,0,0,0,0,0,0,0,1,0,1,1,1,0,0,1,1,1,0,0,0,0
1,1,1,1,1,1,0,1,0,1,1,1,1,0,0,0,0,0,0,1,1,1,1,1,1,0,0,0,0,1,0,1,0,0
1,1,1,1,1,0,1,0,1,1,1,0,0,0,1,1,0,0,0,0,1,0,0,1,1,1,0,1,1,0,1,1,1,1
1,0,1,0,0,0,0,0,1,1,1,1,0,0,1,1,1,0,0,0,1,1,1,1,1,1,0,0,0,1,0,1,0,0
1,0,0,1,0,1,0,0,1,1,1,0,1,1,1,1,0,0,1,1,0,1,1,1,1,1,0,0,0,1,0,0,0,0
1,1,0,0,0,0,0,0,0,1,1,0,0,0,0,0,0,0,1,0,0,1,0,0,0,0,0,1,1,0,1,0,0,0
1,1,0,1,1,1,0,0,0,1,1,0,1,0,1,0,1,1,0,1,1,0,1,1,0,0,0,1,0,0,0,1,0,0
1,0,0,1,1,1,0,0,1,0,0,0,0,1,0,0,1,0,0,0,0,0,1,0,0,1,0,1,0,1,0,1,0,0
0,1,0,1,0,1,0,0,1,0,0,0,0,0,0,0,0,0,1,1,0,1,1,0,1,1,0,0,0,0,1,0,1,1
1,1,1,0,0,0,0,0,1,1,0,1,1,0,1,0,1,1,0,1,0,0,0,0,1,0,0,1,0,1,1,0,0,0
0,0,0,1,1,1,0,0,1,0,0,0,0,1,0,1,0,0,0,0,0,1,0,1,0,1,0,1,1,0,1,0,0,0
1,1,0,1,0,1,0,0,1,0,1,0,0,0,1,0,1,1,0,0,1,0,0,1,1,1,1,1,0,0,1,1,0,0
1,0,0,1,1,1,0,0,1,0,1,1,1,0,1,0,0,0,1,0,0,1,0,0,0,1,1,0,1,1,1,0,0,0
1,0,0,0,1,1,0,0,0,1,1,0,0,0,1,0,0,0,0,0,0,0,1,1,1,0,1,1,0,1,1,1,1,1
1,0,0,1,1,1,0,0,0,1,1,1,1,0,1,1,0,1,1,1,0,1,0,0,0,1,0,1,0,0,0,0,0,0
0,1,1,1,0,1,0,1,0,1,1,0,1,1,0,1,0,1,1,0,1,1,0,0,1,1,0,1,0,1,1,0,0,0
1,0,1,1,1,0,1,1,0,1,0,0,1,1,1,0,0,1,0,0,0,0,1,0,1,1,1,1,0,1,1,1,0,0
1,1,1,1,1,0,0,1,0,1,0,0,0,0,0,1,1,1,0,1,1,0,0,1,0,1,0,0,0,1,0,1,0,0
1,0,1,1,0,1,0,1,1,1,1,1,0,0,1,0,1,0,1,0,1,0,1,0,0,1,1,1,0,1,0,1,0,0
1,1,1,0,1,0,1,0,1,1,0,1,1,0,0,1,1,1,1,0,1,0,1,0,0,0,1,0,0,1,0,1,0,0
0,1,1,1,0,0,1,0,1,1,1,0,1,1,0,1,0,0,0,0,1,0,1,1,1,0,0,1,0,1,1,1,0,0
1,0,0,0,1,1,1,1,1,1,0,0,1,0,0,1,0,1,0,0,1,1,0,1,1,0,1,0,1,0,1,1,0,0
1,1,0,1,0,1,1,0,0,1,0,1,0,0,0,1,1,1,0,0,0,1,0,1,0,1,0,0,0,0,1,1,0,0
1,0,1,0,1,0,0,1,1,1,1,1,0,1,0,0,1,0,0,1,0,0,1,0,0,0,1,0,0,0,1,1,0,0
1,0,1,1,0,1,1,1,1,1,1,1,0,0,0,0,1,0,1,1,0,0,1,1,1,1,1,0,0,0,1,0,0,0
1,1,0,1,1,1,0,0,1,0,1,1,1,1,0,1,0,1,0,1,1,0,0,1,1,1,1,0,1,0,1,1,0,0
0,1,0,0,0,1,0,0,1,0,1,1,1,1,0,0,0,0,1,1,0,1,1,0,1,0,1,1,1,0,1,0,0,0
1,0,0,1,1,1,1,0,1,1,1,0,1,1,0,0,0,1,0,0,0,1,0,1,1,0,0,0,0,0,0,0,0,0
1,1,0,0,1,0,1,0,1,1,1,0,0,1,1,0,0,1,1,1,0,0,0,1,0,1,1,0,1,1,1,1,0,0
0,1,0,1,0,1,1,1,0,0,0,0,1,1,0,1,0,0,0,0,0,1,0,0,0,0,0,0,1,1,0,0,1,1
0,1,1,0,0,1,1,0,0,0,1,1,0,1,1,1,0,0,1,0,0,1,0,0,1,0,0,0,1,0,1,0,1,1
0,1,0,0,0,0,1,1,0,1,0,1,1,0,0,1,0,0,1,0,0,0,0,0,0,0,0,0,0,0,0,1,1,1
1,0,0,1,1,0,1,1,0,0,0,0,1,0,1,0,0,0,0,1,1,1,1,0,1,0,1,1,1,0,0,1,1,1
0,0,0,0,1,1,1,0,1,0,0,0,0,1,0,1,0,0,0,0,0,1,0,1,1,1,1,0,0,1,0,1,0,0
0,1,1,0,1,0,1,1,0,1,0,0,0,1,0,0,0,1,0,1,1,1,1,1,1,0,0,1,1,0,0,1,0,0
1,1,0,1,0,0,1,0,1,0,0,1,1,0,1,0,0,0,0,0,1,0,1,0,0,1,1,1,0,0,0,1,1,1
1,1,0,1,0,1,1,1,1,0,1,0,1,1,1,1,1,0,0,1,0,0,0,0,1,0,1,1,1,1,0,0,0,0
1,1,1,1,0,1,0,0,0,1,1,1,0,0,0,0,0,0,1,0,1,0,0,1,0,0,0,0,0,1,0,0,0,0
1,1,0,0,0,0,1,1,0,0,1,1,0,0,1,1,0,1,0,0,1,1,1,0,0,0,0,0,1,0,0,1,0,0
1,0,1,0,0,0,1,1,0,0,1,1,1,1,1,0,0,0,1,1,1,0,0,1,0,1,1,1,1,1,1,0,0,0
1,0,1,0,1,1,1,1,0,1,1,1,1,1,1,1,0,0,0,0,0,0,1,0,1,0,0,0,1,1,0,0,0,0
1,0,1,0,1,1,0,1,0,0,0,0,0,1,0,1,0,1,0,1,0,0,0,0,0,1,0,0,1,0,1,0,0,0
1,1,0,1,0,1,1,1,0,0,0,0,1,0,1,0,1,1,0,0,1,0,0,1,0,1,1,1,1,1,0,0,0,0
1,0,1,0,1,0,0,0,0,1,0,0,0,1,0,1,1,0,0,1,0,0,1,1,0,0,0,1,0,1,0,1,0,0
1,1,0,1,1,1,1,0,1,0,0,1,1,1,0,0,0,0,0,1,0,0,1,0,0,0,1,1,0,0,0,1,1,1
0,1,0,1,1,0,1,0,1,0,0,0,1,1,0,0,0,0,1,0,1,1,0,0,0,0,1,1,0,1,0,1,1,1
1,1,1,1,1,1,1,0,1,1,1,1,0,1,1,1,1,1,0,0,1,1,0,0,0,0,1,1,1,0,0,1,0,0
1,0,0,0,1,0,0,1,0,1,1,0,1,1,1,0,1,0,0,0,0,1,1,1,1,0,1,1,1,0,0,1,0,0
0,0,1,1,0,0,1,1,0,1,1,1,1,0,1,0,0,0,1,0,1,0,1,1,1,0,1,1,1,0,1,1,0,0
1,0,1,1,1,1,1,0,0,0,0,0,0,1,0,0,0,1,1,0,1,1,1,0,1,1,0,0,1,1,1,0,0,0
1,1,0,0,1,1,1,0,1,0,1,0,0,0,1,0,0,0,1,0,1,1,1,1,0,1,1,1,1,1,0,1,0,0
1,1,0,0,0,1,1,1,1,1,1,0,0,0,1,1,0,0,0,0,1,0,1,0,1,1,1,1,0,1,1,1,0,0
1,0,1,0,0,1,1,0,0,1,0,0,0,1,0,0,0,0,1,1,1,1,1,0,1,1,1,1,1,1,1,1,0,0
0,1,1,1,1,0,0,1,0,0,0,1,1,1,1,1,0,1,1,0,1,1,0,1,1,1,1,1,1,1,0,1,0,0
1,1,1,0,1,1,1,1,1,1,1,0,0,1,0,1,1,0,1,1,0,0,1,0,0,0,0,0,0,0,1,0,0,0
1,1,0,1,1,1,0,0,1,0,1,1,1,0,1,0,0,1,1,1,0,0,0,1,0,0,0,1,1,0,1,1,0,0
1,1,0,0,1,1,1,1,0,1,1,0,1,0,0,0,1,1,0,0,0,0,1,1,1,0,0,1,0,1,1,0,0,0
1,1,1,1,1,0,0,1,0,1,0,1,0,1,0,1,0,0,1,0,1,1,1,1,0,0,1,0,1,1,1,0,0,0
1,0,0,0,0,0,0,0,1,0,0,0,1,1,1,0,0,1,1,0,1,0,1,0,1,1,0,0,1,0,1,0,0,0
1,1,1,0,1,0,1,0,1,1,1,1,0,1,1,0,1,0,0,1,1,0,1,1,0,1,0,0,1,1,0,0,0,0
0,0,1,1,1,0,1,1,1,0,1,0,1,0,1,1,0,0,1,0,0,0,0,1,0,0,1,1,1,0,1,1,1,1
1,0,0,1,1,1,0,1,0,1,1,1,1,1,1,1,0,1,0,0,1,0,1,0,1,0,0,1,0,0,1,0,0,0
1,0,1,0,1,0,0,1,1,0,0,1,1,0,1,1,1,0,0,1,0,1,1,1,0,0,0,1,1,1,1,1,0,0
0,1,0,1,0,1,0,0,0,1,1,1,0,1,1,0,0,0,0,0,0,1,1,1,0,1,0,0,1,0,0,1,1,1
1,1,0,1,1,0,0,0,0,0,0,1,0,1,0,1,1,0,0,0,1,0,0,0,1,0,0,1,1,0,0,1,0,0
0,0,1,1,1,1,1,1,0,1,0,0,1,1,1,1,0,0,1,1,0,1,0,1,0,0,1,1,0,0,0,1,0,0
1,0,0,1,1,0,1,0,1,1,0,1,1,1,1,0,0,0,0,0,1,0,0,0,0,0,0,1,1,0,0,0,0,0
1,1,0,0,0,0,1,1,0,1,0,1,0,0,1,0,1,0,0,0,1,0,0,0,0,0,1,0,1,1,0,1,0,0
1,1,1,1,0,1,1,0,0,0,1,0,1,1,0,1,0,0,1,1,1,1,1,0,1,1,1,1,1,1,1,1,0,0
0,1,1,1,1,1,0,1,1,1,0,0,0,1,1,1,0,1,1,1,0,1,1,1,1,0,0,0,1,1,1,1,0,0
1,1,1,1,1,1,1,1,1,0,0,0,0,1,0,1,1,0,0,0,1,0,1,1,1,1,0,0,1,0,0,0,0,0
1,1,0,1,1,1,1,0,0,0,0,0,1,1,0,0,0,0,1,0,1,0,1,1,1,1,1,1,0,1,0,0,1,1
1,0,1,1,0,0,1,1,0,1,0,0,1,1,0,0,0,0,0,0,0,1,0,0,0,0,1,0,1,1,0,1,1,1
1,1,0,0,1,1,1,1,1,1,0,1,1,0,1,0,1,1,0,0,0,0,0,0,0,1,1,0,0,0,0,1,0,0
1,0,0,1,1,0,1,0,1,0,0,0,1,1,1,1,1,0,0,0,0,1,0,1,0,0,0,1,1,1,1,1,0,0
1,1,0,1,1,0,0,1,0,0,0,1,0,1,0,1,1,1,0,0,0,1,0,0,0,0,1,0,0,0,1,0,0,0
0,0,1,0,1,0,0,1,1,1,0,1,1,1,1,0,0,0,0,0,1,1,0,1,1,0,0,1,0,0,0,1,1,1
1,1,0,1,1,0,0,0,0,0,0,0,1,1,0,0,0,0,1,1,1,0,0,0,1,0,0,0,0,0,0,0,0,0
1,0,1,0,0,0,1,1,0,0,0,0,1,1,1,1,0,1,1,0,0,0,0,1,1,0,0,0,1,1,1,1,0,0
0,1,1,0,1,1,1,0,0,0,1,1,0,0,1,0,0,0,0,1,0,0,1,0,0,1,1,1,1,1,0,0,1,1
0,1,1,0,1,1,1,1,0,1,0,0,1,0,1,0,0,0,0,0,0,0,0,1,0,0,0,1,0,1,0,1,1,1
1,1,0,1,0,0,0,1,0,1,1,1,1,1,0,0,1,0,1,1,0,0,0,0,1,1,1,1,0,1,0,1,0,0
1,0,0,0,0,0,0,0,0,0,1,0,0,1,1,1,0,1,0,0,0,1,1,0,1,1,1,0,1,1,0,1,0,0
0,1,1,1,1,0,0,0,1,0,1,1,1,1,0,1,0,0,1,0,1,1,1,1,0,0,1,1,0,0,0,0,0,0
1,1,1,0,1,0,1,1,1,0,0,0,0,0,0,0,0,0,0,0,1,0,0,1,0,1,1,1,1,0,1,1,1,1
1,1,1,1,1,0,1,1,1,0,1,0,1,0,0,0,1,1,0,0,0,0,0,1,0,0,1,1,1,0,1,0,0,0
1,1,1,1,0,0,0,1,1,1,0,1,1,0,1,0,0,0,0,1,0,1,0,0,0,1,1,1,1,0,1,0,1,1
0,1,1,1,1,0,1,0,1,0,1,1,0,1,1,0,0,1,0,0,0,1,1,1,1,0,1,0,1,1,0,0,0,0
1,0,0,1,0,0,0,0,1,0,0,1,1,1,1,0,0,1,1,1,1,0,0,0,0,0,0,0,0,0,0,1,0,0
1,1,0,1,1,0,1,0,1,1,1,1,1,0,0,0,1,1,0,0,0,1,0,0,1,1,1,0,0,1,1,0,0,0
1,1,0,0,0,1,1,0,0,1,0,0,1,1,1,0,0,0,1,1,1,1,0,0,1,0,0,0,0,1,1,1,0,0
1,1,1,0,0,1,1,0,1,0,0,0,1,1,1,1,1,1,0,1,0,1,1,1,0,0,0,1,1,1,1,1,0,0
1,1,1,0,0,1,0,1,1,1,1,0,1,1,0,1,1,1,0,1,1,1,0,1,1,1,0,1,1,1,0,1,0,0
0,1,1,0,0,1,1,0,1,0,0,0,0,1,0,0,0,0,0,0,1,0,1,0,1,0,0,1,1,0,0,0,1,1
1,1,0,0,1,0,1,0,1,1,1,1,0,1,0,1,0,0,1,0,0,1,0,0,1,0,1,1,0,1,1,0,0,0
1,0,1,1,1,1,1,0,0,1,0,1,0,1,0,1,0,1,0,1,0,1,0,0,1,0,0,1,1,1,0,0,0,0
1,1,1,0,0,0,1,1,0,0,1,0,1,1,1,0,1,0,0,1,1,0,0,1,1,0,0,0,1,1,1,1,0,0
1,1,1,0,0,0,0,0,1,1,1,0,0,0,1,1,1,0,0,1,0,0,0,0,1,1,0,1,0,0,0,0,0,0
1,0,1,0,0,1,0,0,1,1,1,1,0,1,0,0,1,0,0,1,1,0,1,0,0,1,1,0,1,1,0,0,0,0
0,1,1,0,1,1,1,1,0,1,1,0,0,1,0,1,0,0,1,1,1,1,0,1,0,0,1,0,0,0,0,1,0,0
1,0,1,0,0,1,0,1,1,1,1,1,0,1,1,1,0,0,0,1,1,1,1,0,1,1,0,0,0,1,1,1,0,0
1,1,0,1,0,1,0,0,0,0,1,0,1,0,0,1,1,0,1,1,0,0,1,1,1,1,1,1,0,0,0,0,0,0
1,1,1,1,0,1,0,1,0,0,1,0,1,1,0,1,0,1,1,0,1,0,1,0,1,0,0,0,1,0,1,0,0,0
1,0,0,0,0,0,0,0,1,1,1,0,0,0,0,1,0,1,1,0,1,0,0,0,1,0,0,0,0,0,1,0,0,0
1,0,1,0,0,1,0,0,0,0,1,1,0,0,0,0,0,0,1,0,1,1,0,1,0,0,1,0,0,1,1,1,1,1
0,0,1,0,0,0,1,0,1,0,0,1,0,1,1,0,0,0,0,0,1,0,1,1,0,0,0,0,1,0,0,1,0,0
1,1,0,0,1,0,0,0,1,1,0,1,1,1,1,1,0,0,1,0,1,1,1,1,0,1,1,1,0,1,1,1,0,0
1,1,1,0,0,0,0,0,1,0,1,0,1,0,1,0,1,0,0,0,1,0,0,0,1,1,1,0,0,0,1,0,0,0
1,0,1,1,1,1,0,1,0,1,0,0,1,1,1,1,0,0,1,1,0,0,1,1,1,1,0,0,0,0,0,1,0,0
1,1,1,0,1,0,0,1,1,1,1,0,0,0,1,1,1,0,0,1,1,0,1,0,0,0,0,0,1,1,0,1,0,0
1,1,1,1,0,1,0,0,1,0,0,1,0,1,0,0,0,0,0,0,0,0,1,1,0,0,1,0,0,1,0,1,1,1
1,1,1,1,1,0,1,0,1,0,1,1,1,0,0,0,0,0,1,1,1,1,1,1,1,1,0,0,0,0,0,1,0,0
0,0,0,1,0,0,1,1,0,1,0,0,1,0,0,1,0,0,0,0,0,0,0,1,0,0,1,0,0,1,0,1,0,0
1,1,0,0,0,0,0,0,1,1,1,0,1,1,1,1,0,1,1,1,0,1,0,0,1,1,1,1,0,0,1,0,0,0
1,0,1,0,0,1,0,1,1,0,1,1,0,0,1,1,1,0,0,1,0,0,1,1,1,0,1,1,1,1,0,0,0,0
1,1,0,1,1,1,1,0,0,0,1,0,1,1,1,1,0,0,0,1,0,0,1,1,1,0,0,0,1,0,1,0,0,0
1,1,1,1,0,0,0,0,0,1,0,0,0,0,0,1,0,1,0,0,0,1,0,0,0,0,1,1,0,0,1,0,0,0
1,1,0,0,1,1,1,0,1,1,1,1,1,1,1,1,0,0,0,0,0,0,0,1,0,1,1,0,0,0,1,0,0,0
1,1,0,0,1,1,0,1,1,1,1,0,0,1,1,0,0,0,0,1,1,1,0,0,1,1,1,0,1,0,0,1,0,0
1,1,1,1,1,0,1,0,0,1,1,0,1,1,0,1,1,1,1,0,1,0,0,0,0,1,1,1,1,1,1,1,0,0
1,0,1,0,0,0,0,1,0,1,0,1,0,0,1,1,0,0,1,1,1,0,0,0,1,1,0,0,0,0,0,1,0,0
0,1,0,0,0,0,1,0,0,0,1,0,1,1,0,0,0,0,0,1,0,0,0,1,1,1,1,0,0,0,1,1,1,1
1,0,0,1,0,1,0,0,0,0,1,1,0,0,1,0,0,0,1,1,1,0,1,0,0,0,1,0,1,0,0,1,0,0
1,0,1,1,0,1,1,0,1,1,1,0,1,0,1,1,1,0,0,1,0,1,1,0,0,1,1,1,0,1,1,0,0,0
1,1,0,0,0,1,1,1,1,0,1,1,0,0,1,1,0,1,0,0,0,1,0,1,1,1,1,0,0,0,0,1,0,0
0,1,0,1,1,0,0,0,0,0,1,0,0,1,0,1,0,1,0,1,0,0,1,0,1,1,0,1,0,0,1,1,0,0
1,1,1,0,0,1,1,1,1,1,1,0,0,0,1,0,0,1,1,1,1,1,0,0,0,1,1,0,1,0,0,0,0,0
1,0,1,0,0,1,1,1,1,0,1,1,1,0,0,0,0,0,0,1,0,0,0,1,1,0,0,0,0,1,1,1,1,1
1,1,1,0,0,1,0,1,0,1,0,1,1,1,0,0,0,0,0,1,1,0,0,1,1,0,1,0,0,1,1,0,0,0
1,0,1,1,1,1,0,1,0,1,0,1,1,0,1,1,0,1,1,0,1,1,0,1,1,0,1,0,0,1,0,1,0,0
1,1,1,1,1,0,0,1,0,0,0,1,1,1,1,1,1,1,0,1,0,0,1,1,1,1,0,0,1,1,0,0,0,0
1,0,0,0,1,0,0,1,0,0,1,0,0,1,0,1,0,1,1,0,0,1,1,0,1,0,1,1,1,0,1,0,0,0
1,1,1,0,0,1,0,1,0,0,1,0,0,0,1,1,0,0,0,0,0,1,0,0,1,0,1,1,1,0,1,1,1,1
1,0,0,1,0,1,1,1,1,0,1,0,1,1,0,0,0,0,1,1,0,0,1,1,1,0,0,1,0,0,1,1,0,0
1,1,1,0,0,1,1,0,0,1,1,0,1,1,1,0,1,0,1,1,1,0,0,1,1,1,0,1,0,1,1,0,0,0
0,0,1,1,1,1,1,0,1,1,0,0,0,0,0,0,0,0,1,1,1,1,0,1,1,1,1,1,0,0,1,1,0,0
0,1,0,0,0,1,1,0,1,0,0,0,1,1,0,0,0,0,0,1,0,1,0,0,1,0,0,1,0,1,0,0,1,1
1,1,1,0,0,0,1,0,0,1,1,1,1,1,0,0,1,0,1,0,0,1,1,1,0,0,1,0,0,0,1,1,0,0
1,1,0,0,1,0,0,0,0,0,0,0,1,1,0,0,0,1,0,0,0,1,0,1,1,0,1,0,0,0,0,1,0,0
1,1,1,0,0,0,0,1,1,1,0,0,1,1,0,0,1,0,0,1,0,1,0,1,0,0,0,1,0,1,1,0,0,0
1,1,0,0,1,1,1,0,1,0,0,1,1,1,0,1,0,1,1,1,0,1,1,0,1,1,0,0,1,1,0,0,0,0
1,0,1,1,1,1,1,0,0,1,1,1,0,1,1,0,0,1,1,1,1,0,1,0,0,0,0,0,0,0,1,0,0,0
1,1,1,0,1,0,0,1,0,1,1,1,1,1,1,1,0,1,1,0,0,0,1,1,1,0,0,1,0,0,1,0,0,0
1,0,0,1,0,0,1,1,0,1,1,0,0,0,1,1,1,0,0,0,0,0,1,0,0,1,0,0,0,1,0,0,0,0
0,1,1,1,1,1,0,1,1,1,0,0,1,1,1,0,0,0,0,0,0,1,0,1,1,0,0,0,0,1,0,1,1,1
1,1,1,0,1,1,1,0,0,1,0,1,1,0,1,0,1,1,0,0,1,1,0,0,0,1,0,1,1,0,0,0,0,0
1,1,0,0,1,1,1,0,0,0,0,1,0,0,0,1,1,0,1,0,1,1,1,1,0,0,0,1,1,1,1,1,0,0
1,0,0,1,1,0,0,1,1,0,1,1,1,0,1,0,0,1,0,0,1,0,1,0,1,0,0,1,1,1,0,1,0,0
1,1,1,1,1,0,0,1,0,1,1,1,1,0,0,1,0,1,0,1,0,0,0,1,1,1,0,0,1,0,0,0,0,0
1,0,1,0,1,1,0,0,1,0,0,1,1,0,0,1,0,1,1,1,1,1,0,1,1,0,0,1,1,1,1,0,0,0
1,1,0,1,1,1,0,0,0,1,1,1,1,0,0,0,0,0,0,1,0,1,1,0,1,0,0,0,0,1,1,0,0,0
1,1,1,1,1,0,0,1,1,1,0,0,1,0,1,0,1,0,1,0,0,0,1,1,1,0,1,1,1,0,1,0,0,0
1,0,1,0,1,0,0,0,1,1,0,1,0,1,0,1,0,0,1,0,1,0,1,0,0,0,0,1,0,0,0,0,0,0
1,0,1,0,0,0,1,1,0,0,1,1,1,0,1,0,0,0,1,0,0,0,0,0,1,0,1,0,0,1,1,0,0,0
0,0,1,0,1,1,1,0,1,0,0,0,0,0,0,1,0,0,0,1,1,0,1,0,1,1,0,0,1,1,1,1,0,0
1,1,1,1,0,0,0,1,1,0,1,1,1,1,1,0,1,1,1,0,1,1,0,0,0,0,1,0,0,1,0,0,0,0
0,0,0,0,1,0,0,0,0,0,0,1,1,1,1,1,0,0,0,0,0,1,0,0,0,1,0,1,1,0,0,1,0,0
1,1,0,1,0,0,0,0,0,1,0,1,1,1,0,0,0,1,0,0,0,0,0,0,1,0,0,1,1,0,1,1,0,0
0,1,0,0,1,0,0,0,0,0,0,0,0,0,1,0,0,0,0,0,1,0,0,0,0,1,0,1,0,0,1,0,0,0
1,0,0,1,1,0,0,0,0,0,1,0,0,0,1,0,0,0,1,1,1,0,0,1,0,1,0,1,1,1,0,0,0,0
1,1,1,0,1,0,0,1,1,0,1,0,0,1,0,1,1,0,1,1,0,1,0,1,0,1,1,1,0,1,1,0,0,0
1,1,0,1,0,0,0,0,1,1,0,1,1,1,1,1,0,1,0,0,1,1,0,1,1,1,0,0,0,1,1,1,0,0
0,1,0,1,1,0,0,0,0,1,0,1,1,0,0,1,0,0,1,1,0,1,1,1,1,1,1,0,1,1,1,1,0,0
0,1,0,1,1,1,0,0,0,1,0,0,1,1,1,0,0,0,1,1,0,1,0,1,0,1,1,1,1,1,0,1,0,0
1,1,0,1,0,1,1,1,1,0,0,0,0,0,0,0,0,1,0,0,1,1,1,1,0,1,1,0,0,0,0,0,0,0
1,1,0,1,1,1,1,1,1,0,1,0,0,0,0,0,0,0,1,0,0,0,0,1,1,1,1,0,0,0,0,1,1,1
1,1,1,1,0,0,1,0,0,1,0,1,0,0,1,1,0,0,1,1,0,1,0,0,0,0,1,0,0,1,0,1,0,0
1,1,0,1,1,0,0,1,1,1,0,0,0,1,0,1,0,1,0,0,0,1,1,1,0,0,0,1,1,1,1,1,0,0
1,0,0,1,0,1,0,0,1,0,1,0,1,1,1,1,0,1,0,0,1,1,0,1,1,0,1,1,0,1,0,1,0,0
1,0,1,1,1,1,1,1,1,0,1,0,1,1,0,0,0,1,1,1,1,0,0,1,0,1,0,1,1,1,1,1,0,0
1,1,0,1,0,1,1,0,0,0,0,1,0,0,0,1,0,0,0,0,0,1,1,0,0,0,1,0,1,1,1,0,1,1
1,0,1,0,0,0,0,0,1,0,0,0,0,1,1,1,0,0,0,1,1,0,1,0,0,0,0,1,0,1,1,1,1,1
1,1,0,0,0,1,1,0,0,1,1,0,1,0,1,1,0,0,1,0,0,1,0,1,0,0,0,0,0,1,0,1,0,0
1,1,1,0,0,0,1,0,0,0,1,1,1,0,1,0,0,0,0,0,0,0,1,0,1,0,0,1,1,1,0,0,1,3
0,0,0,1,0,1,0,0,0,0,0,1,1,1,1,1,0,0,0,0,1,0,0,0,0,1,1,0,1,1,0,1,0,0
0,1,0,1,1,1,1,0,0,1,0,1,1,1,0,0,0,0,1,0,1,0,0,0,0,1,0,1,0,1,0,1,0,0
1,1,1,0,1,0,1,0,1,0,0,0,0,0,0,0,0,1,0,1,1,0,0,0,0,1,1,1,0,0,1,0,0,0
1,1,0,0,1,1,0,0,1,0,1,0,0,0,0,1,0,0,0,1,0,1,1,1,1,0,1,1,1,1,0,1,1,1
1,1,0,1,1,1,0,0,0,0,0,0,1,1,0,0,1,0,1,1,1,0,0,1,1,0,0,0,1,0,0,0,0,0
0,0,1,0,1,0,0,1,1,0,1,0,1,0,0,0,0,0,0,0,1,0,0,1,0,0,0,0,1,1,0,1,0,0
1,1,1,0,1,0,0,1,1,1,0,0,1,1,0,1,0,1,1,0,1,0,1,0,1,1,0,1,0,0,1,1,0,0
0,1,1,1,0,1,0,0,0,0,0,1,0,0,0,1,0,1,0,0,0,0,1,0,0,0,1,0,0,1,1,1,0,0
1,0,0,1,1,0,1,1,1,1,0,0,0,0,1,1,0,0,1,1,1,1,0,1,1,0,1,1,0,0,0,0,0,0
1,1,1,1,0,0,0,0,1,0,1,0,0,1,1,0,0,1,1,0,1,1,1,0,1,1,1,0,1,0,1,0,0,0
0,0,0,0,1,0,1,0,0,1,0,1,0,1,1,0,0,0,0,0,0,1,1,0,0,0,1,1,0,1,0,0,0,0
0,1,1,0,0,1,0,1,1,0,1,0,0,1,1,1,0,0,1,1,0,1,1,1,1,0,1,0,0,0,0,0,0,0
0,1,0,0,0,1,0,1,0,1,0,1,0,1,1,0,0,0,1,0,1,0,0,0,0,1,0,1,1,0,1,0,1,1
0,1,1,1,1,1,1,0,0,0,0,0,1,0,0,1,0,0,1,0,1,1,1,0,1,0,1,1,1,0,0,1,1,1
1,1,0,0,1,1,0,1,1,0,1,1,1,1,1,1,0,1,1,0,1,1,1,1,1,0,0,0,1,0,0,0,0,0
1,1,1,0,1,0,0,1,1,1,0,0,0,1,1,0,0,1,1,0,1,1,0,0,0,0,1,0,1,0,1,1,0,0
0,0,1,1,1,0,0,0,1,1,1,0,1,1,0,1,0,0,0,0,1,0,1,1,1,1,1,1,1,0,0,0,0,0
0,1,0,1,0,1,1,1,0,1,0,1,1,0,0,1,0,0,1,0,1,1,0,1,1,1,0,0,1,0,1,0,0,0
0,1,1,1,1,1,0,1,1,1,0,1,0,0,0,1,0,1,1,0,1,1,0,0,0,0,1,0,0,0,0,0,0,0
0,1,1,0,0,1,0,0,1,1,1,0,1,0,0,0,0,0,0,1,0,0,1,0,0,0,1,1,0,0,1,1,0,0
1,1,1,1,0,1,0,0,1,0,1,1,0,1,1,0,1,1,0,1,1,0,1,0,1,0,0,1,1,1,1,1,0,0
1,1,0,0,1,1,0,0,1,0,1,0,0,0,0,0,1,0,1,1,0,0,1,0,1,0,0,0,1,1,1,1,0,0
1,1,1,0,1,1,1,0,0,0,0,1,1,0,0,0,1,1,1,0,0,1,1,1,1,0,1,0,0,1,1,0,0,0
1,0,1,0,0,0,0,0,1,1,1,0,0,1,1,1,0,0,0,0,0,0,1,0,0,0,0,1,0,1,1,1,0,0
1,1,0,0,0,0,1,1,1,1,1,0,0,1,0,1,0,0,1,1,0,0,1,1,1,1,0,1,0,0,0,0,0,0
0,0,1,1,1,0,0,1,1,1,0,0,0,0,1,0,0,0,1,0,1,1,1,0,1,0,0,1,0,0,1,0,1,1
1,1,0,0,0,1,1,1,1,0,0,1,1,1,0,1,0,0,0,0,1,0,0,1,1,0,0,1,0,0,1,1,1,1
1,0,1,1,1,1,0,0,1,1,1,1,1,1,0,1,0,1,1,1,1,1,1,0,0,1,0,1,0,0,1,1,0,0
0,1,1,0,1,1,0,0,1,0,1,0,0,1,0,0,0,0,0,1,0,0,1,0,1,1,0,1,1,0,1,1,1,1
0,1,1,1,1,0,1,1,0,0,0,1,0,1,0,1,0,1,0,0,0,1,0,1,0,1,1,1,0,1,1,1,0,0
1,0,1,0,1,1,1,0,1,0,0,0,1,0,0,1,0,0,0,0,0,0,1,1,1,0,1,0,1,1,0,1,1,1
1,1,1,0,1,0,1,1,1,0,1,0,1,0,0,0,1,0,0,1,1,1,0,1,1,1,0,0,1,0,1,0,0,0
1,1,1,1,1,1,0,0,1,0,0,1,0,0,0,0,0,1,0,1,0,0,0,0,0,0,0,1,1,1,0,1,0,0
1,1,1,1,0,0,1,0,0,0,1,0,0,0,1,1,0,1,1,1,0,0,1,1,0,1,1,0,1,0,0,1,0,0
0,1,0,1,1,1,1,0,0,1,1,0,1,0,1,0,0,0,0,0,0,0,0,1,1,0,1,1,0,0,0,1,1,1
0,1,0,1,0,0,0,0,0,1,1,1,1,0,0,1,0,0,1,1,1,0,1,0,1,1,1,0,0,1,0,0,0,0
1,0,1,1,0,1,0,1,0,0,0,0,1,0,0,0,0,1,0,0,0,1,0,1,1,1,0,1,1,1,0,0,0,0
0,1,1,1,0,1,1,1,0,1,1,0,0,0,0,1,0,1,0,0,1,0,0,0,1,0,1,1,0,0,1,0,0,0
1,0,1,0,1,1,1,0,1,1,1,1,0,0,0,1,0,1,0,1,0,1,0,0,0,1,0,0,1,1,1,1,0,0
1,0,1,0,1,1,0,0,0,0,1,0,0,0,0,0,0,0,1,0,0,0,0,0,0,1,0,1,1,0,0,0,1,1
1,1,0,1,0,0,0,1,1,0,1,1,1,0,1,1,1,0,1,0,0,0,0,0,0,1,0,1,1,1,0,1,0,0
0,1,1,0,1,0,1,0,1,1,0,0,0,1,0,1,0,0,0,0,1,0,0,0,0,0,1,0,1,0,0,1,1,1
1,0,0,1,0,1,0,1,1,1,1,1,0,1,1,0,0,1,1,0,0,0,0,1,0,1,1,0,1,0,1,0,0,0
1,1,1,1,0,0,0,0,1,1,0,0,0,1,1,1,0,0,1,0,1,0,1,1,0,0,1,0,1,1,0,1,0,0
1,1,0,1,1,0,0,0,1,1,1,1,1,0,0,0,0,0,0,1,0,0,1,1,1,1,0,0,0,0,1,1,0,0
0,1,0,0,0,1,1,1,1,0,0,0,1,1,0,1,0,0,0,0,0,1,0,1,0,0,1,1,0,0,1,0,1,1
0,0,1,1,1,0,1,1,0,1,0,1,1,1,1,0,0,0,1,1,0,1,1,0,0,0,0,1,1,1,0,1,0,0
0,1,0,1,1,1,1,1,0,0,1,1,0,0,0,1,0,0,0,0,0,1,1,0,0,1,1,1,0,0,0,1,1,1
1,1,1,1,1,1,1,1,1,0,1,1,0,1,0,0,0,0,1,1,0,0,0,1,0,0,1,1,1,0,0,1,0,0
0,1,0,0,0,0,0,0,1,0,0,0,1,0,0,0,0,0,1,0,1,0,0,1,0,0,0,1,0,1,0,0,1,1
0,1,1,0,0,1,0,1,1,0,1,1,0,1,1,1,0,1,0,1,1,1,1,1,0,0,1,1,1,0,1,1,0,0
1,1,0,0,0,1,0,1,0,1,1,0,1,1,1,1,1,0,0,1,1,0,1,1,1,0,0,0,1,1,1,0,0,0
1,0,1,0,0,1,0,0,0,0,0,1,0,0,1,0,0,1,1,0,1,1,1,0,1,0,0,1,1,1,0,0,0,0
0,1,0,1,0,1,0,0,0,1,0,0,1,1,1,0,0,0,1,0,1,1,0,0,0,1,1,1,1,1,0,0,0,0
1,1,1,0,1,0,1,0,1,0,1,0,0,0,0,1,1,0,1,0,1,1,0,1,1,1,1,1,0,1,1,1,0,0
1,0,1,0,1,1,1,1,0,1,1,0,1,1,1,0,1,0,0,0,1,0,0,1,0,0,0,0,0,1,0,1,0,0
1,1,0,1,1,0,0,1,1,0,0,0,0,1,0,1,0,1,0,1,0,0,0,1,0,0,0,1,1,1,1,0,0,0
1,0,1,1,1,1,0,0,1,0,1,0,1,1,0,1,1,0,1,1,0,1,0,0,1,0,0,1,0,0,1,1,0,0
0,1,1,0,0,0,0,0,1,1,0,1,0,1,0,0,0,1,0,0,1,1,1,0,1,1,0,0,1,0,1,1,0,0
1,1,1,0,1,0,0,1,0,0,0,1,0,1,0,0,0,0,0,0,1,0,0,0,1,1,1,1,0,1,1,1,1,1
1,1,1,0,1,1,1,0,0,1,0,0,0,0,1,0,0,1,1,0,1,1,0,0,0,1,0,1,0,0,1,0,0,0
1,1,1,0,0,1,0,1,0,0,0,1,1,1,0,1,0,1,0,1,1,1,1,1,0,1,1,1,1,0,1,1,0,0
1,1,0,0,1,0,1,0,0,1,0,0,0,0,1,1,1,1,0,0,0,1,0,1,1,1,1,1,1,0,0,0,0,0
0,1,1,1,1,1,1,0,0,1,1,0,1,0,0,0,0,0,0,1,1,0,1,1,0,1,0,1,0,0,1,0,1,1
1,1,0,0,0,1,1,1,0,1,0,1,0,0,0,1,1,0,1,0,1,0,1,1,0,0,0,1,0,0,0,0,0,0
0,1,1,1,1,1,1,0,1,0,1,1,0,1,0,0,0,0,1,1,1,1,0,0,0,1,1,1,1,0,0,0,0,0
1,1,1,0,0,0,1,1,1,1,0,1,0,1,0,1,0,0,1,0,0,0,0,0,0,1,0,0,1,0,1,0,0,0
1,0,1,1,1,0,1,1,0,0,0,0,1,0,0,1,1,0,0,0,0,1,1,1,1,1,1,0,0,1,1,1,0,0
0,1,1,1,0,0,0,0,0,1,0,1,0,1,1,1,0,1,0,0,0,1,0,0,1,0,0,0,0,0,0,0,0,0
1,1,0,1,0,1,1,1,0,0,1,0,1,0,0,1,0,0,0,1,1,1,1,0,1,0,0,1,1,1,1,0,1,1
1,1,1,1,0,1,0,1,1,0,1,1,0,0,0,1,1,1,0,1,0,0,1,1,0,0,0,1,0,1,0,1,0,0
0,1,1,0,0,1,1,1,0,0,0,1,0,1,0,1,0,0,1,0,1,1,0,1,0,1,1,0,0,0,1,0,1,1
1,0,1,1,1,0,0,1,0,0,0,1,1,1,0,1,0,0,0,1,1,1,0,1,1,0,0,0,0,1,0,1,0,0
1,1,0,0,1,1,0,1,0,0,0,0,0,1,1,1,1,1,0,0,1,0,0,1,1,0,0,0,1,1,0,0,0,0
1,0,1,0,1,0,0,0,1,1,1,1,1,0,1,1,1,0,0,1,1,0,0,0,0,0,1,1,1,0,0,1,0,0
1,0,0,1,0,1,0,0,1,1,0,0,1,0,1,0,0,1,1,1,1,1,1,0,0,1,1,1,1,1,0,0,0,0
0,0,1,0,0,0,0,0,1,0,1,0,1,1,0,0,0,0,0,1,0,1,0,1,1,0,0,0,0,1,1,1,0,0
1,1,1,1,0,1,1,0,1,0,1,1,0,0,0,1,0,0,0,1,1,0,1,0,0,0,1,1,0,0,0,1,1,1
0,1,0,0,1,0,0,1,1,1,0,0,0,1,1,0,0,0,0,0,1,1,0,1,1,0,1,0,0,1,0,0,1,1
1,1,1,1,0,0,0,1,1,0,0,0,1,0,1,0,0,0,1,1,0,0,1,0,1,0,0,1,0,0,0,1,1,1
1,0,0,0,1,0,1,1,1,0,1,0,1,1,0,1,1,0,0,0,0,0,1,0,1,1,1,0,1,1,1,1,0,0
1,1,1,0,1,1,0,0,1,1,0,1,0,1,1,1,0,0,0,1,1,0,1,0,1,1,1,0,0,1,1,1,0,0
0,1,0,1,0,1,0,0,1,0,1,1,0,1,0,0,0,0,1,0,0,0,0,0,1,0,1,0,0,0,0,1,0,0
1,1,0,1,1,0,1,1,1,1,0,1,0,0,1,0,0,1,0,1,1,0,0,1,1,1,0,0,0,0,0,1,0,0
1,1,1,1,0,0,0,0,1,1,0,1,0,1,1,1,1,0,0,1,1,0,1,1,0,1,0,1,0,0,1,1,0,0
1,1,0,1,0,1,1,1,1,0,1,0,1,0,0,1,0,0,0,1,1,1,0,0,1,1,1,0,0,0,1,0,1,1
0,1,1,0,1,1,1,0,0,1,0,0,0,1,0,0,0,1,0,0,0,1,0,0,0,0,0,0,0,0,1,1,0,0
1,1,0,0,0,0,0,0,1,1,0,1,1,1,0,0,0,0,0,0,1,0,0,0,0,1,0,0,1,1,1,1,0,0
1,1,1,1,0,1,0,0,0,1,0,0,1,0,0,0,1,1,1,1,0,0,1,0,1,1,1,0,0,1,0,0,0,0
1,1,1,0,1,1,1,0,1,0,0,1,0,1,1,1,1,1,1,0,1,1,0,0,0,1,1,0,1,1,0,0,0,0
0,0,1,0,1,1,0,1,1,0,1,1,1,0,0,0,0,0,1,0,0,0,0,0,0,0,0,1,1,0,0,1,0,0
1,0,1,1,1,1,0,1,0,1,0,1,0,0,0,0,0,1,0,0,0,0,0,0,0,0,0,0,0,1,0,0,0,0
1,1,0,0,1,1,1,1,0,0,1,0,1,1,0,0,1,0,0,1,0,1,1,0,1,1,0,1,0,0,1,0,0,0
0,1,1,0,0,0,1,1,0,1,0,1,1,0,1,1,0,0,0,1,1,0,1,0,1,0,1,0,1,1,1,1,1,1
0,1,0,0,0,1,1,0,0,0,1,0,0,0,0,1,0,0,0,1,0,0,0,1,0,1,0,0,1,0,0,0,1,1
1,1,1,0,0,0,1,1,1,0,1,0,1,1,0,0,1,0,0,0,1,1,0,0,0,1,0,0,1,1,0,0,0,0
1,1,1,0,0,1,1,0,0,1,0,1,0,0,1,0,0,0,0,0,0,1,1,0,0,0,1,0,0,0,1,0,1,1
0,1,1,0,0,1,1,0,1,0,0,0,1,1,0,0,0,1,0,0,1,0,1,1,0,0,0,0,1,1,0,1,0,0
0,1,0,1,0,1,1,0,1,1,1,1,0,0,0,1,0,1,0,0,1,0,1,0,0,1,1,0,0,0,0,1,0,0
1,1,0,0,1,1,1,1,1,0,0,1,1,1,0,1,0,0,1,0,0,1,1,0,0,0,1,0,0,1,1,1,0,0
1,1,0,0,1,0,1,1,1,0,0,0,0,1,1,0,1,0,0,0,0,0,1,1,1,1,1,1,1,0,1,0,0,0
1,0,0,0,0,1,0,0,0,0,0,0,1,0,0,1,0,1,0,0,0,1,0,0,1,1,1,0,0,1,1,1,0,0
1,1,1,0,1,1,0,0,1,0,0,0,1,0,0,1,1,0,0,0,0,1,1,0,0,1,0,0,1,0,1,1,0,0
0,1,1,0,1,1,0,1,0,1,0,0,1,0,0,1,0,1,0,1,1,1,0,0,1,1,0,1,1,1,0,1,0,0
1,1,1,1,0,0,1,0,1,1,1,1,1,0,0,1,1,1,1,0,1,0,1,0,0,0,0,0,1,1,0,1,0,0
1,0,1,0,1,1,0,0,0,0,1,0,0,0,1,0,0,0,1,0,1,0,1,0,0,0,1,1,1,0,0,0,1,1
0,1,1,0,0,0,1,1,1,0,1,0,0,0,1,0,0,0,0,1,1,0,1,1,1,1,0,1,0,1,0,0,1,1
1,1,0,0,0,1,1,1,0,1,0,0,1,1,1,0,1,0,0,0,0,1,1,0,0,0,1,1,1,1,1,0,0,0
1,0,0,1,1,0,1,1,1,0,1,0,1,0,1,1,0,1,0,0,0,0,0,0,0,1,0,1,0,1,0,1,0,0
0,1,0,1,1,1,1,0,0,0,0,0,0,1,1,1,0,0,1,0,0,0,0,0,0,0,0,0,0,1,0,1,1,1
1,1,1,0,0,1,1,0,0,0,0,1,0,1,1,0,0,0,1,0,1,0,1,1,0,0,1,1,1,0,0,0,1,1
1,1,1,0,1,0,1,1,0,1,0,1,1,1,1,0,1,0,0,1,1,0,1,0,1,1,0,0,1,0,1,0,0,0
1,0,1,0,0,1,0,1,0,0,1,0,0,1,1,1,0,0,0,1,1,1,1,1,1,0,1,1,1,1,1,0,1,1
0,1,0,0,1,0,0,1,0,1,0,0,1,1,0,0,0,0,1,0,0,1,0,1,0,1,0,1,0,1,1,0,1,1
1,0,0,1,1,0,0,0,0,0,1,0,0,1,0,1,0,0,0,0,1,0,1,0,1,0,1,0,0,0,1,1,1,1
0,1,0,1,1,0,0,1,1,1,1,1,0,1,1,0,0,0,1,0,0,0,1,0,1,1,0,1,0,0,0,1,0,0
0,0,1,1,1,0,0,1,1,0,1,0,0,0,1,1,0,0,0,1,1,0,1,1,0,1,1,0,0,1,0,0,1,1
1,1,1,0,0,1,0,0,0,0,0,1,1,0,0,1,0,1,0,1,0,0,0,0,0,0,1,0,1,1,0,0,0,0
1,1,1,0,1,0,0,0,0,1,0,0,0,0,1,0,1,1,0,0,1,0,1,0,0,1,1,0,1,0,1,0,0,0
1,0,0,1,1,0,1,0,0,1,0,1,0,1,0,1,0,1,0,0,0,1,0,1,1,0,0,1,0,0,0,0,0,0
1,1,0,0,0,0,0,0,1,0,0,1,1,0,0,1,1,0,1,1,1,0,1,0,0,0,1,1,1,0,0,0,0,0
1,1,1,0,0,0,0,1,1,0,1,1,0,0,1,0,1,1,0,0,0,0,1,0,0,1,1,1,1,0,1,0,0,0
1,1,0,0,1,0,0,1,0,0,0,0,0,1,1,1,0,1,0,0,1,0,0,0,1,0,0,0,1,0,0,1,0,0
1,0,1,0,0,1,1,1,1,1,1,0,1,1,1,0,0,0,0,1,1,1,1,0,0,1,1,0,0,0,1,1,0,0
1,0,1,1,1,1,1,0,1,0,1,1,0,0,1,0,0,1,0,1,0,0,0,1,0,1,0,1,0,1,0,0,0,0
0,1,1,0,1,0,1,0,0,1,0,1,1,0,0,1,0,1,0,0,0,1,1,0,0,0,0,0,0,0,1,0,0,0
1,0,0,0,1,0,0,0,0,0,0,1,1,0,0,1,0,1,1,0,1,0,1,1,1,1,0,0,1,1,1,0,0,0
1,1,0,0,0,0,1,1,1,0,1,1,1,1,0,0,0,0,1,0,1,1,0,0,0,0,1,1,0,1,1,1,0,0
1,0,0,1,1,1,0,0,0,1,1,1,1,1,1,1,1,0,0,1,1,0,0,0,1,1,0,1,0,1,0,1,0,0
1,1,1,1,0,0,0,1,1,1,1,0,1,0,0,0,1,0,0,0,1,1,1,1,0,0,1,0,1,0,1,1,0,0
1,1,0,0,0,0,0,0,0,1,0,1,1,0,1,1,1,0,0,1,0,1,0,1,0,0,1,1,1,1,1,1,0,0
1,1,0,0,0,1,1,0,0,0,1,0,0,1,1,1,1,0,1,1,0,0,1,1,1,0,1,1,1,1,0,0,0,0
1,1,0,1,1,1,0,1,1,1,1,1,1,0,1,1,1,0,1,1,0,0,1,1,1,1,0,1,0,1,0,0,0,0
1,1,1,1,0,0,1,0,0,1,1,0,1,1,1,1,1,0,0,1,0,0,1,1,0,0,1,0,0,0,0,0,0,0
0,1,1,1,0,0,1,0,1,0,0,0,1,0,0,0,0,1,0,1,1,0,0,1,0,1,0,0,0,0,1,0,0,0
1,1,1,1,0,0,0,0,0,0,1,0,0,1,0,1,1,1,0,1,0,0,0,0,0,1,1,1,1,0,0,0,0,0
1,1,0,0,0,1,1,1,1,1,0,1,1,1,1,0,0,1,0,1,1,1,1,0,0,0,1,0,0,1,0,1,0,0
1,1,0,1,1,1,0,0,1,1,0,1,0,1,1,1,1,0,0,0,1,0,1,0,0,1,1,0,1,1,1,0,0,0
1,1,1,0,0,1,0,1,0,0,0,0,1,0,1,0,1,0,1,0,1,1,1,1,1,0,0,0,1,0,0,0,0,0
1,0,1,1,0,1,1,1,0,0,1,1,0,0,0,1,0,0,1,0,1,0,1,1,0,1,1,0,0,0,0,1,1,1
1,1,1,1,0,0,0,1,1,0,1,1,1,0,1,0,1,0,0,1,1,1,1,0,0,1,1,1,0,1,0,0,0,0
1,0,1,0,1,0,1,0,1,1,0,0,1,1,1,0,0,1,1,0,1,1,0,0,1,1,1,0,1,1,0,1,0,0
1,0,1,1,0,1,1,1,1,1,0,0,0,0,1,1,0,0,1,0,1,0,0,1,0,1,0,1,1,1,0,1,1,1
1,1,1,0,1,1,0,0,1,0,0,1,0,0,1,0,0,1,1,1,0,1,1,0,1,0,0,1,0,1,1,1,0,0
0,1,1,0,0,0,1,1,1,0,1,0,0,1,0,1,0,0,0,1,0,1,0,1,0,1,0,0,1,1,1,0,1,1
1,1,0,1,0,0,1,1,0,0,1,1,0,0,0,1,1,0,0,1,1,1,0,0,1,0,0,0,0,0,1,1,0,0
1,0,0,1,1,0,0,1,1,0,1,0,0,0,1,0,1,0,0,1,0,1,0,0,0,0,1,0,1,0,0,0,0,0
1,0,0,1,1,1,1,1,1,1,0,1,1,1,1,1,0,0,0,1,1,1,1,0,0,0,1,0,0,1,0,0,0,0
1,1,1,0,1,1,0,1,0,0,1,1,1,1,0,0,1,1,0,0,0,0,1,0,1,0,1,0,1,1,1,1,0,0
1,1,0,1,0,1,0,0,0,1,1,1,1,0,0,1,1,0,0,1,0,0,1,0,1,0,1,0,1,0,1,1,0,0
0,1,1,0,1,0,0,1,1,1,1,1,0,1,0,1,0,0,0,1,0,0,1,1,1,0,1,1,0,1,0,1,0,0
0,0,1,1,0,0,1,0,0,0,0,0,1,1,1,1,0,0,0,1,0,0,0,1,0,0,0,1,1,0,1,1,0,0
1,0,0,1,0,1,1,0,1,1,0,1,1,0,1,1,0,1,0,0,0,0,1,0,1,0,1,1,0,1,1,1,0,0
1,0,0,0,0,0,1,1,1,0,0,1,0,1,1,0,1,0,0,0,0,0,0,1,1,1,0,0,0,0,0,0,0,0
1,1,1,1,0,1,1,0,1,0,0,1,1,1,1,1,1,1,0,1,0,0,0,0,1,0,1,0,1,1,0,0,0,0
1,0,0,0,1,1,0,1,0,0,0,0,0,1,0,0,0,1,1,1,0,1,0,0,0,1,1,0,1,1,0,1,0,0
0,1,1,0,1,0,1,1,0,1,0,1,1,0,0,1,0,0,1,0,1,0,1,1,0,1,0,1,0,0,0,1,0,0
1,1,0,1,0,0,1,0,1,1,0,0,1,0,1,1,0,1,1,0,0,0,1,1,1,0,1,1,0,0,0,1,0,0
1,1,0,1,0,0,0,1,1,1,0,0,0,1,0,1,1,0,0,0,1,0,0,0,1,1,0,1,0,0,1,0,0,0
1,1,1,0,0,0,1,0,1,1,0,0,0,0,1,1,0,0,0,0,0,0,1,0,0,0,1,0,0,1,1,1,1,1
1,1,1,1,1,1,0,1,0,0,1,0,1,1,0,1,0,1,0,0,1,1,0,1,1,1,1,0,1,1,0,1,0,0
1,1,0,1,1,0,0,0,1,0,1,1,1,1,0,0,1,0,0,0,0,0,1,1,0,0,0,1,1,0,1,0,0,0
1,0,0,0,1,1,1,1,0,0,0,1,0,1,0,0,1,0,0,0,1,0,0,0,1,1,1,1,1,0,1,0,0,0
1,0,0,1,0,0,1,1,1,0,1,0,1,0,0,0,0,0,1,0,1,1,1,0,1,0,1,0,0,0,0,0,0,0
1,1,1,1,0,1,0,0,0,1,0,1,1,1,0,0,1,0,1,0,1,1,1,1,1,0,0,0,0,1,1,0,0,0
1,0,1,1,1,1,0,0,1,0,1,0,1,0,0,0,1,0,0,0,0,0,1,0,1,0,0,0,0,1,1,1,0,0
1,0,1,0,1,0,1,1,1,1,1,1,1,1,0,1,0,1,0,0,1,1,1,1,0,1,1,1,1,1,0,0,0,0
1,1,1,0,0,1,1,1,1,0,1,1,0,0,0,0,1,1,0,0,1,0,0,1,0,1,0,0,1,0,1,1,0,0
1,0,1,0,1,1,1,0,1,0,0,0,1,0,1,1,0,1,1,1,0,0,1,1,1,0,1,1,0,0,0,0,0,0
1,1,0,0,1,1,0,0,1,0,0,1,1,0,1,1,0,1,1,0,1,1,0,0,1,0,1,1,0,1,0,0,0,0
1,1,0,1,0,1,1,1,1,0,1,0,0,0,0,0,0,1,1,0,1,1,1,1,1,1,1,1,1,1,0,0,0,0
1,0,1,0,0,0,1,1,1,0,1,0,0,0,0,0,0,0,0,0,0,1,0,1,1,1,1,1,0,0,1,1,1,1
0,1,1,0,1,1,1,1,1,1,0,0,1,1,1,1,0,0,0,1,1,0,0,1,0,1,0,0,0,1,0,0,0,0
1,1,1,0,1,0,1,0,1,1,1,1,1,0,1,1,1,0,0,0,1,1,0,0,1,1,0,0,0,0,1,0,0,0
1,1,1,0,0,1,0,1,1,0,1,0,0,1,1,0,0,0,1,0,0,0,0,1,0,0,1,1,1,0,1,0,1,1
0,1,1,1,0,0,0,1,0,0,0,1,0,1,1,1,0,0,1,0,1,0,1,1,0,0,0,1,0,1,1,1,1,1
1,1,0,1,0,0,1,1,0,1,1,1,1,0,0,1,0,1,1,1,1,0,1,1,0,0,1,1,0,1,0,0,0,0
1,1,0,1,1,0,0,0,1,1,0,0,0,0,1,1,1,0,1,0,0,0,0,1,1,1,0,0,1,1,1,0,0,0
0,0,1,0,1,0,0,0,1,1,1,1,1,0,0,0,0,0,0,1,1,0,0,1,0,0,0,0,1,1,0,0,0,0
1,1,0,1,1,1,1,0,0,1,1,0,1,1,0,1,1,1,0,0,0,0,1,0,0,0,1,0,1,1,0,1,0,0
0,0,1,0,0,0,1,1,1,0,0,0,1,0,1,0,0,0,0,1,0,1,1,1,1,0,1,1,0,0,0,0,0,0
1,1,1,1,0,0,1,1,0,1,0,1,0,1,0,1,0,0,0,1,0,1,1,1,0,1,0,0,0,1,0,0,1,1
1,1,1,1,1,0,0,0,1,1,0,0,1,1,0,0,1,1,0,0,1,1,1,0,0,0,1,0,0,0,1,1,0,0
1,0,1,1,1,1,1,0,0,1,0,1,0,1,1,0,0,1,0,0,1,0,1,1,1,0,1,0,1,1,0,1,0,0
0,1,0,0,1,1,1,0,0,0,1,1,0,1,0,0,0,0,0,1,0,0,0,1,0,0,1,1,1,1,0,1,1,1
0,1,1,1,1,0,1,0,0,0,1,0,0,0,0,1,0,1,0,1,1,1,0,1,1,1,0,0,0,0,1,1,0,0
0,0,1,0,0,0,1,1,1,0,0,1,0,1,0,1,0,0,1,0,0,0,1,0,1,1,0,0,0,1,0,1,0,0
1,1,1,0,1,0,0,1,0,1,1,1,1,0,0,1,1,0,0,0,1,1,1,1,0,1,0,1,1,0,0,0,0,0
1,0,0,0,1,0,1,0,1,1,1,1,0,1,1,0,0,0,0,1,1,0,0,0,1,0,0,1,0,1,1,0,0,0
1,0,1,0,1,1,1,0,1,1,1,0,0,0,0,0,1,0,0,1,1,1,0,1,1,1,1,1,0,1,1,0,0,0
0,0,1,1,0,0,1,1,1,1,0,1,1,1,1,0,0,0,0,0,0,0,1,1,1,0,1,0,1,0,1,0,1,1
0,1,0,0,0,1,0,1,0,0,0,0,1,1,1,0,0,0,0,1,0,0,1,0,0,1,0,0,0,1,1,1,0,0
1,1,0,1,1,0,0,0,0,0,1,1,1,1,0,0,0,1,1,1,1,0,0,1,0,1,1,1,0,0,1,0,0,0
1,1,1,0,1,1,1,0,1,1,0,1,1,0,0,1,0,1,1,0,1,0,1,0,1,1,0,0,0,1,0,1,0,0
1,1,1,0,0,1,0,0,0,0,0,0,1,0,0,0,0,1,0,0,0,0,0,1,1,1,1,0,1,1,0,1,0,0
1,1,1,1,1,0,1,0,1,0,1,1,0,1,1,1,1,0,1,0,1,0,0,1,0,1,1,0,0,0,0,0,1,1
1,0,1,0,1,1,0,0,0,0,1,1,1,1,0,0,0,1,1,0,0,0,1,0,0,1,0,1,0,0,1,1,0,0
1,1,1,1,1,1,1,1,0,0,0,0,1,1,1,0,0,1,1,0,1,1,0,0,1,0,0,0,0,0,1,0,0,0
1,0,0,1,1,1,0,1,1,1,1,1,1,1,1,0,0,0,0,0,1,0,1,0,0,0,1,0,1,1,1,1,0,0
1,1,0,1,0,1,1,1,1,1,1,1,1,1,0,1,0,0,0,0,1,0,1,1,1,1,0,0,1,0,1,0,0,0
1,0,1,0,0,0,1,1,0,1,0,0,0,1,1,1,0,1,0,1,0,1,1,0,1,1,1,0,1,1,0,0,0,0
0,0,1,0,0,0,1,1,1,0,0,0,0,1,0,1,0,0,0,1,0,1,1,1,0,0,1,1,1,1,0,1,0,0
1,1,0,0,0,1,1,0,0,1,0,1,1,1,0,0,0,0,1,1,1,1,0,0,1,0,0,0,1,0,0,1,0,0
1,1,1,1,1,1,0,1,0,1,0,1,0,0,0,1,1,0,0,0,1,0,1,1,1,1,1,0,0,0,0,0,0,0
1,1,1,0,1,1,0,0,0,0,0,1,0,1,1,0,0,0,1,0,1,1,0,1,0,0,1,0,0,1,0,1,1,1
1,1,1,1,0,0,0,0,0,0,0,0,1,1,1,1,0,0,1,1,0,1,1,0,1,1,0,0,0,0,1,1,0,0
1,0,0,1,0,0,1,0,0,0,1,1,1,1,1,0,0,1,0,1,1,0,0,1,0,1,1,0,1,1,1,1,0,0
1,1,0,1,1,1,0,0,1,1,0,1,1,1,0,0,0,1,0,1,1,1,0,0,0,0,0,1,0,0,1,1,0,0
1,1,1,1,1,1,1,0,0,0,1,0,0,1,1,1,1,0,0,1,1,1,0,1,0,1,1,1,0,0,1,1,0,0
0,1,0,0,1,0,0,0,0,0,1,0,0,1,0,1,0,0,1,1,1,0,0,1,1,0,1,1,1,0,1,0,0,0
1,0,0,1,1,1,0,1,1,1,1,1,1,0,1,1,0,0,0,1,1,1,1,0,1,1,1,0,1,0,0,0,0,0
1,1,0,0,1,0,0,0,1,1,0,0,1,1,1,0,1,0,1,0,0,1,1,0,0,0,1,0,1,1,0,1,0,0
1,0,0,1,1,1,0,1,0,1,0,1,0,1,0,1,0,0,0,0,1,1,0,1,1,0,1,0,1,1,0,1,1,1
1,1,1,0,1,1,1,0,1,0,0,0,0,1,0,1,1,0,0,0,0,1,0,0,0,0,1,1,1,1,0,0,0,0
1,1,1,0,1,1,0,1,1,1,1,0,0,1,0,1,0,0,1,1,1,0,1,1,1,0,1,1,1,0,1,1,0,0
1,1,1,0,1,0,0,1,1,1,1,1,1,0,1,0,1,0,1,0,1,1,0,1,1,1,1,0,1,1,1,1,0,0
1,0,0,0,1,1,0,1,0,1,1,1,1,0,1,0,0,1,0,0,0,1,0,1,1,1,1,0,1,1,1,0,0,0
1,1,0,0,1,1,0,1,0,1,0,0,1,1,0,0,1,1,0,0,0,1,0,1,0,1,0,0,1,1,1,1,0,0
1,1,0,1,0,0,0,0,0,0,1,1,0,1,0,0,1,0,1,0,0,0,0,0,1,0,0,1,0,0,1,1,0,0
1,0,1,0,1,1,0,0,0,1,1,1,1,1,1,0,0,0,0,0,1,0,0,0,0,1,0,1,0,1,0,1,0,0
1,1,0,0,0,0,0,0,1,1,0,1,0,1,1,1,0,1,1,1,0,0,0,1,0,0,1,1,0,0,0,1,0,0
0,0,1,1,0,0,0,1,0,1,0,1,1,1,1,1,0,0,0,0,1,1,0,0,1,1,0,0,1,1,0,1,0,0
1,1,0,1,0,1,1,0,1,0,1,0,1,0,0,1,0,0,1,0,1,1,0,0,1,1,1,0,0,1,1,0,0,0
1,0,1,1,0,1,0,1,1,1,0,1,0,0,1,0,1,0,1,1,0,0,1,1,0,1,0,0,0,1,1,0,0,0
0,1,1,0,1,1,1,1,1,1,0,1,0,1,0,1,0,1,0,0,1,0,0,0,0,1,1,1,1,1,1,0,0,0
0,1,1,1,1,0,1,1,0,0,1,1,1,0,0,1,0,1,1,1,0,0,0,1,1,1,0,0,1,0,1,0,0,0
1,0,0,1,0,0,0,0,0,1,1,1,1,0,0,0,0,0,0,0,0,1,0,1,1,0,0,1,0,0,1,0,0,0
0,1,0,1,1,1,0,1,0,0,0,0,0,1,0,1,0,0,0,0,0,0,0,1,0,0,1,0,1,0,1,0,1,1
1,1,0,1,1,1,0,1,1,1,0,0,0,0,1,1,1,0,1,0,0,1,1,1,0,0,0,0,0,1,0,0,0,0
1,0,1,1,0,0,0,0,1,0,1,1,1,1,1,0,0,0,1,0,1,1,1,1,1,1,0,1,0,0,0,0,0,0
0,1,1,1,0,1,1,0,0,1,0,0,0,0,0,0,0,1,1,0,1,0,1,0,0,1,1,0,0,1,0,0,0,0
1,1,1,1,1,1,0,0,1,1,0,0,1,1,0,1,0,0,0,1,1,1,0,1,1,0,0,1,1,1,1,0,1,1
1,1,0,1,0,0,1,1,0,1,0,1,0,1,0,1,0,1,0,1,0,0,1,0,1,0,0,1,1,1,1,1,0,0
0,1,1,1,0,0,1,0,0,1,0,0,0,1,1,0,0,0,1,0,0,0,0,0,0,0,0,1,1,0,0,1,1,1
1,1,0,1,0,0,0,1,1,0,1,0,0,1,1,1,1,0,0,0,1,1,0,0,0,0,0,1,1,1,0,1,0,0
1,1,1,1,1,0,1,1,0,1,0,0,1,1,0,0,0,0,1,0,0,0,0,1,1,1,1,1,0,1,1,1,1,1
1,1,1,1,1,0,1,0,0,0,1,0,0,0,0,0,0,1,0,0,1,0,1,0,1,0,0,1,1,0,0,0,0,0
1,1,1,1,1,1,1,1,1,0,0,0,0,1,1,1,1,1,0,0,0,1,0,0,1,1,1,1,1,1,0,0,0,0
1,1,1,1,1,1,0,1,0,1,0,0,1,0,0,1,1,0,1,0,1,1,0,1,0,1,0,1,1,0,1,1,0,0
1,0,0,0,0,0,1,1,0,1,0,0,0,1,0,0,0,0,1,1,0,1,0,1,1,1,0,0,0,1,0,0,1,1
1,1,1,1,1,0,0,1,1,1,1,1,1,0,0,1,1,1,0,1,1,1,0,1,1,0,0,0,0,1,0,0,0,0
1,1,0,1,1,0,1,1,0,1,1,0,0,0,0,0,0,1,1,0,0,1,0,1,0,1,1,0,1,1,1,1,0,0
1,1,1,0,0,0,0,1,0,0,1,0,1,1,1,0,0,1,0,0,1,0,0,0,0,0,1,1,1,1,0,0,0,0
1,0,0,1,0,1,1,0,1,0,1,1,0,0,1,0,0,1,0,0,1,1,0,1,1,1,1,1,1,1,1,1,0,0
1,1,0,0,1,1,0,1,1,0,0,0,0,0,0,1,0,0,1,0,1,1,1,0,1,0,1,1,1,0,1,1,1,1
0,1,0,1,0,0,0,0,0,0,0,0,0,1,1,1,0,0,1,0,0,0,1,0,1,0,0,0,1,1,1,0,1,1
1,1,1,0,1,1,0,0,0,1,1,0,0,0,0,1,0,1,0,1,1,1,1,0,0,1,0,1,0,0,0,0,0,0
0,1,1,1,0,1,1,1,1,1,1,1,0,0,1,1,0,1,1,0,1,1,0,0,1,1,1,1,0,0,1,0,0,0
1,0,0,1,1,1,0,0,1,0,0,0,0,0,0,1,1,0,0,0,0,1,1,1,1,1,0,1,0,0,1,0,0,0
0,0,1,1,1,0,0,0,1,0,1,0,0,1,1,0,0,0,1,1,0,0,0,0,1,1,1,1,1,0,1,1,0,0
1,0,1,0,1,0,0,0,1,0,0,0,0,0,0,1,0,0,1,0,0,1,0,0,1,1,1,1,0,0,0,1,1,1
0,1,1,0,1,1,0,0,1,0,0,1,0,1,1,1,0,0,1,1,1,1,1,0,0,1,0,0,0,0,0,1,0,0
1,1,1,0,1,1,0,0,1,0,1,1,0,1,1,0,1,1,1,0,0,0,0,1,1,1,1,0,0,0,0,0,0,0
1,1,0,1,0,0,1,1,0,0,0,0,0,1,1,0,1,0,0,1,1,0,0,1,0,1,1,0,0,0,1,1,0,0
1,0,0,1,1,0,1,0,1,0,0,0,0,1,1,1,0,1,1,0,1,1,0,0,1,1,0,1,0,0,0,1,0,0
1,1,1,0,1,0,1,1,1,0,1,0,0,1,0,0,0,0,1,0,1,1,1,1,0,0,1,0,1,1,1,1,0,0
0,1,1,1,0,1,1,0,0,1,1,1,1,0,1,1,0,1,0,0,1,1,1,0,1,0,1,0,1,1,1,0,0,0
1,1,1,0,1,1,1,1,0,0,1,1,0,1,1,1,0,1,1,1,0,1,1,1,1,0,0,1,1,1,1,0,0,0
0,1,1,1,0,0,1,0,1,1,1,0,0,1,0,1,0,0,0,0,1,1,1,1,1,1,1,1,1,1,0,1,0,0
1,0,0,1,1,1,1,0,0,0,0,1,0,1,0,0,0,1,1,1,1,1,0,0,0,1,0,1,0,0,0,1,0,0
1,0,1,1,1,0,0,1,1,1,0,1,0,1,1,1,0,1,1,0,1,0,1,0,0,1,1,1,0,0,0,1,0,0
1,1,0,0,0,0,1,1,0,1,1,1,0,1,0,1,0,0,0,1,1,0,1,0,1,1,1,0,1,0,0,1,0,0
1,1,0,1,0,0,0,1,0,0,0,0,0,0,1,0,0,0,0,1,1,1,0,0,1,0,0,1,1,0,0,1,1,1
1,0,1,1,0,1,0,1,1,1,1,1,1,1,1,0,1,0,0,0,0,1,0,1,0,0,1,0,1,1,1,0,0,0
0,1,1,1,1,1,0,0,0,1,1,1,1,0,1,0,0,1,0,1,1,1,0,1,1,1,0,1,0,0,1,0,0,0
1,1,0,1,1,1,0,1,1,0,1,0,1,1,1,1,0,1,1,1,1,0,0,1,1,0,0,1,0,0,0,0,0,0
1,1,1,0,0,0,0,1,1,1,1,1,0,0,1,1,0,1,0,0,1,0,1,0,0,0,1,1,0,1,1,0,0,0
0,0,1,0,0,1,1,1,0,0,0,0,0,1,0,1,0,0,1,0,0,0,0,0,0,0,1,1,0,1,0,0,0,0
1,1,1,0,1,1,1,0,0,1,1,1,1,0,0,0,1,1,0,1,1,0,1,1,0,0,1,1,1,1,1,1,0,0
1,0,0,0,0,0,1,0,1,0,0,1,0,1,0,0,0,1,0,0,0,0,0,1,1,0,0,0,1,0,0,0,0,0
0,1,1,0,0,1,0,0,1,1,0,1,0,0,0,1,0,0,0,0,1,1,1,0,1,0,1,0,0,1,1,1,1,1
1,1,0,1,0,0,1,0,0,1,0,1,1,1,1,1,0,1,1,1,0,1,0,0,0,1,0,0,1,0,0,1,0,0
1,0,0,1,0,0,1,0,1,1,1,0,0,0,0,1,0,1,1,1,1,0,1,0,0,0,0,1,1,1,1,1,0,0
0,1,0,0,0,1,1,0,1,0,1,0,1,1,1,0,0,0,0,0,0,1,0,0,0,1,1,1,1,0,1,0,0,0
1,0,1,0,0,1,0,1,0,1,1,0,0,0,0,0,1,0,0,1,0,0,0,1,1,1,0,1,1,0,0,0,0,0
1,0,0,0,0,1,0,1,0,0,0,1,0,0,1,1,0,0,0,1,0,1,1,1,1,1,0,1,1,1,0,1,0,0
0,1,1,0,1,1,1,1,0,0,0,0,1,1,0,0,0,0,1,0,1,1,0,0,1,0,0,0,1,0,1,0,1,1
0,1,0,1,1,1,1,0,1,0,0,0,1,0,1,1,0,0,1,0,0,0,0,0,1,0,1,1,0,1,0,1,1,1
1,0,0,1,1,0,1,1,1,1,0,0,1,0,1,1,1,0,0,1,0,1,0,1,1,0,0,0,1,0,0,1,0,0
0,1,1,0,0,1,0,0,0,1,0,0,0,1,0,1,0,0,0,1,1,1,0,1,0,0,0,1,0,0,0,1,1,1
0,1,1,0,0,1,0,0,1,0,0,0,1,1,0,1,0,1,0,0,1,1,1,1,0,1,0,0,1,0,1,0,0,0
0,1,0,1,1,0,0,0,1,0,0,0,0,1,0,0,0,1,0,0,0,0,0,0,0,0,1,1,0,1,0,0,0,0
1,1,1,0,0,0,1,0,0,1,0,0,1,1,1,0,1,1,0,0,1,1,1,0,0,1,1,1,1,0,1,0,0,0
0,1,0,0,1,0,0,0,1,1,0,0,0,1,0,0,0,0,0,1,0,1,1,1,0,1,0,1,1,1,0,1,1,1
1,1,1,1,1,1,0,0,0,0,0,1,0,0,1,1,0,1,0,1,1,1,1,1,0,1,0,1,1,0,1,1,0,0
1,0,1,1,0,0,0,0,1,0,0,0,1,1,0,1,0,0,0,0,1,0,0,0,0,0,0,1,1,0,0,1,1,1
1,0,0,1,1,1,1,1,0,0,1,0,1,1,0,1,0,0,1,0,0,0,1,1,1,1,1,1,1,1,1,1,1,1
1,1,0,0,0,0,0,0,0,1,1,1,0,1,1,0,0,0,1,1,0,0,0,1,1,0,1,0,0,0,0,1,0,0
1,0,1,1,1,1,1,0,1,1,0,0,0,1,0,0,0,1,0,0,0,0,1,0,0,0,1,1,1,0,0,0,0,0
1,1,1,0,0,0,1,1,1,1,1,0,1,0,0,1,0,1,1,1,0,0,1,0,1,1,1,0,1,0,1,1,0,0
1,1,1,1,0,1,1,1,1,1,0,1,0,0,0,1,1,0,0,0,1,0,0,1,1,1,1,0,1,1,0,1,0,0
1,1,0,0,1,1,0,0,1,1,0,0,0,1,0,0,0,1,0,1,0,1,0,0,0,1,1,1,0,0,0,1,0,0
1,0,1,1,1,1,0,0,0,0,0,0,1,0,1,1,0,0,1,0,1,0,0,0,1,1,1,1,1,1,1,0,1,1
1,1,0,0,1,1,1,0,1,0,1,1,0,1,1,0,0,0,1,0,0,1,1,1,0,1,1,1,0,1,0,0,0,0
1,1,0,0,0,0,0,0,0,1,0,0,1,1,0,1,0,1,1,1,0,0,0,0,1,1,0,1,1,1,0,1,0,0
1,0,0,0,0,1,1,1,1,1,1,1,1,0,0,1,0,0,1,1,1,0,1,0,0,1,1,0,1,1,1,0,0,0
0,1,0,1,0,1,0,0,1,0,0,0,1,1,1,1,0,1,0,1,0,0,0,0,0,0,1,1,1,1,1,0,0,0
1,1,0,0,1,0,0,1,0,0,1,1,1,1,1,0,0,0,1,1,0,0,1,0,0,0,0,0,0,1,1,0,0,0
1,0,1,1,1,0,1,0,0,0,1,1,0,0,1,0,0,1,0,1,0,0,1,1,1,0,1,1,0,0,0,0,0,0
1,1,1,0,0,0,1,1,1,1,0,0,0,0,0,1,0,1,0,1,1,0,1,1,1,1,1,0,1,1,0,1,0,0
0,0,1,1,1,0,1,0,1,0,1,1,1,0,1,1,0,0,0,0,1,1,1,1,0,0,1,0,0,0,1,0,0,0
0,1,1,1,1,0,1,0,0,1,0,1,0,0,0,1,0,0,1,0,0,0,1,0,1,0,1,1,1,0,0,0,1,1
1,0,0,0,0,0,0,0,0,1,1,0,0,1,1,0,0,0,1,0,1,1,1,1,1,0,0,1,0,0,0,1,0,0
1,0,1,1,0,0,1,0,0,0,0,0,0,1,1,0,1,0,0,1,1,1,1,0,1,1,0,1,0,0,1,1,0,0
1,0,1,0,0,0,1,0,1,0,0,1,0,0,1,0,0,0,1,1,1,0,0,0,1,0,1,1,0,1,0,1,0,0
1,0,0,1,0,1,1,1,1,0,0,1,1,0,0,1,0,1,0,1,1,1,0,0,1,1,0,1,0,0,0,0,0,0
0,1,0,1,1,1,0,0,1,1,0,0,0,1,0,1,0,0,0,1,0,1,1,1,0,0,0,1,1,1,1,0,1,1
1,0,1,1,1,0,1,0,0,1,1,1,1,0,1,0,0,1,0,1,1,1,0,0,1,1,0,0,0,1,1,0,0,0
0,1,1,1,0,0,1,1,1,0,1,0,0,1,0,1,0,1,0,1,1,1,1,1,0,0,0,0,1,0,0,0,0,0
1,0,0,0,0,1,0,0,0,0,1,0,1,0,0,1,0,0,0,1,1,0,1,1,0,0,0,0,1,1,0,1,1,1
1,0,1,0,0,0,0,0,1,1,0,1,0,0,1,0,0,1,0,0,1,0,1,1,1,1,0,1,1,0,1,1,0,0
1,1,1,0,0,1,1,0,0,1,0,1,1,1,1,0,1,0,1,1,0,1,0,0,1,0,1,0,1,1,0,0,0,0
1,0,1,0,1,1,0,0,0,0,0,0,1,1,1,1,1,0,0,1,0,1,1,1,1,0,0,1,0,1,0,0,0,0
0,1,1,0,1,1,1,0,1,0,0,1,0,0,1,0,0,1,0,1,0,0,0,1,0,0,1,0,1,1,1,1,0,0
0,0,1,0,1,0,0,0,0,0,0,1,1,0,0,1,0,0,1,0,0,1,1,0,1,0,1,0,0,0,1,1,0,0
1,0,1,1,0,1,0,1,1,1,1,1,1,0,1,0,1,0,1,0,1,1,0,1,0,0,1,1,0,1,1,0,0,0
1,0,0,0,1,1,1,1,0,0,1,1,1,1,1,1,0,0,1,1,0,1,1,1,1,0,1,1,1,1,0,1,0,0
1,1,1,1,0,0,0,0,1,0,0,1,0,1,0,0,1,1,1,0,0,1,0,1,1,0,0,0,0,1,0,0,0,0
0,1,0,1,0,0,0,0,0,1,1,1,1,0,1,1,0,0,1,1,0,0,0,1,0,0,1,1,1,0,1,1,0,0
1,1,0,0,0,0,1,1,1,1,1,0,0,0,0,0,0,1,1,0,1,1,1,0,0,0,1,0,1,0,1,1,0,0
1,1,0,0,1,1,0,0,1,1,1,0,0,1,1,1,1,0,1,0,1,0,0,0,1,1,1,1,1,1,1,0,0,0
1,1,0,1,1,0,1,0,0,0,0,1,1,0,1,1,1,0,0,0,1,1,0,1,1,0,0,0,1,0,0,0,0,0
1,1,1,1,0,0,0,1,1,1,1,1,0,1,1,1,1,1,1,0,1,0,0,0,0,1,1,1,0,1,1,1,0,0
0,1,1,1,1,0,0,1,0,0,1,1,0,1,0,1,0,0,0,0,0,1,0,0,0,1,0,1,1,0,0,1,1,1
1,0,1,1,0,0,0,0,0,0,1,0,0,0,0,0,0,1,1,0,0,1,1,1,0,0,1,1,0,1,0,0,0,0
0,1,1,1,0,0,1,1,1,1,0,0,1,0,0,1,0,0,0,0,1,0,0,0,1,1,0,1,1,0,0,0,1,1
1,1,0,0,0,0,1,0,0,0,0,1,1,0,1,1,1,0,0,1,0,1,1,1,1,1,0,1,0,1,1,0,0,0
0,1,1,1,1,1,0,1,0,1,0,0,1,0,1,0,0,1,0,0,0,0,0,0,0,0,0,1,0,1,0,0,0,0
0,1,0,1,0,1,1,1,1,1,0,1,0,0,1,0,0,0,1,1,1,1,0,0,0,0,1,1,1,0,1,0,0,0
1,1,1,1,1,0,1,1,1,0,1,1,1,0,0,0,0,0,1,0,0,0,0,1,1,0,1,0,0,1,0,0,0,0
1,1,1,1,1,1,0,0,0,1,0,1,1,0,0,0,1,0,1,0,1,0,0,0,1,0,0,1,1,0,0,1,0,0
0,1,1,1,1,1,0,1,0,1,1,1,1,0,1,1,0,1,1,1,0,1,1,1,1,1,1,0,1,0,1,0,0,0
1,1,1,0,0,0,1,0,1,1,0,1,1,0,0,1,0,1,0,0,1,1,1,0,1,1,0,0,1,0,1,0,0,0
1,0,1,0,1,0,1,1,1,0,1,1,0,1,0,1,0,0,1,0,0,0,1,1,1,1,0,1,0,1,1,0,0,0
1,0,0,1,1,0,0,0,1,0,0,1,0,0,1,0,0,1,1,1,0,1,0,1,0,1,0,1,1,1,1,1,0,0
1,1,0,1,0,1,0,1,0,0,1,1,0,0,1,0,0,0,1,0,0,1,0,0,1,1,1,0,0,1,0,0,1,1
1,1,1,0,0,1,0,1,1,0,1,1,0,0,0,1,0,1,1,1,1,0,0,0,1,0,0,0,1,1,0,1,0,0
1,1,1,1,1,0,1,0,1,1,0,0,0,0,0,1,0,0,1,0,0,0,0,1,0,0,1,0,0,0,0,0,1,1
1,1,0,1,1,1,1,1,1,0,1,1,1,1,0,0,0,1,1,0,1,1,0,0,1,0,1,0,1,0,1,0,0,0
0,1,1,0,1,1,0,1,0,1,0,0,1,1,1,0,0,1,0,1,0,0,1,0,0,0,0,1,1,0,0,1,0,0
0,0,1,0,0,1,0,1,0,0,0,0,1,1,1,1,0,0,0,1,1,0,1,0,0,1,1,1,1,1,1,1,0,0
0,1,1,0,1,1,0,1,0,1,0,1,1,0,0,0,0,0,0,0,1,0,1,1,1,0,0,0,0,1,1,1,1,1
0,1,0,0,0,0,1,0,1,1,1,1,0,1,0,1,0,0,1,1,1,0,0,0,0,1,1,1,1,1,0,1,0,0
1,1,1,1,1,0,0,1,1,0,1,0,1,1,0,1,0,1,0,0,1,1,0,0,1,1,0,1,0,0,0,0,0,0
1,1,1,0,0,0,1,1,0,0,1,1,1,0,0,0,1,0,0,1,0,0,0,0,1,1,1,0,1,0,1,0,0,0
1,1,0,0,1,0,1,1,0,0,0,0,1,1,1,0,1,0,0,0,0,0,1,0,0,1,0,0,0,0,1,1,0,0
0,1,1,0,1,0,0,0,1,0,0,1,0,1,0,0,0,1,0,0,0,0,0,1,0,0,0,0,1,1,0,1,0,0
1,0,0,1,0,1,0,1,1,0,1,1,0,1,0,1,0,0,1,0,1,0,1,1,1,1,0,0,0,1,1,0,0,0
0,1,0,1,1,1,0,1,1,0,0,1,0,1,0,1,0,1,0,0,0,0,0,0,1,1,1,0,0,0,0,1,0,0
0,1,0,0,1,0,0,0,1,1,0,0,0,1,0,1,0,0,0,0,1,1,0,0,0,1,0,1,0,1,0,1,1,1
1,1,1,0,0,0,0,1,0,0,0,0,1,0,0,1,0,1,0,1,0,1,0,0,0,0,1,0,0,0,0,1,0,0
0,1,1,0,1,1,1,0,1,0,1,1,1,1,0,0,0,0,1,0,0,0,1,1,0,0,0,1,0,1,0,0,0,0
1,1,1,0,0,1,1,0,0,0,0,0,0,0,1,1,1,1,0,1,0,0,0,1,0,1,1,0,0,0,1,1,0,0
1,1,1,1,1,0,0,0,0,1,0,1,0,1,0,1,0,0,0,1,1,0,0,1,0,0,1,0,0,1,1,0,1,1
1,1,1,1,1,0,0,0,1,1,0,0,1,1,1,0,1,1,0,0,1,0,1,0,0,0,0,0,1,1,0,0,0,0
1,0,1,0,1,1,1,1,1,1,0,0,1,1,1,1,0,0,1,0,1,0,0,0,1,0,0,0,1,1,0,1,0,0
1,1,0,1,1,0,0,0,1,1,0,1,1,0,1,0,1,0,0,0,0,0,1,1,0,0,1,0,0,1,1,1,0,0
1,1,1,1,1,1,0,0,1,0,0,0,0,1,1,1,1,0,0,0,1,0,0,0,1,0,1,1,1,1,0,1,0,0
0,1,0,1,0,1,1,0,1,0,0,1,0,0,0,0,0,0,0,0,0,1,0,1,1,0,0,1,0,0,1,0,1,1
1,1,0,1,1,0,0,0,0,1,0,0,0,1,1,1,1,0,1,1,1,1,1,1,1,0,1,1,0,1,1,1,0,0
1,1,1,0,0,1,1,1,0,1,1,1,0,1,0,1,0,0,0,1,0,1,1,1,0,0,1,0,1,1,0,0,0,0
0,1,0,0,0,0,0,1,0,0,0,0,1,1,0,0,0,0,0,1,0,0,1,1,1,0,1,0,0,0,0,0,0,0
1,1,0,0,0,0,1,1,0,0,1,1,0,1,1,1,0,1,1,0,0,1,1,0,1,1,1,0,1,1,1,1,0,0
1,1,0,1,1,1,0,0,1,1,1,1,0,1,0,1,0,0,1,1,1,1,0,1,0,0,0,1,1,0,0,0,0,0
1,0,1,0,0,1,1,0,0,0,1,1,0,1,0,1,0,1,0,0,0,0,0,1,1,1,1,0,0,1,1,1,0,0
1,1,1,0,0,0,1,1,0,1,1,0,1,0,0,1,1,1,0,0,1,1,1,1,0,0,0,1,1,1,1,0,0,0
1,0,0,1,1,1,0,1,1,0,0,1,0,1,0,1,1,0,0,0,1,1,1,0,1,0,0,1,1,0,0,1,0,0
0,1,1,1,1,1,1,1,1,0,0,0,0,1,0,0,0,0,0,1,1,1,0,1,0,1,1,0,0,1,0,1,1,1
0,1,0,1,1,1,1,1,0,0,1,1,0,1,1,1,0,0,1,0,1,1,0,1,0,0,1,0,1,1,1,0,0,0
0,0,1,1,1,0,1,1,0,1,1,1,0,1,0,1,0,0,0,0,0,1,1,1,0,1,0,0,1,0,0,1,1,1
1,1,1,0,0,1,1,1,0,0,1,0,0,0,0,1,1,0,1,0,1,1,0,1,1,0,0,1,0,0,0,1,0,0
1,0,0,0,0,0,1,0,1,0,1,1,1,0,1,1,0,0,1,0,1,1,0,0,1,1,1,1,0,0,0,0,0,0
1,0,1,1,0,1,0,0,0,0,1,1,0,1,1,1,0,1,0,0,0,0,0,0,0,1,1,1,0,0,0,0,0,0
1,0,1,1,0,1,0,1,0,1,0,1,1,1,0,1,1,0,1,0,0,1,0,0,0,0,1,0,0,0,0,0,0,0
1,0,1,1,1,1,0,0,0,1,1,0,1,0,0,0,0,0,1,0,0,1,0,1,0,1,0,0,0,0,0,0,0,0
1,1,0,1,1,0,0,1,1,0,1,1,1,1,0,1,0,0,0,0,0,1,0,1,0,0,1,0,0,0,0,1,0,0
0,1,1,1,1,1,1,0,0,1,0,1,0,1,0,0,0,0,1,1,0,1,0,1,1,0,0,0,0,1,1,0,0,0
0,1,1,1,1,1,0,0,1,1,1,0,0,1,1,0,0,1,0,0,0,1,0,1,0,0,0,1,0,1,1,1,0,0
1,1,0,0,1,0,1,1,0,0,1,1,1,1,0,1,0,0,0,1,1,0,0,1,1,1,1,0,0,0,1,1,0,0
0,0,1,1,0,0,1,0,1,1,0,1,1,1,1,0,0,0,0,0,0,0,1,0,1,1,1,1,0,1,0,1,0,0
1,1,0,0,0,0,0,1,0,0,1,0,0,1,0,1,0,1,1,1,1,1,1,1,0,1,1,1,0,0,1,0,0,0
1,0,0,1,1,0,1,0,1,0,0,0,1,0,1,1,0,1,0,1,0,1,1,0,1,1,1,0,0,0,0,1,0,0
1,1,0,0,1,0,1,0,1,1,1,0,1,1,1,0,0,0,0,1,1,0,1,1,0,1,0,0,0,1,0,1,0,0
1,1,0,1,0,1,0,1,1,0,0,1,1,0,1,0,1,0,0,0,1,1,0,1,1,0,1,1,0,0,1,1,0,0
1,1,1,1,1,1,1,1,1,0,1,1,0,0,1,1,0,1,0,1,0,0,0,1,0,0,0,1,1,0,1,0,0,0
1,1,0,0,1,1,0,0,1,1,0,1,0,0,1,0,0,0,0,0,0,1,0,1,1,0,0,0,0,1,1,1,0,0
0,0,0,1,1,0,1,1,1,0,1,0,0,0,1,0,0,0,0,1,1,0,0,1,0,0,1,0,1,1,1,1,0,0
1,0,0,1,0,1,1,1,0,0,1,1,0,0,0,0,1,0,0,0,1,0,1,0,1,1,0,0,1,0,0,0,0,0
1,1,0,1,0,0,1,1,0,0,1,0,1,0,0,1,1,0,0,1,0,0,1,1,1,0,0,0,1,0,0,1,0,0
1,1,1,1,1,1,0,1,1,0,1,0,1,0,1,0,0,0,0,1,1,1,0,0,1,1,1,0,0,0,0,0,1,1
0,1,0,1,1,0,0,1,0,1,1,0,1,0,0,1,0,0,0,0,0,1,1,1,1,0,1,0,1,0,0,1,1,1
1,1,1,1,0,1,0,0,0,0,1,0,0,1,1,0,1,0,1,1,1,1,1,0,0,1,1,0,1,1,1,1,0,0
1,0,0,1,1,1,1,1,0,0,1,0,1,0,0,1,0,1,0,0,1,0,0,1,1,1,1,1,1,1,1,0,0,0
1,0,1,1,0,1,0,1,0,1,0,1,1,0,1,0,0,0,0,1,1,1,0,1,0,0,1,0,0,0,0,0,1,1
1,1,1,0,0,1,0,1,0,0,0,1,1,1,1,1,0,0,0,1,1,0,1,0,0,1,1,0,1,0,1,1,0,0
1,0,1,1,0,1,1,1,1,1,0,1,1,1,1,1,1,0,0,0,1,1,1,0,0,0,1,1,1,0,0,0,0,0
0,1,0,1,0,1,1,0,1,1,1,0,0,1,1,0,0,0,0,0,0,1,1,1,0,0,0,0,1,1,0,0,0,0
1,1,1,1,1,1,0,1,0,0,0,1,0,1,1,0,0,1,0,1,1,1,1,1,0,1,1,0,1,1,0,0,0,0
1,0,1,0,0,0,0,0,1,0,1,0,1,0,1,0,0,0,1,1,0,0,1,0,0,0,1,0,0,1,0,0,0,0
1,0,0,0,1,1,0,1,1,0,1,0,1,0,0,1,0,1,0,1,1,1,1,0,0,1,1,0,0,1,0,0,0,0
1,1,1,0,1,0,0,0,0,1,0,1,1,0,1,1,0,1,1,1,1,0,0,0,1,0,0,0,0,0,1,0,0,0
1,1,1,0,0,0,0,0,0,0,1,0,1,1,0,0,1,0,0,0,1,0,0,1,1,1,1,0,0,1,1,0,0,0
1,0,0,0,0,1,1,1,1,1,1,1,0,1,0,0,0,1,1,0,0,0,1,1,1,0,0,0,1,1,0,1,0,0
1,1,1,0,0,1,1,1,0,0,1,1,0,1,1,1,1,0,1,0,0,0,1,1,0,1,1,1,0,1,1,1,1,1
1,0,0,1,1,1,1,0,0,1,1,1,0,0,1,1,1,0,0,1,0,1,1,0,0,0,1,0,1,1,0,1,0,0
0,1,1,0,1,1,0,0,1,1,0,0,1,0,0,1,0,1,1,0,1,1,0,0,0,0,0,0,0,1,0,1,0,0
1,1,1,0,0,0,1,0,0,1,0,1,1,0,1,1,0,0,1,1,1,1,1,1,0,1,1,0,1,0,1,0,0,0
1,1,0,0,1,0,1,0,0,0,0,0,1,1,1,1,1,0,1,1,0,0,1,0,0,1,1,0,1,0,0,1,0,0
1,1,1,1,1,1,1,1,1,0,0,1,1,1,1,0,1,1,0,1,1,0,1,0,1,0,1,1,0,0,0,1,0,0
1,0,1,0,1,0,0,0,1,1,1,1,0,0,0,0,0,0,0,0,1,0,0,0,0,1,0,1,1,0,0,1,0,0
1,1,1,0,1,0,1,1,1,0,0,0,0,0,0,0,1,1,1,0,0,0,0,0,0,0,1,0,0,1,0,1,0,0
0,1,1,0,0,1,0,0,1,1,1,0,0,0,1,1,0,1,0,1,1,0,1,0,1,1,1,0,1,1,0,1,0,0
1,1,0,0,0,0,0,1,1,1,1,0,1,1,1,0,0,1,0,0,0,0,0,0,1,1,1,1,1,0,0,0,0,0
1,1,1,0,1,0,1,0,0,1,0,0,0,1,1,1,0,1,0,1,0,0,1,0,1,0,0,0,0,0,0,1,0,0
1,1,1,0,0,1,1,1,0,0,0,1,0,1,1,1,0,1,1,0,0,1,1,1,0,0,0,1,0,1,1,1,0,0
0,1,0,1,1,1,1,1,0,1,1,0,0,0,0,1,0,1,0,0,1,0,0,1,0,0,1,0,0,0,1,0,0,0
1,1,0,0,1,0,1,1,1,1,1,1,1,0,1,0,0,1,1,1,0,0,0,0,1,0,1,1,1,0,0,1,0,0
1,1,0,0,1,1,1,0,0,1,1,0,0,1,1,1,1,1,0,0,0,1,1,1,1,1,1,0,1,1,0,0,0,0
1,1,1,1,0,0,0,1,0,1,0,0,1,1,0,1,1,0,1,0,0,0,0,1,0,0,1,1,0,0,1,1,0,0
1,0,0,0,0,0,0,0,1,1,1,0,0,0,0,1,0,1,0,1,0,1,0,0,0,1,0,0,1,1,0,1,0,0
1,1,1,1,1,0,1,0,0,0,0,0,1,0,1,1,0,1,0,0,0,1,1,1,0,0,1,0,0,1,0,1,0,0
1,0,1,0,1,1,1,0,1,1,1,1,0,0,1,0,0,1,1,1,0,1,0,1,1,0,0,1,0,0,0,1,0,0
1,0,1,1,1,1,0,0,1,1,1,1,0,0,1,0,0,0,1,1,0,0,0,1,0,0,0,1,0,0,1,1,0,0
1,0,1,0,1,0,0,0,1,1,0,1,1,1,1,1,0,0,1,0,0,0,1,1,1,1,0,0,1,1,1,1,0,0
1,1,1,0,1,1,1,0,1,1,0,1,0,0,0,1,1,1,0,0,0,0,1,1,0,1,0,1,1,0,1,1,0,0
1,0,0,0,1,0,0,0,0,0,1,1,1,1,0,0,0,0,1,0,0,1,1,1,1,1,1,1,0,1,1,0,0,0
1,1,1,1,0,0,1,0,0,0,0,1,0,0,1,1,0,0,1,1,1,1,0,0,0,0,0,1,1,1,0,0,0,0
1,0,0,1,0,1,0,0,0,1,0,0,1,0,0,0,1,0,0,0,1,1,0,0,1,0,0,1,1,1,1,0,0,0
1,1,0,1,1,0,1,1,1,0,1,0,1,1,1,0,0,1,0,1,0,0,0,0,1,1,0,1,1,0,1,1,0,0
1,0,1,0,1,0,1,1,1,0,1,0,0,1,0,0,0,0,0,0,1,0,1,1,0,1,0,1,0,0,1,1,1,1
0,1,1,0,0,1,0,0,1,0,1,1,1,0,0,1,0,0,1,0,0,1,1,1,1,1,1,1,0,1,0,1,0,0
0,1,0,1,1,0,1,1,1,1,1,1,1,0,0,1,0,0,0,0,0,0,1,1,1,1,0,1,1,0,0,0,0,0
1,1,1,0,1,1,1,1,0,0,0,0,0,1,1,1,1,1,0,1,1,0,0,0,0,1,0,1,1,1,0,1,0,0
1,1,1,0,0,1,0,0,1,1,0,0,0,1,0,0,1,0,0,0,1,1,1,0,1,1,0,0,0,0,0,0,0,0
1,1,0,1,1,0,1,0,1,1,0,1,1,0,0,1,0,1,0,1,1,0,1,1,1,0,1,0,0,1,1,1,0,0
1,1,1,0,1,0,1,0,1,0,0,0,1,0,1,1,0,1,1,1,0,1,1,1,1,0,1,0,1,1,1,1,0,0
0,1,1,1,1,0,0,0,0,1,0,0,1,1,0,0,0,0,1,1,0,1,1,1,0,0,1,0,0,1,0,0,0,0
1,1,1,1,1,0,0,0,1,0,1,1,0,1,0,0,0,0,0,0,0,1,0,0,1,0,0,0,1,0,1,1,1,1
0,1,0,0,0,0,0,0,0,0,0,1,0,1,0,1,0,0,1,1,1,1,0,0,1,0,0,0,0,0,1,0,0,0
1,1,0,0,1,1,0,1,1,1,1,0,1,1,0,1,1,0,0,0,1,0,0,0,1,0,1,0,0,1,0,1,0,0
1,0,1,1,1,0,0,0,0,0,0,1,0,1,1,0,0,1,0,0,0,0,1,1,0,1,1,1,0,0,0,0,0,0
1,0,1,1,0,1,0,1,0,0,1,0,1,1,0,1,0,1,1,1,0,0,1,1,0,1,0,0,0,1,1,0,0,0
0,1,0,0,1,0,0,1,0,0,1,0,0,0,1,0,0,0,1,0,1,1,0,1,1,1,1,0,1,0,1,1,1,1
1,1,1,1,0,1,0,1,1,1,0,1,1,0,1,0,1,1,0,0,0,1,0,0,1,1,0,1,1,1,0,0,0,0
1,0,0,1,0,0,1,1,0,1,0,1,0,1,1,0,0,1,1,0,0,1,1,1,1,0,0,1,0,1,1,0,0,0
1,0,0,0,1,1,0,1,1,1,0,1,0,1,0,1,0,0,0,1,0,0,1,1,0,0,0,1,0,0,0,0,1,1
1,1,0,1,1,1,1,0,0,0,0,0,0,1,1,1,1,1,0,1,0,1,1,0,1,0,0,0,0,1,1,0,0,0
1,0,0,0,0,1,1,0,0,1,1,1,1,0,0,0,0,0,1,0,1,0,0,1,0,1,1,1,0,0,0,1,0,0
1,0,1,0,0,1,1,0,0,1,0,1,0,1,0,0,0,1,0,0,1,1,1,1,0,0,1,1,0,0,1,1,0,0
1,0,1,1,0,0,1,0,0,0,1,0,0,1,0,1,1,0,0,1,1,0,1,1,1,0,0,1,1,1,1,1,0,0
1,0,0,0,1,1,1,0,1,1,0,0,0,0,1,0,0,1,0,0,1,1,0,1,1,1,0,0,0,1,1,0,0,0
1,1,0,0,0,1,0,1,1,0,1,1,0,0,1,1,1,0,1,1,0,0,1,1,1,1,0,0,0,1,1,0,0,0
1,0,1,1,0,0,1,0,0,1,1,0,1,1,1,1,0,1,0,1,0,0,0,0,1,0,0,0,1,1,0,1,0,0
1,0,0,1,1,1,1,1,0,0,1,0,0,0,1,0,0,1,0,0,1,1,0,0,0,0,1,1,0,1,0,0,0,0
0,1,1,0,1,1,1,1,1,0,1,0,0,1,1,0,0,1,0,1,0,1,1,0,0,1,1,0,1,1,0,0,0,0
1,1,0,0,1,1,1,1,1,0,0,0,1,1,1,0,0,0,1,0,1,0,0,1,0,0,1,0,1,1,1,1,1,1
0,1,0,1,0,1,0,1,1,0,0,1,1,1,0,1,0,0,1,1,1,1,0,0,1,1,0,0,1,0,1,1,0,0
1,0,0,1,1,1,0,0,1,0,0,0,1,1,0,0,0,0,1,0,1,1,1,0,1,1,1,1,0,1,0,1,1,1
1,1,1,0,0,0,0,1,1,1,1,1,0,0,1,1,0,0,1,0,1,1,1,1,0,1,0,0,0,1,0,0,0,0
1,0,0,1,0,0,1,0,1,0,1,1,1,0,0,0,0,0,0,1,0,1,0,1,0,1,0,0,1,0,1,0,1,1
1,0,1,1,0,1,1,0,1,1,1,1,0,0,1,1,0,0,1,0,0,1,0,1,1,0,1,0,0,1,0,0,0,0
0,1,0,1,0,1,0,1,1,1,1,0,1,0,1,0,0,0,1,1,1,0,0,1,1,1,0,1,0,1,1,1,0,0
1,0,1,1,1,0,1,0,1,1,1,1,1,1,0,1,0,0,0,0,0,0,1,1,1,1,0,0,1,0,1,1,0,0
1,1,1,1,1,0,1,0,0,0,1,0,0,0,0,1,1,1,1,1,0,0,0,1,1,0,1,1,0,1,0,1,0,0
1,1,0,1,1,0,0,0,1,1,0,0,0,0,1,0,1,0,0,1,1,0,1,1,1,1,0,1,1,0,0,1,0,0
1,1,0,0,1,1,1,1,1,0,1,0,1,1,1,0,0,0,0,0,1,1,0,1,0,1,1,0,1,0,1,1,1,1
1,0,0,0,1,1,0,1,1,1,1,1,1,1,0,1,0,1,1,1,0,1,1,0,1,0,1,1,0,0,0,0,0,0
1,1,0,0,1,0,1,0,1,0,1,1,1,0,1,0,0,0,1,1,1,1,1,1,0,0,0,0,0,1,0,0,0,0
1,0,0,1,0,1,0,0,0,0,1,1,1,0,1,1,0,0,1,0,1,0,0,1,0,1,0,1,1,1,0,1,0,0
1,1,1,0,1,1,0,0,1,0,1,0,1,0,0,1,1,0,1,0,1,0,1,0,1,0,0,1,0,0,0,0,0,0
0,1,0,1,1,1,1,0,0,0,0,0,0,1,0,1,0,0,0,1,0,1,0,0,0,1,1,0,0,0,0,0,1,1
1,0,1,1,0,1,1,1,1,1,1,1,1,0,1,0,1,0,0,0,0,1,0,0,0,0,0,1,0,0,0,1,0,0
0,1,1,1,0,1,0,0,0,0,1,0,1,1,0,0,0,0,0,1,1,1,0,1,0,0,0,0,0,0,1,0,1,1
1,1,0,0,0,1,0,0,0,0,1,0,0,0,1,1,0,0,0,1,0,1,0,1,1,1,1,1,0,1,1,1,1,1
1,0,1,1,0,0,0,1,0,1,1,0,1,1,0,1,0,1,1,1,0,0,1,1,1,0,0,0,1,0,0,0,0,0
1,1,0,0,1,0,1,0,0,0,1,0,0,0,1,1,1,0,1,0,0,0,0,0,1,1,0,0,0,0,1,0,0,0
1,0,1,0,1,0,0,0,1,0,1,0,0,1,1,1,0,1,0,1,0,0,0,1,0,0,0,0,1,0,0,1,0,0
1,1,0,1,1,1,0,0,0,0,1,0,0,1,0,0,0,0,1,1,1,1,0,0,1,1,0,1,0,1,0,1,0,0
1,0,0,1,1,0,0,0,1,1,0,0,1,0,1,1,0,0,1,0,0,1,1,1,0,0,0,1,1,0,0,0,0,0
1,0,1,1,1,1,1,1,0,0,1,1,0,0,1,0,0,1,1,0,1,1,0,1,1,1,0,0,0,1,0,0,0,0
0,1,1,0,0,1,1,1,0,1,1,0,0,1,0,1,0,0,0,0,1,1,0,1,0,0,1,1,0,0,0,1,1,1
1,0,0,0,1,0,1,1,1,0,1,1,1,1,1,0,0,0,0,0,1,0,0,1,1,0,0,0,0,1,1,1,0,0
0,1,0,0,1,1,1,0,0,1,1,0,0,1,1,1,0,0,0,0,1,0,0,1,0,0,1,1,1,0,0,1,1,1
1,1,0,0,0,1,0,0,0,0,0,1,0,1,1,1,0,0,0,0,1,0,0,0,1,0,0,1,1,1,1,1,1,1
0,0,1,1,1,0,1,0,0,0,0,0,1,1,1,0,0,0,1,0,1,0,0,1,1,0,1,0,0,0,0,0,1,1
1,0,0,0,0,1,1,1,0,1,1,0,1,1,0,1,0,1,1,0,0,0,1,0,1,1,0,1,0,0,1,0,0,0
1,1,1,0,0,0,1,1,0,1,0,0,1,1,0,1,1,1,0,0,0,0,0,1,1,1,1,0,0,0,0,0,0,0
1,0,0,1,0,0,1,1,0,1,1,1,0,0,1,0,0,1,0,1,0,1,1,1,1,0,1,1,0,1,1,0,0,0
1,1,1,1,1,0,0,0,1,0,0,0,1,0,1,1,1,1,1,0,0,0,1,0,1,0,1,0,0,1,0,0,0,0
1,1,0,1,1,1,1,0,0,1,0,0,1,0,0,0,1,1,0,1,1,1,0,0,1,1,1,0,1,1,0,1,0,0
1,1,0,1,1,0,0,0,0,1,0,0,0,0,0,1,0,1,1,1,1,0,1,0,0,1,1,1,0,0,0,0,0,0
1,1,0,1,1,0,1,1,0,0,1,1,0,0,1,1,0,1,1,1,0,0,1,1,0,1,1,1,0,1,1,0,0,0
1,0,1,1,1,1,0,0,0,0,0,1,1,1,1,0,1,0,0,1,0,0,0,1,0,0,1,1,0,0,1,1,0,0
1,1,0,0,1,1,0,0,1,1,0,0,0,1,0,1,0,0,0,0,1,1,1,1,1,0,0,1,1,1,0,1,1,1
0,1,0,0,0,1,1,0,1,0,1,0,1,0,0,1,0,0,1,0,1,0,1,0,1,0,0,1,0,1,1,1,0,0
0,1,0,1,1,1,1,0,1,1,1,1,0,0,1,0,0,0,1,1,0,0,0,0,1,0,0,0,0,1,0,0,0,0
1,1,1,1,1,0,0,1,0,1,0,1,0,1,1,0,1,1,0,0,1,1,1,1,1,1,1,1,0,1,1,0,0,0
1,1,0,1,0,0,0,1,0,0,1,0,1,1,0,1,1,0,0,0,1,0,0,0,1,1,0,0,1,1,1,1,0,0
1,0,1,0,1,0,0,1,0,0,1,1,0,0,0,1,1,0,0,1,0,1,1,1,1,1,1,1,0,1,0,0,0,0
1,0,1,1,1,0,1,1,1,1,0,0,0,1,0,1,0,0,1,1,0,1,1,0,0,1,0,0,0,1,1,1,0,0
1,0,1,1,1,1,1,1,1,1,1,1,1,0,0,1,0,1,1,1,1,1,0,0,0,1,0,1,1,0,1,0,0,0
1,0,1,1,0,1,1,1,1,1,0,1,1,0,1,0,1,0,0,1,0,0,1,0,0,0,1,0,1,0,0,0,0,0
0,1,1,1,0,1,1,0,1,1,0,0,1,1,0,0,0,0,1,0,0,1,0,0,1,0,1,1,1,0,0,0,0,0
1,0,1,0,0,1,0,0,1,0,1,0,1,1,0,1,0,1,0,1,1,0,1,0,0,0,1,0,0,0,0,1,0,0
1,1,0,0,0,1,0,1,1,1,0,1,1,0,0,0,1,0,1,0,1,0,1,1,0,1,0,1,0,1,0,1,0,0
0,1,1,0,1,1,1,0,0,1,0,1,0,0,0,1,0,0,1,0,1,0,0,0,1,0,1,1,0,1,1,0,1,1
1,0,0,0,1,0,1,1,1,0,1,1,1,1,1,1,0,0,0,1,0,0,1,1,0,0,1,1,1,0,0,0,0,0
1,1,0,0,1,0,0,1,0,0,1,0,1,1,0,1,1,1,0,0,1,0,0,0,0,0,0,1,0,0,1,1,0,0
1,1,1,1,0,1,1,0,1,1,1,1,0,1,0,1,0,1,1,0,1,0,0,0,0,0,1,0,1,1,0,0,0,0
1,0,1,1,0,1,1,0,1,0,0,1,0,0,1,1,0,0,1,0,0,0,0,0,0,1,0,1,0,1,0,1,1,1
1,1,0,1,1,1,1,1,1,1,0,0,0,1,1,1,0,0,0,1,0,0,1,0,1,0,1,1,0,1,1,1,1,1
0,1,1,1,1,0,1,0,0,1,1,0,1,1,0,0,0,0,0,0,1,0,1,0,1,0,1,1,0,1,0,1,1,1
1,0,1,0,0,1,0,0,1,0,1,0,1,1,0,1,0,0,0,1,0,0,1,0,1,1,0,0,1,0,1,0,1,1
1,1,1,0,1,1,0,1,1,0,1,1,0,0,1,1,1,0,1,1,1,0,1,0,0,1,0,0,0,0,0,1,0,0
1,1,1,1,0,0,1,1,0,1,1,0,0,1,0,1,0,0,1,1,0,1,1,1,1,0,1,0,1,1,1,0,0,0
1,1,1,0,1,0,1,0,1,1,0,1,1,1,0,1,0,0,1,1,1,1,1,0,0,0,0,1,0,0,0,1,0,0
1,1,1,1,0,1,0,1,0,0,1,0,0,1,0,0,0,1,1,0,0,1,1,0,1,1,0,0,0,1,0,1,0,0
1,0,1,1,1,1,0,1,0,1,0,1,1,1,0,1,0,1,1,1,1,1,0,0,1,1,1,1,0,1,1,1,0,0
0,1,1,1,1,1,0,1,0,0,1,1,0,1,0,0,0,1,1,0,1,1,1,0,0,1,0,1,1,0,1,0,0,0
1,0,0,0,0,1,1,0,0,1,0,1,1,1,0,1,1,0,0,0,0,1,0,1,1,1,0,1,0,0,0,0,0,0
0,0,1,1,0,1,1,1,1,1,1,0,0,0,0,1,0,0,0,1,0,0,1,0,0,1,0,1,1,0,0,1,0,0
1,0,1,1,0,1,0,1,0,1,0,1,0,0,1,1,0,0,1,0,0,0,1,0,0,0,0,0,0,0,1,1,1,1
1,0,1,1,1,0,0,0,1,1,1,0,1,1,0,1,0,0,0,0,0,1,0,1,1,0,0,0,0,1,1,1,0,0
1,0,0,0,0,0,1,1,1,0,0,1,1,1,0,1,0,1,1,0,0,1,0,0,1,0,0,0,1,0,0,1,0,0
1,0,0,0,1,1,0,0,1,1,1,0,0,1,1,1,0,0,1,1,1,0,1,0,0,0,1,0,0,0,1,0,0,0
0,1,0,1,1,1,1,1,1,1,1,0,0,0,1,0,0,0,0,1,0,1,1,1,1,0,1,1,1,0,1,1,0,0
1,0,0,1,1,0,1,1,1,0,1,1,0,1,1,1,0,1,0,1,0,1,1,0,1,1,1,0,0,1,0,0,0,0
1,1,0,1,1,1,0,1,1,1,0,0,0,0,0,1,1,0,0,1,0,1,1,0,1,0,0,1,1,1,1,1,0,0
1,1,1,1,1,0,0,1,1,1,0,1,1,1,0,0,0,1,0,0,0,0,1,1,1,0,1,1,0,1,1,1,0,0
1,0,0,1,1,0,1,1,0,1,0,0,1,1,0,0,1,0,0,0,1,1,1,1,0,0,0,1,0,1,0,1,0,0
1,1,1,1,1,1,1,1,1,1,0,0,0,0,0,0,1,0,1,1,0,0,1,1,1,0,1,0,0,1,1,0,0,0
1,1,1,0,0,0,0,1,0,0,1,0,1,0,1,0,0,1,0,1,1,1,1,1,1,1,0,0,1,0,0,0,0,0
1,1,1,1,0,1,0,0,0,1,0,0,1,0,1,0,1,1,1,1,0,0,0,1,0,0,1,1,1,0,0,0,0,0
1,0,1,1,1,0,1,0,0,0,0,1,0,1,0,0,1,0,0,1,1,0,0,0,1,1,1,1,0,1,0,0,0,0
1,1,0,1,1,0,1,1,0,1,1,0,0,1,0,1,0,1,0,1,0,0,1,1,0,0,1,0,1,1,1,0,0,0
1,1,0,0,1,1,0,1,1,0,0,0,1,0,1,1,1,0,0,0,1,0,1,0,1,1,1,1,0,0,0,0,0,0
1,1,0,1,1,0,1,0,0,0,0,1,0,0,0,1,1,0,1,1,0,1,0,0,1,1,0,0,1,1,0,0,0,0
1,1,1,0,1,0,0,1,1,1,1,0,0,0,1,1,0,0,1,1,0,0,1,1,1,0,0,1,0,1,0,1,0,0
1,1,0,0,0,1,1,1,1,1,1,0,0,0,0,0,0,0,0,1,0,1,0,0,0,0,1,0,0,0,0,0,1,1
0,0,1,1,1,0,0,0,1,0,0,1,1,1,1,0,0,0,1,1,0,0,1,0,1,1,1,1,1,0,0,0,0,0
1,1,1,1,1,1,1,1,0,1,1,1,0,1,1,1,1,0,1,0,1,0,0,1,1,0,1,1,1,0,1,0,0,0
1,0,0,1,0,1,0,0,0,0,0,1,1,0,0,1,1,0,0,0,1,0,0,1,0,0,1,1,1,1,1,0,0,0
0,0,1,0,1,1,1,1,1,0,1,1,1,0,1,1,0,0,0,0,1,0,0,1,0,1,1,1,0,1,1,0,1,1
1,0,1,0,0,0,0,0,1,0,0,1,1,0,1,1,0,1,1,1,0,0,1,0,1,0,1,1,0,0,0,0,0,0
1,1,1,1,1,1,0,1,0,0,0,0,0,0,1,0,0,1,1,1,0,0,0,0,1,1,1,0,0,0,1,0,0,0
1,1,0,0,0,0,1,1,1,0,0,0,0,0,0,0,0,0,0,0,0,0,0,1,0,0,0,0,1,0,1,0,1,1
1,0,0,0,0,0,1,1,0,1,0,1,0,0,0,0,0,1,0,1,0,1,0,1,0,0,0,0,1,1,0,0,0,0
1,0,1,1,0,0,1,1,0,1,0,1,1,0,1,0,0,1,0,0,1,1,1,0,0,1,1,1,0,1,1,0,0,0
1,1,0,1,1,0,1,1,0,1,0,0,1,1,1,0,1,0,1,0,0,1,0,0,1,1,0,0,1,1,0,0,0,0
1,1,0,1,1,0,0,0,0,0,1,0,1,0,0,0,0,0,1,0,1,0,1,0,1,0,0,1,1,0,0,1,1,1
1,0,0,1,0,0,1,1,0,1,1,0,0,0,0,1,0,1,1,1,0,0,1,0,0,1,0,0,1,0,0,0,0,0
1,1,0,1,1,1,1,0,1,0,0,0,0,0,1,0,1,0,1,1,1,0,0,0,1,0,0,1,1,1,0,0,0,0
1,0,0,0,0,1,1,0,0,1,0,0,1,1,1,1,0,0,1,0,1,0,0,0,0,0,1,1,1,0,1,1,0,0
1,0,1,1,0,0,1,0,0,1,0,1,1,1,1,0,0,1,1,1,0,1,0,1,1,1,0,0,1,1,0,0,0,0
0,1,1,0,1,0,1,0,0,1,1,0,0,0,1,1,0,0,1,1,1,1,0,0,1,0,1,1,0,1,0,1,0,0
1,0,1,0,1,0,1,1,1,1,1,0,1,1,0,0,0,1,1,0,1,0,0,1,0,0,0,0,1,1,0,0,0,0
1,1,1,0,0,1,1,0,1,1,0,0,0,1,0,1,1,0,1,1,1,0,0,0,1,1,1,1,0,0,0,0,0,0
0,1,0,1,1,0,1,0,1,0,0,0,1,0,0,0,0,1,0,1,0,0,0,1,0,1,1,0,0,1,1,0,0,0
1,1,0,1,0,0,0,1,1,1,1,1,1,1,1,1,1,0,1,1,0,0,1,0,1,1,1,0,1,1,1,0,0,0
1,1,1,0,1,1,0,1,0,0,1,0,1,1,0,0,0,1,1,1,1,0,0,0,0,1,0,0,1,0,1,1,0,0
0,1,0,0,1,0,0,0,0,1,1,0,1,1,0,1,0,0,0,1,1,1,0,1,1,1,0,0,0,0,1,0,0,0
1,0,1,1,0,0,1,0,1,0,1,0,0,0,0,1,0,1,0,0,0,1,1,0,0,1,1,1,1,1,0,1,0,0
1,1,1,0,0,0,0,1,1,1,0,0,0,0,0,0,0,0,0,1,1,1,1,0,1,0,1,0,0,1,0,1,1,1
1,1,0,1,1,0,0,0,0,1,1,1,0,0,0,1,0,1,1,1,0,0,0,1,0,0,1,0,0,0,1,1,0,0
0,1,0,0,1,1,1,1,0,0,0,0,1,0,1,0,0,0,0,1,0,0,0,1,0,0,1,1,1,1,0,1,1,1
1,0,1,1,0,1,0,0,0,0,1,1,0,0,1,0,1,0,1,0,1,1,0,0,0,0,0,0,0,1,1,0,0,0
1,1,1,1,0,1,1,1,1,1,1,0,0,1,0,1,0,1,0,0,1,1,0,0,1,0,1,0,0,0,1,0,0,0
1,0,0,0,1,1,0,0,0,1,1,1,0,0,0,0,0,1,0,1,1,1,0,1,1,1,1,1,1,0,1,1,0,0
1,0,0,0,0,0,0,0,0,0,0,0,0,0,1,1,0,1,0,0,0,0,0,0,1,1,1,0,0,0,1,1,0,0
1,0,1,0,1,0,1,1,0,1,1,0,0,1,1,0,0,1,1,0,1,0,1,0,0,0,0,1,0,1,0,0,0,0
1,0,1,1,0,0,1,1,1,0,0,1,1,0,1,0,0,1,1,1,1,0,1,1,1,0,1,0,1,1,1,0,0,0
1,1,0,1,0,1,1,1,0,1,0,1,0,1,1,1,1,1,0,0,0,1,0,0,0,0,1,0,1,0,1,1,0,0
0,0,1,0,0,0,0,1,0,1,1,0,1,1,0,1,0,0,1,0,0,0,0,1,0,1,0,1,1,1,0,0,0,0
1,0,0,1,0,0,0,0,1,0,0,0,1,1,1,1,0,1,0,1,0,1,1,1,1,1,1,1,0,1,1,0,0,0
1,0,1,1,0,1,1,0,0,1,0,0,0,1,0,0,0,1,0,1,0,0,0,1,1,0,0,1,0,1,0,0,0,0
1,1,1,0,0,0,1,0,0,1,1,1,0,0,1,1,0,1,0,1,1,1,1,0,1,0,0,0,1,0,1,0,0,0
1,0,1,0,0,0,0,0,1,0,1,0,0,0,0,1,0,1,0,1,1,0,0,0,0,0,1,1,1,0,1,1,0,0
1,1,1,0,0,1,1,1,0,1,0,1,0,0,1,1,0,1,1,1,1,1,1,1,0,1,0,0,1,1,0,0,0,0
1,0,1,0,1,1,1,0,0,0,0,1,0,1,0,1,0,0,0,1,0,1,1,0,1,1,1,0,0,0,1,1,1,1
1,1,0,1,1,0,0,0,0,0,1,1,1,0,1,1,1,0,1,0,0,1,1,1,1,0,1,1,1,0,0,1,0,0
1,0,0,1,0,0,0,0,1,0,1,1,0,0,1,0,0,1,1,0,0,1,1,1,0,1,0,0,0,1,0,0,0,0
0,1,1,1,1,0,1,1,0,0,1,0,1,0,1,0,0,1,1,0,1,1,0,1,0,0,0,1,1,1,0,1,0,0
0,0,1,1,1,1,1,0,1,0,0,0,1,0,1,0,0,0,1,0,1,1,0,1,0,1,0,0,1,1,0,1,1,1
1,0,0,0,1,1,0,0,1,1,1,1,0,0,1,1,0,1,0,1,1,0,0,1,1,0,0,1,0,0,1,1,0,0
1,1,1,0,0,0,0,1,1,0,0,1,1,1,1,0,1,1,1,0,0,0,0,1,1,0,0,1,1,0,1,0,0,0
1,0,1,1,0,0,1,0,1,1,1,1,0,1,0,1,0,0,1,0,0,0,0,0,0,0,1,0,1,0,0,0,0,0
1,1,1,1,0,1,0,0,0,1,1,0,0,0,1,1,1,0,1,0,0,1,0,1,1,0,0,1,1,0,1,0,0,0
1,1,0,1,0,0,0,0,1,1,0,1,1,1,0,1,0,0,1,0,1,0,1,0,0,1,1,1,0,0,1,0,0,0
1,0,0,1,1,0,0,0,0,1,0,1,1,1,0,0,0,1,1,1,0,1,0,0,1,0,1,1,1,1,0,0,0,0
1,0,0,0,1,0,0,0,0,0,1,1,0,0,0,1,0,0,0,0,1,1,1,0,0,1,1,1,1,0,0,0,1,1
1,1,0,1,1,0,1,0,0,1,1,1,0,1,1,1,1,0,0,0,0,1,1,1,1,0,1,0,1,1,0,1,0,0
0,1,1,1,0,1,0,0,0,1,0,0,1,1,1,0,0,1,1,0,0,1,1,0,0,0,0,0,0,1,1,0,0,0
1,1,1,1,0,0,0,0,1,0,1,1,1,1,0,1,1,1,1,0,1,0,1,0,1,1,1,1,0,1,0,1,0,0
1,0,1,0,1,1,1,0,1,1,1,1,1,0,0,0,0,1,0,1,1,0,0,0,0,0,1,1,1,1,1,1,0,0
1,0,0,1,0,0,0,1,0,1,0,1,1,1,1,0,0,1,1,1,1,1,0,0,1,1,0,1,0,1,0,0,0,0
1,1,1,0,0,0,0,0,1,0,1,0,0,0,0,1,1,1,0,1,1,0,0,0,1,0,1,1,1,0,0,1,0,0
1,0,1,1,0,0,1,0,0,1,0,0,0,0,0,0,0,0,0,1,0,1,1,1,1,1,0,0,0,0,0,1,1,1
1,0,1,1,1,0,1,0,0,1,1,0,0,0,0,0,1,0,0,0,0,1,1,0,0,1,0,1,0,1,1,0,0,0
1,1,0,1,1,0,0,1,0,1,1,1,0,0,0,0,1,1,0,0,1,1,1,1,1,0,1,0,0,0,1,1,0,0
1,1,1,0,0,0,1,0,0,1,0,0,0,0,1,1,0,1,0,0,1,0,0,1,1,0,0,1,1,1,1,0,0,0
1,1,1,1,1,1,1,0,0,1,0,1,0,1,0,0,1,0,1,0,0,1,1,1,1,0,1,0,1,1,1,0,0,0
0,1,0,0,0,1,0,1,0,0,0,0,0,1,0,0,0,0,0,1,0,0,1,0,1,1,1,0,1,0,0,0,0,0
1,0,1,0,1,0,0,1,0,0,1,0,1,0,1,1,0,1,1,1,1,0,1,1,0,1,0,1,1,1,0,0,0,0
1,1,1,0,0,1,1,0,1,0,0,0,1,0,1,0,1,0,1,0,0,1,1,0,0,0,0,0,1,1,1,0,0,0
1,1,1,1,0,1,1,1,1,0,0,0,1,0,1,1,1,0,0,1,0,1,0,0,1,1,0,1,0,0,1,1,0,0
0,1,1,0,0,1,1,0,1,1,0,0,0,0,0,1,0,1,0,1,0,1,0,1,0,1,1,0,0,1,1,0,0,0
0,1,1,0,1,0,1,0,0,0,0,1,0,0,0,1,0,0,0,1,1,1,0,0,1,0,0,1,0,1,1,0,1,1
1,0,0,0,0,0,0,0,1,1,1,1,0,1,0,0,0,0,1,1,1,0,0,1,0,0,0,0,1,0,0,0,0,0
1,1,0,0,1,0,1,1,0,0,0,0,1,0,1,0,0,1,0,1,0,1,0,1,1,0,1,1,1,1,1,0,0,0
0,1,1,1,1,0,1,1,0,0,0,0,0,1,0,1,0,1,1,0,1,1,0,1,1,0,1,0,1,0,1,1,0,0
1,1,1,0,0,0,1,0,0,0,1,0,1,1,0,1,1,1,0,0,0,0,1,1,1,1,1,1,0,0,1,0,0,0
1,0,0,1,0,0,1,1,1,0,1,0,0,1,1,0,0,1,0,0,0,1,1,1,1,0,0,1,1,0,0,1,0,0
0,1,1,0,0,1,0,0,0,1,1,0,1,0,1,1,0,1,0,1,0,0,0,1,1,0,1,1,0,1,0,1,0,0
1,1,0,0,0,0,0,1,1,1,1,0,1,1,0,0,0,1,1,0,1,0,0,1,1,1,1,1,0,0,0,0,0,0
1,1,0,0,0,1,0,1,0,1,0,1,0,1,0,0,1,1,0,0,0,0,1,0,1,1,1,0,1,0,0,1,0,0
1,1,1,0,0,1,0,1,1,1,1,1,0,0,1,1,0,0,1,1,0,1,0,0,1,1,0,0,1,1,0,0,0,0
1,1,1,1,0,0,1,1,0,1,0,1,0,1,1,1,1,0,0,1,1,1,1,0,1,0,1,1,1,0,1,0,0,0
1,1,0,1,1,0,1,1,0,1,1,0,0,1,0,1,1,0,1,0,1,1,0,0,0,0,0,1,1,0,0,0,0,0
1,1,0,0,0,0,0,1,0,0,0,0,1,1,0,0,0,1,1,1,1,0,1,1,1,1,1,1,1,1,0,0,0,0
1,1,0,1,1,0,0,0,0,0,0,1,0,0,0,1,1,0,0,0,0,1,1,1,1,1,1,1,0,0,0,0,0,0
1,1,1,1,0,0,0,0,1,1,0,1,0,1,0,1,0,0,1,1,0,0,0,0,1,1,1,0,0,0,1,1,0,0
1,0,0,0,1,1,1,1,1,1,1,1,1,0,0,0,0,1,1,1,0,0,0,0,1,1,1,0,0,1,1,0,0,0
1,1,0,1,1,0,1,1,1,0,1,1,1,0,0,0,1,0,0,1,1,0,1,1,1,0,0,1,1,1,1,1,0,0
1,0,0,1,0,1,0,0,1,1,1,1,0,1,1,1,0,1,1,1,1,0,0,0,0,0,0,1,1,1,0,1,0,0
1,1,0,0,1,0,1,0,0,0,0,1,1,1,0,0,1,0,0,0,1,0,1,0,1,1,1,1,1,0,0,0,0,0
1,0,0,0,0,1,1,0,1,1,1,0,1,1,1,0,0,1,1,0,0,1,0,0,0,1,1,1,0,1,1,0,0,0
1,1,0,1,1,1,0,0,1,0,1,0,1,0,0,0,0,0,1,1,1,1,1,0,0,0,0,0,1,0,1,0,0,0
1,0,0,1,0,1,0,0,0,0,0,0,0,0,1,1,1,0,0,0,0,0,1,0,1,0,1,1,0,1,0,0,0,0
1,1,1,0,0,1,0,0,0,1,1,0,0,1,0,1,1,1,0,1,0,0,1,1,0,0,0,0,0,0,1,0,0,0
1,1,1,0,1,0,0,1,1,1,1,0,1,0,0,1,0,1,0,1,0,1,0,0,1,0,0,1,0,1,1,1,0,0
1,0,0,1,0,1,0,0,0,0,0,0,1,0,1,0,0,0,1,0,0,1,1,0,1,0,0,0,0,1,0,0,1,1
1,1,1,0,0,0,0,1,0,0,1,1,1,1,0,0,0,0,1,0,0,1,0,0,1,0,1,1,0,1,1,0,0,0
1,0,1,1,0,1,0,0,1,0,0,1,1,1,0,1,1,0,0,1,1,0,0,1,0,1,0,1,0,1,1,1,0,0
1,1,1,0,0,0,0,0,1,1,0,1,0,0,1,1,1,0,0,1,1,1,1,0,1,1,0,0,0,1,0,1,0,0
1,1,0,0,0,1,1,1,1,1,1,1,0,0,0,1,0,0,0,1,0,0,1,1,0,1,1,1,0,0,1,1,0,0
1,0,1,0,0,1,0,1,1,1,0,1,0,0,0,0,1,0,0,0,0,0,0,1,1,1,1,1,0,0,0,1,0,0
1,1,1,1,0,1,1,0,1,0,1,1,1,1,1,0,1,0,1,0,0,0,0,1,1,0,0,0,0,1,1,1,0,0
1,1,0,1,0,1,0,1,1,1,1,1,0,1,0,0,0,0,0,0,0,1,1,0,1,0,1,1,1,1,1,0,0,0
1,1,1,1,1,0,0,0,1,0,0,1,1,1,1,0,0,0,1,0,0,1,1,0,0,0,1,1,0,1,1,1,0,0
1,1,1,1,1,0,0,1,1,0,0,0,0,0,0,1,1,1,0,0,1,1,1,0,1,1,0,1,0,0,1,1,0,0
1,1,0,1,1,0,0,0,0,1,1,1,1,1,1,1,0,0,1,0,0,0,0,0,0,1,0,1,0,1,1,0,0,0
1,0,1,1,1,0,1,0,1,1,0,0,0,0,1,0,0,1,1,1,1,0,0,0,1,0,1,1,1,1,0,0,0,0
1,1,0,1,0,0,0,1,1,0,0,1,1,0,0,1,1,0,1,1,1,0,1,1,1,1,0,0,0,0,0,1,0,0
1,0,0,1,1,1,1,1,1,0,1,1,0,0,1,0,0,0,1,0,0,1,1,1,1,1,0,0,1,0,1,0,0,0
1,1,0,1,1,0,0,0,1,0,1,1,1,1,0,1,0,0,1,1,1,0,0,1,0,1,1,1,1,0,1,1,0,0
0,1,1,1,0,1,0,0,1,1,0,0,1,0,1,0,0,0,0,0,0,1,1,1,0,1,1,1,1,0,1,0,1,1
1,1,1,1,0,0,1,0,0,0,1,0,0,0,1,1,0,1,0,1,1,1,1,1,1,1,0,1,0,1,0,1,0,0
1,1,1,1,1,0,0,1,0,1,0,0,1,1,1,1,1,0,1,1,1,1,1,0,0,0,0,1,1,1,1,0,0,0
1,0,0,1,1,1,1,1,1,1,1,0,0,0,0,0,0,1,0,0,0,0,0,1,1,1,0,0,0,0,0,0,0,0
1,0,0,0,1,0,1,0,1,1,1,1,0,1,0,0,0,1,0,1,1,1,0,1,1,0,0,0,1,0,0,1,0,0
1,1,0,0,0,0,1,1,1,0,1,1,1,1,1,0,1,0,0,0,0,1,0,0,1,0,1,1,0,1,0,0,0,0
1,1,0,1,1,0,1,1,1,1,0,1,1,0,0,0,1,0,0,1,1,1,1,0,0,0,1,0,1,1,0,0,0,0
1,0,0,1,1,1,0,1,1,1,0,1,0,0,0,0,0,0,0,1,0,0,1,0,1,0,0,1,1,0,1,0,0,0
1,0,0,0,1,1,1,1,1,0,0,0,0,1,1,0,0,0,1,0,0,1,0,1,0,0,0,0,0,1,0,1,1,1
1,1,0,1,1,0,0,1,0,0,0,0,1,0,0,1,0,0,1,0,0,0,0,0,0,1,1,1,1,0,0,1,1,1
0,0,1,1,0,0,0,1,1,0,0,1,0,0,0,1,0,0,0,0,0,0,1,0,1,1,0,1,1,0,1,1,0,0
0,0,1,1,1,0,1,1,0,0,0,1,0,1,1,0,0,0,0,1,1,0,1,1,1,1,0,1,1,1,1,0,1,1
1,0,1,1,0,1,0,1,1,1,1,0,0,1,1,1,0,1,0,1,1,0,0,0,0,1,0,0,0,0,0,0,0,0
1,0,0,0,0,0,0,1,0,0,0,1,1,1,1,0,0,0,0,1,0,0,0,0,0,1,1,0,0,0,1,1,1,1
0,1,1,0,0,1,1,0,1,1,1,0,0,1,1,0,0,0,0,0,0,1,1,0,0,1,0,0,0,0,1,1,0,0
0,1,1,0,0,1,1,0,1,0,0,0,0,0,1,1,0,0,1,1,1,0,1,0,0,0,0,0,0,1,1,1,0,0
0,1,1,1,1,0,1,0,1,1,0,0,1,0,0,0,0,1,0,1,0,1,1,0,1,0,1,1,0,0,0,1,0,0
1,1,1,1,1,1,0,1,0,1,0,1,0,1,0,0,0,1,1,0,1,0,0,0,0,1,0,0,1,0,1,0,0,0
1,0,1,1,0,0,0,1,1,0,0,1,0,1,0,1,1,0,0,0,1,1,0,1,0,1,0,0,1,1,0,0,0,0
0,1,0,1,1,1,0,0,0,1,1,0,1,1,1,1,0,1,0,0,1,1,0,0,0,0,1,1,1,1,1,1,0,0
0,1,0,1,0,0,1,1,1,0,0,1,1,0,1,1,0,0,0,0,0,1,0,1,0,1,0,1,1,0,0,0,1,1
1,0,0,1,0,1,1,0,0,0,0,0,0,1,1,1,0,1,0,1,0,1,1,1,1,0,0,1,0,0,1,0,0,0
1,1,0,0,0,1,0,1,1,1,1,0,0,0,1,0,1,0,1,1,1,1,0,0,1,0,0,1,1,1,0,1,0,0
1,0,1,0,0,1,1,1,0,1,0,1,1,0,1,1,0,0,0,1,1,1,1,0,0,1,1,0,1,0,1,0,0,0
1,1,1,0,0,0,0,0,0,0,1,0,1,1,0,1,0,0,1,0,0,1,0,0,1,0,0,1,1,1,0,0,1,1
1,1,1,1,1,0,1,0,1,1,1,1,1,1,1,1,1,0,1,1,1,0,0,1,1,0,0,0,1,0,0,1,0,0
1,1,1,1,0,1,1,1,1,1,1,1,1,1,1,0,1,0,1,1,1,1,1,0,1,0,1,0,0,0,0,1,0,0
1,1,1,1,0,0,0,1,0,1,1,0,1,1,1,1,1,0,1,1,1,0,1,0,1,1,0,1,0,0,1,1,0,0
1,0,1,0,1,1,0,1,0,0,0,1,1,1,1,0,1,0,1,0,1,0,1,0,0,1,0,0,1,0,1,0,0,0
1,1,1,0,1,1,1,1,0,1,0,1,1,1,1,0,0,1,0,0,0,0,0,0,1,0,1,1,0,1,1,0,0,0
1,0,1,1,0,1,0,0,0,1,0,0,1,1,1,0,1,0,0,0,1,0,0,0,1,0,0,1,1,1,0,0,0,0
1,0,1,1,0,1,1,0,0,0,0,0,0,1,1,0,1,0,0,0,0,0,0,0,1,1,1,1,0,0,1,0,0,0
0,1,1,0,1,0,1,0,0,0,1,0,1,1,1,0,0,1,1,0,0,0,0,0,0,0,1,0,0,1,0,1,0,0
1,0,1,1,1,1,1,0,1,1,0,1,1,0,0,1,1,0,0,0,0,1,0,0,1,1,0,1,0,1,1,1,0,0
0,1,1,1,1,0,0,0,1,1,0,0,1,1,1,0,0,1,0,1,1,1,0,0,1,1,0,0,1,0,0,1,0,0
1,1,0,1,1,1,0,0,0,1,1,0,1,1,1,1,0,1,0,1,1,1,1,1,0,0,0,0,1,1,1,0,0,0
1,1,0,1,1,0,1,0,0,1,1,1,0,1,1,1,0,0,0,1,0,1,0,0,0,1,1,1,1,1,0,0,0,0
0,0,0,0,1,0,1,1,1,1,1,0,0,0,1,1,0,0,0,0,0,0,1,1,0,0,1,0,0,1,0,0,0,0
1,0,1,0,0,0,1,1,0,0,0,1,1,0,0,1,1,0,0,1,1,1,1,1,1,0,1,1,1,1,0,1,0,0
1,1,0,1,1,0,1,0,1,0,1,0,0,1,0,0,0,1,1,1,1,0,0,1,0,1,0,0,1,0,1,0,0,0
1,0,0,1,0,0,1,0,1,1,1,1,0,1,1,0,1,0,0,0,0,1,0,1,0,1,1,1,0,1,0,0,0,0
1,0,1,0,1,0,0,0,0,1,0,0,0,1,0,1,0,0,1,0,1,0,0,0,1,0,1,1,0,1,0,1,1,1
1,1,0,1,1,1,0,1,0,1,1,0,1,1,0,0,0,0,0,1,0,0,0,1,0,1,1,1,0,1,0,1,1,1
1,0,1,1,0,1,0,1,0,1,0,0,0,0,0,0,0,1,0,0,1,1,1,1,1,0,1,0,0,0,0,1,0,0
1,1,1,0,1,0,0,1,1,0,0,0,1,1,1,0,1,0,0,0,1,1,0,1,0,0,1,0,1,1,0,1,0,0
0,0,1,1,1,0,0,0,0,0,0,0,1,1,0,1,0,0,0,1,0,0,1,0,1,1,0,1,1,1,0,1,0,0
0,1,1,0,0,1,0,0,1,1,0,1,1,0,0,1,0,1,1,0,0,0,1,1,1,1,1,0,1,1,1,0,0,0
1,1,1,1,1,1,0,1,1,1,0,1,1,0,1,1,0,0,1,1,0,1,1,1,0,0,0,1,1,0,0,0,0,0
0,0,1,1,0,0,0,1,0,1,0,1,0,1,0,1,0,0,0,0,1,1,1,1,0,1,1,1,1,0,0,1,1,1
1,1,1,0,1,0,0,1,0,1,1,0,1,1,1,0,1,1,0,0,1,1,0,1,1,1,0,0,1,0,0,1,0,0
1,1,0,1,0,1,0,1,1,0,0,1,1,0,1,0,1,1,0,1,0,0,1,1,1,0,0,1,0,0,0,1,0,0
1,1,0,1,0,1,0,1,1,0,0,0,1,0,1,1,1,0,0,0,1,0,0,1,0,1,0,1,0,0,1,0,0,0
1,1,0,1,1,1,0,0,0,0,1,0,1,0,1,1,0,1,1,0,0,0,1,1,1,1,0,1,1,0,1,1,0,0
0,1,1,0,0,1,0,0,1,0,1,0,1,0,0,0,0,0,1,0,0,1,0,0,0,1,1,1,0,0,0,1,1,1
1,1,1,0,1,1,1,0,0,0,0,1,0,1,1,1,1,0,1,1,1,0,0,0,0,1,0,0,0,1,1,0,0,0
0,1,1,0,0,0,0,1,0,0,1,1,0,1,0,1,0,1,0,1,1,1,1,1,1,0,1,1,0,0,0,0,0,0
1,0,1,0,1,1,1,0,0,1,1,0,0,0,0,0,0,1,1,0,0,0,0,1,0,1,1,1,0,0,1,0,0,0
1,1,1,1,0,0,0,1,1,0,1,0,1,1,1,1,0,0,1,0,0,0,1,1,1,0,0,1,1,1,0,0,0,0
0,1,0,1,1,0,0,1,1,0,0,0,0,1,1,1,0,1,0,1,0,1,1,1,0,1,1,0,1,1,0,1,0,0
1,1,1,1,1,0,1,1,0,0,0,0,0,0,0,1,0,1,1,1,1,1,1,1,0,1,1,0,1,1,0,0,0,0
1,1,1,0,1,0,0,1,0,0,1,1,1,0,1,0,0,0,0,0,1,0,0,0,0,1,1,0,0,1,1,1,1,1
1,0,1,1,0,0,1,1,0,0,1,1,0,1,0,0,1,0,1,0,1,0,1,1,0,1,1,1,0,1,0,0,0,0
1,1,1,0,1,1,0,1,1,1,0,1,0,1,1,1,1,0,0,1,0,0,1,1,0,1,0,0,0,0,0,1,0,0
1,1,0,1,0,1,0,1,0,0,0,0,1,0,0,1,0,1,1,1,0,0,1,0,0,1,1,1,0,0,0,0,0,0
1,0,1,1,0,0,0,1,1,1,1,0,1,1,0,1,1,0,0,0,0,0,1,1,1,1,0,1,1,0,1,0,0,0
1,0,0,1,0,0,0,0,1,1,0,0,1,0,1,0,0,0,0,0,0,1,0,0,1,0,1,0,1,1,1,1,1,1
0,1,0,1,1,1,1,1,1,1,1,0,1,1,0,1,0,0,1,1,0,1,1,0,0,0,0,1,0,0,1,1,0,0
1,1,1,0,0,0,1,1,1,0,0,1,0,0,0,1,0,1,0,0,1,0,1,0,0,0,1,1,0,1,0,1,0,0
1,1,1,0,1,0,1,0,1,1,0,1,1,0,1,1,0,1,0,0,0,1,0,0,0,1,0,1,1,0,0,1,0,0
1,1,1,0,1,1,0,1,0,0,1,1,0,0,0,0,0,0,0,0,0,0,1,0,1,0,0,1,0,0,0,1,1,1
1,0,1,0,1,1,0,1,1,0,0,0,0,0,0,1,0,1,0,0,0,1,0,0,0,1,0,0,1,1,1,1,0,0
1,1,0,0,1,0,0,0,1,0,0,0,0,0,1,0,1,0,1,0,0,1,1,0,0,0,0,0,1,0,1,0,0,0
1,1,1,0,1,0,0,1,0,0,0,1,0,0,1,1,0,0,0,0,0,1,1,0,0,1,0,0,1,0,0,0,1,1
0,1,1,1,1,0,1,1,0,0,1,1,1,0,0,1,0,0,1,0,0,0,0,0,1,1,0,0,1,0,0,1,0,0
1,1,0,1,1,0,0,0,0,1,0,0,1,1,1,1,1,0,0,1,0,1,1,1,1,0,1,1,0,1,0,1,0,0
1,0,1,0,1,0,1,0,1,0,1,0,0,0,1,1,0,0,1,1,1,0,0,0,0,1,1,1,0,0,1,1,0,0
0,1,0,1,0,0,1,1,1,1,1,1,1,0,1,1,0,1,0,0,0,1,1,0,0,0,0,1,1,1,0,1,0,0
1,1,1,1,0,0,1,0,0,1,0,1,1,0,0,1,0,1,0,0,1,1,1,1,0,0,1,0,1,0,1,0,0,0
1,0,1,0,0,0,0,0,1,0,0,1,0,1,1,0,0,1,1,1,1,1,1,0,0,0,0,0,1,0,1,0,0,0
1,0,1,0,1,0,0,1,1,0,1,1,0,0,0,1,1,0,0,0,0,1,0,0,0,1,1,0,1,1,0,0,0,0
1,1,1,1,1,0,0,1,1,1,1,0,0,0,1,1,1,1,1,0,0,0,1,1,1,0,1,1,1,0,0,0,0,0
1,0,1,0,1,1,0,0,1,0,0,0,1,1,1,1,1,0,0,1,0,1,1,1,1,1,0,1,0,1,0,1,0,0
1,0,1,0,1,0,1,0,1,0,0,1,0,0,1,1,0,1,1,1,0,1,1,1,1,1,0,1,0,1,1,0,0,0
1,1,0,0,0,1,0,1,1,0,1,1,1,1,1,1,1,1,0,0,0,0,0,0,0,1,0,0,0,0,1,1,0,0
1,1,0,0,1,0,1,1,1,0,1,1,1,1,0,0,0,1,0,1,0,1,1,0,1,0,1,0,0,0,1,0,0,0
1,1,0,0,1,1,0,0,0,1,1,1,1,0,1,1,0,0,0,0,0,1,0,1,0,0,0,0,0,0,1,0,0,0
1,1,1,0,1,1,1,0,0,1,0,1,1,1,0,1,0,0,0,0,0,0,1,0,1,1,1,1,1,1,0,0,1,1
0,1,1,1,1,1,1,1,1,1,0,1,0,0,0,0,0,1,0,1,0,0,0,1,0,1,0,1,0,0,0,0,0,0
1,1,0,1,1,0,1,1,1,1,0,1,1,1,0,1,0,0,0,0,1,0,1,0,1,0,0,0,0,0,1,1,1,1
1,1,1,0,1,1,1,1,0,0,1,0,0,1,1,1,0,0,0,1,0,0,1,0,1,0,1,0,1,0,1,0,1,1
1,0,0,1,1,1,0,0,0,1,1,1,1,1,0,0,0,1,1,0,1,0,0,0,1,1,1,1,0,1,1,0,0,0
1,1,1,1,1,0,0,1,0,1,1,0,0,0,0,1,0,0,0,1,0,0,0,0,0,0,0,0,1,1,0,0,1,1
1,1,0,1,0,0,1,1,0,0,0,1,1,0,1,1,0,0,0,0,1,1,1,0,1,0,1,0,1,1,0,0,1,1
0,1,0,1,1,1,0,1,0,1,0,0,1,1,0,0,0,0,0,1,1,1,0,0,0,0,0,0,1,0,1,1,1,1
0,1,1,1,0,0,0,1,0,0,0,1,1,0,0,1,0,0,1,0,1,0,1,0,0,0,1,0,0,1,0,0,1,1
1,0,0,0,1,1,1,0,1,0,1,1,0,0,0,0,0,0,0,0,0,1,1,0,1,1,0,0,0,1,1,1,1,1
0,1,0,0,0,1,0,0,0,1,0,1,0,0,0,1,0,1,0,0,0,0,0,1,1,1,1,0,0,1,1,1,0,0
0,1,0,0,1,0,0,1,1,1,0,0,0,1,1,0,0,0,1,0,1,0,1,1,1,1,0,1,0,0,0,1,0,0
0,1,0,0,1,0,1,1,1,0,1,1,0,0,1,1,0,0,0,0,1,0,0,0,1,0,0,1,1,0,1,1,1,1
1,0,0,0,1,1,1,1,1,0,1,0,1,0,0,1,0,0,1,0,0,1,0,0,1,0,0,1,1,0,0,1,0,0
0,1,1,0,1,1,0,0,1,0,0,1,0,1,1,0,0,0,0,1,0,1,0,0,1,1,0,1,0,1,1,1,1,1
1,1,0,1,1,1,1,1,0,0,1,1,0,0,1,1,1,0,0,0,0,0,1,1,0,0,0,1,1,0,1,1,0,0
1,0,0,0,0,1,0,0,1,1,1,0,1,1,0,1,0,1,1,1,0,0,0,0,1,1,1,1,0,1,1,0,0,0
1,1,1,0,0,1,0,1,0,1,0,0,1,1,0,1,0,0,0,1,0,0,0,0,0,0,1,1,1,1,1,1,1,1
1,0,0,0,1,1,0,1,0,1,0,0,1,1,1,0,0,0,1,1,0,0,0,0,0,0,1,1,1,1,1,0,0,0
1,0,0,0,1,1,0,0,0,1,0,1,1,1,0,0,0,1,1,1,0,1,0,0,1,0,1,0,0,0,0,0,0,0
1,1,0,0,0,0,0,1,1,1,1,0,1,0,1,1,0,1,0,0,0,0,0,0,0,1,1,1,0,0,0,1,0,0
1,0,1,0,1,0,1,1,0,0,1,1,1,0,1,0,0,0,0,1,1,0,1,1,0,1,0,0,0,1,0,1,0,0
1,0,0,1,1,1,0,1,0,1,1,0,1,0,1,1,0,0,1,0,1,0,1,1,1,1,1,1,1,0,1,0,0,0
1,1,0,1,1,1,1,1,1,1,0,1,0,1,0,1,1,1,0,0,0,1,0,0,1,0,1,0,0,0,0,0,0,0
1,1,0,1,0,0,0,0,1,1,0,1,0,0,0,0,1,0,1,1,0,1,0,0,0,1,0,0,1,0,1,1,0,0
0,0,1,1,1,1,1,0,1,0,0,1,0,0,1,1,0,0,0,1,0,1,1,1,1,1,1,0,0,0,1,0,1,1
1,0,0,1,1,1,1,0,1,0,1,0,1,1,0,1,1,0,0,0,1,1,1,0,1,0,0,1,1,1,0,0,0,0
1,1,1,0,1,1,0,0,1,0,0,0,0,0,1,1,0,1,0,1,0,1,1,1,1,0,0,1,0,1,0,0,0,0
1,0,1,1,1,0,0,0,1,0,0,1,1,0,1,1,0,1,1,0,1,1,0,1,1,1,0,0,1,1,0,0,0,0
1,0,1,1,0,0,0,1,0,0,0,1,0,0,0,1,1,0,1,0,0,1,0,0,0,1,1,1,1,1,1,1,0,0
1,0,1,1,1,1,1,0,1,0,0,1,0,1,1,1,1,0,1,1,0,1,0,1,0,1,0,0,0,1,0,0,0,0
1,1,1,0,0,1,0,0,0,1,0,1,0,0,1,0,0,1,0,1,1,1,0,1,0,1,0,0,0,1,0,0,0,0
0,1,0,1,1,0,1,0,1,1,0,0,0,0,1,0,0,1,0,0,0,0,1,0,1,1,0,0,1,0,0,1,0,0
1,1,1,0,1,1,0,0,0,0,0,1,0,1,1,0,1,1,0,0,0,1,1,1,1,0,1,1,0,1,0,1,0,0
1,1,0,0,1,1,1,1,0,0,0,1,1,1,0,1,0,1,1,1,1,0,0,1,0,0,1,0,1,0,0,1,0,0
1,1,0,0,0,0,1,1,0,1,0,1,0,0,0,0,0,0,1,1,1,1,0,1,0,0,0,1,0,0,0,1,0,0
1,0,1,0,0,0,1,0,1,1,1,1,0,1,0,1,0,0,0,1,1,1,1,1,1,0,1,0,0,1,0,1,0,0
1,0,0,0,1,1,0,0,0,1,1,1,0,0,1,0,0,1,0,0,0,0,0,0,1,0,0,0,1,0,1,0,0,0
0,0,1,1,0,0,1,1,0,0,1,1,0,1,0,1,0,0,1,0,1,1,1,0,0,1,1,0,1,1,0,1,0,0
1,1,0,1,1,1,1,0,1,0,1,0,1,1,0,1,1,0,1,1,1,0,0,0,0,1,1,1,1,1,0,0,0,0
1,1,1,1,0,0,0,0,1,0,0,0,0,0,1,1,0,0,0,0,1,0,0,0,1,0,1,0,0,0,0,1,1,1
1,1,0,1,0,1,1,0,1,0,1,1,0,1,1,1,0,0,0,0,1,0,0,1,0,0,1,1,0,1,0,1,1,1
0,0,1,1,0,1,1,1,0,1,1,0,1,0,1,1,0,0,1,0,1,1,0,1,0,1,0,1,0,1,1,1,0,0
0,1,1,1,1,0,1,1,1,0,1,1,0,1,1,1,0,1,0,1,1,0,0,1,0,0,0,1,0,0,0,1,0,0
0,1,1,0,1,1,1,1,1,1,1,1,0,1,0,0,0,0,0,1,1,1,0,1,0,0,0,0,0,1,1,0,0,0
1,0,1,0,1,1,1,1,1,1,0,1,1,1,0,0,0,0,0,1,0,0,1,0,0,1,1,1,1,1,0,0,0,0
1,1,1,0,0,0,0,0,1,1,1,1,0,0,1,0,1,1,0,1,1,0,0,1,0,1,1,1,0,0,1,0,0,0
1,1,1,1,0,1,0,0,0,0,1,1,0,0,0,0,0,1,1,0,1,1,0,0,1,1,0,1,1,1,0,0,0,0
1,1,1,0,1,1,0,1,1,0,1,0,1,1,0,1,1,1,1,0,1,1,0,1,0,0,0,1,0,0,0,0,0,0
1,0,1,0,1,1,1,1,1,1,1,1,0,1,1,0,1,0,0,0,0,1,1,0,0,0,0,1,0,0,0,0,0,0
1,1,1,1,1,0,0,0,1,0,1,0,1,1,1,1,1,0,0,0,0,1,1,0,0,0,0,1,0,1,0,1,0,0
0,1,1,1,0,1,0,0,1,1,1,0,0,1,0,1,0,1,0,1,0,0,0,0,1,1,1,1,0,0,1,0,0,0
0,1,1,1,1,1,1,1,0,0,1,1,1,0,1,1,0,1,1,1,1,1,0,1,1,1,1,0,0,1,0,1,0,0
1,1,0,1,0,1,0,1,1,0,0,0,1,1,0,0,0,0,0,1,0,0,0,0,0,1,0,0,0,0,0,0,1,1
1,0,0,0,0,0,1,0,0,1,1,1,1,0,0,1,0,0,0,0,1,0,1,1,0,0,0,1,1,1,1,1,0,0
1,0,0,1,1,0,0,0,0,1,0,1,0,0,1,1,0,1,0,0,1,0,0,0,0,0,1,0,1,1,1,1,0,0
1,0,1,1,1,1,0,1,0,0,0,1,0,1,0,0,0,0,1,1,0,1,0,1,0,0,0,1,0,0,0,1,1,1
1,0,1,0,1,0,0,1,0,0,0,0,0,1,0,0,0,0,1,1,1,1,0,0,0,1,1,1,1,0,1,1,0,0
1,0,1,0,1,1,1,1,0,1,1,1,0,1,0,0,1,0,0,0,1,1,0,0,1,1,1,0,1,1,1,0,0,0
1,1,0,0,0,1,0,1,1,0,1,0,0,0,0,0,0,0,0,1,1,1,0,0,1,1,1,1,0,0,0,1,1,1
0,0,1,0,0,1,0,0,1,0,1,1,0,1,0,1,0,0,0,0,1,0,1,0,0,0,0,1,1,0,1,0,1,1
1,0,1,0,0,0,1,0,0,1,0,1,0,0,0,1,0,1,0,1,0,1,0,1,0,1,0,0,1,0,1,0,0,0
1,0,1,1,1,1,0,0,0,0,1,0,1,0,1,1,0,1,0,0,0,0,0,0,0,0,1,1,0,0,1,0,0,0
0,1,1,0,0,1,1,1,0,0,1,1,0,0,1,0,0,0,0,0,1,0,1,1,1,0,0,0,0,0,1,1,1,1
1,1,1,1,0,1,0,0,0,1,0,0,0,1,1,0,1,1,1,1,0,0,1,1,1,1,1,0,1,0,0,0,0,0
0,1,0,0,0,0,1,1,1,1,1,1,0,0,0,0,0,0,0,0,1,0,0,0,0,0,0,1,0,1,1,1,0,0
1,0,1,1,1,0,0,1,1,1,1,0,0,0,1,0,0,1,1,0,1,0,1,0,0,1,0,1,1,0,0,0,0,0
1,0,0,1,1,1,1,0,1,1,1,0,0,1,1,0,1,0,0,0,1,0,0,0,0,1,0,0,1,0,1,1,0,0
1,1,0,0,1,1,0,1,1,1,0,1,1,0,1,0,1,0,0,1,0,0,0,1,0,0,0,1,1,1,1,0,0,0
0,0,0,1,0,1,0,0,0,1,0,1,0,0,1,1,0,0,0,0,1,0,1,1,0,1,0,0,1,0,1,1,0,0
1,1,0,0,1,0,0,0,0,0,1,1,1,0,0,0,0,0,0,1,0,0,0,0,0,1,0,1,0,1,1,1,1,1
0,0,1,0,1,1,0,1,1,1,0,0,0,0,0,0,0,0,1,0,1,1,0,0,0,0,0,0,0,1,0,1,0,0
1,1,1,0,0,1,1,1,1,0,1,1,0,0,0,0,1,0,0,0,0,1,1,0,1,1,1,0,0,0,1,1,0,0
1,1,1,0,1,0,1,1,1,0,0,0,1,1,0,0,0,1,0,0,1,0,1,1,0,0,1,1,0,0,1,0,0,0
0,1,1,0,1,0,0,1,0,1,0,1,1,0,0,1,0,1,0,1,0,0,1,0,1,0,0,1,0,1,0,0,0,0
1,0,0,1,1,1,1,0,0,1,1,0,1,0,1,1,0,0,0,0,1,0,0,1,0,1,1,0,0,0,0,1,1,1
1,0,1,0,1,0,1,0,0,1,0,0,0,1,0,1,0,0,1,1,0,1,1,1,1,0,1,0,0,1,0,1,0,0
1,0,1,1,0,1,0,0,1,1,1,1,0,1,0,0,0,0,1,1,0,1,1,1,0,1,0,1,1,1,1,0,0,0
1,1,1,0,1,1,1,1,1,0,0,1,0,1,1,1,1,1,0,1,1,1,1,1,1,1,0,0,1,0,0,0,0,0
1,0,1,1,1,0,0,0,1,0,0,0,1,1,0,1,0,1,0,1,0,1,0,1,1,1,1,0,0,1,0,0,0,0
0,1,0,1,1,0,0,0,1,1,1,1,1,1,0,1,0,1,0,0,1,1,0,0,1,0,1,0,0,0,1,0,0,0
1,1,1,1,1,0,0,0,0,1,0,0,0,1,1,1,1,1,1,0,0,0,1,1,1,0,1,0,1,0,0,1,0,0
1,0,0,0,1,0,1,1,0,1,1,1,0,1,1,1,0,1,0,0,0,0,0,1,1,0,0,1,1,1,1,0,0,0
0,1,1,1,1,1,0,1,1,0,0,1,1,0,1,0,0,1,0,1,0,0,1,0,0,1,1,1,1,1,0,0,0,0
0,0,1,0,0,0,1,1,1,1,1,1,0,1,0,0,0,0,0,1,1,1,0,0,1,0,0,0,0,1,0,0,0,0
1,1,1,0,1,0,0,1,1,0,0,0,0,1,0,0,1,0,0,0,0,1,1,1,1,0,1,1,0,1,1,1,0,0
1,1,1,0,0,0,0,0,0,1,0,0,0,0,1,1,1,0,0,0,1,1,1,0,1,1,1,1,1,1,0,1,0,0
1,0,1,1,1,0,0,0,0,0,0,0,0,1,0,1,0,0,0,1,1,1,0,0,0,1,0,1,0,1,0,1,1,1
1,0,0,1,0,1,1,0,0,1,1,0,1,0,0,0,0,0,0,1,1,1,0,1,1,1,1,1,0,1,0,1,1,1
1,1,1,1,1,1,0,1,0,1,1,1,1,1,0,1,1,0,1,1,1,0,0,1,0,1,1,1,1,0,0,1,0,0
1,1,0,0,1,1,1,0,1,1,1,0,0,1,1,1,0,0,0,1,0,0,1,1,1,1,0,0,0,1,0,0,0,0
1,0,1,1,0,0,1,0,0,0,1,1,1,1,1,1,0,0,0,0,0,0,1,1,0,1,0,1,0,0,1,0,0,0
0,0,0,1,1,0,0,1,0,0,0,0,1,1,1,1,0,0,0,0,1,1,0,1,1,1,1,0,0,1,0,0,0,0
1,0,1,1,1,1,0,0,0,1,0,1,0,0,1,0,0,0,1,0,0,1,0,0,1,1,0,0,1,0,0,0,1,1
1,1,0,1,1,1,0,0,1,0,1,0,1,1,0,0,1,1,0,0,0,0,0,0,1,0,0,0,1,0,0,1,0,0
1,1,1,1,0,1,1,1,1,0,1,1,1,1,0,0,0,0,0,0,1,0,1,0,0,0,0,1,1,0,1,1,1,1
1,1,0,1,1,0,1,1,0,1,0,0,1,0,1,1,1,0,1,0,1,0,0,1,1,0,1,1,1,1,0,1,0,0
1,1,0,1,0,1,1,0,1,1,1,0,0,1,1,1,0,0,0,0,1,0,0,1,0,0,1,1,1,0,1,0,0,0
1,1,0,0,1,1,0,0,0,0,1,1,1,0,0,1,0,0,1,1,0,0,0,0,1,1,0,0,1,1,1,1,0,0
1,1,1,1,0,1,0,1,1,1,0,0,1,0,0,1,1,0,1,1,0,1,1,0,0,1,0,1,1,1,0,1,0,0
1,0,1,1,1,0,0,0,1,1,1,1,1,0,1,0,0,1,0,1,1,0,0,0,0,1,0,1,0,1,1,1,0,0
0,0,1,1,1,1,1,1,1,1,1,1,1,0,0,0,0,0,1,1,0,1,1,1,0,1,1,1,1,1,0,1,0,0
1,1,0,1,0,0,1,1,1,0,1,1,0,1,0,0,1,0,1,1,1,0,1,0,1,0,1,1,0,1,0,1,0,0
0,0,1,0,1,0,1,1,1,0,1,1,1,0,1,0,0,0,0,0,1,0,0,0,0,1,0,0,1,1,0,0,1,1
1,0,1,1,0,0,1,0,1,1,0,1,1,0,0,1,0,0,1,0,0,0,0,1,1,0,0,0,0,1,0,0,0,0
1,0,0,1,0,0,0,1,1,1,1,0,1,0,0,0,0,1,0,0,1,1,0,0,1,1,1,1,0,1,1,0,0,0
0,1,0,1,1,1,0,1,0,0,0,1,1,1,0,0,0,0,0,0,0,1,0,0,0,1,0,1,0,0,0,1,1,1
0,1,0,0,1,0,0,1,1,0,1,0,0,1,0,1,0,0,0,1,0,0,0,1,1,0,0,0,0,0,0,1,1,1
1,1,1,1,1,0,0,1,0,0,1,0,0,1,0,0,1,1,0,1,0,1,0,1,1,0,1,0,0,0,0,1,0,0
0,1,0,1,0,0,1,1,1,1,0,1,0,0,1,1,0,0,0,0,1,1,0,1,0,0,1,0,1,1,1,1,1,1
1,1,0,1,0,0,0,1,1,0,1,0,1,1,0,1,1,0,0,1,0,1,0,1,1,1,1,1,0,0,0,0,0,0
1,1,0,1,1,1,0,1,0,1,1,1,1,1,1,1,1,0,1,1,1,1,1,0,0,0,0,0,1,1,1,1,0,0
1,0,1,1,0,0,1,0,1,0,0,0,0,1,0,1,0,1,1,1,0,1,1,0,0,1,0,1,0,1,0,0,0,0
1,1,1,1,1,1,1,1,0,1,0,0,1,0,0,0,1,1,1,1,0,1,1,1,1,1,1,0,0,0,0,1,0,0
1,0,0,0,0,1,0,0,0,0,0,1,1,0,1,0,0,1,1,1,1,1,1,1,0,1,1,0,1,1,0,1,0,0
1,1,0,0,1,1,0,1,0,1,1,0,1,1,1,1,1,0,1,1,0,0,1,1,0,0,1,0,0,1,0,1,0,0
1,1,1,1,1,1,0,0,0,0,0,0,0,0,1,0,1,0,1,1,1,0,0,0,0,1,0,1,0,0,0,1,0,0
1,0,0,0,1,1,1,1,1,1,0,0,0,1,0,0,1,0,0,0,1,0,0,1,1,0,1,1,0,1,0,1,0,0
1,1,1,1,0,0,1,1,0,1,0,0,1,0,0,1,1,0,1,0,1,1,1,1,1,1,0,1,1,0,0,1,0,0
1,1,0,0,1,1,0,1,0,0,0,0,0,0,1,0,0,1,0,1,1,1,1,1,0,1,1,1,0,1,0,1,0,0
1,0,0,0,1,0,1,0,1,0,1,0,1,1,0,1,0,0,1,0,0,1,1,1,1,0,0,0,0,1,0,0,0,0
1,0,0,0,1,1,1,0,0,1,1,0,1,0,1,1,0,0,1,1,1,1,1,1,1,1,0,1,0,0,1,1,0,0
1,0,1,0,1,1,1,1,0,1,1,1,1,1,0,0,0,1,0,1,1,1,1,1,0,0,1,1,0,0,0,1,0,0
0,1,1,0,1,1,1,0,1,1,1,1,0,1,0,0,0,0,0,1,1,1,1,1,0,0,1,0,0,0,1,0,0,0
1,1,1,1,0,1,0,0,0,1,1,1,1,1,0,1,1,1,1,0,0,1,1,0,1,0,0,0,1,0,1,1,0,0
1,1,1,0,1,1,1,0,1,1,0,1,1,0,1,1,1,1,1,0,1,1,0,0,0,1,1,1,0,0,1,1,0,0
0,1,1,1,0,0,1,1,1,0,1,0,1,1,0,1,0,1,1,0,1,1,0,1,1,1,1,0,1,0,1,0,0,0
1,0,0,1,0,1,0,0,0,0,0,1,1,1,0,0,1,0,0,1,0,0,1,0,1,0,1,1,1,0,1,0,0,0
1,0,1,1,1,0,0,1,1,1,1,0,0,0,1,1,0,0,0,1,1,0,0,0,0,0,1,1,0,0,1,1,0,0
1,1,1,1,1,0,1,0,1,0,0,1,1,1,0,0,1,1,0,1,0,1,1,1,0,0,0,0,0,1,0,0,0,0
1,0,0,0,0,0,1,1,1,0,1,1,0,1,0,0,0,1,0,0,0,1,1,1,1,0,1,1,0,1,0,1,0,0
0,1,0,0,1,1,1,0,1,0,1,1,0,0,1,0,0,1,0,0,0,0,0,0,0,1,1,0,1,0,1,1,0,0
1,1,1,1,0,1,0,0,0,1,1,0,1,0,0,1,0,1,1,0,0,0,0,0,0,0,1,0,0,1,0,0,0,0
1,1,1,1,0,1,1,0,1,0,0,1,0,0,0,1,1,1,0,1,0,1,0,0,1,0,1,1,1,1,1,0,0,0
1,0,0,0,0,0,0,1,0,0,0,0,0,1,1,0,0,0,0,0,1,1,0,1,1,1,1,1,0,0,1,0,0,0
1,1,1,0,1,0,1,1,1,1,0,0,0,1,0,1,0,0,0,0,1,1,0,0,1,1,0,0,0,0,1,0,1,1
1,0,0,1,1,0,1,1,0,0,1,0,0,1,1,0,1,0,0,1,0,1,1,0,1,0,1,0,0,1,0,0,0,0
1,0,1,1,1,1,0,1,0,0,0,0,1,0,0,0,0,1,1,0,0,1,1,1,0,1,1,0,1,1,1,0,0,0
1,1,0,1,1,1,1,0,1,0,1,0,0,0,0,0,1,1,0,0,0,0,0,1,1,1,0,0,0,1,0,0,0,0
1,1,0,1,0,0,1,1,0,0,0,1,0,0,0,1,0,1,0,0,0,0,0,0,0,1,0,1,0,0,0,0,0,0
0,0,1,1,1,1,1,0,1,0,0,0,1,0,0,0,0,0,1,1,0,0,1,0,0,1,1,1,0,1,1,0,1,1
0,1,1,0,1,0,1,0,0,0,1,0,1,1,0,0,0,0,0,0,0,0,0,1,1,1,1,1,0,0,0,1,1,1
1,1,0,0,1,0,1,1,0,0,1,1,1,1,1,1,0,0,1,0,0,1,1,1,0,0,0,1,0,1,1,0,0,0
1,0,1,1,0,1,0,0,1,1,0,1,0,0,0,1,0,1,1,0,0,0,0,0,1,1,0,0,0,1,0,1,0,0
0,0,0,1,1,1,1,0,1,0,0,1,1,0,0,1,0,0,0,1,0,1,0,1,1,1,0,0,0,1,1,0,0,0
0,1,0,0,0,0,0,1,1,1,1,1,1,0,0,1,0,1,0,0,0,0,0,0,0,1,1,1,1,1,1,1,0,0
0,1,0,0,0,0,0,1,1,0,0,0,1,0,0,0,0,0,0,0,0,0,1,0,0,0,0,0,0,0,1,1,1,1
0,1,0,0,1,0,0,0,1,1,1,1,1,0,0,0,0,0,1,1,1,0,1,1,1,1,0,1,0,1,0,0,0,0
1,0,1,1,1,0,1,1,1,0,1,0,1,1,0,1,0,1,1,0,1,1,0,0,1,1,0,1,1,0,1,0,0,0
1,0,0,1,1,0,1,0,0,0,0,0,0,0,0,1,0,1,0,0,1,1,0,1,0,0,0,1,1,1,1,0,0,0
1,1,0,0,0,0,0,0,0,1,0,1,1,1,0,0,0,1,1,1,1,0,1,1,0,0,0,1,1,0,0,1,0,0
0,1,0,1,1,1,0,1,1,0,0,1,0,1,0,1,0,1,0,1,0,0,0,0,1,0,0,0,0,1,1,0,0,0
1,1,0,0,1,0,0,0,0,0,1,1,1,1,1,0,0,0,1,1,1,0,1,0,0,1,0,0,1,1,0,0,0,0
0,0,1,0,0,1,1,1,0,1,1,0,0,0,0,0,0,0,0,1,1,0,1,1,0,1,0,0,1,0,1,1,0,0
1,0,0,1,0,0,0,0,0,0,1,1,0,1,1,1,1,0,0,0,0,0,0,1,0,0,1,0,0,0,0,0,0,0
1,1,0,1,1,1,1,1,0,1,0,1,0,0,0,1,0,1,1,0,0,1,1,1,1,1,1,1,1,0,1,0,0,0
1,0,0,1,0,1,1,1,1,0,1,0,1,0,0,1,0,0,0,1,1,1,0,1,1,1,1,0,1,1,1,0,1,1
1,0,0,0,1,0,1,0,1,1,0,0,0,1,0,1,0,1,1,1,1,1,1,0,1,1,1,0,1,1,0,0,0,0
1,0,1,0,0,1,1,0,1,1,1,1,1,1,0,1,0,0,1,0,1,0,1,1,0,0,0,0,1,1,0,0,0,0
0,1,0,1,0,0,0,1,1,1,1,1,0,1,1,1,0,0,1,1,1,0,0,1,1,0,0,1,0,0,1,0,0,0
1,1,1,0,1,0,1,1,1,0,0,0,0,1,0,0,0,0,0,0,1,1,0,1,1,0,0,0,1,0,1,0,1,1
0,1,0,1,1,1,0,0,0,0,0,0,1,0,0,1,0,0,0,0,0,1,1,0,1,0,1,0,0,1,0,1,1,1
1,1,1,1,0,0,0,1,1,1,1,0,0,1,0,1,1,1,1,0,0,0,1,0,1,0,1,1,1,1,0,1,0,0
1,1,0,1,1,0,0,0,1,1,1,1,1,1,1,1,1,1,0,1,0,1,0,1,1,0,0,0,1,1,0,1,0,0
1,1,1,1,1,0,1,1,0,1,1,0,0,0,1,0,0,1,0,0,1,1,1,1,1,0,1,1,0,1,1,1,0,0
1,1,0,1,1,1,0,1,0,1,1,0,0,0,0,1,0,1,0,0,0,1,0,0,0,0,1,0,1,1,1,0,0,0
1,1,1,0,0,1,0,1,0,0,1,1,1,1,0,1,1,0,1,0,0,1,0,1,1,0,0,1,0,1,1,1,0,0
1,0,1,0,0,0,1,0,1,1,1,1,1,0,0,1,0,1,1,0,0,1,1,1,0,1,0,0,1,0,0,1,0,0
1,0,0,1,1,0,0,1,1,1,1,0,0,1,1,1,0,1,1,0,0,0,0,0,1,0,0,0,1,1,1,1,0,0
1,1,0,1,1,1,0,0,0,1,0,1,0,1,1,1,0,1,1,1,0,1,1,0,1,1,0,0,1,1,1,1,0,0
1,0,0,1,1,1,1,1,1,1,1,0,0,1,0,0,1,0,0,1,0,0,1,0,1,1,0,1,1,1,1,1,0,0
0,1,1,1,1,1,1,1,1,0,0,1,0,0,1,1,0,0,1,0,0,1,0,1,1,1,1,0,0,1,1,0,1,1
0,0,1,1,1,0,1,1,1,1,0,1,1,0,1,1,0,0,0,1,0,0,0,1,0,0,1,1,0,1,1,1,1,1
1,1,1,0,0,0,1,1,1,1,0,1,1,0,0,0,1,0,1,0,1,1,0,0,1,0,0,1,1,1,0,1,0,0
1,1,1,1,1,1,1,0,0,0,0,1,0,0,1,0,1,1,1,1,1,0,0,1,1,1,0,0,0,0,0,1,0,0
1,0,1,1,0,0,0,0,0,0,1,1,0,0,0,0,0,0,0,1,0,0,0,1,1,0,0,0,0,0,1,0,1,1
1,1,0,1,0,1,0,1,1,1,1,1,0,0,0,0,0,1,0,0,1,1,0,0,1,1,0,0,0,1,1,0,0,0
0,1,0,0,0,1,1,1,0,0,0,1,1,0,1,0,0,0,1,0,0,0,1,0,1,1,0,0,0,1,0,0,1,1
1,0,0,0,1,0,0,0,0,1,0,1,0,0,1,1,0,1,0,0,1,1,0,1,1,0,1,0,0,0,1,1,0,0
1,1,0,1,0,1,1,1,0,0,0,0,1,0,0,0,0,1,1,1,0,0,0,1,1,1,0,0,1,0,0,0,0,0
1,1,0,1,1,0,0,1,0,1,0,1,1,0,1,1,0,0,1,1,0,1,1,0,1,0,1,0,0,1,1,1,0,0
1,1,0,0,1,1,0,1,1,1,0,1,0,0,1,0,0,1,0,1,1,0,1,1,1,0,1,1,0,1,1,0,0,0
1,1,1,1,1,0,0,0,1,0,0,1,1,1,1,1,0,1,0,1,1,0,1,1,1,1,0,1,0,1,0,0,0,0
1,1,0,0,0,0,1,0,0,1,0,0,0,1,0,0,0,1,0,0,0,1,1,0,1,0,0,0,0,1,0,1,0,0
0,0,1,0,0,1,1,0,0,1,0,1,0,1,1,1,0,0,0,1,0,1,0,1,0,1,0,1,0,0,0,1,0,0
1,1,1,0,1,1,0,1,0,0,0,0,1,1,1,1,0,0,0,1,0,1,1,0,1,0,0,1,1,0,0,0,0,0
1,0,1,0,0,1,0,1,0,0,0,0,1,1,0,1,0,0,0,0,1,1,1,1,0,0,0,1,0,1,0,1,1,1
1,1,1,1,0,1,0,1,1,1,1,1,1,1,0,1,0,0,1,0,0,0,0,0,1,0,1,1,1,0,0,1,0,0
1,0,1,0,0,1,1,0,0,0,0,0,1,0,0,1,1,0,0,0,1,1,0,1,1,0,0,1,1,1,1,1,0,0
1,1,1,0,0,0,1,0,1,1,0,1,0,0,0,1,1,0,0,0,0,1,0,1,1,1,1,0,0,0,0,1,0,0
0,1,0,1,1,0,0,1,1,1,1,0,0,0,1,0,0,0,1,0,1,1,1,0,0,0,0,1,1,1,1,0,0,0
0,1,0,0,0,1,0,1,0,1,0,1,0,1,0,0,0,0,0,1,0,1,1,1,1,0,0,1,1,1,1,1,1,1
1,0,1,0,0,1,0,1,0,1,1,1,1,1,1,0,0,0,0,1,0,1,1,1,0,1,0,1,0,1,1,0,0,0
1,1,1,1,0,1,1,0,0,0,1,1,0,1,1,1,1,0,0,0,1,0,0,0,1,1,1,0,1,0,0,1,1,1
0,1,1,1,1,1,0,1,1,0,1,0,0,1,1,0,0,0,1,0,0,0,0,1,1,1,1,0,0,0,1,0,1,1
1,1,0,0,0,1,0,1,1,0,0,0,1,0,1,0,0,1,1,1,1,1,1,0,1,1,0,0,0,0,0,1,0,0
1,1,1,0,1,0,1,1,0,0,1,0,1,1,1,0,0,1,1,0,1,0,0,1,1,0,0,1,1,0,0,1,0,0
1,0,1,1,1,1,1,1,0,1,1,0,0,0,0,1,0,0,0,0,0,0,1,1,0,0,1,0,1,0,0,0,1,1
1,1,0,0,1,0,0,1,1,0,1,0,1,0,0,0,1,1,0,0,1,0,0,1,0,1,0,0,1,0,1,1,0,0
0,0,1,1,1,1,0,0,1,1,0,0,1,1,1,0,0,0,1,0,1,1,0,0,0,1,1,0,0,0,1,1,0,0
1,1,1,0,1,1,0,0,0,0,0,1,1,1,1,1,1,0,1,1,0,1,1,0,0,1,0,1,0,1,1,0,0,0
0,1,0,0,1,0,0,1,0,0,1,0,1,1,1,1,0,0,1,1,1,0,0,1,0,0,0,1,0,0,1,0,0,0
1,1,1,0,0,0,0,1,1,1,1,0,1,1,0,0,0,0,0,0,0,1,1,0,1,0,1,1,1,0,1,0,0,0
1,1,1,1,1,1,1,1,0,1,0,1,0,1,1,1,1,0,1,1,1,1,1,0,0,1,1,0,0,0,0,0,0,0
1,1,0,0,0,0,0,0,0,1,1,0,0,0,1,0,0,0,1,0,0,0,1,0,1,1,1,1,0,0,1,1,0,0
1,1,1,0,0,1,0,1,1,1,0,1,0,0,1,0,0,0,0,0,1,0,1,0,1,0,1,1,0,1,0,0,1,1
0,1,1,0,1,0,1,0,1,0,1,0,1,0,1,0,0,0,0,0,1,1,0,1,0,1,0,1,0,1,1,1,1,1
1,0,1,1,1,0,0,0,0,0,0,0,0,1,1,0,0,1,0,1,1,1,1,0,1,0,1,1,0,0,1,0,0,0
1,1,1,0,0,1,1,1,0,0,1,1,1,0,0,1,0,1,0,1,0,0,0,1,1,0,0,0,1,1,1,0,0,0
1,1,1,0,1,0,0,0,1,0,1,0,1,1,1,1,1,0,0,1,0,1,1,1,0,1,0,1,0,0,1,0,0,0
1,0,0,0,1,0,1,1,1,0,0,0,0,0,1,0,0,1,1,1,0,1,0,0,1,1,0,0,0,0,0,1,0,0
0,1,1,0,0,1,0,1,1,0,0,0,0,1,0,1,0,1,0,0,1,0,0,0,1,0,0,1,0,0,1,0,0,0
0,1,0,1,0,1,1,1,1,1,0,0,0,0,0,0,0,0,1,1,0,0,0,0,1,1,0,1,1,0,1,1,0,0
0,1,1,1,1,1,0,1,0,1,1,0,0,0,0,1,0,1,1,1,0,0,0,1,0,1,1,0,0,1,1,1,0,0
1,0,0,0,0,1,1,0,1,1,0,1,1,1,1,1,0,0,0,1,0,0,0,1,0,1,1,1,0,1,0,1,1,1
0,1,1,1,0,0,1,0,1,1,0,0,0,1,1,0,0,0,0,1,0,0,1,0,0,1,1,1,0,1,0,0,1,1
0,1,1,1,1,0,0,0,0,0,0,0,1,0,0,0,0,0,0,1,0,1,0,1,1,0,1,0,0,1,0,1,1,1
1,0,0,0,1,0,0,0,1,0,0,1,0,1,1,0,0,1,1,0,1,0,0,1,1,0,0,0,1,0,1,1,0,0
1,1,0,0,0,0,0,0,1,0,0,1,1,1,1,0,0,1,0,0,1,0,0,1,0,1,0,0,0,1,1,0,0,0
1,0,0,1,1,1,1,1,0,0,1,0,0,1,1,0,0,1,0,1,0,0,1,1,0,1,1,1,1,1,0,0,0,0
1,0,1,1,0,0,1,0,1,1,1,1,1,0,0,1,0,1,0,0,1,0,1,1,1,1,1,0,0,1,1,1,0,0
0,0,1,0,0,1,1,1,0,0,0,1,0,0,1,0,0,0,0,0,1,1,1,0,1,0,1,1,1,1,0,0,0,0
1,0,1,1,0,1,0,1,0,1,1,0,1,0,0,1,0,0,0,1,0,1,1,1,0,1,1,0,0,0,0,1,1,1
1,1,1,1,0,0,1,1,0,0,1,1,1,0,0,1,0,0,1,1,0,0,1,0,0,0,0,1,1,0,1,0,0,0
1,1,0,1,1,0,0,1,0,1,0,1,1,1,0,1,1,0,1,1,0,0,0,1,1,0,1,0,0,1,0,0,0,0
1,1,1,1,1,1,1,1,0,1,0,0,0,0,1,1,0,1,1,1,1,1,0,1,1,0,1,0,0,0,1,0,0,0
1,1,0,0,1,1,0,1,0,1,1,1,1,1,1,0,0,1,1,1,1,0,1,0,1,1,1,1,1,0,1,0,0,0
1,1,1,1,0,0,1,1,1,1,1,0,1,0,1,0,0,0,1,1,0,1,1,1,0,0,0,0,0,0,0,1,0,0
1,0,0,0,1,0,1,0,0,1,1,1,1,1,0,1,0,1,0,0,0,0,0,1,1,1,1,0,0,1,0,1,0,0
0,1,0,0,1,1,1,0,0,1,1,1,1,1,0,1,0,0,1,0,1,1,1,1,0,1,0,0,0,1,1,1,0,0
1,1,0,1,0,0,0,0,0,0,1,0,0,0,1,1,0,0,0,0,0,1,1,0,0,0,1,1,1,0,0,0,1,1
0,1,1,0,0,0,1,1,0,0,0,0,0,0,0,1,0,0,1,0,1,1,0,0,1,0,0,1,0,1,0,0,1,1
1,0,0,1,0,0,1,1,0,1,1,0,1,1,0,0,0,1,0,1,1,1,1,1,0,0,0,0,1,1,1,1,0,0
0,1,0,1,1,1,1,0,0,0,1,0,0,0,1,0,0,0,1,0,1,1,0,0,0,1,1,0,0,0,0,1,1,1
1,0,1,0,0,0,1,0,1,1,0,1,0,1,0,1,0,0,0,1,0,0,1,1,1,0,1,0,0,0,0,0,1,1
1,1,1,1,0,1,0,1,0,0,0,1,1,0,1,1,1,1,0,0,1,0,0,0,0,0,0,0,0,1,1,1,0,0
0,0,1,1,0,0,1,1,1,0,1,1,0,1,1,1,0,0,0,1,1,1,1,1,0,0,1,0,1,0,0,0,0,0
1,0,0,0,0,1,1,0,1,1,0,1,0,0,1,0,0,1,0,1,0,0,1,0,0,1,1,1,1,1,0,1,0,0
1,1,1,1,0,1,0,1,1,1,0,0,0,0,1,0,1,1,0,1,1,1,1,1,0,1,0,0,1,0,0,0,0,0
1,0,0,1,1,1,0,0,0,0,1,1,0,0,0,0,0,1,0,0,1,1,1,1,1,0,0,1,0,0,0,0,0,0
1,1,0,1,0,0,0,0,1,1,1,0,0,0,1,0,1,0,1,0,0,0,1,1,0,1,1,0,1,1,1,0,0,0
1,0,0,1,1,0,0,1,1,1,0,1,1,0,1,0,1,0,0,1,0,0,1,1,1,0,0,0,1,0,0,1,0,0
1,1,0,1,0,0,1,0,0,0,1,1,1,1,1,0,0,1,0,1,1,0,1,0,1,1,0,1,1,0,0,0,0,0
0,0,1,0,1,1,1,1,0,0,0,0,0,0,0,1,0,0,0,0,1,0,1,0,1,1,0,1,0,1,1,0,0,0
0,1,0,0,1,1,0,1,1,0,0,0,0,1,0,1,0,0,0,0,0,1,0,0,1,1,1,1,1,0,1,0,1,1
0,1,0,0,1,1,1,0,1,1,0,1,1,1,1,0,0,0,1,0,1,1,0,1,1,1,1,1,1,1,0,0,0,0
1,1,0,0,0,0,1,1,1,0,1,0,0,0,0,0,0,0,1,0,1,0,1,0,1,0,0,0,0,0,1,0,1,1
1,0,1,0,1,0,1,0,0,0,1,1,0,0,1,0,1,0,0,0,0,1,1,0,0,0,0,1,0,0,1,1,0,0
1,0,1,0,1,1,1,1,1,0,0,0,1,1,1,1,1,0,1,0,0,1,0,1,0,1,1,0,0,1,0,1,0,0
1,0,1,1,1,1,0,1,0,0,1,0,0,1,1,0,0,1,1,1,1,0,1,1,0,1,1,0,0,0,1,0,0,0
0,1,0,1,0,0,1,1,1,0,0,0,1,0,1,1,0,0,0,0,0,1,0,1,0,1,0,1,0,0,0,1,1,1
0,1,1,1,0,0,0,0,1,0,1,1,0,0,1,1,0,1,1,0,1,0,1,0,0,1,1,0,1,0,0,0,0,0
1,0,0,0,0,1,0,1,0,0,0,0,1,1,0,0,0,1,0,0,0,1,1,0,0,0,0,0,1,1,0,0,0,0
1,1,1,1,1,1,1,1,1,1,0,1,0,1,1,1,0,1,0,1,0,0,0,0,0,0,0,1,1,0,0,0,1,1
1,0,0,1,0,1,1,0,0,0,1,0,1,1,0,0,0,1,0,0,1,0,1,1,0,1,1,1,1,0,1,1,0,0
0,0,1,1,0,0,1,1,0,0,1,0,1,0,0,1,0,0,1,0,1,0,1,1,0,1,1,0,0,1,0,0,1,1
0,1,1,0,0,0,1,0,1,1,1,1,1,1,1,1,0,1,0,0,0,0,0,1,0,0,0,1,0,1,1,1,0,0
1,1,0,1,1,0,0,0,1,1,0,1,0,1,0,0,1,1,0,0,0,0,0,0,0,0,0,0,1,1,1,1,0,0
0,0,1,0,1,1,0,1,1,0,0,0,1,0,1,1,0,0,0,0,1,0,0,1,0,0,0,1,0,1,1,0,0,0
1,1,1,1,0,1,1,0,0,1,1,0,0,0,0,1,0,1,1,1,1,0,0,0,1,1,0,1,0,0,1,0,0,0
1,1,1,1,1,0,1,0,1,0,1,1,1,1,0,0,0,1,0,1,1,0,1,0,1,1,1,0,1,1,0,1,0,0
1,1,0,0,0,0,1,0,1,0,0,0,1,0,1,0,0,0,0,0,1,0,0,0,0,1,1,1,1,0,0,0,1,1
0,1,0,1,0,1,1,1,1,1,1,1,1,1,0,0,0,1,0,0,0,1,0,1,1,0,1,0,0,0,1,1,0,0
0,1,1,0,1,1,1,0,0,1,1,0,1,0,1,0,0,0,0,1,1,1,0,1,1,0,1,0,1,0,1,1,1,1
1,1,1,0,0,0,0,0,0,0,0,1,0,0,0,1,0,0,1,0,0,1,0,0,1,1,0,0,1,1,0,1,1,1
1,0,1,1,0,1,1,0,1,0,0,0,0,0,0,0,1,0,0,1,1,1,0,1,1,1,1,1,1,0,1,0,0,0
1,1,0,1,1,1,0,0,0,1,0,0,0,0,0,1,1,0,0,1,0,1,0,0,0,0,0,1,0,0,0,0,0,0
1,1,0,0,1,1,1,0,0,1,0,1,1,1,0,1,0,1,1,1,1,0,0,1,0,1,0,0,1,1,0,1,0,0
0,1,0,0,1,1,0,1,0,1,1,0,0,0,1,0,0,0,1,1,0,0,1,0,0,1,0,0,1,1,1,1,0,0
1,1,1,1,1,1,0,1,0,1,0,0,0,1,0,0,0,1,1,1,1,0,0,0,0,1,1,0,0,1,0,1,0,0
1,1,1,1,0,1,0,1,0,0,1,0,1,0,1,1,1,1,1,0,0,1,1,1,0,1,1,1,1,0,0,0,0,0
1,1,0,0,1,0,1,0,0,1,0,1,0,1,1,0,1,0,1,0,0,1,0,0,0,0,1,1,1,1,1,1,0,0
1,1,0,0,0,1,1,1,1,0,0,0,1,1,0,0,1,0,0,1,0,1,0,0,1,1,0,1,1,1,1,0,0,0
1,1,1,1,1,1,1,1,1,1,0,1,0,1,0,0,0,0,0,0,1,0,1,0,0,1,1,1,1,0,0,0,0,0
1,1,0,1,0,1,1,0,1,0,1,1,1,1,0,1,1,0,0,0,0,0,0,1,0,0,1,0,0,0,0,1,0,0
0,1,0,1,1,0,1,1,1,0,1,0,0,0,0,0,0,0,0,1,0,1,0,0,1,0,0,1,1,0,1,0,1,1
1,0,1,0,1,1,0,0,1,0,0,1,0,0,0,1,0,1,0,1,1,0,0,0,0,0,0,1,1,0,1,1,0,0
1,0,0,1,0,1,0,0,1,0,1,0,0,1,1,1,0,1,0,1,0,1,1,1,0,1,1,1,1,0,1,1,0,0
1,0,0,0,0,1,1,1,1,0,1,0,0,1,1,1,0,0,0,1,1,0,1,1,0,0,0,1,1,1,1,0,1,1
1,1,1,0,0,0,0,1,1,0,0,0,0,1,1,1,1,0,0,1,1,1,0,0,1,0,0,0,1,1,0,0,0,0
1,1,0,1,0,0,1,1,0,0,0,1,0,0,1,1,1,0,0,0,1,1,0,1,0,1,0,1,1,1,1,0,0,0
0,1,1,1,1,1,0,0,0,0,0,1,1,0,1,1,0,1,0,1,1,1,1,0,1,1,1,0,0,1,0,0,0,0
0,1,1,1,1,1,0,1,0,1,0,1,1,0,0,1,0,0,0,1,0,1,1,0,0,0,1,1,1,0,1,1,1,1
1,1,1,0,0,1,0,1,1,0,1,1,0,1,0,1,0,0,1,1,0,1,1,0,1,1,0,1,1,1,0,0,0,0
1,1,1,1,1,0,0,0,1,1,1,1,0,1,1,0,1,0,1,1,0,1,0,0,0,1,1,0,1,0,0,1,0,0
1,1,0,1,0,1,0,1,0,0,1,0,1,0,0,0,1,0,1,0,1,0,1,1,0,0,1,0,1,1,1,1,0,0
1,0,0,0,1,0,0,0,1,0,0,0,0,0,0,1,0,1,0,1,1,1,1,0,0,1,1,1,0,0,1,1,0,0
1,0,1,1,1,0,1,0,1,0,0,1,1,1,0,1,0,0,0,0,0,0,1,1,1,1,0,0,0,0,1,0,1,1
1,1,1,1,1,0,1,0,1,1,0,1,1,0,1,1,1,0,0,0,1,0,0,0,1,0,1,1,1,0,0,0,0,0
1,0,1,0,0,1,1,0,1,0,1,0,0,1,0,1,1,0,1,0,0,1,0,0,0,1,1,1,0,0,1,0,0,0
1,0,1,1,1,1,1,0,0,1,0,1,0,1,1,0,0,1,0,1,1,0,1,0,0,1,1,0,1,1,0,1,0,0
1,0,0,1,0,1,0,0,1,0,1,1,0,1,0,0,0,0,0,0,1,1,0,1,1,0,0,1,0,1,1,1,1,1
0,1,1,0,1,1,1,0,1,0,1,1,1,1,0,0,0,0,1,1,1,0,1,0,1,0,1,0,0,0,0,1,0,0
1,1,0,0,0,1,1,1,1,0,0,1,1,0,0,1,0,0,1,1,0,0,0,0,1,0,0,0,0,1,0,0,0,0
1,0,1,0,0,1,0,1,0,0,1,0,0,0,1,1,0,1,0,1,1,0,0,1,0,0,1,0,0,0,1,1,0,0
1,1,1,0,1,0,1,1,1,1,0,1,0,0,0,0,0,0,1,0,1,0,0,0,0,1,1,0,1,0,0,0,0,0
0,1,1,0,1,0,0,0,1,0,1,1,0,1,1,1,0,1,0,1,0,1,1,0,0,0,1,1,1,0,1,1,0,0
1,1,1,0,1,1,0,1,0,1,0,0,1,0,0,0,1,1,0,1,1,1,0,1,0,0,0,0,0,1,0,0,0,0
1,1,1,1,0,0,0,1,1,0,0,1,1,1,0,1,0,1,1,1,1,1,1,1,0,0,1,0,0,1,0,1,0,0
1,1,1,0,0,0,1,1,1,0,0,0,0,1,1,0,1,1,0,0,1,0,1,0,1,0,0,0,0,0,1,0,0,0
1,0,1,1,0,0,0,0,1,1,0,0,1,1,1,0,0,1,0,0,0,1,1,0,1,0,0,0,1,0,0,0,0,0
0,0,0,1,1,0,1,1,1,1,1,0,1,0,0,1,0,0,0,0,0,1,0,0,0,0,1,1,1,0,1,1,0,0
0,1,1,1,1,1,0,0,0,1,0,1,0,0,0,1,0,1,0,1,0,0,0,0,0,1,1,0,0,1,0,0,0,0
0,0,0,1,0,1,0,1,0,1,0,0,1,0,1,1,0,0,0,0,1,1,0,1,0,1,0,0,0,1,0,0,0,0
0,0,0,1,0,1,1,1,1,1,0,0,0,1,0,1,0,0,0,0,1,0,1,0,1,1,1,0,0,1,1,0,0,0
1,0,0,1,1,1,1,1,0,0,1,0,0,0,1,0,0,0,1,0,0,0,1,1,0,1,0,0,1,0,1,1,1,1
1,1,0,1,1,1,0,1,1,1,1,1,0,0,1,1,1,1,0,0,0,0,1,1,0,1,1,0,1,1,0,1,0,0
1,1,0,0,0,0,0,0,0,1,0,1,1,1,0,0,0,0,0,1,1,0,1,1,1,0,1,1,1,0,1,0,0,0
0,1,1,0,1,1,1,1,1,0,1,1,1,0,1,1,0,0,0,1,0,1,1,1,0,1,0,1,0,0,0,0,0,0
1,1,1,1,1,0,1,1,1,0,1,1,1,0,0,0,0,0,1,0,0,1,0,0,0,1,1,0,0,0,1,1,0,0
1,0,0,1,1,1,1,0,1,1,1,1,1,0,1,1,1,0,0,1,1,1,0,0,1,1,1,1,1,0,0,0,0,0
1,1,1,1,1,0,0,1,1,1,1,0,1,0,1,1,0,0,1,1,1,0,1,0,0,0,1,1,1,1,1,1,0,0
0,0,1,0,1,1,0,1,1,1,0,1,0,0,0,0,0,0,1,0,0,1,0,1,1,1,0,0,0,0,1,0,0,0
1,1,1,1,0,1,0,1,1,1,0,0,0,0,1,0,0,1,0,1,1,1,1,0,1,1,1,0,1,0,1,1,0,0
1,0,0,1,0,1,0,0,0,0,1,0,1,0,1,1,0,0,1,0,1,0,1,0,0,1,0,1,1,0,0,0,1,1
1,1,1,1,0,0,0,1,0,1,0,1,1,0,0,0,0,1,0,0,1,0,0,0,1,0,0,1,1,1,0,0,0,0
0,1,0,1,1,0,0,0,1,0,0,1,0,1,1,1,0,1,0,1,1,0,0,0,0,0,0,1,1,1,0,0,0,0
0,0,1,0,0,1,0,0,1,1,0,0,1,0,1,0,0,0,0,1,0,1,1,0,0,0,0,1,0,1,0,0,0,0
1,1,0,0,1,1,1,1,0,0,0,0,0,1,1,0,0,1,0,0,1,1,0,0,0,0,1,0,1,0,1,0,0,0
0,1,1,1,1,0,0,0,0,0,1,1,0,1,1,1,0,0,1,0,1,1,1,0,1,0,0,0,1,1,0,0,0,0
1,1,1,0,1,0,1,0,0,1,1,1,0,0,0,0,0,0,1,0,0,1,1,0,1,1,1,1,0,1,1,1,0,0
1,0,1,1,1,1,0,0,1,0,1,1,0,1,1,0,1,0,0,0,0,0,0,1,1,0,1,0,1,0,0,0,0,0
1,0,0,1,0,1,0,0,1,0,0,1,0,1,0,1,0,0,0,1,1,0,1,1,1,0,0,1,1,0,1,0,1,1
1,0,1,0,1,1,0,1,0,1,1,0,1,1,0,0,0,1,0,1,0,0,0,0,0,1,1,1,0,1,0,0,0,0
1,1,0,0,1,1,1,0,1,1,1,1,0,0,0,1,1,1,0,0,0,0,0,1,0,1,0,1,1,1,0,0,0,0
1,0,1,0,1,0,0,0,0,1,0,0,1,1,0,0,0,1,1,0,0,0,1,0,1,0,1,1,1,0,0,1,0,0
1,0,1,0,0,1,1,0,0,0,0,1,0,0,0,0,0,1,0,0,1,0,1,1,1,1,1,0,1,1,1,1,0,0
1,1,1,1,0,0,1,0,1,0,0,0,1,1,1,0,0,1,1,1,1,0,1,0,1,1,0,0,1,1,1,0,0,0
1,1,0,1,1,1,1,1,1,1,0,1,1,0,1,1,1,0,1,0,0,1,0,0,0,0,1,0,0,1,1,0,0,0
1,1,1,1,0,1,1,0,1,1,1,0,0,1,0,1,0,0,1,1,0,0,1,1,1,0,0,1,1,1,0,1,0,0
1,1,1,0,1,1,0,0,1,1,1,0,1,0,0,0,0,1,0,0,0,1,0,1,0,1,1,1,0,1,1,1,0,0
1,1,1,1,0,0,1,0,1,0,0,0,1,1,0,0,1,0,1,0,1,1,0,0,1,0,0,1,1,0,1,1,0,0
1,1,1,0,0,0,1,1,0,1,1,0,0,1,0,0,0,0,1,1,0,1,0,0,1,1,1,1,1,1,1,0,0,0
1,0,1,1,1,0,0,1,1,0,0,1,1,0,0,1,0,0,0,1,1,1,1,1,1,0,1,0,0,0,1,1,1,1
1,1,0,1,0,1,1,0,1,0,0,0,1,1,0,0,0,1,1,1,0,0,0,0,0,1,1,0,1,0,1,0,0,0
0,1,0,0,1,1,0,1,0,0,0,0,0,1,0,1,0,0,1,0,1,1,0,1,1,1,1,1,1,1,1,1,0,0
1,1,0,0,1,0,1,0,0,1,0,1,0,1,0,0,0,1,1,1,1,0,1,0,0,0,0,0,1,1,0,0,0,0
1,1,0,1,1,1,1,0,0,0,0,1,0,0,1,1,1,1,0,0,0,0,0,1,0,0,0,1,1,0,0,1,0,0
1,1,1,1,0,0,0,1,1,0,0,1,0,1,1,1,0,0,0,1,1,0,1,0,1,1,1,0,0,1,1,1,1,1
0,1,0,0,1,0,0,1,0,0,1,0,1,0,0,0,0,0,0,1,0,1,0,0,1,1,1,1,1,0,1,0,1,1
1,1,1,0,1,1,1,1,0,1,0,0,0,1,1,1,0,1,1,1,1,1,0,1,1,0,0,0,0,1,1,0,0,0
1,0,1,0,1,1,0,1,0,0,1,1,1,0,0,0,0,1,0,0,0,0,0,1,1,1,0,1,0,0,0,1,0,0
1,0,0,0,1,1,1,0,1,1,0,0,1,1,1,0,0,0,1,0,1,1,0,1,1,1,1,1,1,1,0,1,0,0
1,1,0,0,1,1,1,1,0,1,1,1,0,0,1,1,1,0,0,1,1,0,0,1,1,1,0,0,0,0,1,0,0,0
1,0,1,1,1,0,1,1,1,1,0,1,0,0,0,0,0,1,1,0,1,0,1,1,0,0,0,1,0,1,0,1,0,0
0,1,1,1,1,0,1,0,1,1,0,0,0,0,0,1,0,1,0,0,1,1,1,0,0,1,1,1,0,0,0,1,0,0
0,1,0,1,0,1,0,0,1,0,0,1,0,1,1,0,0,0,1,0,0,1,1,0,0,1,1,1,1,1,0,1,1,1
0,0,1,0,0,1,0,0,1,0,1,1,1,0,0,0,0,0,0,0,1,1,1,0,0,0,0,0,1,0,0,0,1,1
1,1,0,0,0,0,1,1,0,1,0,1,1,1,1,1,0,1,0,1,0,0,0,0,1,0,1,1,1,0,0,1,0,0
1,0,0,0,0,1,1,0,1,0,0,1,1,1,1,0,0,0,0,1,0,1,0,1,1,0,1,0,0,0,1,1,1,1
0,0,1,0,0,1,0,1,0,1,1,0,0,0,1,1,0,0,0,1,1,0,0,0,1,1,1,0,0,0,1,0,0,0
1,1,1,1,1,0,0,1,1,1,0,1,1,0,0,1,0,0,0,0,0,0,1,1,1,0,1,0,1,0,0,0,0,0
1,0,1,0,1,0,0,0,0,1,1,1,1,0,0,1,0,0,0,1,0,1,0,0,1,0,1,1,1,1,1,0,0,0
1,0,0,0,1,1,0,0,0,0,0,1,0,0,1,1,0,1,0,1,1,0,1,0,1,1,0,0,0,1,0,0,0,0
1,1,1,1,1,0,1,1,1,0,1,0,0,1,1,1,0,0,0,1,0,0,0,1,0,0,0,1,0,0,0,1,1,1
0,1,0,0,0,0,0,1,0,1,1,0,0,1,0,0,0,0,0,1,0,1,0,0,0,0,0,0,1,0,0,1,1,1
1,1,0,1,1,1,1,0,1,1,1,1,0,1,0,1,1,0,1,1,1,1,0,0,0,1,0,1,0,0,1,0,0,0
1,1,1,1,1,1,0,0,1,0,0,0,1,0,0,1,1,0,0,0,1,0,0,0,1,0,0,0,1,1,1,0,0,0
1,0,1,0,1,0,1,0,0,0,1,1,1,0,0,1,0,0,0,1,1,1,0,0,1,1,1,1,0,0,0,1,0,0
1,0,1,0,0,0,1,1,1,1,0,0,0,1,0,1,0,1,1,1,1,0,1,1,0,0,1,1,1,1,1,0,0,0
0,1,1,1,0,0,0,1,0,1,1,1,0,1,1,1,0,0,1,0,1,0,0,1,1,0,1,1,1,0,1,0,0,0
1,0,1,1,1,1,1,0,0,0,1,0,1,1,1,0,0,0,0,1,0,1,1,1,1,1,0,0,1,0,1,1,1,1
1,1,0,0,1,1,0,1,0,1,0,0,0,1,0,1,1,1,0,0,0,0,0,1,0,1,0,1,0,0,1,0,0,0
1,1,1,0,1,0,0,0,1,1,0,0,0,1,0,1,0,0,0,1,0,0,1,1,0,1,1,1,1,1,0,0,1,1
1,0,0,0,1,1,0,0,0,0,1,0,1,1,1,1,0,1,0,1,0,1,1,1,1,0,0,1,1,1,1,0,0,0
1,1,0,0,0,1,0,0,1,1,0,1,0,0,0,0,1,1,0,0,0,0,1,1,0,1,1,1,1,1,0,0,0,0
1,1,1,1,0,0,0,1,1,0,0,0,0,1,0,0,1,1,0,1,0,1,1,1,0,0,0,0,0,0,1,1,0,0
1,0,0,1,0,1,1,0,0,1,1,1,0,0,1,0,0,0,0,0,0,0,1,1,1,0,0,0,1,0,1,1,1,1
1,1,1,1,0,1,1,0,0,1,0,0,0,1,0,1,0,1,1,1,1,1,1,0,0,0,1,1,0,1,0,1,0,0
0,1,1,1,0,1,0,0,1,1,1,1,1,1,1,0,0,1,0,1,0,1,1,1,1,0,1,0,0,1,1,1,0,0
1,0,1,1,0,0,1,1,0,1,1,0,0,1,0,0,1,0,1,0,1,1,1,1,0,1,0,0,1,0,0,1,0,0
1,0,1,1,0,0,1,1,0,1,0,1,0,1,0,1,0,1,1,1,0,1,0,1,1,1,0,1,1,0,1,1,0,0
0,0,1,0,0,0,1,1,0,0,0,0,0,1,1,0,0,0,0,1,0,0,0,1,0,1,0,1,1,1,0,1,0,0
1,1,1,1,1,1,1,0,1,0,1,1,0,0,0,1,0,1,0,1,1,1,0,1,1,0,0,1,1,0,1,1,0,0
1,1,1,1,0,0,0,0,1,1,1,1,1,0,0,0,0,0,0,0,1,0,0,1,0,0,1,0,1,0,0,1,0,0
1,1,0,0,0,1,0,1,1,1,0,0,1,0,1,0,1,1,0,0,0,1,0,1,0,1,1,0,1,1,1,1,0,0
0,1,0,1,1,1,1,0,1,0,1,0,1,0,1,1,0,0,0,0,0,0,1,1,0,1,0,1,0,0,1,1,1,1
1,0,0,1,0,1,1,0,1,0,0,1,0,1,0,1,0,1,0,0,0,1,0,1,0,1,0,1,1,1,0,1,0,0
1,1,0,1,1,0,1,0,0,1,0,1,1,0,0,1,1,0,1,1,0,1,0,0,1,1,1,0,1,1,0,1,0,0
0,1,1,1,0,1,0,1,1,1,0,0,0,1,0,0,0,1,1,1,0,0,1,0,1,1,0,1,1,0,0,0,0,0
1,1,0,1,0,1,0,0,0,0,1,0,1,0,0,1,0,0,1,1,1,0,0,1,0,1,1,1,1,0,0,0,0,0
1,1,0,0,1,0,0,1,1,1,1,0,1,0,0,1,1,0,1,1,0,0,1,0,0,0,0,1,0,0,1,1,0,0
1,1,0,1,0,0,1,1,1,1,0,0,0,1,1,1,0,1,0,1,0,0,0,1,0,1,0,1,1,1,1,1,0,0
1,1,1,1,1,1,0,0,0,1,1,1,1,0,0,1,1,0,1,0,0,1,0,1,0,0,0,1,0,0,1,1,0,0
1,1,1,1,1,1,0,1,1,1,0,1,1,0,1,0,1,0,0,1,1,1,0,0,1,1,1,0,1,1,0,0,0,0
1,0,1,1,0,1,0,1,0,0,0,0,1,1,1,0,0,1,1,1,0,1,1,0,1,1,0,1,1,1,0,1,0,0
1,1,0,1,0,1,0,0,0,1,0,1,0,1,0,0,1,1,0,0,1,0,1,1,1,0,0,0,1,0,0,1,0,0
1,0,0,0,0,1,0,0,0,0,1,1,0,1,1,1,0,0,1,0,0,0,1,0,0,1,1,1,0,1,1,0,1,1
1,0,1,0,0,1,0,1,1,1,0,1,0,1,0,0,0,1,0,1,0,0,0,0,0,0,1,0,0,0,0,0,0,0
1,0,0,1,0,1,0,1,0,0,0,0,1,1,0,1,0,1,1,1,0,1,1,0,1,0,0,0,0,1,0,1,0,0
0,1,0,0,1,1,0,0,0,0,0,1,1,1,1,0,0,0,1,0,1,0,1,1,0,0,1,0,1,1,0,0,0,0
1,1,1,1,0,0,0,1,1,0,1,1,1,0,1,1,0,0,1,1,0,1,0,1,0,1,0,0,0,1,0,0,0,0
0,1,0,0,1,0,0,0,1,0,0,1,1,0,0,1,0,0,1,0,1,1,0,1,1,1,0,0,1,1,1,0,1,1
0,1,0,0,0,0,0,0,0,0,0,0,1,1,1,1,0,0,1,1,1,1,1,1,1,0,1,0,0,1,1,0,0,0
1,1,1,0,1,0,0,0,1,0,0,0,0,1,1,1,1,0,0,1,1,1,0,0,1,0,0,1,0,0,1,0,0,0
1,1,0,1,1,1,1,1,1,1,0,0,1,0,0,1,0,1,1,0,1,0,0,1,1,1,1,0,0,0,0,0,0,0
1,0,1,1,0,1,1,0,0,1,0,1,1,1,1,1,1,0,0,0,1,1,1,1,0,1,1,1,0,1,0,1,0,0
1,1,1,0,1,1,1,0,1,0,1,0,0,0,1,0,0,0,0,1,0,0,1,1,1,1,0,0,1,0,0,1,1,1
1,1,0,1,0,0,1,1,1,0,0,0,0,0,1,0,0,0,0,0,1,0,1,1,1,1,1,1,1,0,0,0,1,1
1,1,1,1,1,1,0,1,0,0,1,0,0,0,0,0,0,1,0,0,0,0,0,1,0,1,0,0,0,0,1,1,0,0
1,1,1,1,0,0,1,1,0,1,1,1,1,1,1,0,0,1,0,0,0,0,0,1,0,0,0,0,1,0,1,0,0,0
1,1,0,0,1,0,1,0,0,0,0,1,0,1,0,1,0,1,0,1,1,0,0,0,1,1,0,1,0,1,1,0,0,0
1,0,0,1,1,1,1,0,1,1,1,0,1,0,1,0,0,0,1,1,1,1,1,0,1,1,1,0,0,1,1,1,0,0
0,1,1,1,1,0,1,0,0,0,1,0,0,0,1,0,0,0,0,1,1,1,0,0,1,1,1,0,0,0,0,1,1,1
1,0,0,1,1,1,0,0,1,0,0,0,0,0,0,0,1,0,0,0,1,0,1,0,1,0,0,0,1,0,0,1,0,0
1,1,0,1,0,0,1,1,0,0,0,1,0,1,0,0,1,0,0,1,0,0,1,0,0,1,0,0,1,1,0,1,0,0
0,0,0,1,0,1,0,0,1,1,0,0,0,0,1,0,0,0,0,0,1,1,1,1,0,1,1,1,0,0,0,0,0,0
1,1,1,0,0,1,1,1,1,0,1,1,1,1,1,1,0,0,1,1,1,0,1,1,0,1,0,0,1,1,1,0,0,0
1,1,0,1,0,1,1,1,0,1,0,1,0,1,1,0,0,1,1,0,0,0,1,0,0,1,1,1,1,1,1,0,0,0
1,1,0,0,1,1,1,0,0,1,1,1,1,0,0,1,1,0,0,1,0,0,1,1,0,1,1,0,0,1,1,1,0,0
1,1,1,0,0,1,0,1,1,1,0,0,0,0,0,0,1,0,1,0,0,1,0,0,0,1,0,1,0,0,0,0,0,0
1,0,0,1,0,0,0,1,1,0,0,1,1,1,1,1,0,1,1,1,1,1,1,0,1,0,0,1,1,1,1,1,0,0
1,0,1,0,1,1,0,1,1,1,0,1,1,1,1,0,0,1,0,1,1,0,0,0,1,0,0,1,1,0,1,1,0,0
1,0,1,0,0,1,1,1,1,1,0,0,1,0,1,0,1,0,1,0,0,1,1,0,0,1,1,1,0,1,0,0,0,0
1,1,0,0,1,1,0,1,0,1,0,1,1,0,0,0,0,0,1,0,0,0,0,1,1,0,0,1,1,1,1,1,1,1
1,1,0,0,1,0,0,0,1,1,1,1,0,0,0,1,0,1,1,1,0,1,0,1,0,0,1,1,0,1,1,0,0,0
1,0,1,1,0,1,0,1,0,0,1,1,0,1,0,1,0,0,1,1,1,0,1,1,0,0,0,1,1,1,0,0,0,0
1,0,1,1,0,0,1,1,1,1,1,0,1,1,0,1,0,0,0,0,1,0,0,0,0,1,1,1,0,1,0,0,0,0
1,1,0,0,1,0,1,0,0,1,0,1,1,0,1,1,0,1,0,0,0,1,0,1,1,0,0,1,0,1,1,1,0,0
1,1,1,1,1,1,1,0,1,0,1,0,0,0,0,1,0,0,0,0,0,0,0,1,1,0,0,0,1,1,1,1,1,1
1,0,1,0,1,1,0,1,1,1,0,1,1,0,0,0,0,1,1,0,0,0,1,0,1,1,1,1,1,0,0,0,0,0
1,1,0,0,1,0,1,1,0,0,1,0,0,1,0,0,1,0,0,0,0,1,0,1,1,0,0,0,1,0,0,1,0,0
1,1,0,1,0,0,1,1,0,0,0,1,0,1,1,0,1,0,0,1,1,1,0,1,0,1,1,0,0,1,1,0,0,0
1,0,0,1,1,1,1,0,0,0,1,1,1,0,0,1,0,1,1,1,0,1,0,0,0,0,1,1,1,1,0,0,0,0
0,1,1,1,0,1,1,0,1,1,0,0,0,0,1,1,0,1,1,0,0,0,1,0,0,1,0,1,1,1,0,1,0,0
1,1,0,1,1,0,0,0,0,1,0,0,0,1,0,0,0,0,0,1,0,0,0,0,1,0,1,0,0,1,0,1,1,1
1,0,1,1,1,1,0,0,0,1,1,1,1,1,0,0,0,0,0,0,1,0,0,1,1,0,1,0,0,0,0,0,0,0
0,1,1,1,1,1,0,0,0,0,1,1,0,1,0,0,0,0,1,1,0,1,1,1,1,0,1,1,0,1,0,0,0,0
0,1,1,1,1,1,1,0,0,1,0,1,1,0,1,1,0,1,1,1,0,0,0,1,1,1,1,1,1,1,0,1,0,0
1,1,0,1,0,1,1,1,0,1,0,0,1,0,0,1,1,0,1,1,1,1,0,0,1,1,1,0,0,1,0,0,0,0
1,0,0,0,0,1,0,0,0,1,0,1,0,0,0,0,0,0,0,1,0,0,0,1,0,0,1,1,0,1,0,1,1,1
0,1,0,1,1,1,1,1,1,1,0,1,1,1,1,1,0,1,0,1,0,1,1,1,0,0,1,0,0,0,1,1,0,0
0,1,1,1,1,0,1,1,1,0,0,0,0,1,0,0,0,0,0,0,1,1,1,1,0,0,1,0,0,0,0,1,1,1
1,1,0,0,1,1,1,0,1,0,1,0,1,0,1,1,0,1,1,0,0,1,1,1,1,0,1,1,0,1,1,1,0,0
1,0,0,0,1,0,0,1,1,0,1,0,1,0,0,1,1,0,0,0,0,1,1,1,0,1,1,0,0,1,0,0,0,0
1,1,1,0,1,1,1,1,0,0,1,0,1,0,0,0,1,0,0,0,0,1,0,1,1,0,0,0,0,0,0,1,0,0
0,1,1,1,1,1,1,1,0,1,0,0,0,0,0,0,0,0,1,1,1,1,0,1,0,0,1,0,0,0,0,1,0,0
1,0,0,1,0,0,1,1,1,0,0,1,1,1,0,0,0,0,1,1,0,0,0,1,0,0,1,1,1,1,1,0,0,0
1,0,1,0,0,1,0,1,1,1,0,0,1,0,0,1,0,1,1,0,0,0,0,1,1,0,0,1,1,0,1,0,0,0
1,1,1,1,0,1,0,1,0,0,1,0,0,0,1,0,0,0,0,1,0,0,0,1,1,0,0,1,1,1,1,1,1,1
1,0,1,1,1,1,0,1,0,0,0,1,1,1,0,0,1,0,0,1,1,0,1,1,0,0,1,1,1,0,0,1,0,0
1,0,1,1,0,1,0,1,0,1,1,1,1,0,0,1,0,0,0,1,1,0,0,0,1,0,0,1,0,1,1,1,0,0
1,0,1,0,0,1,1,1,1,1,0,0,0,0,1,0,1,0,0,1,0,1,0,1,0,0,0,1,1,1,0,1,0,0
1,1,1,0,1,1,0,0,0,0,1,0,1,0,0,1,1,0,1,0,0,1,0,1,0,1,0,0,1,1,1,0,0,0
0,1,1,1,0,0,1,0,0,1,1,0,0,0,1,0,0,1,0,0,1,1,0,1,0,1,1,1,0,0,0,0,0,0
1,1,1,1,1,1,1,1,0,1,0,1,0,0,0,0,0,1,1,0,1,0,0,1,0,0,0,1,1,0,0,1,0,0
1,0,0,1,1,0,1,1,1,0,0,0,0,0,0,0,0,0,1,1,1,0,1,0,1,1,0,0,1,1,1,1,0,0
0,0,1,1,1,0,1,0,1,0,1,1,0,0,0,0,0,0,0,1,1,0,0,1,0,1,1,0,1,1,0,1,1,1
1,0,0,0,1,1,1,0,1,0,0,1,1,1,1,1,0,1,0,0,0,1,1,1,0,1,0,0,0,0,1,0,0,0
1,1,0,0,0,0,0,0,1,1,0,1,0,0,1,0,0,0,1,0,1,0,0,1,0,0,0,0,0,0,1,1,0,0
0,0,1,0,1,1,1,0,0,0,0,0,0,0,1,0,0,0,0,0,1,1,1,0,0,0,1,1,1,1,1,0,0,0
1,1,0,1,0,1,1,1,0,1,0,0,1,1,0,0,1,0,0,0,1,0,1,1,1,1,1,1,1,0,1,1,0,0
1,0,0,0,1,0,1,1,0,0,0,1,0,0,1,0,0,1,0,1,1,1,1,1,1,0,1,0,0,0,0,0,0,0
1,0,0,1,0,1,0,0,1,0,0,0,0,0,0,0,0,1,0,1,1,1,0,1,1,1,0,1,1,1,0,1,0,0
1,0,1,0,0,0,0,1,1,0,1,0,0,1,0,0,0,1,0,0,0,0,0,0,1,0,1,1,0,0,1,1,0,0
1,1,1,0,0,0,1,0,1,1,1,1,0,0,0,1,1,0,0,1,1,1,1,0,0,0,1,1,0,1,1,1,0,0
1,1,1,0,1,0,1,1,1,0,0,0,1,1,0,0,1,0,0,0,1,0,0,1,1,1,0,1,1,1,0,0,0,0
0,1,1,1,1,0,1,0,1,0,1,1,1,1,0,0,0,1,1,0,0,1,0,0,0,1,1,1,0,0,0,0,0,0
1,1,1,1,0,0,0,0,0,1,0,0,0,0,0,0,0,0,1,0,0,1,0,1,1,0,1,0,1,1,0,1,1,1
0,1,1,0,0,1,0,1,0,0,0,0,0,1,1,0,0,0,1,1,1,0,0,0,0,0,1,0,1,1,1,1,1,1
0,0,1,0,0,0,1,0,0,1,1,0,0,0,1,1,0,0,0,1,0,0,1,0,1,1,1,1,0,1,1,1,0,0
1,0,0,1,0,0,0,0,0,0,1,1,1,1,0,0,0,1,0,1,1,1,1,1,0,1,0,1,0,0,0,0,0,0
1,1,0,0,1,0,0,0,0,0,1,0,0,1,1,1,0,1,1,1,0,0,0,0,0,0,1,0,1,1,0,1,0,0
1,0,1,0,1,1,0,1,0,1,0,1,1,1,0,0,1,0,1,0,0,1,0,1,1,1,0,1,1,1,1,0,0,0
1,0,1,1,0,0,0,0,1,1,1,0,1,0,1,0,0,1,1,0,1,1,0,0,0,1,0,1,0,0,1,1,0,0
1,1,0,0,0,0,0,1,0,0,1,0,1,0,0,0,0,1,0,1,0,1,0,0,1,0,0,1,0,0,1,1,0,0
1,0,1,0,0,1,1,0,1,0,0,0,0,0,1,1,1,0,0,1,0,1,1,0,1,1,0,0,0,1,0,1,0,0
1,0,0,0,1,0,0,1,1,0,0,0,0,1,0,0,0,0,1,1,1,1,0,1,1,1,0,0,1,0,1,1,0,0
1,1,0,1,1,1,0,1,0,1,0,0,1,1,0,1,0,0,0,0,1,0,0,1,1,0,1,1,1,1,0,0,1,1
1,0,1,0,0,0,0,0,1,1,1,1,1,1,1,0,0,0,0,1,1,1,1,1,1,1,1,0,0,1,1,0,0,0
1,0,0,1,0,1,1,0,0,1,1,0,0,0,0,1,0,0,0,0,1,1,0,1,0,1,1,1,1,1,1,1,1,1
1,0,0,0,1,1,1,0,0,0,1,0,1,0,1,0,0,0,1,0,1,1,1,0,1,1,1,1,0,0,0,1,1,1
1,1,0,0,0,0,1,1,1,0,0,1,0,1,0,0,1,0,1,0,1,1,0,1,1,1,0,0,1,1,1,1,0,0
1,0,1,0,0,1,0,0,0,1,0,0,0,0,1,1,0,1,0,1,1,0,0,1,1,0,0,0,0,1,0,0,0,0
1,0,1,1,1,1,0,0,0,1,0,0,1,1,0,1,0,1,1,0,0,1,1,1,0,0,0,1,0,1,1,0,0,0
1,0,1,0,1,1,0,0,1,1,1,0,1,0,1,1,0,1,1,0,1,0,1,0,0,1,1,1,1,0,1,0,0,0
0,1,1,0,0,0,0,0,0,0,0,0,0,0,1,1,0,1,0,1,1,1,1,0,1,0,1,0,0,0,1,1,0,0
0,1,1,0,1,0,0,0,1,1,0,1,1,0,0,0,0,1,0,1,1,0,0,1,0,1,1,1,0,0,0,1,0,0
1,0,1,0,1,0,0,1,0,1,1,1,1,0,0,0,0,0,0,1,0,1,0,0,1,0,1,0,0,1,0,1,0,0
1,1,1,0,0,0,0,0,1,1,0,0,1,1,0,1,0,0,0,1,1,0,0,0,0,0,1,1,1,0,1,0,1,1
1,1,0,1,0,0,1,0,0,1,0,0,1,0,1,0,1,0,0,1,0,0,0,1,0,1,0,0,1,1,1,0,0,0
1,0,0,0,1,1,1,0,1,0,0,0,0,1,1,0,0,0,1,0,1,0,1,0,1,0,1,1,0,0,0,1,1,1
1,1,0,1,0,1,1,1,0,0,0,1,1,0,0,1,1,0,0,0,0,0,1,0,1,0,1,0,0,0,0,0,0,0
1,0,1,0,1,0,1,1,0,0,1,1,0,0,1,0,0,1,1,1,1,0,1,1,1,0,1,1,0,0,1,0,0,0
0,1,0,1,1,0,0,0,0,0,0,1,0,0,1,0,0,0,1,0,0,1,0,1,1,1,1,1,1,0,1,0,1,1
1,0,1,1,1,0,0,1,1,1,0,1,0,0,0,1,1,0,1,0,1,1,1,0,0,0,0,1,0,0,1,0,0,0
1,1,1,0,0,0,0,0,1,1,1,1,1,0,1,0,0,0,0,1,0,0,1,0,0,1,1,0,0,0,0,0,0,0
1,1,1,0,0,1,0,0,1,1,1,0,0,1,1,0,1,1,0,0,0,1,1,0,1,1,1,0,1,1,1,1,0,0
0,1,1,1,0,1,1,1,0,0,0,0,1,0,0,0,0,0,0,1,1,0,0,0,0,1,0,0,1,0,1,1,1,1
1,0,0,1,0,0,0,1,1,1,0,0,1,0,1,1,0,0,1,1,0,0,0,0,0,0,0,1,1,0,0,1,0,0
1,1,1,1,0,0,0,1,1,1,0,1,0,1,0,1,0,1,1,0,0,0,0,1,1,0,0,0,1,1,0,0,0,0
0,0,1,1,1,1,0,1,1,0,0,0,1,0,1,1,0,0,1,1,0,1,1,0,0,1,1,1,0,1,0,1,1,1
0,1,0,1,1,0,1,1,1,1,0,0,0,0,1,1,0,1,0,0,0,0,1,1,1,1,0,0,0,1,1,0,0,0
0,0,1,1,1,1,1,1,1,1,1,0,0,1,0,1,0,0,0,1,1,0,1,0,0,0,1,1,0,0,0,1,1,1
1,0,0,0,1,1,1,1,0,1,0,0,0,1,1,1,0,0,1,1,1,0,0,0,1,1,1,1,1,0,0,0,0,0
0,1,1,0,0,0,0,1,0,1,1,0,0,0,0,1,0,0,1,0,1,1,0,0,0,1,0,1,1,0,1,0,0,0
1,0,1,0,1,1,1,0,0,1,0,0,0,0,0,0,0,0,1,1,0,0,0,0,0,0,0,0,0,1,1,0,1,1
1,1,1,1,1,1,1,0,0,0,0,0,1,1,1,1,1,0,0,0,0,0,0,1,0,0,1,1,1,0,0,0,1,1
0,1,1,1,1,0,0,0,0,1,1,0,1,1,1,1,0,0,1,0,0,1,0,0,0,0,0,1,0,0,0,0,0,0
1,0,0,1,1,0,0,1,1,0,1,1,0,0,0,1,0,0,0,0,0,0,1,0,1,1,1,1,1,0,0,1,1,1
1,0,1,0,1,0,0,1,0,1,0,0,1,0,1,1,0,0,1,1,0,1,0,0,0,1,1,0,1,1,0,0,0,0
1,0,0,0,1,1,1,0,1,1,1,0,1,0,0,0,0,0,1,0,1,0,0,0,1,1,0,1,1,1,1,1,0,0
1,0,0,0,0,1,0,0,1,0,0,1,0,0,1,1,0,0,1,1,1,0,1,0,1,0,0,1,0,0,1,0,0,0
1,1,1,1,1,0,1,0,0,0,1,0,0,0,0,0,1,1,1,0,0,0,0,0,0,1,1,0,0,0,0,0,0,0
1,1,0,1,0,1,0,0,0,1,0,1,1,1,0,0,0,0,1,0,1,1,1,0,1,1,0,0,1,1,1,0,0,0
1,1,1,0,0,0,0,0,1,0,1,1,0,1,1,1,0,1,0,0,0,0,0,1,0,1,1,0,1,0,0,1,0,0
1,1,0,0,1,0,0,0,0,1,0,0,0,1,0,1,0,1,1,1,1,0,1,1,1,1,1,0,0,0,0,1,0,0
0,1,0,0,0,1,0,0,1,0,1,1,1,1,0,0,0,0,0,1,0,0,0,0,0,0,0,0,1,0,0,1,0,0
0,0,0,0,1,1,1,0,1,1,0,1,1,1,0,1,0,0,0,0,0,0,1,1,0,1,1,0,1,0,0,0,0,0
1,1,0,1,0,0,0,0,1,0,0,0,0,1,0,1,1,0,0,0,0,1,0,0,1,0,1,1,0,1,1,0,0,0
1,1,0,1,1,1,1,1,0,0,1,0,0,0,0,1,0,1,1,0,1,0,0,0,0,0,0,0,1,1,0,1,0,0
1,1,0,0,0,1,1,1,0,0,0,0,1,1,1,1,1,1,0,0,0,0,1,1,1,0,0,0,0,1,1,1,0,0
1,1,0,1,1,0,1,1,1,1,0,1,0,0,0,1,1,0,1,1,1,1,0,1,1,0,0,1,1,1,1,0,0,0
1,0,0,0,1,1,0,1,0,1,1,0,0,0,1,0,0,0,1,1,0,0,1,0,0,1,1,0,0,1,0,0,0,0
0,0,1,0,0,0,1,0,0,0,1,1,1,1,1,0,0,0,0,1,0,1,1,1,1,0,0,0,1,1,0,0,0,0
1,0,1,0,1,1,0,1,1,0,1,1,1,0,1,0,0,1,0,1,1,0,0,0,0,0,0,1,1,1,0,1,0,0
1,0,1,0,0,1,1,0,0,1,1,1,0,0,0,0,0,1,0,0,0,1,0,0,0,1,0,1,1,0,0,0,0,0
0,1,0,0,1,1,0,1,0,1,0,0,0,0,1,1,0,0,1,0,0,1,0,1,1,1,0,1,0,0,0,0,1,1
1,1,1,0,1,0,1,1,0,1,0,0,0,0,1,1,1,1,0,1,0,1,0,0,0,1,1,1,1,1,0,1,0,0
1,1,1,0,0,1,1,1,1,0,1,1,0,1,0,1,1,1,0,1,1,1,0,1,1,1,0,0,1,0,1,1,0,0
1,0,0,0,0,1,0,1,1,1,0,0,1,1,1,0,0,1,1,1,1,1,1,0,1,1,1,0,0,0,0,1,0,0
1,1,0,0,1,0,1,0,1,0,0,1,1,0,1,1,1,0,0,1,0,0,1,1,0,1,0,1,0,1,0,1,0,0
1,0,1,0,1,0,0,0,0,0,1,1,0,1,0,1,0,0,1,1,0,0,1,0,1,1,0,0,0,0,0,0,0,0
1,1,1,1,0,1,0,0,1,0,0,1,1,1,1,1,0,1,0,0,0,1,0,0,0,0,1,1,1,1,1,1,0,0
1,1,0,1,0,1,0,1,1,0,1,1,0,0,1,1,0,0,1,1,1,0,1,1,1,0,1,1,1,0,1,1,0,0
0,0,1,1,1,1,0,0,0,0,1,0,0,0,1,1,0,0,1,1,0,1,1,1,1,1,0,1,1,1,0,0,1,1
1,0,1,1,0,0,0,0,1,1,1,0,0,0,0,0,1,0,0,1,1,0,0,1,1,0,1,0,1,1,0,0,0,0
1,0,0,0,0,1,1,0,0,1,1,0,0,0,1,0,0,1,0,1,0,1,1,1,1,1,0,0,1,0,1,1,0,0
1,1,0,1,1,0,0,1,1,0,1,1,1,0,0,1,0,1,1,0,1,0,1,1,1,1,0,0,0,0,0,0,0,0
0,1,1,1,0,1,0,0,0,1,0,0,1,1,0,0,0,1,0,1,1,0,0,1,1,1,0,1,0,1,1,0,0,0
0,1,0,1,1,0,1,1,1,1,0,0,1,1,0,0,0,0,1,1,1,0,0,1,1,1,1,0,1,1,1,0,0,0
1,0,0,1,1,0,1,0,0,1,0,0,1,1,1,0,0,0,1,1,0,1,0,0,0,1,0,1,1,1,0,1,0,0
1,1,0,0,1,1,1,1,0,0,1,0,0,0,1,0,0,1,1,1,0,1,1,1,0,0,0,0,0,0,0,1,0,0
1,0,0,0,0,1,0,1,1,1,0,0,0,0,0,1,0,0,0,0,0,1,1,1,0,0,0,0,0,0,0,1,1,1
0,1,0,0,1,1,1,1,1,1,0,1,1,1,0,0,0,0,1,1,0,1,0,0,0,0,1,0,1,0,0,1,0,0
0,1,1,0,1,0,0,0,0,0,1,0,1,1,0,1,0,0,0,1,0,1,1,1,1,0,0,1,0,0,1,0,1,1
0,1,1,1,0,1,0,1,0,1,0,0,0,0,0,0,0,1,1,0,0,0,1,1,1,1,1,0,1,1,0,1,0,0
0,1,1,1,1,1,0,1,0,0,0,0,0,0,0,1,0,1,1,1,1,0,0,0,0,0,0,1,1,1,0,1,0,0
1,1,0,1,0,0,1,0,1,0,0,0,0,0,1,0,0,0,0,0,1,0,1,1,1,0,1,1,1,0,1,1,1,1
1,1,1,1,1,0,0,1,1,1,1,0,1,1,0,0,0,1,1,1,1,1,0,1,0,0,0,0,0,0,1,0,0,0
1,0,0,1,1,0,1,1,0,1,0,1,0,0,1,0,0,1,1,0,1,1,1,1,0,1,1,0,0,1,0,0,0,0
1,0,1,0,1,1,0,0,0,1,1,0,0,1,1,1,0,1,0,0,1,1,1,1,0,0,0,1,1,0,0,0,0,0
1,0,0,1,0,1,0,1,0,0,1,1,1,0,1,0,0,1,0,1,1,1,1,1,0,0,0,1,0,0,0,1,0,0
0,0,0,1,1,1,1,1,0,1,1,1,1,0,0,1,0,0,0,0,1,1,1,1,1,1,0,0,0,1,1,1,0,0
1,0,1,0,1,1,1,0,0,0,1,1,0,1,1,0,0,1,0,1,1,0,1,0,0,0,1,0,0,1,1,1,0,0
1,1,0,1,0,1,1,0,0,1,1,1,0,0,1,0,1,1,0,0,1,0,1,0,1,1,0,0,1,1,0,0,0,0
1,1,1,1,0,0,0,1,0,1,1,1,0,1,0,1,1,1,1,0,0,0,0,1,1,1,1,1,0,1,1,0,0,0
1,0,1,0,1,0,0,1,0,0,0,1,1,0,1,1,0,1,0,0,0,1,1,1,1,1,0,0,0,0,0,1,0,0
0,1,1,0,1,1,1,1,1,0,1,0,1,0,1,1,0,0,0,0,1,1,0,0,1,0,1,1,1,0,1,1,1,1
1,0,0,1,1,0,0,1,1,1,1,1,0,1,1,0,0,0,1,1,0,0,0,0,1,1,0,1,0,0,1,1,0,0
1,1,1,1,0,1,0,0,1,0,1,0,0,0,1,1,0,0,0,0,0,1,1,0,1,0,0,0,0,0,1,1,1,1
1,0,0,1,0,0,0,0,0,1,1,0,0,1,0,0,0,1,0,0,0,1,0,0,0,0,0,1,1,0,1,1,0,0
0,1,0,0,1,1,0,0,0,1,1,1,1,0,0,0,0,0,1,1,0,1,1,1,0,0,0,1,1,0,1,0,0,0
1,1,1,0,1,1,0,1,1,0,0,1,1,1,1,1,0,1,1,1,0,1,0,0,1,0,0,1,0,0,0,1,0,0
0,1,1,1,1,1,1,1,1,0,1,0,0,0,1,0,0,1,0,1,0,0,1,1,1,0,1,1,0,0,1,0,0,0
1,1,0,1,1,0,0,1,1,1,1,1,0,0,1,1,1,0,0,0,1,1,0,1,0,1,1,1,0,1,0,0,0,0
1,0,1,1,1,1,1,1,1,1,1,1,0,0,1,1,1,0,1,0,1,0,1,1,1,0,1,1,1,1,1,0,0,0
1,1,1,0,1,1,0,0,1,0,0,1,1,0,1,1,0,0,1,0,0,0,0,0,1,1,0,0,0,1,1,0,1,1
1,0,0,0,0,0,0,1,1,1,0,0,1,0,1,0,0,1,0,0,1,1,0,1,0,1,0,0,0,1,0,1,0,0
0,0,1,0,1,0,1,0,0,0,1,0,1,0,0,1,0,0,0,1,1,1,1,1,1,1,0,0,1,0,1,0,0,0
1,1,1,0,1,0,0,0,1,0,1,0,0,0,1,1,0,1,0,0,1,0,1,0,1,1,1,0,0,0,1,1,0,0
1,1,0,1,0,0,1,1,1,0,0,0,1,0,0,1,0,0,1,1,0,0,0,0,1,1,1,1,1,0,0,0,1,1
0,1,0,1,1,0,1,1,1,0,1,0,0,1,0,0,0,0,0,1,0,0,1,1,1,0,0,0,0,1,1,0,1,1
0,1,0,1,1,0,0,1,0,0,0,1,0,1,0,1,0,1,0,1,0,1,0,0,1,0,1,0,1,0,0,0,0,0
1,0,0,1,1,0,0,1,0,1,1,1,1,0,0,1,0,1,1,1,1,1,0,1,0,1,0,0,0,0,1,0,0,0
1,1,0,1,1,0,0,0,1,1,0,0,0,1,0,1,0,1,0,0,0,1,0,1,0,0,0,1,0,1,1,1,0,0
0,1,1,0,0,1,0,0,1,1,1,1,1,0,1,1,0,0,0,1,1,0,0,0,1,1,0,0,0,0,0,0,0,0
1,1,1,0,1,1,1,0,0,1,1,0,1,0,1,0,0,1,1,1,1,1,0,1,0,1,0,1,0,0,0,1,0,0
1,1,0,0,1,1,1,0,0,0,0,1,0,0,1,0,0,0,0,0,1,0,1,1,1,1,0,0,1,1,1,1,1,1
0,1,0,1,0,0,0,0,1,1,0,1,0,1,0,1,0,0,1,0,0,1,1,1,1,0,0,0,0,1,0,0,0,0
1,0,0,0,1,1,1,1,0,0,0,0,0,1,0,0,0,1,0,0,1,0,1,1,1,1,0,1,0,1,1,1,0,0
0,1,1,1,0,0,1,0,0,0,1,1,0,1,1,0,0,0,0,0,0,1,0,0,0,0,0,1,1,0,0,0,1,1
0,1,1,0,1,0,1,1,1,0,1,1,1,0,1,1,0,0,0,0,1,1,0,1,0,0,0,0,1,0,0,0,0,0
1,0,0,1,1,0,0,0,0,1,1,1,0,0,0,1,0,1,1,0,0,1,0,1,0,0,0,0,0,0,1,1,0,0
1,1,0,0,0,1,1,0,0,0,0,0,1,0,0,0,1,0,1,0,0,1,1,0,0,0,1,0,1,0,1,0,0,0
1,1,1,1,1,1,1,1,0,0,1,1,0,1,0,0,0,1,0,0,1,0,1,1,1,1,1,0,0,0,0,1,0,0
1,1,1,0,1,1,1,0,0,1,0,0,1,0,0,0,1,1,0,1,1,1,1,0,0,1,1,0,0,1,0,0,0,0
1,0,1,1,0,0,1,1,1,1,0,0,0,1,0,1,0,1,0,0,0,1,1,0,1,1,1,1,0,0,0,0,0,0
1,1,1,1,1,0,0,0,0,1,0,1,0,1,1,0,0,0,0,0,1,0,1,0,1,1,1,1,1,0,1,0,1,1
1,1,1,1,1,0,0,1,1,1,1,1,1,1,1,0,0,0,1,0,0,0,1,0,0,0,0,1,1,0,1,1,0,0
1,1,1,0,1,1,0,1,1,1,0,0,0,0,1,0,0,1,0,0,1,0,0,1,0,1,1,0,0,0,0,0,0,0
0,1,0,0,1,1,1,1,0,1,0,1,0,1,1,1,0,0,1,1,0,0,1,0,0,0,0,0,0,0,1,0,0,0
1,1,0,0,0,1,0,1,1,0,0,0,1,0,1,0,1,0,1,1,1,1,1,1,0,0,1,0,1,0,1,0,0,0
1,0,1,0,1,0,0,1,1,1,0,0,1,1,0,0,0,0,0,0,1,1,0,1,0,0,0,1,0,0,0,1,1,1
1,0,0,0,1,1,0,0,0,1,1,1,1,1,1,0,0,1,0,1,0,0,0,0,0,1,0,1,1,0,1,0,0,0
1,0,0,1,1,1,0,0,0,0,1,0,0,1,0,0,0,0,1,0,1,0,0,1,0,1,0,1,1,1,0,1,1,1
1,1,0,0,1,1,0,1,0,0,1,1,0,1,1,0,1,0,0,0,1,0,1,0,0,0,1,1,0,0,0,0,0,0
1,0,0,1,0,1,1,1,0,0,1,1,0,0,0,0,1,0,0,1,0,1,1,0,1,0,1,1,0,1,0,1,0,0
0,1,1,1,1,0,1,1,0,0,1,0,0,0,0,1,0,0,0,1,0,1,0,1,0,0,1,0,1,1,0,1,1,1
1,1,1,1,0,0,0,0,1,0,0,1,1,1,0,1,1,0,0,0,1,0,1,0,1,1,1,1,1,1,0,1,0,0
1,1,1,0,0,0,1,1,0,1,1,1,0,0,1,1,1,0,0,1,1,0,1,0,0,0,1,1,1,1,0,0,0,0
1,1,0,1,0,1,1,1,0,1,1,1,0,0,0,1,1,0,0,0,1,1,0,1,1,0,1,0,0,0,0,0,0,0
1,0,1,1,1,1,1,0,0,1,1,1,1,1,0,1,1,0,0,0,1,1,1,1,1,1,1,0,1,0,1,1,0,0
0,1,0,1,0,0,0,1,1,0,1,1,0,0,1,0,0,0,1,1,0,0,0,1,1,1,1,0,0,0,0,1,0,0
1,0,0,1,0,1,1,0,1,0,1,0,0,1,0,0,1,0,0,0,0,0,0,0,0,0,1,0,0,0,1,1,0,0
1,0,0,1,1,0,1,1,1,1,1,0,0,0,0,0,0,0,0,0,1,1,0,1,0,0,1,0,1,1,1,0,0,0
1,1,1,1,0,0,0,1,0,0,1,1,1,0,1,0,1,0,1,0,1,0,1,1,1,1,1,0,1,0,1,0,0,0
1,1,0,0,1,1,1,0,0,0,1,1,1,1,0,0,0,0,0,0,0,1,0,1,1,0,0,0,0,1,1,1,1,1
1,0,1,0,0,0,1,1,1,0,1,0,1,0,0,0,1,0,0,1,1,0,0,0,0,1,0,0,0,0,0,0,0,0
1,0,0,1,1,1,1,1,0,0,1,1,1,1,0,1,0,0,0,0,0,1,1,0,1,0,0,0,0,0,0,0,0,0
1,0,1,1,1,0,0,1,0,0,1,1,1,1,0,1,0,1,1,1,0,1,1,0,0,0,0,1,0,0,1,1,0,0
1,1,0,1,1,0,1,0,1,0,0,1,1,1,0,1,1,0,0,0,0,1,1,1,0,0,0,0,1,1,0,1,0,0
1,1,1,1,0,1,0,0,1,1,0,0,0,0,0,1,1,1,0,1,0,0,0,0,0,0,1,0,0,1,0,0,0,0
1,1,0,1,0,0,0,0,1,1,1,0,0,0,1,0,0,1,1,0,1,0,1,0,1,0,0,0,0,1,0,1,0,0
1,1,1,1,1,0,1,0,0,1,0,1,0,0,1,1,0,1,1,1,1,1,0,1,0,0,1,1,1,1,1,1,0,0
0,0,1,0,0,0,0,1,0,1,0,0,1,1,0,0,0,0,0,1,1,1,1,1,1,0,0,0,1,0,0,1,0,0
1,0,0,1,1,1,1,0,1,1,0,1,1,0,0,0,1,0,0,0,0,1,1,0,0,1,1,1,1,0,0,0,0,0
1,1,0,1,0,1,0,1,0,1,1,1,0,1,0,0,0,0,1,0,0,0,0,1,0,1,0,0,0,1,0,0,0,0
1,1,1,1,0,1,1,0,1,1,0,1,0,0,1,0,1,0,0,0,0,1,0,0,0,1,1,0,0,0,1,0,0,0
1,1,0,1,1,0,0,1,0,0,1,1,0,1,1,1,1,0,1,0,1,0,0,0,1,1,0,1,1,1,1,1,0,0
1,1,1,0,0,0,0,0,0,1,1,1,1,1,0,0,1,0,1,0,0,0,0,0,0,1,1,1,0,0,1,1,0,0
1,1,1,0,1,0,1,1,1,0,1,1,0,1,1,0,0,0,0,0,1,1,1,0,0,1,1,1,1,1,0,0,1,1
1,1,0,1,1,0,0,1,1,1,1,1,1,0,1,1,1,0,0,1,1,0,0,1,0,0,0,0,0,0,1,1,0,0
0,1,1,1,0,0,1,1,1,0,1,1,0,1,0,0,0,1,1,0,1,1,0,1,0,1,1,1,0,1,0,1,0,0
1,0,1,1,1,0,1,0,0,1,0,0,1,1,0,0,0,0,0,0,0,0,1,1,1,0,1,0,1,0,1,0,1,1
1,1,0,1,1,0,1,1,1,1,0,0,1,1,0,0,0,1,0,1,0,1,0,0,0,0,1,1,0,1,1,1,0,0
1,1,1,0,1,1,0,0,1,1,1,0,1,0,1,1,0,1,1,0,1,1,1,1,1,0,0,0,1,0,1,1,0,0
1,0,0,1,0,0,0,0,1,0,0,0,0,1,1,0,0,1,1,0,1,0,1,0,0,1,1,1,0,0,1,0,0,0
1,0,1,1,1,1,1,1,1,0,1,1,1,1,0,0,0,0,0,1,1,1,0,1,0,1,0,1,1,0,0,1,0,0
0,0,1,1,1,1,0,1,0,1,1,1,1,0,1,0,0,0,1,1,0,1,1,0,0,1,0,0,1,1,1,0,0,0
0,1,1,1,1,1,0,0,0,1,1,1,1,0,0,1,0,0,0,0,0,0,1,1,0,0,0,0,1,1,1,1,0,0
0,1,1,1,1,1,1,0,0,0,1,1,1,1,0,1,0,0,1,1,1,0,0,1,1,0,0,1,0,1,0,0,0,0
0,1,0,1,1,1,1,0,0,0,0,1,0,0,1,0,0,0,0,0,0,0,1,0,0,1,1,1,0,1,0,1,1,1
1,1,1,0,0,0,0,0,1,1,1,1,0,1,1,1,0,0,0,1,0,1,0,1,0,1,0,1,1,0,1,1,0,0
1,1,0,0,0,0,1,0,1,1,0,1,1,1,1,1,1,0,1,1,1,0,0,0,0,0,1,1,0,0,0,1,0,0
1,1,0,1,0,0,1,1,1,1,1,0,0,1,1,0,0,1,0,0,0,0,0,1,1,1,1,0,1,0,0,1,0,0
1,1,0,1,0,0,1,0,0,0,1,0,1,1,1,0,0,1,0,0,0,0,1,0,0,1,0,1,1,0,1,1,0,0
1,1,1,0,0,1,0,1,1,0,0,1,1,1,1,1,1,0,1,0,0,1,0,0,0,0,1,1,1,1,0,0,0,0
1,0,1,0,1,0,0,1,0,1,1,1,0,0,1,0,0,0,1,0,1,1,1,1,1,1,0,0,0,0,0,1,0,0
1,1,0,1,1,1,1,1,1,0,0,1,1,0,1,1,1,0,1,1,1,0,0,0,0,1,1,0,0,1,1,1,0,0
1,1,1,0,0,1,0,1,0,1,0,0,1,1,1,0,0,0,1,0,1,0,1,0,1,0,1,1,1,0,0,1,1,1
1,1,1,0,1,1,0,1,1,0,1,1,0,1,1,1,0,0,1,1,1,0,0,1,0,0,0,1,1,0,1,0,0,0
1,1,0,0,0,1,0,1,1,0,1,0,0,0,0,1,1,0,1,0,0,1,1,0,1,1,0,0,0,0,1,1,0,0
1,0,1,1,1,0,0,1,0,0,0,1,1,0,1,1,0,0,0,0,0,0,1,0,1,0,1,0,0,1,0,1,1,1
1,0,1,0,1,1,1,0,1,0,1,0,1,1,1,1,1,0,1,0,1,0,0,1,0,0,1,1,0,0,0,1,0,0
0,1,1,0,1,1,1,0,0,1,1,1,0,0,1,1,0,0,1,0,0,0,0,0,1,1,1,1,1,0,0,1,0,0
1,0,1,0,1,0,1,1,0,1,1,0,0,0,0,1,0,1,0,0,1,0,1,0,0,1,0,1,0,1,0,1,0,0
0,0,1,1,1,1,1,1,0,1,1,1,1,1,1,0,0,0,0,0,0,1,0,0,0,1,0,0,0,1,1,0,0,0
1,0,0,0,0,0,1,0,0,0,0,1,1,0,0,0,0,0,0,1,1,0,1,0,1,0,1,0,1,0,1,1,0,0
1,0,0,0,0,1,1,1,1,0,0,1,0,0,1,0,0,1,1,0,0,0,1,1,0,0,0,0,1,1,0,1,0,0
0,0,1,0,1,1,0,1,1,1,1,0,0,0,0,0,0,0,0,0,1,1,0,0,0,1,0,0,1,1,0,0,0,0
1,0,0,0,0,0,1,0,1,0,1,1,0,1,1,1,0,0,0,0,0,1,0,0,0,0,1,0,0,1,0,0,1,1
0,1,0,1,0,1,1,1,0,0,1,1,1,0,0,0,0,0,0,0,1,0,1,0,0,1,0,1,1,0,0,1,1,1
0,1,0,1,0,1,1,1,0,1,0,0,1,0,0,0,0,1,0,0,1,1,0,0,0,0,1,1,1,1,0,0,0,0
1,0,1,0,1,0,1,1,0,0,1,1,1,1,1,1,1,0,0,0,0,1,0,1,0,1,0,1,0,1,1,1,0,0
1,1,0,1,0,0,1,1,1,1,1,1,1,1,0,1,0,1,1,1,1,0,0,1,1,1,1,1,1,0,0,0,0,0
1,0,0,1,1,0,0,1,0,0,1,0,1,0,1,1,0,1,1,1,1,1,0,0,0,1,1,1,1,0,0,1,0,0
1,1,1,0,1,0,1,1,1,1,0,0,1,1,0,0,0,0,0,0,1,0,0,0,1,1,0,0,0,1,0,1,0,0
0,0,1,1,1,1,0,1,1,0,0,0,0,1,1,1,0,0,1,0,1,0,0,0,0,0,0,1,1,0,1,1,1,1
1,1,1,1,1,0,1,1,0,1,0,0,0,1,1,1,1,0,1,0,0,0,0,1,1,0,0,1,0,1,1,1,0,0
1,0,1,1,1,0,1,1,0,1,0,0,1,1,0,0,1,0,1,1,0,0,0,0,0,0,1,0,0,0,1,1,0,0
1,1,0,0,1,0,0,0,1,1,0,0,0,0,0,1,1,0,1,1,0,0,0,0,1,0,1,1,0,1,0,0,0,0
1,1,1,1,1,1,1,0,1,1,0,0,0,1,0,1,0,1,0,1,1,1,1,0,0,1,0,1,0,0,1,0,0,0
0,0,0,1,0,1,1,1,0,1,1,0,0,1,0,0,0,0,0,0,1,0,0,0,0,0,0,1,1,1,1,1,0,0
1,0,1,0,0,1,0,0,1,0,0,1,0,0,0,0,0,1,0,1,1,0,0,0,0,1,1,1,1,1,0,0,0,0
1,0,1,0,0,1,1,0,0,0,1,0,1,0,1,1,0,1,1,0,0,1,1,1,1,0,0,0,0,0,1,1,0,0
1,1,0,1,1,1,0,1,0,1,0,0,0,0,1,0,0,1,1,0,1,1,0,1,0,1,0,0,0,1,1,0,0,0
1,0,1,0,1,0,1,0,1,1,1,1,1,0,1,1,0,0,0,0,0,0,1,0,1,1,1,1,0,1,1,0,0,0
0,1,0,1,0,1,0,1,0,1,0,0,0,0,1,1,0,0,0,1,0,0,0,0,1,0,1,1,1,0,1,1,1,1
1,1,1,1,0,1,0,0,1,1,0,0,0,0,0,1,0,1,0,1,1,0,1,1,0,0,0,0,0,1,0,1,0,0
1,0,1,1,1,0,1,0,0,1,1,1,1,1,0,1,0,1,1,1,0,0,1,0,1,1,1,0,0,0,0,1,0,0
1,0,0,1,0,1,1,0,0,0,0,0,0,1,0,0,0,0,1,1,1,1,1,0,0,1,1,0,1,1,1,0,0,0
1,1,0,0,0,1,0,0,0,0,1,1,0,1,0,0,1,0,0,0,1,1,1,1,0,1,1,1,0,1,0,1,0,0
1,1,1,0,1,1,0,1,1,0,1,1,0,1,1,0,0,1,0,1,1,1,0,1,0,0,1,1,1,0,1,0,0,0
1,1,0,0,0,0,0,0,1,0,0,0,0,0,0,1,0,0,1,0,1,0,1,0,0,1,0,0,0,1,0,0,1,1
0,0,1,1,1,1,0,0,1,0,1,1,1,0,1,1,0,0,0,0,0,1,1,1,1,0,1,0,1,1,1,1,1,1
1,1,1,0,0,0,1,1,0,1,1,1,0,0,0,0,1,0,0,1,1,0,1,1,1,1,1,0,1,0,0,0,0,0
1,0,1,1,1,0,0,0,0,0,1,1,1,0,0,1,0,0,0,0,1,0,0,0,1,1,0,0,0,1,0,1,1,1
1,1,0,1,0,0,0,0,1,1,1,0,1,1,1,0,0,0,1,0,0,1,0,1,0,1,1,0,1,1,0,0,0,0
1,1,0,1,1,1,0,1,0,1,1,0,1,0,1,1,1,0,0,0,0,0,0,1,1,0,1,1,1,0,1,0,0,0
0,0,1,0,1,0,1,0,0,0,0,1,0,1,1,1,0,0,0,0,1,0,1,1,1,1,1,0,0,1,0,1,0,0
1,1,1,0,1,1,1,1,1,1,1,0,0,0,0,1,1,0,1,1,0,1,0,0,0,1,0,0,0,1,0,0,0,0
1,0,1,1,0,0,1,1,1,0,1,0,1,1,0,0,0,1,0,0,1,0,0,1,1,0,0,1,1,0,0,0,0,0
0,1,1,1,1,1,0,0,1,0,0,0,0,0,1,0,0,1,0,1,1,0,0,0,1,1,1,0,1,1,0,1,0,0
1,1,1,1,0,0,1,0,0,1,0,1,1,0,0,0,1,1,0,0,1,0,1,0,0,0,0,1,1,0,1,0,0,0
0,1,0,1,0,1,0,1,1,0,1,1,0,1,1,0,0,0,1,1,0,1,1,1,1,0,1,1,0,1,1,0,0,0
0,0,0,1,1,1,1,0,0,1,0,1,1,0,1,1,0,0,0,1,0,0,1,1,0,0,0,1,0,0,0,0,0,0
1,0,1,1,0,1,0,1,0,0,1,1,0,1,0,0,1,0,1,1,0,1,0,0,0,1,1,1,1,0,0,0,0,0
1,1,0,1,0,0,0,1,0,0,1,0,1,0,1,1,0,0,0,1,1,0,1,1,0,1,1,0,0,0,0,1,1,1
1,1,1,0,1,0,1,0,1,0,0,1,1,0,1,1,0,1,0,1,1,0,1,1,0,0,1,0,1,1,0,0,0,0
1,0,1,1,0,1,1,1,0,1,1,0,0,1,1,0,0,0,0,0,1,1,0,0,0,0,1,0,1,1,1,0,1,1
0,0,1,1,1,1,0,1,0,0,0,0,0,0,1,1,0,0,0,0,0,0,1,0,1,1,1,1,0,0,0,0,1,1
1,1,1,1,1,0,0,0,1,0,0,0,1,1,0,0,1,1,0,0,1,0,1,1,1,1,1,1,1,0,0,0,0,0
1,1,0,0,0,1,1,0,0,1,0,1,0,1,0,0,0,0,0,1,0,1,0,1,1,0,0,1,1,1,1,0,1,1
0,1,1,0,0,1,1,1,0,0,1,1,0,0,0,1,0,1,0,0,1,0,1,1,1,1,0,1,0,1,0,0,0,0
1,0,1,0,1,1,1,1,1,1,1,0,1,1,1,0,0,0,0,1,0,1,1,0,1,0,0,0,1,0,1,0,0,0
1,1,0,0,0,1,0,0,1,0,1,0,0,1,0,1,1,0,1,1,0,1,0,0,1,1,0,1,0,1,0,0,0,0
1,1,1,1,1,1,0,1,0,1,1,1,1,1,0,0,0,0,1,0,0,0,0,0,1,0,1,0,1,1,1,1,0,0
1,0,1,1,1,0,1,1,1,1,1,0,0,0,0,1,0,1,1,0,1,1,0,0,0,0,1,0,0,0,0,0,0,0
0,1,1,1,0,0,0,1,1,0,1,0,1,1,0,0,0,0,0,1,0,1,0,1,0,0,1,1,0,0,0,0,1,1
1,1,0,1,0,1,1,0,1,0,0,1,1,0,1,0,1,1,0,0,1,0,0,0,1,0,1,0,0,1,0,0,0,0
1,1,0,0,0,1,1,0,0,0,0,0,1,0,1,0,1,0,1,1,0,0,1,0,0,0,1,1,1,1,0,0,0,0
1,0,0,0,1,1,0,1,0,1,1,0,0,1,1,0,0,1,0,0,0,1,1,1,1,1,1,0,0,0,1,0,0,0
0,1,0,0,0,1,1,1,1,1,1,0,0,0,0,0,0,0,1,1,0,1,0,0,1,0,1,1,1,1,0,0,0,0
1,1,1,0,0,0,1,1,1,0,0,1,0,1,0,0,1,1,0,1,0,1,1,1,0,1,0,1,1,0,1,0,0,0
1,1,0,1,0,1,0,1,1,1,1,1,1,0,0,0,0,0,1,0,1,1,1,0,1,1,0,0,1,0,1,0,0,0
1,0,1,0,1,0,1,1,1,1,0,1,1,0,0,1,0,0,0,1,1,0,0,1,1,0,0,1,1,0,0,0,1,1
1,0,1,1,1,1,0,0,1,1,0,1,1,1,1,1,0,0,0,1,0,1,1,0,1,0,0,1,1,1,1,0,0,0
1,1,0,0,0,0,0,1,0,0,0,1,1,0,0,0,0,1,1,0,0,1,1,1,1,0,0,1,1,0,1,1,0,0
1,0,1,1,1,0,0,0,1,1,0,0,0,0,0,1,1,0,0,0,0,1,0,1,1,0,0,0,0,1,0,0,0,0
1,1,0,0,1,0,0,1,1,0,1,1,1,0,0,1,0,1,0,1,0,1,0,1,1,1,1,1,1,0,0,1,0,0
1,1,0,0,1,0,1,0,1,1,1,0,0,0,0,1,1,0,1,1,0,1,0,0,0,0,1,1,1,0,0,1,0,0
1,1,1,0,0,0,1,0,1,1,0,0,1,0,1,0,1,0,0,1,0,1,0,1,1,1,1,0,1,0,1,1,0,0
0,1,0,1,0,1,1,1,0,0,0,0,1,0,0,1,0,0,1,1,0,1,1,1,0,1,1,0,1,1,0,1,1,1
1,1,0,1,0,1,0,1,1,0,0,0,1,1,0,0,0,0,0,1,0,1,1,1,0,0,0,1,1,1,0,1,1,1
1,1,1,0,0,1,0,0,0,1,1,0,1,1,1,1,0,0,1,1,0,0,1,1,0,0,1,0,1,1,0,0,0,0
1,1,0,0,1,0,0,0,0,1,0,0,0,0,0,1,1,0,0,1,0,1,0,0,0,1,0,0,1,1,1,1,0,0
1,0,0,1,1,0,0,0,1,0,1,1,1,0,1,0,1,0,0,1,0,1,0,1,1,1,1,0,1,1,0,1,0,0
1,0,0,1,1,0,1,1,1,0,0,1,0,1,0,1,1,0,0,1,0,0,0,0,0,0,1,0,0,1,0,0,0,0
1,1,1,0,0,0,0,0,0,1,0,1,1,1,1,0,0,1,1,1,0,0,1,0,0,1,0,0,0,1,1,1,0,0
1,1,0,1,1,0,1,0,0,0,0,0,1,1,1,0,0,0,1,0,0,1,1,1,1,1,0,0,0,1,0,0,1,1
1,1,0,0,1,0,1,0,1,1,1,0,1,0,0,1,1,0,0,1,1,0,1,1,1,0,0,0,0,0,1,0,0,0
0,0,0,0,1,1,1,1,0,1,1,1,1,0,1,0,0,0,0,0,0,1,0,1,0,1,0,0,1,0,0,0,0,0
1,1,1,0,0,0,0,0,1,0,1,0,1,0,0,1,1,0,1,1,1,0,1,1,0,0,0,1,0,0,1,1,0,0
1,1,1,0,1,1,0,0,0,0,1,1,1,1,0,1,0,0,0,1,0,0,1,1,0,0,0,0,0,0,1,1,0,0
1,1,0,0,0,0,1,1,1,1,0,1,1,1,1,0,1,0,0,1,1,1,0,1,1,0,1,0,0,1,0,1,0,0
0,1,0,0,1,1,1,1,1,1,0,0,1,0,0,1,0,0,1,0,1,1,0,0,1,0,0,0,1,1,0,0,0,0
1,1,1,0,1,0,0,0,1,0,1,0,1,0,1,0,0,0,0,0,0,1,1,0,1,0,0,1,1,0,0,1,1,1
0,0,1,1,0,1,1,0,0,0,0,1,0,0,0,1,0,0,1,0,1,1,1,0,1,0,0,0,1,1,0,1,0,0
1,1,1,1,0,0,1,1,1,0,1,1,1,1,0,1,0,0,1,1,0,1,1,1,1,0,0,0,0,1,0,0,0,0
1,1,0,0,1,0,0,0,0,1,0,0,1,0,0,1,1,0,0,0,1,1,0,1,0,1,0,0,1,1,0,1,0,0
1,1,0,0,0,0,0,0,0,1,0,0,0,1,0,1,1,0,0,0,1,0,0,1,1,0,1,0,0,1,1,1,0,0
1,1,1,0,0,1,1,1,1,1,1,0,1,0,0,1,0,1,0,0,0,0,1,1,0,1,0,0,1,1,1,1,0,0
1,0,0,0,1,0,0,0,0,1,0,1,0,0,1,1,0,0,0,1,1,1,1,0,1,1,0,0,0,1,0,1,1,1
1,1,1,0,1,1,1,0,0,1,1,1,0,1,0,0,1,0,0,1,0,1,1,1,1,0,1,1,0,1,1,0,0,0
1,0,0,1,1,1,0,0,0,0,1,0,1,1,0,0,0,1,0,0,0,0,0,1,1,0,0,1,1,1,1,1,0,0
1,0,1,1,1,0,0,0,1,0,1,1,0,0,0,1,1,0,1,1,0,1,0,0,0,1,1,1,0,0,0,1,0,0
1,1,1,0,0,0,0,1,1,1,1,0,1,0,1,0,1,0,1,1,0,1,1,1,1,0,0,1,0,1,0,1,0,0
1,1,0,1,1,0,1,0,1,1,1,1,0,0,0,1,0,0,0,1,0,1,1,0,1,1,1,0,1,0,0,1,0,0
0,1,1,1,1,1,1,0,0,0,0,0,0,0,0,1,0,0,0,1,1,1,1,1,0,1,0,0,0,0,0,1,1,1
1,1,0,0,1,0,0,0,0,0,1,1,0,0,1,1,0,1,0,1,1,0,0,0,0,0,1,0,1,0,1,1,0,0
1,1,1,0,0,0,0,1,1,0,0,0,1,0,1,0,1,0,0,1,0,0,0,1,1,1,0,1,1,1,0,0,0,0
1,1,0,0,0,0,1,1,1,1,0,1,1,0,1,1,1,0,1,0,1,0,1,0,1,0,1,1,0,1,0,0,0,0
1,1,0,1,1,0,1,0,1,1,0,1,0,0,1,0,1,0,1,1,1,1,0,1,0,0,0,0,1,1,0,1,0,0
1,0,1,0,1,0,0,1,1,0,1,0,1,1,0,0,0,1,1,0,0,0,1,1,0,0,1,0,0,0,1,0,0,0
0,1,1,1,1,1,1,1,1,0,1,1,1,1,0,1,0,0,0,0,1,1,0,0,0,1,0,1,0,1,0,1,0,0
1,1,0,1,1,0,0,0,1,1,1,1,1,1,0,0,0,1,1,1,1,0,1,1,0,0,1,1,1,0,1,0,0,0
1,0,0,0,0,0,0,0,1,0,1,0,0,0,0,1,0,0,1,0,1,1,1,0,0,0,1,0,0,0,0,1,1,1
0,1,1,0,1,1,1,0,1,0,1,1,1,1,1,1,0,1,0,1,1,0,0,1,1,0,0,1,1,0,1,1,0,0
1,1,0,0,0,1,0,0,0,1,0,1,1,1,0,0,0,0,0,0,1,1,1,0,1,1,1,1,0,1,0,1,1,1
1,0,1,0,1,1,0,1,1,1,0,1,1,1,1,1,1,0,0,1,0,1,0,0,0,0,0,0,0,1,1,1,0,0
1,1,1,0,1,1,1,1,0,1,0,0,0,0,0,1,1,0,0,0,1,0,1,1,1,1,1,0,0,0,1,0,0,0
0,1,1,1,1,0,0,1,1,1,1,1,1,0,0,1,0,1,0,0,1,1,1,0,1,0,0,0,1,1,0,0,0,0
1,1,0,1,0,1,1,0,0,1,0,1,0,1,1,1,1,0,0,1,1,0,1,0,0,1,1,0,0,0,0,1,0,0
0,1,1,1,1,0,1,0,0,1,1,1,0,1,1,1,0,1,0,1,1,0,0,0,0,1,1,1,0,0,1,1,1,1
1,0,1,1,1,0,1,0,1,0,1,1,0,0,1,0,0,0,1,0,1,1,0,1,1,1,1,0,0,1,1,0,0,0
1,1,0,1,0,1,1,0,0,1,0,0,1,1,0,1,0,1,0,1,0,1,0,0,0,0,0,0,0,1,0,1,0,0
0,1,1,1,1,0,1,0,0,0,0,0,0,1,0,0,0,1,1,1,0,0,0,1,1,0,1,1,1,1,1,0,0,0
0,1,1,0,0,1,0,0,1,0,1,1,0,0,1,1,0,0,1,1,0,1,0,0,1,1,0,0,0,1,1,1,0,0
1,0,0,0,0,1,0,1,0,0,0,0,0,0,1,0,0,0,0,1,1,0,1,1,0,1,0,1,0,0,0,0,0,0
1,1,0,1,0,1,1,0,1,0,1,1,0,0,1,0,0,1,0,0,1,1,0,0,1,0,1,1,1,0,0,1,0,0
0,1,0,1,1,0,0,1,1,1,1,0,1,0,1,1,0,0,0,0,1,1,0,0,0,1,0,0,1,0,0,0,0,0
0,0,1,1,1,0,1,1,0,1,0,1,1,0,1,1,0,0,0,1,0,1,0,0,1,0,0,1,1,1,1,0,1,1
1,0,0,0,0,0,0,0,0,1,0,0,1,1,1,1,0,0,0,0,1,0,0,1,0,1,0,0,0,0,0,0,1,1
1,0,0,0,1,0,0,1,0,1,1,1,1,1,0,1,0,1,0,1,0,1,0,1,1,1,0,0,1,1,0,0,0,0
0,0,1,1,0,1,1,1,1,1,0,1,0,1,1,0,0,0,0,0,0,1,1,0,0,1,0,0,1,0,0,1,1,1
1,1,1,1,0,0,0,0,0,0,1,1,0,1,1,0,1,0,1,0,1,1,0,1,0,1,1,0,0,0,1,1,0,0
1,0,0,1,1,1,1,0,1,0,1,1,1,0,1,0,0,1,1,1,0,0,1,0,1,1,1,0,1,1,1,0,0,0
1,0,0,0,0,0,0,0,0,1,0,1,0,0,0,0,0,1,0,0,0,1,1,0,0,0,1,0,1,0,1,1,0,0
1,0,1,1,0,0,1,0,0,1,0,1,1,1,0,1,0,0,1,1,0,1,0,0,0,0,0,1,0,1,0,0,0,0
0,1,0,1,0,0,0,1,1,1,0,1,1,0,0,0,0,1,0,1,0,0,0,0,1,1,1,0,0,0,0,1,0,0
0,1,0,1,0,0,0,0,1,0,1,0,0,1,1,1,0,0,0,1,1,1,0,1,0,0,0,1,1,1,1,1,1,1
1,0,1,0,0,1,1,1,0,1,1,0,1,1,0,1,0,0,1,1,0,1,0,0,1,0,1,0,1,0,1,1,0,0
1,1,0,1,1,0,1,0,0,1,0,0,0,0,0,0,1,0,1,1,1,0,0,1,0,1,0,0,1,1,0,0,0,0
1,1,1,0,0,1,0,0,0,1,1,1,1,0,0,1,1,0,0,1,0,0,0,1,1,1,0,0,0,0,0,0,0,0
1,1,0,0,1,1,1,1,1,1,1,1,0,1,0,0,0,1,0,1,0,1,0,1,0,1,0,0,1,1,0,0,0,0
0,1,1,0,1,1,1,0,0,0,1,0,0,0,0,1,0,0,0,1,0,1,1,0,0,1,0,1,0,1,0,1,1,1
0,1,1,1,1,0,0,0,0,1,1,0,1,1,1,0,0,1,0,0,0,1,0,1,1,0,0,0,0,0,0,0,0,0
1,1,0,1,1,0,0,1,1,1,0,1,1,1,1,0,0,0,0,1,1,0,0,1,1,1,0,0,1,1,1,0,0,0
1,1,0,0,0,0,0,1,1,0,1,1,0,0,0,1,0,0,0,1,0,1,1,0,0,0,0,0,0,0,1,0,1,1
1,1,1,1,1,1,1,0,0,0,1,0,0,0,1,1,1,1,0,0,1,0,1,1,0,1,1,0,1,1,1,1,0,0
1,1,1,0,1,0,1,1,0,0,0,1,1,0,0,0,1,1,0,0,1,0,0,1,1,0,0,1,0,1,1,1,0,0
0,1,1,1,0,1,0,0,1,1,0,0,0,1,1,1,0,0,0,1,0,1,1,0,0,0,0,1,0,1,1,0,1,1
1,1,0,0,1,0,0,0,1,0,1,0,0,0,0,0,0,1,0,1,0,0,0,0,0,1,0,0,1,0,1,1,0,0
1,1,0,0,1,0,0,0,1,0,0,1,0,1,0,0,1,0,1,1,0,0,1,0,0,1,0,0,0,1,0,1,0,0
1,0,1,1,1,0,1,1,0,0,1,0,1,1,0,1,0,0,1,1,0,0,0,0,1,1,0,1,0,1,0,1,0,0
1,0,0,0,0,0,0,1,0,0,1,0,1,1,0,1,0,1,0,0,0,1,0,1,0,1,0,0,0,1,0,1,0,0
1,1,1,0,1,1,1,1,0,1,0,1,1,1,0,0,0,1,1,0,0,0,0,0,1,0,0,0,1,0,1,1,0,0
1,1,0,1,1,1,1,1,0,0,1,1,1,0,1,1,0,1,1,1,1,0,1,1,0,1,1,0,0,1,0,0,0,0
1,1,1,1,0,1,0,1,1,0,1,1,0,0,0,1,0,1,0,1,1,0,1,0,0,1,0,1,1,1,0,1,0,0
1,0,0,1,1,0,1,1,1,0,1,0,0,1,0,1,0,0,1,1,0,1,1,0,0,0,0,1,0,1,0,0,0,0
1,0,1,0,1,1,0,1,1,0,0,0,1,0,1,0,1,0,0,1,1,0,0,0,0,1,1,1,0,1,0,1,0,0
1,0,1,0,1,1,0,1,1,0,0,1,1,1,0,0,1,0,1,0,0,1,0,1,1,1,1,1,1,1,0,1,0,0
1,0,1,1,1,1,1,1,0,1,1,1,1,0,1,1,0,1,0,0,1,1,1,1,1,0,1,1,1,0,0,0,0,0
1,1,0,0,1,1,0,0,0,0,0,1,0,1,1,0,0,0,1,0,0,1,1,1,0,0,1,0,1,0,0,0,1,1
0,1,1,0,1,1,1,1,0,0,0,0,0,0,0,1,0,1,1,0,1,0,0,1,1,0,1,1,1,0,0,1,0,0
1,1,1,1,0,1,1,0,1,1,1,1,1,0,0,0,1,1,1,0,0,0,1,1,1,1,0,0,1,1,1,0,0,0
1,0,1,1,0,1,0,1,0,0,1,1,0,0,0,1,0,0,0,0,0,1,0,0,0,0,0,0,0,0,0,1,1,1
1,1,0,1,1,0,0,0,1,0,1,0,0,1,1,0,0,1,0,1,0,0,0,0,1,1,1,1,1,1,1,0,0,0
1,1,1,1,0,1,0,1,1,0,1,0,1,0,1,0,1,0,1,0,1,1,1,1,0,1,0,1,0,0,0,1,0,0
0,1,0,0,1,1,0,0,0,1,0,1,1,0,0,1,0,0,1,1,0,1,0,1,0,1,1,0,1,0,0,1,0,0
0,1,0,1,1,0,1,0,0,1,1,0,0,1,0,0,0,0,1,1,0,1,0,1,1,1,0,0,1,0,1,1,0,0
1,0,0,0,1,0,0,1,0,1,1,0,1,1,0,1,0,0,1,1,1,0,1,1,0,0,1,0,1,0,0,0,0,0
1,1,0,1,0,1,1,0,1,0,0,0,0,0,0,1,0,1,1,1,1,0,0,1,0,0,1,1,1,0,1,1,0,0
1,0,0,0,1,0,1,1,0,1,1,1,1,1,1,1,0,0,1,1,1,1,1,1,1,0,0,1,0,0,0,1,0,0
1,1,0,1,1,1,0,1,0,1,0,0,0,1,1,0,1,1,0,0,1,0,0,1,1,0,1,0,0,1,1,0,0,0
1,0,1,1,0,0,0,1,1,1,0,0,0,1,1,1,0,1,0,0,1,0,1,1,1,1,1,0,1,0,0,1,0,0
1,1,1,0,0,1,1,0,0,0,0,0,0,0,1,0,1,1,0,0,1,1,1,0,0,1,1,1,0,1,1,1,0,0
0,1,0,0,1,0,1,1,0,0,1,0,0,0,1,0,0,0,1,0,1,1,0,0,0,0,0,1,0,0,1,1,1,1
0,0,1,0,1,1,0,0,0,0,1,1,1,1,0,1,0,0,0,0,1,0,0,0,0,1,1,0,1,0,0,1,0,0
0,0,1,0,1,0,1,1,0,0,1,0,0,1,0,1,0,0,0,0,0,1,0,0,1,0,0,1,0,1,0,0,0,0
1,1,0,1,0,0,0,1,0,0,1,1,0,0,1,0,1,0,1,0,1,0,1,0,1,0,0,0,1,1,0,0,0,0
1,0,0,0,0,0,0,1,0,0,1,0,1,1,0,0,0,0,1,1,1,1,0,1,1,0,1,0,1,1,1,1,0,0
1,1,1,0,1,1,1,0,1,1,0,1,0,1,1,0,0,0,0,0,1,0,1,1,0,1,0,0,0,1,1,1,1,1
1,1,1,1,0,0,0,0,1,1,1,0,0,0,0,1,0,1,0,0,0,0,1,1,1,0,1,1,0,1,0,1,0,0
1,1,0,1,1,1,0,1,1,1,0,0,1,1,0,0,0,1,1,0,0,1,1,0,1,1,0,0,1,1,0,1,0,0
1,1,0,0,0,1,0,0,1,0,0,0,1,1,1,0,0,1,1,0,0,0,0,0,1,1,0,0,1,1,1,1,0,0
1,0,1,0,0,1,0,0,1,1,1,0,1,0,0,0,0,1,1,1,0,0,1,0,0,1,1,1,1,1,1,1,0,0
0,1,0,1,0,0,1,1,1,0,0,0,0,0,0,1,0,1,0,0,1,0,1,0,0,1,0,1,0,1,0,1,0,0
1,0,1,1,1,0,0,0,1,1,1,1,1,1,0,0,1,0,0,0,0,1,1,1,1,1,1,1,1,0,0,1,0,0
0,1,1,1,0,1,0,0,0,0,1,1,1,0,1,0,0,1,0,0,0,0,0,0,0,1,1,0,0,0,1,0,0,0
1,0,1,0,0,1,1,1,1,0,0,0,0,1,0,1,0,0,1,1,0,0,0,1,1,1,1,1,1,1,0,0,1,1
0,1,1,1,0,0,1,1,0,1,1,0,1,1,0,1,0,1,1,1,0,0,1,0,1,1,0,1,1,1,0,1,0,0
1,1,0,1,0,0,0,1,0,0,0,0,1,1,0,1,1,0,0,0,1,0,1,1,0,0,0,0,0,1,1,0,0,0
1,1,0,0,1,1,0,1,0,0,0,0,1,1,1,1,1,0,1,1,0,0,0,1,0,0,1,1,1,0,1,1,0,0
1,0,1,1,1,1,0,0,1,0,1,1,1,1,0,1,0,1,0,1,0,0,1,1,0,0,1,0,0,0,0,1,0,0
1,1,1,1,0,0,0,1,0,1,1,0,1,1,1,1,1,0,1,1,1,0,0,0,0,1,1,1,1,1,1,1,0,0
1,1,1,0,0,0,1,0,0,1,0,1,1,0,0,0,0,1,0,0,0,1,0,1,0,0,1,0,1,1,0,0,0,0
1,1,1,0,0,0,0,0,0,1,1,0,0,0,0,0,0,0,0,0,0,1,0,1,0,0,1,1,0,0,0,0,1,1
0,0,1,1,1,1,0,0,1,0,0,1,0,0,1,1,0,0,1,1,1,0,1,1,1,0,1,0,0,0,1,0,0,0
1,1,1,0,1,0,0,0,1,1,0,0,0,0,0,0,1,1,0,0,1,0,0,1,1,0,1,0,0,1,0,0,0,0
1,1,0,0,1,0,0,1,1,1,0,1,1,1,1,0,0,1,1,0,1,0,1,1,1,1,0,1,1,0,0,1,0,0
1,0,0,0,1,0,0,0,1,0,1,1,1,0,1,0,1,0,0,0,0,1,0,0,1,1,0,0,1,1,0,0,0,0
1,0,1,0,0,0,1,1,1,0,0,0,0,1,0,0,0,0,1,0,0,0,1,0,0,1,1,1,0,0,1,1,1,1
1,0,1,1,0,0,1,0,0,0,1,0,1,0,0,0,0,1,0,0,0,1,0,0,0,0,1,0,1,0,1,0,0,0
1,1,0,1,1,0,1,0,1,1,0,0,0,1,0,1,0,0,1,0,1,0,0,1,0,0,0,1,0,0,0,1,0,0
1,1,1,0,1,0,1,1,0,1,0,0,1,0,0,1,0,1,0,0,0,1,1,1,0,1,1,0,1,0,0,0,0,0
0,1,0,1,1,1,1,1,1,0,0,0,1,0,1,1,0,0,0,1,0,1,1,0,1,0,0,0,1,1,0,0,1,1
1,0,0,1,1,1,1,1,1,0,1,1,0,0,1,1,0,1,1,1,0,1,0,0,0,1,1,1,0,0,0,1,0,0
1,1,1,0,0,0,0,1,1,0,0,1,0,0,1,0,1,0,1,1,1,0,0,1,0,0,0,1,1,0,1,0,0,0
1,0,1,0,0,0,1,1,1,0,1,0,1,0,0,0,0,1,1,1,0,1,1,1,0,1,0,1,1,1,0,0,0,0
0,0,1,0,0,0,1,1,1,0,1,0,0,0,0,1,0,0,0,1,0,0,0,0,0,1,1,0,0,0,0,0,0,0
1,0,1,1,1,1,1,1,1,0,1,0,1,1,0,0,1,0,0,0,1,1,0,0,1,1,0,1,1,1,0,0,0,0
1,1,0,1,1,0,1,0,1,1,0,1,0,1,0,0,1,0,1,1,1,0,1,0,1,1,0,1,1,0,1,0,0,0
1,0,1,1,1,0,0,1,0,0,0,0,0,0,0,1,0,0,0,0,1,0,0,1,0,1,0,0,0,1,0,1,1,1
0,1,1,0,1,1,1,0,0,1,0,0,0,1,0,1,0,1,0,0,0,1,1,1,0,0,1,1,0,1,1,0,0,0
0,0,1,0,0,1,0,1,0,1,1,0,0,1,1,0,0,0,0,1,1,0,0,0,1,1,0,0,1,1,0,0,1,1
1,1,0,1,1,1,0,0,1,0,0,1,1,0,1,1,1,0,1,0,1,0,1,0,1,0,0,1,1,0,0,0,0,0
1,1,0,0,1,1,0,0,0,1,0,1,0,0,0,0,0,0,0,1,1,1,0,0,0,1,1,0,1,1,0,0,1,1
1,0,0,0,0,1,0,1,0,1,1,0,0,0,1,1,0,0,1,1,0,0,1,1,1,1,0,1,1,1,1,1,0,0
1,1,0,0,0,0,1,1,1,0,1,0,1,0,0,0,1,0,0,0,0,1,1,1,1,1,1,1,0,1,1,1,0,0
1,0,0,0,1,1,1,0,0,1,1,1,0,1,1,0,0,0,0,1,0,0,1,0,1,1,1,0,0,1,0,1,0,0
0,1,0,1,0,0,0,1,1,1,0,1,1,0,1,0,0,0,1,0,1,1,0,0,0,1,1,1,1,0,1,1,0,0
1,0,0,1,0,0,1,1,1,0,0,1,0,0,1,1,0,0,0,0,0,0,1,1,1,1,1,0,0,0,0,0,1,1
0,1,0,1,0,1,0,1,0,0,1,1,1,1,0,1,0,1,0,1,0,1,0,0,0,1,1,0,0,1,0,0,0,0
1,1,0,1,0,1,0,0,0,1,1,1,0,0,1,1,0,1,0,1,0,0,1,1,0,0,1,1,1,0,1,1,0,0
0,0,1,0,0,0,1,1,1,0,1,0,1,1,0,1,0,0,0,1,0,0,0,1,0,0,1,1,1,0,0,0,0,0
0,1,1,0,1,1,1,1,1,1,1,0,0,0,0,0,0,1,0,0,0,1,0,0,1,0,0,0,1,0,0,0,0,0
1,1,0,0,0,0,1,1,0,0,0,1,1,0,0,1,1,0,0,0,1,0,1,1,0,1,1,1,0,1,1,1,0,0
1,0,1,0,1,0,0,1,1,1,1,0,0,0,1,1,0,1,1,0,1,1,0,0,1,1,0,1,0,1,0,0,0,0
1,1,0,0,0,1,0,0,0,0,1,0,0,0,1,0,0,0,1,1,0,1,1,0,1,1,0,0,0,0,0,0,1,1
0,1,1,0,1,1,0,1,1,0,0,1,0,0,1,0,0,1,1,0,1,0,0,0,0,0,1,0,0,0,1,1,0,0
1,1,1,1,0,0,1,0,0,1,1,0,0,0,1,1,1,0,0,0,1,1,0,0,0,1,1,0,1,0,1,1,0,0
0,0,1,0,1,0,1,0,0,1,1,0,0,0,1,0,0,0,1,0,0,1,0,1,1,1,1,0,0,0,0,1,0,0
1,1,1,0,0,1,1,0,1,1,0,0,1,1,1,1,1,0,0,0,0,1,0,0,0,1,0,0,1,1,0,0,0,0
1,1,0,0,1,0,0,0,0,0,0,0,0,0,1,0,1,0,0,0,1,1,0,1,1,1,0,1,1,1,0,0,0,0
0,0,1,0,0,1,0,0,1,1,0,1,1,1,0,0,0,0,0,0,1,1,0,1,1,1,0,1,1,0,0,0,1,1
0,1,1,1,1,0,1,1,1,1,1,1,0,0,0,0,0,1,0,1,0,0,0,1,1,1,0,0,1,0,1,1,0,0
1,0,1,0,1,0,1,1,0,1,0,1,1,0,0,1,1,0,0,0,0,1,0,1,1,1,1,1,0,1,1,1,0,0
1,0,0,0,1,1,0,0,0,0,1,1,0,1,0,1,0,1,1,0,0,1,0,1,1,1,0,0,1,0,0,0,0,0
0,1,0,0,1,1,1,1,0,1,1,1,1,1,1,0,0,0,0,0,1,1,0,0,1,0,0,1,0,1,1,1,0,0
1,0,1,1,1,0,1,1,0,1,1,1,0,1,0,0,0,0,1,1,1,0,0,0,1,1,0,0,0,1,1,1,0,0
1,1,1,0,1,0,1,0,0,0,0,1,1,0,0,1,0,0,0,1,0,0,1,1,0,1,1,1,1,1,0,0,1,1
1,0,1,0,1,0,1,0,0,0,1,0,1,0,1,1,0,0,1,1,1,1,0,1,0,0,1,1,1,1,1,1,0,0
1,0,1,0,0,0,1,1,1,1,1,0,1,1,0,0,0,1,0,0,0,0,1,0,1,1,0,1,0,0,1,0,0,0
1,0,0,1,1,0,0,1,1,0,0,1,0,1,0,1,1,0,0,0,0,0,1,0,1,0,1,1,1,0,1,0,0,0
1,1,0,1,0,1,1,1,1,1,0,1,1,1,0,0,0,0,0,0,1,1,0,1,1,1,1,0,0,1,1,0,1,1
0,1,1,1,0,0,1,1,1,0,0,0,1,0,1,0,0,0,0,1,0,0,1,0,0,1,1,1,1,0,0,1,1,1
1,0,0,0,0,0,0,0,1,0,0,1,1,0,1,1,0,1,0,0,0,0,0,1,0,1,1,0,0,1,0,0,0,0
1,1,0,0,1,0,1,0,0,0,1,1,0,0,0,1,0,1,0,0,1,0,0,1,1,0,1,0,0,0,0,1,0,0
1,0,1,1,1,1,1,0,0,1,0,1,0,1,1,0,1,0,1,0,0,1,0,0,0,1,0,1,0,0,1,1,0,0
1,1,1,0,1,1,0,0,1,1,0,1,0,1,0,0,0,1,1,1,1,0,0,1,0,1,1,1,0,1,0,0,0,0
1,0,1,0,1,1,1,0,1,1,1,0,1,1,1,0,0,0,0,0,0,1,1,1,1,0,0,0,1,0,1,0,0,0
0,1,1,0,1,0,0,1,0,1,1,1,0,0,1,0,0,0,0,1,0,0,1,0,1,1,0,1,1,1,0,1,0,0
1,1,1,1,0,0,1,1,1,0,0,1,1,1,1,0,1,1,1,0,1,1,1,1,0,0,1,0,1,1,1,1,0,0
0,0,1,1,0,1,0,1,1,1,0,1,0,1,1,0,0,0,0,1,0,0,1,1,1,1,1,1,0,1,0,1,1,1
1,1,0,0,1,0,0,1,0,1,1,0,1,1,0,1,0,1,0,1,1,1,0,1,1,1,0,1,1,0,1,1,0,0
1,1,0,1,1,1,0,1,1,0,1,1,1,0,0,0,0,1,0,1,1,1,1,0,0,0,1,1,0,1,0,1,0,0
1,0,0,0,1,1,1,1,0,1,0,0,1,0,0,0,0,0,0,0,0,0,0,1,0,0,1,1,1,0,0,1,1,1
0,1,1,1,0,1,1,1,0,1,0,0,1,1,1,1,0,0,0,0,0,0,1,1,0,1,1,0,0,0,1,1,0,0
1,0,1,0,1,1,1,0,1,1,1,0,0,0,1,1,0,1,1,1,0,1,1,1,0,0,0,1,0,0,0,1,0,0
1,1,1,0,0,1,1,1,1,1,1,1,0,0,0,0,0,1,1,1,0,0,0,1,0,0,1,0,1,1,1,0,0,0
0,1,0,1,1,1,0,1,0,1,1,1,1,0,0,0,0,0,1,1,0,1,0,0,1,1,1,1,0,1,1,0,0,0
1,0,1,0,1,0,0,0,0,1,1,1,0,1,1,0,0,1,0,0,1,1,1,1,1,1,1,0,0,1,0,1,0,0
1,1,0,1,1,1,1,1,0,1,1,1,0,0,0,0,0,1,0,1,1,1,0,1,0,0,1,1,0,0,1,1,0,0
1,0,0,0,0,1,1,1,0,0,0,0,1,1,1,0,0,1,0,1,0,0,0,1,1,0,0,0,0,0,0,1,0,0
0,1,1,1,1,1,1,1,1,0,1,1,0,0,0,1,0,1,0,0,1,1,0,1,0,1,0,0,1,0,0,1,0,0
1,0,1,1,0,0,1,1,1,1,1,1,1,0,0,1,1,0,1,0,0,1,0,1,1,0,0,0,1,0,0,1,0,0
1,1,0,1,1,0,1,0,1,0,0,1,0,0,1,0,0,1,1,1,1,1,0,1,1,0,1,0,1,0,1,1,0,0
1,1,0,0,1,1,0,0,0,0,1,0,0,1,1,0,1,0,1,1,0,1,1,0,0,0,0,1,0,1,1,0,0,0
0,1,1,1,1,1,0,0,1,1,1,0,0,1,1,0,0,1,0,0,0,0,1,1,1,1,0,0,1,0,1,0,0,0
1,1,0,0,1,0,0,0,0,0,1,1,1,1,1,0,0,1,0,1,0,1,0,1,0,0,1,0,0,1,1,0,0,0
0,0,0,1,0,1,0,0,0,0,1,1,1,1,1,0,0,0,0,0,0,1,1,1,0,0,0,1,1,1,0,1,0,0
1,1,1,0,1,0,0,1,1,1,0,1,1,0,0,0,0,1,1,0,1,1,0,0,0,1,0,1,1,0,0,0,0,0
1,1,1,0,1,1,0,0,1,1,1,0,1,0,1,1,1,0,0,0,1,0,0,0,0,0,1,1,1,0,0,0,0,0
1,1,1,0,1,0,0,1,0,1,1,1,0,0,1,1,1,0,1,1,0,0,0,0,0,1,0,1,0,1,0,0,0,0
0,1,1,0,0,0,0,1,1,0,1,1,1,0,0,1,0,0,1,0,1,0,0,1,1,0,0,1,0,0,0,1,0,0
0,0,1,1,0,0,0,1,1,1,1,0,1,0,0,0,0,0,0,0,1,1,0,0,0,1,1,1,1,1,1,1,0,0
0,1,0,1,1,1,1,0,0,1,1,1,1,1,1,0,0,0,0,1,1,1,1,0,1,1,0,0,0,0,1,1,0,0
1,0,1,0,1,1,1,0,1,0,1,1,0,0,0,1,0,0,0,1,1,1,1,1,1,0,1,1,0,0,0,0,1,1
0,1,1,0,1,1,0,0,1,1,0,1,1,0,1,1,0,1,1,0,0,1,1,0,1,0,1,1,1,1,1,1,0,0
1,1,0,0,1,0,1,0,0,0,1,0,0,0,0,1,1,0,1,0,1,0,1,1,1,0,0,0,1,0,0,1,0,0
1,1,1,1,1,0,1,1,1,0,1,1,1,0,0,0,1,0,1,0,0,1,1,1,0,1,1,0,1,0,0,0,0,0
0,1,1,0,0,0,1,1,0,1,1,1,1,0,1,1,0,1,0,0,0,0,0,1,1,1,0,0,0,0,1,0,0,0
0,1,0,0,1,0,0,1,1,0,1,1,1,0,1,1,0,0,1,0,0,0,0,1,0,1,1,0,0,0,0,0,0,0
0,1,0,1,1,1,0,0,1,1,1,0,1,1,1,0,0,1,0,0,0,0,0,0,1,1,1,1,0,0,0,0,0,0
0,1,0,1,1,0,0,1,1,0,0,1,0,0,1,1,0,0,0,0,1,0,0,1,1,0,1,0,1,1,0,0,1,1
1,1,0,1,0,0,0,0,0,1,1,0,1,1,0,1,0,1,1,0,1,1,0,0,1,0,1,0,1,0,1,1,0,0
0,1,0,0,0,0,1,1,0,1,0,0,1,0,1,1,0,0,0,1,1,0,0,1,0,0,1,0,1,0,0,1,1,1
0,0,1,1,1,0,1,1,1,0,0,1,1,1,0,1,0,0,0,1,0,0,0,1,0,1,1,0,1,1,1,0,1,1
1,1,0,0,0,1,1,1,1,1,1,0,0,1,0,0,0,1,0,0,1,0,1,1,1,0,1,0,0,1,0,0,0,0
1,1,1,1,1,1,0,0,0,1,1,1,0,0,1,0,1,1,1,1,0,0,0,0,1,1,1,1,0,0,0,0,0,0
1,1,0,0,1,1,1,1,0,1,1,1,1,1,1,1,1,0,0,0,1,0,1,0,1,1,0,0,0,1,1,0,0,0
1,1,0,1,1,0,0,0,1,1,0,0,0,0,0,1,0,1,0,0,1,0,0,1,1,1,0,0,1,1,0,1,0,0
0,1,1,1,0,0,0,0,0,1,1,1,1,1,0,0,0,0,1,0,1,0,0,1,0,0,0,0,0,0,1,1,0,0
1,0,0,1,1,0,1,1,1,0,0,1,1,1,0,0,0,0,0,0,0,0,1,1,0,0,0,0,0,0,1,0,1,1
1,0,1,0,1,1,1,1,1,0,1,1,0,0,1,1,0,1,1,1,0,0,0,0,0,1,1,1,0,0,1,1,0,0
1,0,1,1,1,1,0,0,0,0,1,1,1,0,0,1,0,1,0,1,1,0,1,0,1,0,0,1,1,1,0,1,0,0
1,1,1,1,0,1,0,0,0,0,0,0,1,1,0,0,0,0,1,1,1,0,1,0,0,0,1,1,1,0,1,0,0,0
1,0,0,0,1,0,1,0,0,1,0,0,1,1,1,0,0,1,0,1,1,0,0,1,0,1,0,0,0,0,0,1,0,0
1,1,1,1,1,0,1,0,0,0,1,1,1,1,1,0,0,1,1,0,1,1,1,1,0,0,1,1,1,1,0,1,0,0
1,0,0,1,1,0,0,0,0,1,1,1,0,1,0,0,0,1,1,1,1,1,0,1,0,1,1,0,0,0,1,0,0,0
1,0,1,0,0,0,0,0,0,0,1,0,0,0,1,1,0,1,0,0,0,1,1,0,1,1,0,1,0,1,0,1,0,0
1,0,1,0,0,1,0,1,1,1,1,1,0,1,1,0,0,1,0,1,0,1,0,1,0,0,1,1,1,1,0,1,0,0
1,0,0,1,1,0,1,0,1,0,1,0,1,1,1,1,0,0,1,1,0,0,1,1,0,0,1,0,1,1,0,1,0,0
1,0,0,0,0,1,0,0,1,1,1,1,0,0,0,1,0,1,1,0,0,1,0,1,0,0,1,0,0,1,1,1,0,0
1,0,0,0,1,1,0,1,0,1,0,1,1,1,0,0,0,1,1,0,0,1,0,0,0,0,0,0,0,0,1,0,0,0
1,1,0,0,1,1,0,1,0,0,1,0,0,0,1,0,0,0,1,0,1,1,1,0,1,0,1,0,1,0,1,0,1,1
1,0,0,0,1,1,1,0,1,1,1,0,0,1,1,1,0,1,1,0,1,1,0,1,0,1,0,0,0,1,0,1,0,0
0,0,1,0,1,1,0,0,0,0,0,0,0,0,1,0,0,0,0,1,0,1,1,1,0,1,1,0,1,1,1,1,0,0
0,1,1,1,1,0,0,0,1,0,0,1,1,1,0,1,0,0,0,0,0,1,0,0,1,0,0,0,0,1,0,1,1,1
1,1,1,1,1,0,1,0,1,1,0,0,0,0,1,1,1,1,1,0,0,0,0,1,0,0,0,0,0,1,1,1,0,0
1,0,0,0,1,1,0,0,1,0,1,0,0,0,0,1,1,0,0,0,1,0,0,0,0,0,0,1,1,1,1,0,0,0
1,1,1,1,1,0,1,0,0,1,0,0,0,0,1,1,1,0,1,1,0,1,0,1,1,0,1,1,0,0,1,0,0,0
1,0,0,1,1,1,0,1,0,0,0,1,1,0,1,0,0,0,1,1,1,0,0,0,1,1,0,0,1,0,1,0,0,0
1,0,1,1,0,1,0,0,1,1,1,1,1,1,1,1,0,1,0,0,0,0,0,1,1,0,0,0,0,1,0,1,0,0
1,1,1,1,1,0,0,1,1,1,1,0,0,1,0,1,0,1,0,1,1,1,0,1,1,0,1,0,1,1,0,1,0,0
1,1,0,1,0,1,1,0,0,0,0,1,0,1,0,0,0,0,0,0,1,1,0,1,0,1,0,1,1,1,1,1,1,1
0,0,0,1,0,1,0,1,1,1,1,1,0,0,0,0,0,0,0,1,0,0,1,1,1,0,0,1,0,0,1,0,0,0
1,1,0,1,1,0,0,1,0,0,1,0,0,1,1,1,1,0,0,0,0,0,0,1,0,1,1,1,1,1,1,1,0,0
1,1,1,1,0,0,0,0,1,1,0,1,0,0,0,0,0,1,0,1,1,0,1,1,1,0,1,0,1,0,1,0,0,0
1,1,1,1,1,1,0,0,1,1,1,0,1,0,1,0,0,0,0,0,1,0,0,1,0,0,1,1,0,1,0,1,0,0
0,1,1,1,1,1,1,1,0,0,0,0,1,0,1,1,0,0,0,0,1,1,1,0,0,0,1,1,0,1,1,1,1,1
1,1,0,1,1,1,0,1,0,0,0,1,1,1,1,0,0,0,0,1,1,1,0,1,0,1,0,1,0,0,1,1,0,0
1,1,0,1,1,1,0,1,1,0,1,0,1,0,0,0,1,1,0,1,1,0,0,0,0,0,0,1,0,0,0,1,0,0
1,1,1,0,1,1,0,1,1,0,1,0,0,1,0,0,1,1,1,0,0,0,0,0,0,1,1,1,0,1,1,0,0,0
0,1,1,1,1,0,1,0,0,0,1,1,0,1,0,0,0,1,0,0,1,1,1,0,0,0,0,0,0,0,0,1,0,0
1,1,1,0,0,1,0,1,0,0,0,1,1,1,0,1,1,1,1,0,0,0,0,0,1,1,0,0,1,0,0,0,0,0
1,1,0,1,0,1,0,1,0,1,0,0,0,0,1,0,0,1,0,0,0,0,0,0,1,1,1,0,1,0,1,0,0,0
1,1,0,1,0,1,0,0,0,1,0,1,0,1,0,1,1,0,1,1,1,0,1,0,1,1,0,1,0,1,1,1,0,0
1,1,0,0,1,0,1,1,0,0,0,1,0,1,1,1,0,1,1,0,0,1,0,0,1,0,0,0,1,1,0,1,0,0
1,1,0,1,1,0,0,1,0,0,0,0,1,0,0,1,0,0,1,0,0,1,0,0,0,0,1,0,1,1,1,0,1,1
1,1,1,0,0,0,1,1,1,0,1,1,1,1,0,1,0,1,1,0,0,1,0,1,0,0,1,0,0,0,0,1,0,0
0,1,0,0,0,0,0,1,0,1,1,0,0,1,0,1,0,0,1,1,0,0,1,0,0,1,0,1,0,1,1,1,0,0
1,0,0,1,1,0,0,0,0,1,1,0,1,1,0,1,0,0,0,0,0,0,1,0,1,0,1,0,1,1,0,1,1,1
1,0,1,1,0,1,0,0,1,1,0,0,1,1,1,0,0,1,1,1,0,0,0,1,0,1,1,1,1,0,1,1,0,0
0,1,1,0,1,1,1,1,0,0,1,0,1,0,0,1,0,0,1,0,0,0,0,1,0,1,1,1,1,1,0,0,1,1
1,0,1,1,0,0,0,1,0,1,0,0,0,1,0,1,0,1,0,0,0,1,0,0,0,1,0,0,1,0,1,1,0,0
1,0,1,0,0,1,0,0,1,0,0,0,0,0,0,1,0,1,0,1,1,0,1,0,0,0,1,0,1,0,1,0,0,0
1,0,0,1,0,0,1,1,0,0,0,1,0,0,0,1,0,1,0,0,0,0,0,1,0,1,0,1,1,0,0,0,0,0
1,1,1,0,0,0,0,1,0,0,0,1,0,0,1,0,0,1,0,1,1,0,1,1,0,0,0,0,0,0,0,1,0,0
1,0,1,1,1,1,1,1,0,0,0,1,0,0,1,0,0,0,1,0,1,0,0,1,1,0,1,1,1,0,0,1,1,1
0,1,1,0,1,0,0,1,1,1,1,0,1,0,0,1,0,0,1,1,1,1,1,0,0,0,0,1,1,1,0,1,0,0
1,1,1,0,1,1,1,1,0,1,1,0,0,1,1,1,1,1,1,0,0,0,0,1,0,1,1,0,1,1,0,1,0,0
1,1,1,0,0,1,1,0,0,0,0,1,1,1,1,1,0,0,1,0,1,0,0,1,0,1,0,0,1,0,0,1,0,0
1,1,1,1,1,0,1,1,0,1,0,0,1,1,0,0,0,1,0,0,1,0,1,1,0,0,0,0,0,0,1,0,0,0
1,0,1,1,1,0,1,1,0,0,0,1,0,0,1,0,0,1,0,1,0,1,1,1,0,1,0,1,0,1,0,1,0,0
1,0,0,0,0,1,0,1,0,0,1,0,0,0,1,0,0,1,0,0,0,0,0,1,1,1,1,1,1,0,1,1,0,0
1,0,0,0,1,1,1,1,0,0,1,0,1,0,1,1,0,1,1,1,0,0,0,0,1,1,0,0,1,0,0,0,0,0
0,0,1,1,0,1,0,1,0,0,0,0,0,0,1,0,0,0,0,1,0,1,0,0,0,0,0,1,1,1,1,1,0,0
1,0,1,1,0,0,1,1,1,1,0,1,1,1,0,1,1,0,1,1,0,0,0,1,0,0,1,1,1,0,0,1,0,0
1,0,0,0,1,0,0,0,1,1,1,1,1,0,0,0,0,1,0,1,0,0,0,1,0,1,0,0,0,0,1,1,0,0
0,1,0,0,0,1,1,0,0,1,1,1,1,1,0,1,0,0,0,1,1,1,0,1,0,1,0,1,0,0,0,1,0,0
0,0,1,1,1,1,0,1,1,1,0,1,0,0,0,1,0,0,1,0,1,0,1,0,0,0,0,1,1,1,1,1,0,0
1,0,1,1,1,0,1,1,1,0,1,0,1,1,0,1,1,0,1,0,1,1,0,1,1,1,1,0,1,1,0,0,0,0
1,1,1,0,1,1,0,1,0,0,0,0,0,1,1,0,1,1,1,0,0,1,1,1,1,1,0,1,1,0,0,1,0,0
1,1,1,0,0,0,0,1,1,1,0,0,1,0,0,0,1,0,0,1,0,1,0,1,1,0,1,0,0,0,0,1,0,0
1,1,0,1,1,1,1,1,0,1,0,1,0,0,1,0,1,1,0,1,1,1,0,1,0,1,1,0,1,0,0,0,0,0
0,1,1,0,1,0,1,1,1,1,1,0,1,1,1,1,0,1,0,0,1,1,0,0,1,1,1,0,0,0,1,1,0,0
1,0,0,1,0,0,1,1,1,0,0,0,1,1,1,1,0,1,0,1,1,1,0,0,0,1,1,0,0,0,0,1,0,0
1,1,1,1,1,0,1,0,1,1,1,0,0,0,1,0,0,1,0,1,1,1,1,0,0,0,0,0,1,0,0,1,0,0
0,1,0,1,0,1,0,1,0,1,0,0,0,0,1,0,0,0,0,0,0,1,0,0,0,0,1,0,0,0,1,1,1,1
0,0,1,1,1,1,1,1,1,0,0,1,0,1,0,0,0,0,0,1,0,0,0,0,1,0,0,0,1,0,1,0,1,1
1,0,0,1,1,0,0,1,1,0,1,1,1,1,0,0,0,0,0,0,0,1,1,0,0,0,1,1,0,1,1,0,0,0
1,0,1,0,1,1,1,0,1,0,1,1,1,0,0,1,1,0,0,1,1,0,1,1,0,1,0,0,0,0,1,1,0,0
0,1,1,0,1,0,0,1,1,1,0,0,1,0,0,0,0,1,0,1,1,0,1,0,1,0,1,0,0,1,1,1,0,0
1,1,1,0,0,0,1,0,1,0,0,0,1,0,1,0,1,0,1,0,1,0,1,0,1,1,1,0,0,1,1,1,0,0
0,1,1,1,0,1,1,0,1,1,1,1,0,0,1,0,0,0,1,1,1,0,0,1,1,1,0,1,0,0,1,0,0,0
1,0,0,1,0,1,0,1,0,1,0,0,0,0,1,1,0,0,0,0,1,1,0,1,1,0,1,0,1,1,0,1,1,1
1,0,0,0,1,1,1,1,0,0,0,1,0,0,0,1,0,1,0,1,0,1,1,1,1,1,1,0,1,1,1,1,0,0
0,1,0,1,0,0,1,0,1,0,1,0,0,0,1,0,0,0,0,1,0,0,0,0,1,1,1,1,1,1,1,0,1,1
1,1,1,1,1,0,0,1,0,0,1,0,0,1,1,0,1,1,1,0,0,0,1,0,1,0,0,0,0,1,1,0,0,0
1,1,0,0,0,1,0,0,0,0,1,1,0,0,1,1,0,1,0,1,0,0,0,1,0,1,1,1,0,1,0,1,0,0
1,1,1,1,0,0,1,1,0,1,0,1,1,1,1,0,1,1,0,0,1,0,0,0,1,1,0,1,1,0,0,0,0,0
0,1,0,1,1,0,1,1,1,1,0,1,1,1,1,1,0,0,0,1,1,0,0,0,1,0,0,1,0,1,0,1,0,0
0,0,1,1,1,0,1,1,0,0,1,1,0,1,1,0,0,0,1,0,0,1,0,0,1,1,1,0,0,0,0,0,1,1
1,1,0,1,1,1,0,0,0,1,0,1,0,0,0,1,1,0,1,0,0,1,0,0,0,0,1,0,1,0,1,1,0,0
1,0,1,1,0,1,0,1,1,0,1,1,1,0,0,0,1,0,1,0,1,0,0,1,0,1,1,1,0,1,1,0,0,0
1,1,0,0,1,1,0,0,0,1,1,0,0,1,1,0,0,0,1,1,0,1,1,1,0,1,1,1,1,1,1,1,0,0
1,0,1,0,0,1,1,0,1,1,0,0,0,0,1,0,1,0,0,0,1,0,0,1,0,1,1,1,0,1,1,0,0,0
1,1,1,0,0,0,0,0,0,0,0,1,1,1,1,0,1,0,1,0,1,1,0,0,0,1,0,0,0,0,0,0,0,0
1,0,1,0,1,1,0,0,0,0,1,1,0,1,1,0,1,0,0,0,0,1,1,1,1,0,0,0,0,0,1,1,0,0
1,0,0,0,0,1,1,1,0,0,1,0,0,0,0,1,0,0,1,1,1,0,0,1,1,1,1,1,1,0,1,1,1,1
1,1,0,0,0,1,0,1,1,0,0,1,1,1,0,1,0,1,1,1,0,0,0,1,0,1,1,0,0,1,0,0,0,0
1,1,1,1,0,1,1,1,1,1,1,0,1,1,0,1,1,0,1,0,0,0,0,0,0,0,1,1,0,0,1,0,0,0
0,1,0,0,0,0,0,1,1,1,0,1,0,1,0,0,0,0,1,0,1,0,0,0,0,1,0,0,1,1,0,0,0,0
0,1,0,0,1,1,1,0,0,0,0,1,0,1,1,1,0,0,1,0,0,1,1,0,0,1,1,0,0,1,0,0,1,1
0,1,1,1,0,0,0,1,1,0,0,0,0,1,1,0,0,0,0,1,0,0,1,1,0,0,0,0,1,0,0,0,1,1
1,0,1,1,1,0,0,1,1,0,0,1,0,1,0,0,0,0,0,1,0,1,0,1,0,1,1,1,0,0,0,0,1,1
1,1,1,1,1,1,0,0,1,0,0,1,1,0,1,0,0,1,1,0,1,1,0,0,1,0,0,1,1,1,0,0,0,0
0,1,0,1,1,0,1,0,1,0,0,1,0,0,0,1,0,1,0,1,1,0,0,0,1,0,0,0,1,0,1,1,0,0
1,0,0,1,1,1,1,1,0,0,0,0,0,1,0,0,0,1,1,0,1,0,0,0,1,0,0,0,1,1,0,1,0,0
1,0,0,1,0,0,1,1,1,1,0,1,0,0,0,0,0,1,1,0,0,0,0,0,0,1,1,1,0,1,0,1,0,0
0,1,0,0,0,1,0,1,1,1,0,1,0,0,1,0,0,0,1,1,0,0,1,0,0,1,1,0,1,0,1,1,0,0
0,1,0,0,1,0,0,1,0,1,0,0,1,1,0,1,0,0,0,1,0,0,0,0,0,1,0,1,0,1,0,0,1,1
1,1,1,1,1,1,0,1,0,0,0,0,1,1,1,0,0,0,1,1,1,1,0,1,0,0,0,0,1,0,0,0,0,0
1,1,1,1,1,0,1,1,1,1,0,1,1,1,1,1,1,0,0,1,1,1,0,1,1,1,1,0,1,0,1,1,0,0
1,0,0,0,1,0,0,0,1,1,1,0,0,0,1,1,0,0,1,0,0,0,0,1,0,1,0,0,1,0,0,0,0,0
1,0,0,1,1,1,1,0,1,0,0,1,1,1,0,1,1,0,0,0,0,0,0,0,0,1,1,0,0,1,0,1,0,0
1,0,1,0,0,0,0,0,0,1,0,0,1,0,0,0,1,0,0,0,1,1,0,0,0,1,1,1,0,1,1,0,0,0
1,1,1,1,0,0,0,1,1,0,1,1,1,1,1,1,1,0,0,0,1,1,1,1,1,0,1,1,0,0,0,1,0,0
0,1,0,0,0,0,1,0,0,1,0,0,0,1,1,0,0,0,1,1,0,0,0,1,0,0,0,0,0,1,0,0,1,1
1,1,1,1,1,0,0,0,0,0,0,1,0,1,0,1,0,0,1,0,0,1,1,0,1,1,1,1,0,1,1,1,1,1
0,1,0,0,0,0,1,0,0,1,0,1,1,0,1,1,0,0,1,0,0,1,0,1,0,0,1,0,1,0,0,1,1,1
0,1,1,0,1,0,0,1,0,1,1,0,0,0,1,1,0,0,1,1,1,0,1,0,1,0,1,1,0,1,0,1,0,0
1,1,1,1,0,1,1,0,1,1,0,0,1,1,1,1,0,1,0,0,0,1,0,1,1,1,1,1,1,0,1,1,0,0
0,1,0,1,1,0,1,1,1,1,1,0,1,1,1,0,0,1,0,1,1,0,0,1,1,0,0,0,1,0,1,1,0,0
0,1,1,1,1,1,1,0,0,1,0,0,1,1,0,0,0,0,0,1,1,0,1,0,0,0,0,1,0,1,1,1,1,1
1,0,1,0,0,0,0,1,0,1,0,1,1,0,0,0,0,1,1,0,0,0,1,1,0,1,1,1,0,1,1,0,0,0
1,1,0,0,0,1,0,0,1,0,0,0,1,1,1,1,0,0,0,0,0,1,1,0,0,0,0,1,0,0,1,0,1,1
0,1,1,1,0,0,0,1,1,1,1,0,1,1,0,1,0,1,1,0,1,1,1,0,1,0,1,0,1,0,0,0,0,0
1,0,0,1,0,1,0,0,1,0,1,1,1,1,1,0,0,0,1,1,0,0,1,1,0,0,1,0,1,0,0,1,0,0
0,1,0,1,1,1,0,0,1,0,1,0,1,0,0,1,0,0,0,0,1,1,1,0,1,0,1,0,0,0,0,0,1,1
1,1,0,1,0,1,1,1,1,0,0,0,1,1,1,1,1,1,0,0,0,1,0,0,0,1,1,1,0,1,1,1,0,0
1,1,1,0,0,1,0,1,0,1,0,0,1,0,1,0,1,1,0,1,1,1,1,1,0,0,0,1,1,1,1,1,0,0
0,1,1,1,1,0,1,1,1,1,0,0,1,0,0,1,0,0,1,1,0,0,0,1,0,0,1,1,0,1,0,0,0,0
0,1,1,1,1,0,0,1,0,1,1,0,1,1,0,1,0,1,1,1,0,0,1,0,0,0,0,0,1,0,0,1,0,0
1,1,0,1,0,1,0,1,0,1,1,1,0,1,0,1,0,1,0,0,1,1,0,0,0,1,1,1,1,0,0,1,0,0
0,1,1,0,1,0,0,0,1,1,1,1,1,1,0,0,0,0,0,1,1,0,1,1,0,0,1,1,1,0,1,1,0,0
1,1,1,0,0,1,1,1,0,0,1,1,0,1,1,0,1,0,1,1,0,0,1,1,1,1,0,1,0,0,1,1,0,0
1,1,1,1,1,1,1,1,1,0,1,0,0,0,1,0,0,0,0,0,0,0,0,1,1,1,0,1,0,0,0,0,1,1
1,0,1,0,0,1,0,0,1,0,0,0,1,1,1,0,0,1,0,0,0,0,1,0,0,1,1,0,1,1,0,0,0,0
1,1,0,1,0,0,1,1,0,1,0,1,1,0,1,0,1,1,0,0,1,1,1,1,0,1,0,1,0,1,0,1,0,0
0,1,1,0,0,1,1,0,0,1,0,1,0,0,0,0,0,1,0,1,0,1,0,0,1,0,1,0,0,1,0,1,0,0
1,1,1,0,1,0,0,0,1,1,0,0,1,1,0,1,0,1,0,0,1,1,1,0,0,1,0,0,0,0,0,1,0,0
1,0,1,1,1,1,0,1,1,1,0,0,0,1,0,0,0,0,0,1,1,0,1,1,0,1,0,1,0,1,1,1,1,1
0,1,1,0,0,0,0,1,1,1,1,0,0,0,1,1,0,0,1,1,1,0,1,1,0,1,1,1,0,1,0,1,0,0
1,1,1,1,1,1,0,0,1,0,1,1,1,0,1,1,1,1,1,0,0,1,0,0,1,1,0,1,0,1,1,0,0,0
1,1,1,1,0,0,0,0,0,0,1,1,0,1,0,0,1,0,0,1,0,0,0,0,0,1,0,1,0,1,1,1,0,0
0,0,1,1,1,0,1,1,0,1,1,0,1,1,0,0,0,0,1,0,1,0,1,0,0,0,0,0,1,0,1,1,0,0
1,1,1,1,1,1,1,0,0,1,1,1,0,0,0,0,0,0,0,0,0,1,1,0,1,1,0,0,0,1,0,0,1,1
1,0,0,0,0,0,1,0,0,1,0,1,1,0,1,0,0,1,0,1,0,0,0,1,0,0,1,0,1,1,0,1,0,0
1,0,1,1,1,0,1,1,1,1,1,1,1,0,1,0,0,0,0,0,0,0,1,1,0,0,1,1,0,1,0,1,0,0
1,1,1,0,1,0,1,1,1,1,1,0,1,1,0,0,1,0,1,0,1,1,1,0,0,0,0,1,1,0,0,1,0,0
1,0,1,0,1,1,1,1,0,1,0,1,0,0,1,0,0,0,1,0,1,1,0,0,0,0,0,1,1,0,0,1,0,0
1,1,0,1,0,0,0,1,1,0,1,0,1,0,1,1,1,1,0,0,1,0,1,1,1,0,1,1,0,0,0,1,0,0
1,0,1,1,0,0,1,1,1,1,0,0,0,0,0,1,1,0,0,1,1,1,1,1,1,0,0,1,0,0,0,1,0,0
0,0,1,1,1,0,0,1,1,0,1,0,1,0,0,0,0,0,1,0,0,0,0,0,1,0,0,1,0,0,0,1,1,1
1,0,0,1,0,1,1,0,0,1,0,1,1,0,1,1,0,1,1,0,0,1,1,0,1,0,0,1,1,0,1,0,0,0
1,1,1,0,0,1,1,1,1,1,1,1,1,1,1,0,1,1,0,1,0,1,1,0,1,1,0,0,0,1,0,0,0,0
1,1,0,0,1,1,1,0,0,1,0,1,0,1,1,0,1,1,0,0,1,0,1,1,0,1,0,1,0,1,0,0,0,0
1,1,0,0,1,0,0,1,0,0,0,0,0,0,1,1,1,0,0,1,1,0,1,1,1,0,1,0,0,0,0,1,0,0
1,1,0,1,1,0,1,1,1,0,1,1,1,0,0,1,0,1,1,1,0,1,0,0,0,0,0,0,1,1,0,0,0,0
0,1,0,0,1,0,1,1,0,0,0,1,1,0,0,0,0,0,1,0,0,1,0,1,1,1,0,0,1,1,0,1,1,1
1,1,0,1,1,1,1,1,0,1,0,1,1,1,1,1,1,0,0,0,1,0,0,1,1,0,0,0,1,0,1,1,0,0
0,1,1,1,0,1,1,0,0,1,0,1,1,1,1,0,0,0,0,1,1,1,1,1,1,0,0,0,1,1,0,1,0,0
1,0,0,1,1,0,0,1,1,1,0,1,0,0,0,0,1,0,0,0,0,0,1,1,0,1,1,0,0,0,0,0,0,0
1,1,0,0,0,1,1,1,0,1,1,1,0,1,1,1,0,0,0,0,1,1,0,1,1,1,0,1,0,0,1,0,0,0
1,0,1,0,1,0,0,1,0,0,0,0,0,1,0,0,1,0,0,0,1,0,0,1,1,0,1,0,0,1,1,1,0,0
1,1,0,1,0,1,0,0,1,1,0,0,1,1,1,1,0,1,0,1,1,0,0,0,0,0,0,0,1,1,0,1,0,0
1,0,1,1,1,0,0,1,0,0,0,0,0,1,0,1,1,0,0,1,1,0,1,1,0,0,1,0,1,1,1,1,0,0
1,1,1,1,0,0,0,0,0,0,0,1,0,0,1,0,0,1,0,0,1,0,1,1,0,0,1,0,0,0,1,1,0,0
0,1,1,0,0,1,0,0,1,1,1,0,0,1,1,1,0,0,1,0,1,0,1,1,0,0,0,1,1,1,0,1,0,0
1,1,0,0,0,1,1,0,1,1,1,1,0,1,1,0,0,1,1,0,1,1,0,1,0,0,0,0,1,1,0,0,0,0
1,1,0,1,0,0,1,0,1,0,0,1,0,0,0,0,0,1,0,1,1,1,1,0,0,1,1,0,0,1,0,1,0,0
0,1,0,0,0,0,1,0,1,1,0,0,0,1,1,0,0,0,0,0,0,1,0,0,1,0,0,1,1,1,0,1,1,1
1,1,0,0,1,1,1,0,0,0,1,1,1,0,0,1,0,0,1,0,0,0,1,0,0,1,0,0,1,0,1,1,0,0
1,1,0,1,1,0,0,0,1,0,1,1,1,1,0,0,0,1,0,0,0,0,1,0,1,0,1,0,1,1,0,1,0,0
1,1,0,1,1,1,1,0,0,1,1,1,1,0,1,0,0,1,0,0,1,1,0,1,0,1,1,1,0,1,1,0,0,0
1,1,0,1,1,0,0,0,1,0,0,1,1,1,0,1,0,1,1,1,0,1,0,0,1,1,1,1,1,0,0,0,0,0
1,1,0,0,0,1,0,0,0,1,0,1,0,1,1,0,0,0,0,1,0,1,0,1,0,1,1,1,0,0,0,1,1,1
1,0,0,1,1,0,0,1,0,1,0,0,1,1,1,1,1,0,0,0,0,1,0,0,0,0,1,1,1,1,0,1,0,0
1,0,0,1,1,1,0,0,0,0,0,1,1,0,0,1,1,0,0,1,0,0,0,1,0,1,1,1,1,1,1,0,0,0
1,1,0,1,0,1,1,1,0,0,1,1,1,0,0,1,1,0,1,1,1,1,1,0,0,1,1,1,0,1,1,0,0,0
1,0,1,1,0,0,1,1,1,1,0,0,1,0,1,0,1,0,1,0,1,1,0,1,0,0,1,0,0,0,1,1,0,0
1,1,0,0,1,1,1,0,0,0,1,1,0,1,1,0,0,0,0,1,1,0,1,0,0,1,0,0,0,1,1,0,1,1
0,1,1,0,1,0,1,0,1,0,1,0,1,0,0,1,0,1,0,0,1,1,0,1,0,1,0,1,1,0,1,1,0,0
1,1,1,1,0,1,1,1,1,0,0,1,1,0,0,0,1,0,0,0,0,1,0,1,0,1,0,1,0,1,1,0,0,0
1,1,0,0,1,1,1,0,1,1,0,1,0,1,1,1,0,1,1,1,1,1,1,1,0,0,0,1,1,0,0,0,0,0
0,0,1,0,1,0,1,0,1,1,0,1,1,1,0,0,0,0,0,1,0,0,1,0,1,1,1,1,1,0,0,1,1,1
1,1,1,0,0,1,1,1,0,0,1,1,0,0,0,0,1,1,0,1,0,0,1,0,1,0,0,1,1,0,1,0,0,0
1,1,1,1,0,1,1,1,0,1,1,1,0,0,0,1,1,1,1,0,1,1,0,1,0,0,1,0,0,1,0,1,0,0
0,0,1,1,1,0,0,1,0,0,0,0,1,1,0,0,0,0,0,1,0,0,0,1,0,0,1,1,1,1,0,1,0,0
1,1,1,1,1,1,0,0,0,0,0,0,0,0,1,0,0,0,0,1,1,1,0,0,1,0,1,1,0,1,1,1,1,1
1,1,0,0,0,0,1,0,1,0,1,1,0,1,1,1,0,1,1,0,1,1,0,0,1,1,1,1,1,1,0,1,0,0
1,1,0,0,0,0,0,0,0,1,0,1,0,1,1,1,1,0,1,0,0,0,0,1,1,1,0,0,0,0,0,0,0,0
1,1,1,0,1,1,0,1,1,1,1,0,0,1,0,1,1,1,0,0,1,0,1,1,1,0,0,0,0,0,1,0,0,0
1,0,0,1,1,0,0,1,0,0,1,1,1,0,1,1,0,1,1,0,0,0,0,1,0,1,0,1,0,1,1,0,0,0
0,0,1,1,0,1,1,1,1,1,0,1,0,0,0,0,0,0,0,1,0,1,0,1,1,0,0,0,1,0,1,1,1,1
0,1,0,1,0,1,1,1,0,0,0,1,1,1,1,0,0,0,0,1,1,0,0,1,0,1,0,1,1,1,1,0,1,1
0,1,0,1,1,1,1,1,1,1,0,0,0,0,0,0,0,0,1,1,0,0,1,0,1,1,1,1,1,1,0,1,0,0
1,1,0,1,1,0,0,0,0,0,1,1,0,0,1,0,1,0,0,0,0,0,0,1,0,1,0,1,0,1,1,0,0,0
0,1,0,0,1,0,1,0,0,1,0,0,0,0,1,0,0,0,1,0,1,0,0,1,0,1,1,1,1,0,0,1,1,1
1,0,0,1,1,0,1,1,1,1,1,0,0,0,0,0,0,1,1,0,0,1,0,1,0,1,0,1,1,1,1,1,0,0
0,1,1,1,0,1,0,1,0,1,1,0,0,0,1,0,0,1,0,1,0,1,0,0,1,0,1,1,1,0,1,1,0,0
1,1,1,1,0,1,0,1,0,0,1,1,0,0,0,0,0,0,1,0,1,1,0,0,1,0,1,0,0,1,0,0,1,1
1,1,0,0,0,1,1,0,1,0,1,1,1,1,0,1,0,1,1,1,1,1,1,0,0,1,0,0,0,1,1,1,0,0
1,0,1,1,0,0,1,1,0,0,1,0,0,0,0,1,0,1,0,0,0,0,1,1,1,0,1,1,1,1,0,1,0,0
1,1,1,0,1,0,0,1,0,1,1,1,0,1,1,0,1,1,0,1,1,0,0,1,1,0,1,0,1,1,0,0,0,0
1,0,0,0,0,1,1,1,0,1,1,0,1,1,1,0,0,0,1,1,0,1,0,1,1,0,0,1,0,1,0,1,0,0
1,0,0,0,1,1,1,0,0,0,0,0,0,1,1,1,0,1,1,1,1,1,1,1,1,0,1,1,0,0,1,0,0,0
1,0,1,1,0,1,0,1,1,0,0,1,0,1,0,1,0,0,1,0,1,1,0,0,0,1,0,1,1,0,0,0,1,1
1,1,1,0,1,1,1,1,0,0,0,1,0,0,0,1,0,1,1,1,1,1,0,0,0,1,0,1,1,1,0,1,0,0
0,0,1,0,0,0,0,1,0,1,0,1,1,1,0,0,0,0,0,0,1,0,0,0,0,1,0,0,0,1,1,0,0,0
1,1,0,0,1,1,0,0,0,1,1,1,1,1,1,1,1,1,0,0,1,0,0,0,0,1,1,0,1,1,0,0,0,0
1,1,0,1,1,0,0,0,0,1,1,0,1,0,0,1,1,0,0,1,1,0,1,1,1,1,0,1,0,0,1,1,0,0
1,1,1,1,1,0,1,1,1,0,1,1,1,0,0,0,0,1,1,0,1,0,1,1,0,0,0,0,0,1,0,1,0,0
1,1,1,1,1,1,0,1,0,0,1,1,0,1,0,1,1,1,0,1,1,0,1,0,1,1,1,0,1,1,0,1,0,0
1,1,0,1,0,1,1,0,0,1,0,0,1,1,1,1,1,0,0,0,1,0,1,1,1,1,1,0,1,0,0,0,0,0
1,0,0,1,0,1,1,0,0,1,0,0,0,1,1,0,0,1,1,0,1,0,0,0,0,1,0,0,0,1,1,1,0,0
1,0,1,1,0,1,0,0,0,0,0,0,0,1,1,1,0,0,1,1,1,1,1,0,1,0,1,1,1,1,1,1,0,0
0,1,1,1,0,1,1,0,0,1,1,0,0,0,1,1,0,0,1,0,0,1,1,0,0,1,0,0,0,0,1,0,0,0
1,1,0,1,1,0,1,0,0,1,0,1,0,0,1,0,1,0,1,0,1,1,0,0,0,1,1,0,1,0,0,1,0,0
1,1,1,1,0,1,0,0,1,1,1,0,1,1,0,0,1,1,0,0,0,0,1,0,1,0,0,0,1,0,1,0,0,0
1,1,1,1,0,0,0,1,0,0,0,0,1,0,1,1,1,0,1,1,1,0,0,0,0,0,0,1,1,0,1,0,0,0
1,1,1,0,0,1,1,1,0,1,1,0,0,0,0,1,0,0,1,1,0,1,1,1,0,1,0,0,0,0,1,1,0,0
0,0,0,1,1,0,1,1,1,0,1,0,1,0,0,0,0,0,0,0,0,1,1,0,0,0,0,0,1,0,0,1,0,0
1,0,0,1,1,0,1,1,1,1,0,0,0,0,1,1,0,0,1,0,1,0,1,1,0,1,1,0,1,1,1,1,0,0
1,1,0,1,1,1,1,1,1,1,1,1,1,0,0,0,0,0,0,0,1,0,1,1,0,1,0,1,0,1,0,1,0,0
1,0,0,1,0,0,0,0,1,0,0,0,1,0,0,0,0,0,0,1,1,1,0,0,0,0,1,1,0,1,0,0,1,1
1,1,1,1,1,0,1,1,1,0,0,1,0,0,0,0,0,0,0,0,0,0,1,0,0,1,1,1,0,0,0,0,1,1
1,1,1,1,1,0,0,1,0,1,0,0,0,0,1,0,0,1,1,1,1,1,0,1,1,0,0,1,1,0,1,0,0,0
1,1,1,1,1,0,0,1,0,1,1,0,0,0,0,0,1,0,0,1,1,1,1,0,0,1,1,1,1,0,0,1,0,0
1,1,0,1,1,0,1,0,0,0,1,1,0,1,1,0,1,0,1,1,1,1,1,0,1,0,1,0,0,1,0,1,0,0
1,0,1,1,0,1,1,0,0,0,1,0,1,1,0,1,0,1,1,0,1,1,1,0,0,1,1,0,1,0,1,1,0,0
0,1,1,1,1,0,0,1,1,1,0,1,1,1,1,0,0,0,1,1,0,1,0,0,1,1,0,1,0,0,0,0,0,0
1,1,1,0,0,0,0,0,1,0,0,1,1,0,0,1,0,1,1,0,1,0,1,1,0,0,1,1,1,0,0,1,0,0
1,1,0,1,0,0,1,0,1,0,0,1,1,0,0,1,0,1,1,1,0,1,0,1,0,1,1,0,1,0,1,0,0,0
0,1,1,1,0,0,0,0,1,0,0,1,0,1,0,1,0,1,1,0,1,1,1,0,0,1,1,1,1,1,0,0,0,0
1,1,0,0,1,0,1,1,0,0,0,0,1,0,0,0,0,1,0,1,1,0,1,1,0,0,1,0,1,1,0,0,0,0
1,1,0,1,0,1,0,0,0,0,1,1,1,1,0,0,1,0,0,0,0,0,0,1,0,1,1,0,0,1,0,0,0,0
1,1,0,1,1,0,1,0,0,0,1,1,1,0,0,1,1,1,0,0,0,0,0,1,0,0,1,0,0,1,1,0,0,0
1,1,0,1,1,0,1,1,0,1,0,0,0,0,0,1,1,0,0,1,1,1,1,0,0,0,0,0,0,0,0,1,0,0
1,0,1,1,0,1,0,1,0,0,0,0,1,0,0,0,0,0,1,1,0,1,0,1,0,1,1,1,0,0,0,1,1,1
1,0,0,0,1,0,0,0,1,0,0,0,1,0,1,0,0,0,0,0,0,1,0,1,0,1,0,0,1,0,0,0,1,1
0,1,1,1,1,1,1,1,1,1,0,1,1,1,1,1,0,0,1,0,1,0,1,0,0,0,1,0,1,0,0,0,0,0
1,0,0,1,1,0,1,0,0,1,0,1,0,1,1,0,0,1,1,0,0,1,0,1,1,0,1,0,0,0,1,1,0,0
0,1,0,1,0,1,0,1,0,1,0,0,0,1,0,1,0,0,1,0,1,1,1,1,1,1,1,1,0,0,1,0,1,1
0,1,1,0,0,0,0,1,0,1,0,1,1,1,1,0,0,0,1,0,1,0,1,1,1,0,1,1,0,1,1,0,0,0
0,1,0,1,1,1,1,1,1,1,0,0,0,0,0,1,0,1,0,1,1,0,1,1,0,0,0,0,1,0,1,1,0,0
1,0,1,0,0,0,1,0,0,1,0,0,0,1,0,1,0,0,1,1,1,0,1,0,1,1,0,0,0,1,1,1,0,0
0,1,1,0,1,1,1,1,1,1,0,0,0,0,0,0,0,0,1,1,0,1,1,0,0,1,1,1,0,0,0,1,0,0
1,1,0,1,1,1,0,1,1,1,0,1,0,0,1,1,0,0,0,1,0,0,0,0,0,1,0,1,1,1,0,1,1,1
0,0,1,0,1,0,1,1,1,0,1,1,0,1,1,0,0,0,0,0,0,1,0,0,1,1,1,0,0,0,1,1,1,1
1,0,1,1,0,1,1,1,1,1,1,0,0,1,0,0,1,0,1,1,0,0,1,1,1,1,0,1,0,1,0,1,0,0
1,1,0,1,1,1,1,1,0,1,1,0,0,1,1,0,0,1,0,1,1,0,1,0,0,1,1,1,0,0,1,1,0,0
1,0,1,1,0,1,1,1,1,0,0,0,1,0,1,0,1,0,0,0,0,0,1,0,1,0,1,0,1,1,1,1,0,0
1,1,0,1,1,1,0,0,0,0,0,0,1,0,1,1,0,1,1,1,0,0,1,1,0,1,0,0,1,0,0,1,0,0
1,1,1,0,1,0,0,1,1,0,1,0,1,1,1,1,1,1,0,1,0,1,1,0,0,1,0,0,0,0,0,0,0,0
1,1,0,1,0,0,0,1,1,1,1,0,1,0,1,1,0,0,1,1,0,0,0,0,1,1,0,1,0,0,1,1,0,0
1,1,0,1,0,1,0,1,1,0,0,0,0,1,0,1,0,1,1,1,1,1,1,0,1,0,0,0,0,1,1,1,0,0
1,0,1,1,0,0,1,0,0,0,0,1,0,1,0,1,0,0,0,1,1,0,1,0,0,1,0,1,0,1,0,0,1,1
1,1,1,1,0,0,0,1,0,1,1,0,1,1,0,0,0,1,0,1,1,1,1,0,1,0,0,0,1,0,1,1,0,0
0,1,0,0,0,0,0,1,0,1,1,1,1,1,0,0,0,0,1,1,1,0,1,0,0,1,0,0,1,0,1,1,0,0
1,0,1,0,1,1,1,1,1,1,0,0,0,1,0,0,0,0,0,1,1,0,0,1,0,0,1,0,0,0,1,1,1,1
0,1,1,1,0,1,1,1,1,1,1,0,0,0,1,0,0,1,0,1,0,0,1,0,1,1,1,0,1,1,1,0,0,0
0,1,1,1,0,0,0,1,1,1,1,0,1,1,0,0,0,0,0,1,0,1,0,1,1,1,1,0,0,0,0,0,0,0
1,1,1,0,0,0,1,1,0,0,0,0,1,0,0,1,0,1,1,0,1,1,1,1,1,1,1,1,1,0,1,0,0,0
1,1,1,1,0,0,1,0,1,1,0,0,1,0,1,1,0,0,1,0,1,1,0,0,0,1,1,1,0,1,1,1,0,0
0,1,1,1,1,1,1,0,1,0,0,1,0,0,0,1,0,0,1,1,0,0,0,1,1,0,0,0,0,1,0,0,1,1
0,0,0,0,1,1,1,1,1,0,1,0,1,0,1,1,0,0,0,0,1,1,0,1,1,1,0,1,1,1,0,1,0,0
1,0,0,1,0,1,0,1,0,0,0,1,0,1,1,1,0,1,0,1,0,1,1,1,1,0,0,1,1,1,0,0,0,0
1,0,0,1,1,0,0,0,1,0,1,0,1,1,1,1,1,0,0,1,0,1,1,0,1,0,0,1,1,0,1,1,0,0
1,1,0,1,1,0,1,0,0,1,0,0,1,0,0,0,1,0,0,1,1,1,1,0,0,0,1,1,0,0,0,0,0,0
0,0,0,1,0,0,0,1,0,1,1,1,1,0,1,0,0,0,0,0,1,0,0,0,1,1,0,0,0,0,0,1,0,0
0,0,1,1,1,0,0,0,1,1,0,0,1,0,0,1,0,0,1,1,0,1,1,0,0,1,1,1,0,1,0,0,0,0
1,1,1,0,1,0,0,0,1,0,0,0,0,1,1,1,0,1,1,0,0,1,0,1,1,0,1,1,0,0,1,0,0,0
1,1,1,0,1,0,1,0,1,0,1,0,1,0,1,1,1,1,0,1,1,0,0,1,1,1,0,0,1,0,1,0,0,0
1,1,1,0,1,0,1,1,1,1,0,0,0,0,1,0,0,1,1,1,0,0,0,0,0,0,0,0,0,1,0,1,0,0
0,0,1,0,0,0,0,0,0,1,1,1,1,1,0,1,0,0,0,0,0,1,1,0,1,1,0,1,1,0,1,1,0,0
0,1,0,0,1,0,0,0,0,1,0,1,0,0,0,1,0,1,0,0,0,0,0,0,1,1,1,1,1,0,1,1,0,0
1,1,0,1,0,1,0,1,0,1,0,1,1,1,1,1,1,0,1,1,1,0,0,1,1,0,0,1,0,1,1,1,0,0
1,1,0,1,0,1,0,1,1,1,1,1,0,1,0,1,0,1,1,0,1,0,1,0,0,1,0,0,0,1,1,1,0,0
1,1,0,0,1,0,0,1,1,1,0,1,0,0,0,0,0,0,1,1,1,1,0,1,0,1,1,0,1,1,0,0,0,0
1,1,1,1,0,1,0,0,0,0,0,1,1,0,1,0,0,1,0,0,1,1,1,1,0,0,0,1,1,0,1,1,0,0
0,1,0,1,1,0,0,0,0,0,0,1,0,0,1,0,0,0,1,1,0,1,0,1,0,1,0,1,1,0,1,1,1,1
1,0,1,0,0,1,0,1,0,0,0,1,0,0,0,1,1,0,0,1,0,0,1,1,1,0,1,0,1,0,0,1,0,0
1,1,1,1,0,0,1,1,0,1,1,0,0,1,1,0,1,0,0,1,0,1,0,1,1,0,1,1,1,1,0,1,0,0
0,1,1,0,1,1,1,0,1,1,1,1,0,0,1,1,0,1,0,0,0,0,0,1,0,1,0,1,0,0,0,0,0,0
1,0,0,0,0,1,1,0,1,0,0,0,1,0,1,1,0,1,1,0,0,0,0,1,0,1,1,0,1,0,1,0,0,0
0,1,1,1,0,1,0,0,0,1,0,0,0,0,1,0,0,1,0,1,1,0,0,0,1,1,1,0,1,0,1,0,0,0
1,1,1,0,1,0,0,1,1,0,1,0,1,0,0,0,1,0,0,0,0,1,0,1,0,0,0,1,0,1,0,1,0,0
1,0,0,1,0,1,0,1,0,1,0,0,1,1,1,0,0,0,1,0,0,0,0,0,0,1,0,0,1,1,0,1,1,1
1,1,0,0,0,0,0,1,0,0,0,1,0,0,1,1,1,0,1,0,1,0,1,0,0,0,1,0,0,0,0,0,0,0
1,0,0,1,1,1,1,1,1,0,0,0,1,1,1,1,0,0,1,0,0,0,0,0,1,0,0,1,0,0,1,1,1,2
1,1,0,0,0,0,1,0,0,1,0,1,1,1,0,1,0,0,0,1,1,1,1,0,0,1,0,1,1,0,0,1,0,0
1,1,1,0,0,1,0,1,1,0,0,1,0,0,1,0,0,0,1,1,1,0,1,1,0,0,0,1,1,1,0,0,0,0
1,0,1,0,1,1,1,0,1,0,1,1,0,0,1,0,0,0,1,1,1,1,0,0,0,0,1,1,0,0,0,1,0,0
1,0,1,0,1,0,1,1,0,0,0,1,0,0,0,1,0,1,1,1,0,1,0,1,1,1,0,0,1,1,1,1,0,0
1,0,1,1,1,1,1,1,1,0,1,0,1,1,0,0,0,0,1,0,1,0,0,0,1,0,0,0,1,1,0,1,0,0
1,1,1,1,0,0,0,0,0,1,0,0,0,1,0,0,1,0,0,0,1,1,1,0,1,1,0,1,0,0,1,0,0,0
0,1,1,1,1,1,0,1,1,0,1,0,1,0,0,0,0,0,1,1,1,1,1,1,1,1,0,0,1,1,0,1,0,0
1,1,0,0,1,0,1,1,0,0,1,0,1,0,0,0,1,0,0,0,1,1,1,1,1,0,0,0,0,0,0,0,0,0
1,0,0,1,1,0,0,0,0,1,0,0,0,1,1,1,0,0,1,1,1,1,1,0,0,1,0,0,0,1,1,0,0,0
1,0,0,1,1,1,1,0,0,1,0,0,0,0,1,0,0,0,1,1,1,0,0,1,0,1,1,0,0,1,1,1,0,0
1,0,1,1,1,1,1,0,0,1,0,0,1,0,0,0,0,0,1,1,0,0,0,0,0,0,0,0,0,1,1,1,0,0
1,0,1,0,1,1,1,0,0,0,0,0,1,0,0,0,0,1,1,0,1,1,0,1,1,0,0,0,0,0,1,1,0,0
1,1,0,0,1,1,0,0,1,0,1,0,0,1,0,0,0,1,1,0,1,0,0,0,1,1,1,1,0,0,1,1,0,0
1,1,1,1,1,0,1,1,0,0,1,0,1,1,0,1,0,1,0,1,0,0,1,1,0,1,1,0,1,0,0,1,0,0
0,1,0,0,1,0,1,0,0,1,0,0,0,1,0,0,0,0,0,1,0,0,0,1,0,1,1,0,0,1,0,0,1,1
1,1,0,0,0,1,0,1,0,1,0,0,0,1,0,0,1,0,0,1,0,0,0,1,1,1,1,0,1,0,1,1,0,0
1,0,0,0,1,0,0,1,0,0,1,1,0,0,1,0,0,0,1,0,0,0,0,0,0,0,0,1,0,1,1,0,1,1
1,1,1,0,1,1,1,0,0,0,1,0,0,1,1,1,0,0,1,1,0,0,1,1,1,0,0,0,1,0,1,1,0,0
1,1,1,1,1,1,0,1,1,0,0,0,0,1,0,1,1,1,0,1,0,1,0,1,0,0,0,1,1,1,0,1,0,0
0,1,1,0,0,0,0,0,0,1,1,1,0,0,1,1,0,0,0,0,1,1,0,1,0,1,0,1,0,0,0,1,1,1
0,0,0,1,1,0,1,1,1,1,0,1,0,0,1,0,0,0,0,0,1,1,0,1,1,1,1,1,1,0,1,1,0,0
0,0,0,0,0,1,0,0,0,0,0,0,1,0,1,0,0,0,0,0,0,0,0,1,1,0,0,1,1,1,0,0,0,0
1,1,1,0,0,0,0,0,0,1,0,1,1,0,1,1,0,1,0,1,1,0,0,1,0,1,1,0,1,0,0,1,0,0
0,1,1,1,1,1,1,0,1,1,0,0,0,0,0,1,0,0,1,1,1,0,1,0,1,1,0,0,0,1,0,1,0,0
1,0,0,1,0,1,0,1,1,0,0,0,0,1,0,0,0,1,1,1,1,1,0,1,1,0,1,1,1,1,0,1,0,0
0,1,0,1,0,0,1,0,0,1,1,1,0,0,1,1,0,0,1,0,1,0,1,0,0,0,0,0,1,0,0,1,0,0
1,1,0,1,0,0,0,1,0,1,0,0,0,0,0,0,1,0,1,0,0,1,0,0,1,0,1,0,1,0,1,0,0,0
0,1,0,1,0,1,1,1,0,0,1,0,0,0,1,0,0,1,0,0,1,0,1,1,0,0,1,0,0,1,0,1,0,0
1,1,0,1,1,0,0,0,0,1,1,0,1,1,0,0,0,1,0,0,0,0,1,1,1,1,0,0,0,1,0,1,0,0
1,1,0,1,1,1,0,1,0,1,0,0,1,1,1,1,0,0,0,1,1,0,1,1,1,0,0,1,1,1,1,0,0,0
0,1,0,0,1,1,0,0,0,0,1,0,0,1,0,0,0,0,1,0,0,0,0,1,1,1,0,1,1,1,1,0,1,1
1,0,0,1,1,0,1,1,0,1,1,0,1,1,1,1,0,1,0,0,0,1,1,1,0,1,1,0,1,0,0,0,0,0
0,1,0,1,0,0,1,0,0,1,0,1,0,1,0,0,0,0,0,0,0,1,0,0,0,0,0,1,0,1,0,0,1,1
1,1,0,1,1,0,1,1,0,0,1,1,0,1,0,1,1,0,0,1,1,1,1,0,0,0,0,0,1,0,1,1,0,0
1,1,1,0,1,1,1,0,1,1,1,0,0,1,0,0,0,0,1,1,1,1,0,0,1,0,0,0,0,1,0,1,0,0
0,1,0,1,0,1,1,1,0,0,1,1,1,0,1,0,0,1,0,0,1,0,1,0,1,1,1,1,1,1,0,1,0,0
1,1,1,0,1,1,0,0,0,0,0,0,1,1,1,1,1,0,1,0,1,0,1,0,0,1,0,1,1,0,1,1,0,0
1,1,0,0,1,0,0,1,0,0,0,1,0,1,1,1,1,0,1,1,0,0,1,0,1,0,0,0,0,1,0,1,0,0
1,0,1,1,0,0,1,1,1,0,1,0,1,1,0,0,0,1,1,1,1,0,0,0,1,1,1,1,1,0,0,1,0,0
1,1,0,1,0,0,1,1,0,1,0,0,0,1,1,0,1,0,0,1,1,0,0,0,0,1,0,1,0,1,0,0,0,0
1,0,0,1,0,0,1,1,1,1,1,0,0,0,1,1,0,1,0,0,0,0,1,0,0,1,0,0,0,0,0,1,0,0
1,0,1,1,1,1,0,0,0,1,1,1,0,1,0,0,0,0,0,0,1,1,1,1,1,0,1,0,1,1,1,1,1,1
1,1,0,0,0,0,0,0,0,1,0,0,1,0,1,1,0,1,0,1,1,0,0,0,0,0,0,0,1,1,0,0,0,0
1,1,1,1,0,0,0,1,1,1,1,0,1,1,0,0,0,0,0,1,0,1,1,0,0,1,0,1,1,1,0,0,0,0
1,0,1,0,1,1,1,0,1,1,0,0,1,1,0,0,1,0,1,0,0,1,1,1,1,0,0,0,0,0,1,0,0,0
0,1,1,0,0,1,0,1,1,0,1,0,0,1,0,1,0,1,0,1,1,0,0,1,1,0,1,1,0,0,1,1,0,0
1,1,0,0,1,1,0,1,0,0,1,0,0,1,1,1,1,1,0,0,0,0,0,0,1,0,1,1,0,0,1,0,0,0
1,0,0,1,0,0,1,1,1,0,1,1,0,0,1,1,0,0,1,1,1,1,1,1,1,0,0,1,0,1,1,1,0,0
0,1,1,0,0,1,0,0,0,1,0,0,1,1,0,0,0,1,0,1,1,1,1,1,0,0,0,0,0,1,1,0,0,0
1,1,0,1,1,1,1,1,1,1,1,1,1,1,0,1,1,0,1,1,0,1,0,1,1,0,0,1,1,0,1,0,0,0
0,1,1,1,1,0,1,0,1,0,0,0,1,1,1,0,0,0,0,0,0,0,1,0,1,0,0,1,1,1,0,1,1,1
1,1,1,1,0,0,1,1,0,1,1,0,0,1,1,0,0,1,0,0,0,0,0,0,1,1,0,0,0,0,0,0,0,0
0,0,1,1,1,0,1,1,1,1,0,1,0,0,0,1,0,0,0,0,0,1,0,0,1,0,1,0,1,1,0,0,1,1
1,0,1,1,1,0,0,0,0,1,0,0,0,0,1,0,0,0,1,0,1,1,1,1,1,1,0,0,1,1,0,0,1,1
1,0,1,1,1,1,1,1,0,0,1,1,0,1,1,0,0,0,0,1,1,0,1,1,0,0,0,0,1,0,1,1,1,1
1,1,0,0,0,1,1,1,0,1,1,0,0,1,0,1,1,0,0,1,1,1,1,1,0,0,1,1,0,0,1,0,0,0
0,1,1,0,0,0,1,0,1,0,0,1,0,0,0,1,0,0,1,1,0,0,1,1,0,1,1,1,0,1,0,0,0,0
1,1,1,1,1,1,1,0,0,0,1,0,1,1,1,0,1,0,0,1,1,1,0,1,1,0,1,1,1,0,1,0,0,0
0,1,1,0,1,1,0,0,0,1,0,1,1,0,0,1,0,0,0,1,0,1,1,0,1,1,0,1,0,1,1,0,1,1
1,0,1,0,0,1,0,0,0,1,0,0,1,1,0,1,0,0,1,1,0,1,0,1,0,0,1,1,0,1,1,1,0,0
1,1,1,1,0,0,1,0,1,1,0,0,0,0,1,1,1,0,0,1,1,0,1,0,0,1,0,0,1,0,1,1,0,0
0,0,1,0,0,0,1,1,1,1,1,1,1,0,0,1,0,0,0,1,0,1,0,1,0,0,0,1,0,1,1,1,0,0
1,1,0,0,1,1,1,1,0,0,1,1,0,0,1,0,1,1,0,0,0,0,0,1,0,1,1,0,0,1,0,0,0,0
1,0,0,1,1,1,0,0,1,0,1,1,1,0,0,0,0,1,1,0,0,0,1,0,0,0,0,0,1,0,0,0,0,0
1,1,0,1,1,0,0,0,1,1,1,0,1,0,1,1,0,1,0,1,1,0,0,0,1,1,0,1,0,0,1,0,0,0
1,1,0,0,1,0,0,0,1,1,1,0,1,0,0,0,0,0,0,0,1,0,1,1,0,1,1,1,0,0,0,1,0,0
1,0,1,1,0,0,0,0,1,1,1,1,1,1,0,1,0,0,0,0,1,1,0,0,0,1,1,0,1,1,0,1,0,0
1,1,0,0,1,0,0,0,0,1,1,1,0,0,1,1,0,1,1,1,0,0,0,1,1,1,0,1,0,1,0,0,0,0
1,1,1,1,0,0,1,1,0,0,1,0,1,0,1,0,0,1,0,0,0,0,0,1,0,1,0,1,1,0,0,0,0,0
1,1,0,0,1,0,0,0,0,1,1,1,0,0,0,1,0,1,1,1,1,0,0,1,0,0,0,0,0,0,0,1,0,0
1,0,0,1,0,0,1,0,0,0,0,1,0,1,1,1,0,1,0,0,0,1,1,0,0,1,0,1,1,1,1,0,0,0
1,1,1,1,1,1,0,0,0,1,0,0,1,0,1,1,0,1,0,0,1,0,0,1,0,1,0,0,1,0,0,0,0,0
1,1,0,0,0,0,0,0,1,0,1,1,1,0,1,0,1,0,0,1,0,0,1,1,1,0,0,1,0,1,1,1,0,0
1,1,1,0,1,1,0,1,1,0,1,0,0,0,0,0,1,0,0,0,1,1,1,0,0,0,1,0,0,1,0,1,0,0
0,1,1,0,1,0,0,0,0,0,0,0,1,0,1,1,0,1,1,0,0,1,0,1,0,0,1,0,1,0,1,1,0,0
0,1,0,1,1,0,1,0,1,0,0,0,0,1,1,1,0,1,0,0,0,0,1,1,1,0,0,1,1,1,0,0,0,0
1,0,1,1,1,1,0,1,0,0,1,1,1,0,0,0,0,1,1,0,0,1,0,1,1,1,1,1,1,1,0,0,0,0
1,1,0,1,0,0,0,0,1,1,1,1,1,1,0,0,1,0,1,0,0,1,0,0,1,1,0,1,1,0,1,1,0,0
1,0,0,0,0,0,1,1,1,0,1,1,0,1,0,0,0,1,1,1,0,1,0,1,0,0,1,0,0,1,0,0,0,0
1,1,1,0,0,0,0,1,0,1,1,0,0,1,0,0,0,0,1,0,0,1,0,1,1,0,1,0,1,0,1,1,0,0
0,0,1,0,0,1,0,1,0,0,0,0,0,1,1,0,0,0,0,1,1,0,1,1,1,0,1,0,0,0,0,0,0,0
1,0,1,0,1,0,0,0,1,1,0,1,0,0,0,1,0,1,0,0,1,0,1,0,0,0,0,0,0,1,1,0,0,0
1,1,1,0,1,0,0,1,0,1,1,1,1,0,0,1,1,0,1,1,1,0,1,1,0,0,1,0,1,1,0,0,0,0
0,1,0,1,0,0,0,1,0,0,1,1,0,0,0,0,0,0,0,0,0,1,1,0,1,1,0,1,1,1,1,1,1,1
1,1,1,1,0,1,1,0,0,0,1,0,1,1,0,0,1,0,1,1,0,0,1,0,0,1,0,1,0,1,1,1,0,0
1,0,0,0,1,1,1,0,0,1,1,1,1,0,0,0,1,0,0,0,0,0,0,0,1,1,1,1,1,0,0,0,0,0
0,1,1,0,1,1,1,0,1,0,0,0,1,1,0,0,0,0,0,0,0,1,1,1,0,0,1,1,0,1,0,1,1,1
1,1,1,1,1,0,0,1,1,0,0,0,0,0,0,0,0,0,1,1,1,0,0,1,1,0,0,0,0,0,0,0,1,1
1,1,0,0,0,1,0,1,1,0,1,0,1,0,0,0,0,1,0,1,0,0,1,1,1,1,0,0,1,1,1,1,0,0
1,1,0,1,0,1,1,0,1,0,0,0,1,0,0,0,0,1,0,1,0,1,0,0,1,0,0,1,0,1,0,0,0,0
1,1,0,0,1,1,0,0,0,0,1,1,0,1,0,0,0,0,1,1,1,1,0,1,0,0,1,0,1,1,1,1,0,0
1,0,0,1,1,0,0,0,0,1,0,1,1,0,0,0,1,0,0,0,1,0,0,0,0,0,0,0,1,1,0,1,0,0
1,1,0,1,1,0,0,1,0,0,1,1,0,0,1,0,0,0,0,1,0,0,0,0,0,0,0,0,0,1,1,0,1,1
1,1,1,0,1,1,1,0,1,1,0,0,0,1,1,1,0,0,0,1,0,1,1,1,1,0,1,1,1,1,1,0,1,1
1,0,1,0,0,0,0,0,0,0,0,0,0,0,0,1,0,0,0,0,0,0,0,1,1,1,0,0,0,0,0,0,1,1
0,1,0,1,0,1,1,1,0,1,1,1,1,0,1,1,0,0,0,1,1,0,1,1,1,0,0,1,0,1,0,0,0,0
1,1,1,0,1,1,0,0,0,0,0,1,1,1,0,1,0,1,1,1,0,1,0,0,0,0,1,0,1,1,0,1,0,0
1,1,0,0,0,1,0,1,1,1,0,0,0,1,1,0,0,1,0,0,0,0,1,1,1,1,1,1,1,1,0,0,0,0
1,0,1,1,0,0,1,1,1,1,1,0,0,0,1,0,1,0,1,0,1,0,0,0,1,1,1,1,0,1,0,0,0,0
1,1,1,1,0,0,0,1,1,0,1,0,0,1,0,1,1,0,0,0,0,1,0,0,1,1,1,1,1,1,0,0,0,0
0,0,0,1,0,0,1,1,0,0,0,0,0,0,1,0,0,0,0,0,1,0,1,1,1,0,1,1,0,0,1,1,0,0
1,0,0,1,0,1,0,0,0,0,1,0,0,1,1,1,1,0,0,0,0,1,0,1,0,0,1,1,0,1,0,0,0,0
1,1,0,0,1,1,1,0,1,1,1,1,0,1,1,0,1,0,0,1,0,0,1,0,1,0,1,0,0,0,1,0,0,0
1,0,0,1,1,1,0,0,1,0,1,0,0,1,1,0,0,1,1,1,1,0,1,1,1,0,1,1,1,1,1,0,0,0
1,0,0,0,1,0,0,0,0,0,1,0,0,1,1,0,0,1,0,1,0,1,0,1,1,0,1,1,0,0,0,1,0,0
1,0,1,0,1,1,1,0,0,1,0,0,1,0,0,1,0,0,1,0,1,0,0,0,0,1,0,1,1,1,1,1,1,1
1,0,0,0,1,1,0,1,1,0,0,1,0,0,0,1,0,1,1,0,1,1,0,1,1,0,0,1,0,1,1,0,0,0
1,1,0,1,1,1,0,0,0,0,0,1,0,0,1,1,1,0,0,1,1,1,1,1,0,1,1,1,0,0,0,0,0,0
1,0,1,1,0,0,0,0,1,1,1,0,1,0,0,0,0,1,0,0,1,0,0,0,1,1,0,0,0,0,1,0,0,0
0,1,1,0,1,1,1,1,1,0,0,0,1,1,0,0,0,1,0,0,0,1,0,0,0,0,0,1,0,1,0,1,0,0
1,1,1,0,0,0,0,0,1,1,0,1,1,1,1,0,0,1,1,0,1,1,1,1,0,0,0,0,1,1,1,0,0,0
1,1,1,1,0,0,1,1,0,1,1,1,0,1,1,0,1,0,1,0,1,1,0,0,0,0,1,1,0,0,1,1,0,0
1,0,1,1,0,0,0,1,0,0,1,1,0,1,1,1,0,0,1,0,1,0,1,1,0,0,0,0,0,0,1,1,0,0
0,0,1,1,0,0,0,0,0,0,0,0,1,1,1,1,0,0,0,1,0,1,1,0,1,1,1,0,1,1,1,1,0,0
1,1,0,0,1,0,1,1,0,1,1,0,0,1,1,1,0,1,1,0,0,0,0,1,0,0,1,1,1,0,1,0,0,0
1,1,0,1,0,0,0,0,1,0,1,1,0,1,0,0,1,0,0,1,1,1,1,1,0,0,1,0,0,0,1,0,0,0
0,1,0,1,1,0,0,0,1,0,1,0,0,0,0,0,0,0,1,0,1,0,0,1,0,1,1,1,1,0,1,1,1,1
0,1,0,0,0,0,1,1,1,0,0,0,0,1,0,0,0,1,0,0,0,0,1,0,0,1,0,1,0,0,0,0,0,0
1,0,0,0,0,1,0,1,0,1,1,1,1,1,0,0,0,1,1,0,0,1,0,0,1,1,0,0,1,1,1,1,0,0
1,0,1,0,0,1,1,0,1,1,1,1,0,1,1,0,0,0,1,1,1,1,0,1,0,1,1,1,0,1,0,0,0,0
0,0,0,0,1,0,0,1,0,1,0,0,1,0,1,0,0,0,0,0,0,0,1,1,1,1,0,0,1,1,0,0,0,0
0,1,1,0,0,0,1,1,0,0,0,1,1,0,0,0,0,0,1,0,0,0,1,1,1,1,0,1,0,0,1,0,1,1
1,1,1,1,0,0,1,0,0,0,1,1,0,0,0,1,0,1,0,0,1,1,0,1,0,1,0,1,0,1,1,1,0,0
1,1,1,1,1,1,0,1,0,0,0,1,1,1,0,1,1,0,0,0,0,1,1,0,1,0,1,1,0,1,0,0,0,0
1,1,1,0,1,0,0,1,0,1,0,0,1,1,0,0,0,1,0,1,0,1,0,0,0,0,0,1,0,0,1,0,0,0
1,1,0,1,1,1,1,1,0,1,1,1,1,0,0,0,1,0,0,1,0,1,1,0,0,1,1,0,0,0,1,1,0,0
1,1,1,0,0,1,0,1,1,0,0,1,1,1,1,1,0,0,0,0,1,0,0,0,0,0,1,1,1,0,1,0,0,0
1,1,1,0,0,0,1,0,0,1,1,0,0,1,0,0,0,0,1,1,0,0,1,0,0,0,0,1,0,1,1,1,0,0
0,0,1,0,1,1,1,1,1,1,0,1,1,1,0,0,0,0,0,1,1,0,1,1,1,1,1,0,1,1,0,0,0,0
1,1,1,0,1,0,1,1,0,0,0,0,0,0,1,0,0,0,0,1,1,0,0,0,0,1,1,1,0,1,1,1,1,1
1,1,0,1,1,0,1,0,1,1,0,1,0,1,0,0,0,0,1,1,1,0,0,0,1,1,0,0,1,0,0,1,0,0
1,1,1,1,0,0,0,1,0,0,1,1,1,0,0,0,0,1,0,0,1,1,0,1,0,0,1,0,1,0,0,0,0,0
1,0,1,0,0,1,1,1,0,1,1,0,0,1,1,1,0,1,0,1,1,0,0,1,0,1,0,1,0,1,1,0,0,0
1,0,1,1,0,0,1,1,0,0,1,0,1,1,1,1,0,0,0,0,0,0,1,0,0,1,0,1,0,1,0,0,0,0
0,1,0,1,1,0,1,1,1,1,1,1,1,0,0,1,0,0,1,0,0,1,1,0,0,1,0,0,1,1,1,1,0,0
1,1,1,0,0,0,1,1,0,0,1,0,0,0,0,1,0,0,0,1,1,0,0,1,0,1,1,0,0,1,0,1,1,1
1,1,1,0,1,1,1,1,1,0,0,0,0,0,1,1,1,0,0,1,1,1,0,0,1,0,0,1,1,1,0,0,0,0
1,1,0,1,0,0,0,1,0,0,0,1,0,1,1,0,1,1,0,0,0,1,1,1,0,0,0,0,1,1,0,1,0,0
0,1,0,0,0,0,0,0,0,0,0,1,0,0,1,1,0,0,0,1,1,1,1,1,1,0,1,1,1,0,0,0,0,0
0,1,0,1,0,0,1,1,1,1,1,1,0,1,1,0,0,0,0,1,1,0,0,1,0,0,1,0,0,1,1,0,0,0
1,0,1,0,0,0,0,1,1,1,1,0,0,0,1,0,0,1,1,1,0,0,1,0,1,1,0,0,0,0,0,0,0,0
1,1,0,0,0,1,0,1,0,0,1,0,0,0,1,0,1,0,0,0,1,0,1,0,0,1,0,1,1,1,1,1,0,0
1,1,0,0,1,1,0,1,0,1,0,0,0,0,0,0,0,0,1,1,0,0,1,0,1,0,1,0,1,1,1,0,1,1
0,0,1,1,1,0,1,1,0,0,0,1,0,0,1,1,0,0,1,0,0,0,0,0,1,0,1,1,0,0,0,0,1,1
0,1,1,1,1,1,0,1,0,0,0,1,1,0,0,0,0,0,0,0,0,1,0,1,1,0,1,1,1,0,1,1,1,1
1,1,1,0,1,1,0,1,1,0,0,1,0,1,1,0,0,1,1,0,1,1,1,0,1,1,1,1,0,1,1,1,0,0
1,1,0,1,0,0,1,0,0,1,0,0,1,0,1,1,0,1,1,0,1,0,0,1,0,1,1,1,0,1,0,0,0,0
1,1,0,1,1,1,1,0,1,0,0,0,1,1,0,1,0,1,1,0,1,0,0,0,1,0,1,1,0,0,1,1,0,0
1,1,1,0,1,0,1,1,1,1,0,1,0,0,1,1,1,0,1,1,1,1,1,1,1,1,1,1,1,0,0,1,0,0
0,0,1,1,0,0,0,1,0,0,0,1,0,0,0,0,0,0,0,1,0,1,0,1,1,1,0,1,1,0,0,1,0,0
0,1,0,1,0,0,0,0,1,1,0,0,1,1,1,1,0,0,0,1,1,1,0,1,0,0,1,1,1,1,1,1,0,0
1,1,0,0,0,0,1,0,0,0,1,1,1,1,1,1,1,0,0,1,0,1,0,1,1,1,1,1,1,1,1,0,1,1
1,1,1,0,0,0,1,1,1,0,0,0,1,1,0,1,0,1,0,0,1,0,0,1,0,0,1,1,1,1,1,0,0,0
1,0,1,1,1,0,1,0,0,0,1,1,0,1,0,0,0,1,1,1,0,0,0,1,0,0,1,1,0,0,1,0,0,0
1,1,1,0,1,1,1,0,0,1,1,0,1,0,1,0,1,0,0,0,1,1,0,1,0,0,0,1,1,0,0,0,0,0
1,0,0,1,1,1,1,1,1,1,1,0,0,1,0,1,0,0,0,1,0,1,1,1,0,1,1,1,1,1,0,1,0,0
1,1,0,0,0,1,0,0,0,1,0,0,0,0,1,1,0,0,0,0,1,0,0,0,1,0,0,0,0,0,0,1,1,1
1,1,1,1,1,1,0,1,0,1,0,1,1,0,1,1,1,0,1,1,0,1,1,0,0,0,0,0,0,1,1,0,0,0
1,0,1,0,0,0,1,0,1,1,1,1,0,0,1,0,1,0,0,0,0,1,1,0,0,1,1,0,1,1,0,0,0,0
1,0,1,1,0,1,1,0,1,0,1,1,1,0,1,0,0,1,1,1,1,1,1,0,1,0,1,1,0,0,1,1,0,0
1,1,1,1,0,1,0,0,1,0,1,1,0,0,1,0,1,0,1,0,1,1,0,1,0,1,0,0,0,0,0,1,0,0
1,0,0,0,0,0,1,0,1,1,0,0,0,1,0,0,0,0,1,0,0,0,1,1,0,1,1,0,1,0,1,1,0,0
1,0,0,1,0,1,1,1,1,1,1,1,1,0,0,1,0,0,0,1,1,1,1,1,0,1,0,1,0,0,0,1,0,0
1,1,0,1,1,0,0,1,1,1,0,1,0,0,0,0,0,1,1,1,1,1,0,1,0,1,1,1,1,1,0,1,0,0
1,0,1,0,0,0,1,1,1,0,1,1,0,0,0,0,0,1,0,1,1,0,1,0,1,0,0,0,0,1,0,0,0,0
1,1,0,1,0,0,1,1,1,0,0,0,0,0,0,1,1,0,1,1,1,1,1,0,1,0,1,0,1,1,0,1,0,0
1,0,1,1,0,0,0,0,0,1,1,1,0,0,0,1,0,0,0,1,1,0,1,0,1,0,1,0,1,0,0,1,1,1
1,1,0,1,0,1,0,1,0,1,0,1,0,1,0,1,0,1,0,0,0,1,1,1,1,1,1,0,1,0,0,0,0,0
0,1,1,1,1,0,1,1,0,1,0,1,0,0,1,0,0,0,0,1,1,0,0,0,1,0,0,0,1,1,1,0,1,1
1,0,0,0,1,0,0,0,1,0,0,0,1,1,0,1,1,0,0,0,1,0,0,0,0,1,0,1,0,0,0,1,0,0
0,1,1,0,1,1,1,0,1,1,1,1,1,0,0,1,0,0,1,0,0,0,1,0,1,1,1,1,1,0,0,0,0,0
1,1,1,1,1,1,1,0,0,0,1,1,0,0,1,1,0,0,1,1,0,0,0,1,1,0,1,0,1,1,1,1,0,0
1,1,1,1,0,0,0,1,0,1,1,1,1,1,1,1,1,0,0,1,0,0,1,0,0,0,1,1,0,0,1,0,0,0
0,1,0,0,1,0,1,1,1,1,1,0,1,0,1,0,0,0,0,1,1,1,0,0,1,1,1,1,0,1,0,0,0,0
1,0,0,1,1,0,1,1,0,1,0,1,1,1,1,0,0,0,1,1,0,0,1,1,1,0,1,0,0,1,1,1,0,0
1,0,1,1,1,0,0,0,0,0,1,0,1,0,1,0,0,1,1,0,1,1,1,1,0,1,1,0,1,1,1,1,0,0
1,0,0,0,0,1,0,1,1,0,0,1,0,0,0,0,0,0,1,0,0,1,0,1,1,0,1,0,1,1,0,0,1,1
1,1,0,1,1,0,0,1,0,0,0,0,1,0,1,1,1,1,0,0,1,1,1,0,1,1,1,1,0,0,1,0,0,0
1,1,1,1,1,0,0,0,0,1,0,1,0,0,0,0,0,1,0,0,1,0,0,0,0,1,1,1,0,0,0,0,0,0
1,1,0,0,0,1,0,1,0,1,0,1,1,0,1,0,0,1,1,1,0,0,0,0,1,0,0,1,1,0,0,1,0,0
1,1,0,1,1,1,1,0,1,0,1,0,1,1,1,0,1,0,1,1,1,0,0,1,1,1,1,0,1,1,1,0,0,0
0,1,1,1,1,0,0,1,1,0,0,0,0,1,1,1,0,0,1,1,0,1,1,0,0,1,1,0,1,1,1,0,1,1
0,1,0,1,1,0,0,1,1,0,1,0,1,0,1,1,0,0,0,1,0,0,0,0,0,0,0,1,1,1,0,1,1,1
1,1,1,0,0,1,0,0,0,0,1,0,1,0,1,1,0,0,1,0,0,1,0,1,0,1,0,1,0,0,1,0,1,1
1,1,1,1,1,0,1,0,0,1,0,1,0,0,1,0,1,0,0,0,1,0,0,0,0,0,1,0,0,0,1,0,0,0
1,1,1,1,1,0,0,1,0,0,1,0,0,0,0,0,1,0,0,0,1,1,1,1,1,0,1,0,1,1,1,1,0,0
1,1,0,0,0,1,0,1,1,1,1,0,0,1,0,1,0,1,0,1,0,1,0,1,0,0,1,0,0,0,1,0,0,0
1,1,1,1,1,1,0,0,0,1,0,1,1,0,1,0,0,1,1,0,0,0,0,1,0,1,0,0,0,1,1,0,0,0
1,0,0,1,1,1,1,1,1,1,1,1,1,1,1,1,0,0,0,0,0,1,0,1,1,1,1,1,0,1,0,1,0,0
1,0,1,0,0,0,1,0,1,1,0,1,0,0,0,1,0,1,1,1,0,0,1,1,0,0,0,1,0,1,0,0,0,0
0,1,0,0,1,1,1,0,0,0,1,1,1,1,0,0,0,0,1,1,1,1,0,0,0,1,1,1,1,0,0,1,0,0
1,1,1,1,1,0,1,1,0,0,0,0,0,1,1,1,1,0,0,1,1,0,1,0,1,1,0,1,0,0,1,0,0,0
1,1,1,1,0,1,1,0,1,0,1,1,1,0,1,1,1,0,1,1,1,1,0,0,1,1,1,0,0,0,0,1,0,0
1,1,1,1,1,0,0,1,0,0,1,1,1,1,0,1,0,1,1,1,0,0,1,1,1,1,1,0,0,0,0,0,0,0
1,0,1,0,0,0,1,1,1,1,1,1,1,1,1,1,0,0,0,1,1,0,0,1,1,1,0,0,0,1,1,1,0,0
1,1,1,1,1,0,0,1,0,0,0,0,1,1,1,1,1,0,0,1,1,1,1,1,1,0,0,1,1,0,1,1,0,0
1,1,1,1,1,1,1,0,0,1,1,0,0,0,1,0,0,1,1,0,0,0,0,0,0,0,0,0,1,0,1,0,0,0
1,0,1,0,0,1,1,0,1,0,0,1,0,1,0,1,0,0,1,1,1,1,0,0,1,1,0,1,0,1,0,0,0,0
1,1,0,0,1,1,0,0,1,0,1,1,0,0,1,0,0,1,0,1,1,1,1,1,0,1,0,1,0,1,1,1,0,0
1,1,1,1,1,0,0,0,1,1,0,0,1,0,1,1,1,1,1,1,0,0,0,1,0,1,0,1,1,1,1,0,0,0
1,1,1,1,0,0,1,1,1,0,0,1,0,0,1,0,1,1,1,0,1,1,0,1,1,0,1,1,0,1,1,0,0,0
1,1,1,0,0,0,1,1,1,1,1,1,0,0,1,0,0,1,1,0,0,0,0,0,1,1,1,0,1,0,0,1,0,0
1,1,0,0,1,1,0,0,0,0,1,1,0,1,1,0,0,1,1,0,0,1,0,1,0,1,1,1,0,1,1,1,0,0
1,1,0,1,1,1,0,1,0,0,1,1,1,0,0,0,1,0,1,1,0,1,0,1,1,1,1,1,1,1,1,1,0,0
1,0,1,0,0,0,0,0,0,0,1,1,1,1,1,0,0,1,0,0,1,1,1,0,0,0,1,1,1,0,0,0,0,0
1,0,0,1,1,1,1,1,0,0,0,0,1,0,0,1,0,0,0,1,0,1,0,0,1,1,1,1,1,1,1,0,1,1
1,1,1,1,0,0,1,1,0,1,1,0,1,1,0,1,1,0,1,0,0,0,1,0,1,1,1,0,0,0,0,1,0,0
1,1,1,0,0,1,0,0,1,0,1,1,1,1,1,1,1,1,0,1,0,0,0,0,1,1,1,1,0,1,1,0,0,0
1,1,0,1,0,0,1,1,1,0,1,1,0,1,0,0,0,0,1,0,0,0,0,1,1,1,1,1,1,0,1,1,0,0
0,1,1,1,1,0,1,0,1,0,0,0,1,0,1,0,0,0,1,0,0,0,1,0,1,1,1,1,0,0,1,0,1,1
1,1,1,0,1,0,0,1,1,0,1,1,0,1,1,1,1,1,1,0,0,0,0,1,0,1,1,0,1,0,1,0,0,0
1,0,1,0,1,1,1,1,1,1,0,0,1,0,0,0,1,0,0,0,0,1,0,1,1,0,0,1,0,0,0,0,0,0
1,0,0,1,1,0,1,1,0,0,0,1,0,0,0,1,0,0,1,0,1,0,1,0,1,1,0,0,0,1,1,0,1,1
1,0,1,0,0,1,0,1,0,0,1,0,1,0,1,0,0,0,0,0,1,1,0,1,1,0,0,0,1,0,0,0,1,1
0,1,1,1,1,0,0,1,0,0,0,0,1,1,0,0,0,0,0,0,1,1,0,0,0,1,0,1,1,0,0,1,1,1
1,1,1,1,1,0,0,0,0,0,1,1,1,0,0,1,1,0,0,0,1,0,0,1,0,1,1,0,1,0,0,1,0,0
1,0,0,1,0,0,1,1,1,0,1,1,1,0,0,1,1,0,0,1,0,0,0,1,1,0,1,1,1,1,0,0,0,0
1,0,0,0,0,0,0,0,0,0,0,1,0,0,0,1,0,0,1,1,1,0,1,1,0,0,0,1,1,1,1,0,0,0
1,0,1,0,1,0,1,0,0,0,1,1,1,1,1,0,0,1,1,0,0,0,1,0,1,1,0,0,1,0,0,0,0,0
1,1,1,0,1,0,0,0,0,1,1,0,1,1,1,1,1,0,1,1,0,0,0,1,1,0,0,0,0,0,1,1,0,0
1,1,1,0,0,1,0,0,0,1,1,0,0,1,1,0,1,0,0,1,1,0,1,1,1,1,0,1,1,0,0,1,0,0
1,1,1,0,0,0,0,0,1,1,1,1,0,0,0,0,0,1,1,1,0,1,1,1,1,0,0,1,0,1,0,0,0,0
0,0,1,0,1,0,1,0,0,1,1,0,0,1,1,1,0,0,0,1,1,0,1,0,0,1,0,1,0,1,0,0,1,1
1,1,1,1,1,1,1,0,1,0,0,0,0,0,0,1,1,0,0,0,0,1,1,0,1,0,1,1,1,0,0,0,0,0
1,1,1,0,0,1,1,0,0,0,1,1,1,0,1,0,1,1,0,1,1,1,0,1,0,0,1,0,1,0,1,0,0,0
1,0,1,0,0,1,0,1,1,0,1,0,0,0,0,0,0,0,1,0,0,1,1,1,0,1,0,1,1,1,1,1,1,1
1,1,0,0,0,1,0,1,0,0,1,0,1,0,1,1,0,0,1,0,1,0,0,0,1,0,0,0,1,1,0,1,1,1
0,1,0,1,1,0,1,0,0,0,0,0,1,1,0,0,0,0,1,1,1,1,1,0,0,0,0,0,1,1,1,1,0,0
0,1,0,1,0,0,1,0,1,0,1,0,0,0,0,0,0,0,0,1,0,0,1,0,0,1,1,1,1,1,0,0,1,1
0,0,1,1,1,1,1,0,0,0,1,1,0,1,0,1,0,0,0,1,0,0,1,1,0,0,0,1,1,0,1,1,1,1
1,1,1,1,1,1,1,1,0,0,1,0,1,1,0,0,1,0,1,1,0,0,1,1,1,0,1,0,1,0,0,1,0,0
1,1,0,0,0,1,1,1,1,1,0,1,0,1,0,1,0,1,1,0,0,0,0,1,1,0,1,0,1,0,0,1,0,0
1,0,1,1,1,0,1,1,0,0,1,1,1,1,0,0,0,0,1,0,1,0,1,1,1,0,0,1,1,0,0,1,0,0
0,1,1,1,0,1,1,1,1,1,0,0,1,1,1,0,0,1,1,0,0,1,0,1,0,0,1,0,0,0,0,0,0,0
1,1,1,1,0,1,0,1,0,0,0,0,1,1,0,0,0,1,1,1,1,0,0,0,1,0,0,1,0,1,0,1,0,0
1,1,1,1,1,1,1,0,0,0,1,1,0,0,0,1,1,1,1,0,0,1,1,0,0,0,1,0,1,1,0,1,0,0
0,1,0,0,1,1,0,1,1,0,0,1,1,1,0,0,0,0,1,0,1,0,0,0,0,1,0,0,1,0,1,0,0,0
1,1,0,0,0,1,0,0,0,1,1,1,1,0,0,1,1,0,0,0,1,0,0,0,0,0,1,0,0,0,1,1,0,0
1,0,1,0,1,1,0,1,0,1,0,0,1,1,1,0,0,1,0,0,1,1,1,1,1,0,1,1,0,0,0,0,0,0
1,0,1,1,0,1,1,1,0,0,0,1,0,0,1,1,1,0,1,0,0,0,1,0,1,0,0,0,1,0,1,1,0,0
1,1,0,1,0,0,1,1,0,1,0,0,1,1,1,0,0,1,1,0,1,0,0,1,0,1,0,0,0,1,1,1,0,0
1,1,1,0,1,1,0,1,1,1,1,0,1,0,0,1,0,0,1,1,0,0,1,0,0,0,0,0,1,1,1,1,0,0
1,1,1,0,1,0,1,1,1,1,1,0,1,0,1,0,1,1,0,1,1,0,0,1,0,1,1,0,0,0,1,0,0,0
1,0,0,1,1,0,0,0,1,0,1,0,1,1,1,0,1,0,0,0,0,1,1,0,0,0,1,1,0,0,1,1,0,0
1,1,1,0,1,0,1,1,0,1,1,1,0,1,1,1,1,1,0,1,0,0,0,1,1,1,1,1,0,0,1,0,0,0
1,1,1,0,0,1,0,0,1,0,0,0,0,0,0,0,1,1,1,0,0,1,0,0,0,1,0,0,0,1,0,0,0,0
0,0,1,0,1,0,1,0,1,0,0,1,1,0,0,1,0,0,0,0,0,0,0,1,1,0,0,1,1,1,0,0,0,0
1,1,0,0,1,0,0,0,1,0,1,0,0,0,0,1,1,0,1,1,0,1,1,1,0,0,1,0,1,0,0,0,0,0
1,1,0,0,0,0,0,1,0,1,0,1,0,1,1,1,0,0,0,1,1,0,0,1,1,1,0,1,0,0,1,0,1,1
1,0,1,1,0,1,1,1,1,1,1,0,0,1,0,1,1,0,1,0,1,1,0,0,0,0,1,1,1,0,0,1,0,0
1,1,0,1,0,0,0,0,0,1,1,1,0,0,0,0,0,0,1,1,1,1,1,0,1,0,1,0,1,1,1,0,0,0
1,0,0,0,1,1,0,1,0,1,1,1,0,0,0,0,0,1,1,0,1,1,0,1,1,0,0,0,1,1,1,1,0,0
1,1,0,0,1,1,0,0,1,1,0,0,0,1,1,0,0,0,0,0,0,1,0,1,1,1,1,1,0,0,0,1,1,1
0,1,1,0,0,1,1,0,1,1,0,0,1,0,1,1,0,0,1,0,0,0,1,0,1,1,1,1,0,0,0,1,0,0
1,0,0,0,0,0,1,0,1,0,0,0,0,0,0,0,0,0,0,1,0,1,1,1,1,0,0,0,0,1,1,0,0,0
0,1,1,1,0,0,0,0,0,1,0,0,0,0,1,0,0,0,0,1,0,1,1,1,1,1,1,0,1,0,0,1,1,1
1,0,1,0,1,1,0,0,1,0,0,1,1,0,0,0,0,1,1,0,1,1,0,0,1,1,1,1,1,1,1,0,0,0
1,1,0,0,0,1,1,0,1,0,0,0,0,0,0,0,1,0,1,1,1,1,0,1,0,1,0,1,1,1,1,1,0,0
1,1,0,0,0,1,1,1,0,0,0,1,0,1,0,0,1,1,0,0,0,1,0,1,0,0,1,1,1,1,0,1,0,0
1,0,1,1,0,0,0,1,1,0,1,0,0,1,1,1,0,1,0,0,0,1,0,0,1,1,1,0,0,0,0,0,0,0
0,1,0,0,0,0,1,0,1,1,0,1,1,0,1,0,0,0,0,1,0,0,1,0,0,0,0,1,0,0,0,1,1,1
1,0,0,0,0,1,1,1,1,1,0,1,0,1,1,0,0,0,1,0,1,1,1,0,0,1,1,0,1,0,0,0,0,0
0,0,0,1,0,1,1,1,1,0,1,1,1,0,1,1,0,0,0,1,0,1,1,0,0,1,1,0,0,1,0,1,0,0
0,1,0,0,1,0,0,1,1,1,0,1,0,1,0,0,0,0,1,0,1,1,0,0,0,0,1,0,1,0,0,0,0,0
1,1,0,1,1,0,1,0,0,0,0,0,0,1,0,1,1,1,0,1,0,1,1,0,0,1,0,1,0,0,1,1,0,0
1,1,1,0,1,1,1,1,0,0,0,0,0,0,1,0,0,1,0,1,1,1,0,0,0,0,1,0,0,1,1,0,0,0
1,0,1,1,1,0,0,1,0,0,0,0,0,1,0,1,0,1,0,1,0,1,1,1,0,0,0,0,1,0,1,0,0,0
1,0,0,0,0,0,1,1,0,1,0,0,0,0,0,1,0,1,0,1,1,0,0,1,0,1,0,0,1,1,0,0,0,0
1,1,1,1,0,0,0,0,0,1,0,1,1,1,0,0,1,1,1,0,1,0,1,0,0,1,1,0,0,0,0,0,0,0
0,1,0,1,1,1,1,0,0,1,0,0,0,0,0,0,0,0,0,0,0,0,0,1,0,1,0,1,0,0,0,1,1,1
1,0,1,1,0,0,1,1,0,0,0,1,0,0,0,0,0,1,1,1,0,0,0,1,1,1,1,1,0,0,0,1,0,0
1,1,1,1,0,0,1,1,0,0,0,1,1,1,1,1,0,1,0,0,1,0,0,1,0,1,1,1,1,0,0,0,0,0
1,0,1,0,0,1,1,0,0,0,1,1,0,0,1,1,0,1,0,0,1,0,0,1,0,0,0,1,1,1,0,0,0,0
1,1,0,0,1,1,0,0,0,1,1,1,0,1,0,1,0,0,0,0,0,1,0,1,1,0,0,0,1,0,1,1,1,1
1,0,0,1,1,1,0,1,0,0,0,1,1,0,0,0,0,0,0,1,0,1,0,0,0,1,0,1,0,1,1,0,1,1
1,0,1,0,0,1,1,0,1,1,1,0,1,1,1,0,0,1,1,1,0,0,0,0,0,0,1,0,1,0,0,0,0,0
0,1,1,1,0,1,0,1,0,0,0,0,1,0,1,1,0,1,0,0,1,1,1,0,1,0,0,1,1,1,1,1,0,0
1,1,0,0,0,1,0,1,1,0,0,1,0,1,1,0,1,0,1,1,1,0,0,1,0,1,1,0,0,1,0,1,0,0
1,0,1,1,0,0,0,1,1,1,0,0,1,0,0,1,1,0,1,0,1,1,0,0,1,1,0,1,1,0,0,0,0,0
1,1,1,0,0,0,0,0,1,1,0,0,0,0,0,0,0,0,1,0,0,1,0,0,1,0,0,0,0,1,0,0,0,0
1,0,0,0,0,0,1,0,0,0,0,1,1,0,0,1,0,1,0,1,0,0,0,1,0,1,1,1,1,0,0,0,0,0
1,0,1,0,1,0,0,0,0,1,0,0,0,1,1,1,0,1,0,1,1,0,0,0,0,1,1,0,1,0,1,0,0,0
1,1,1,0,0,1,1,1,1,1,0,0,0,0,0,0,0,1,1,0,0,0,0,1,1,0,1,1,0,0,1,1,0,0
1,1,1,1,1,1,0,0,1,0,0,1,1,1,0,1,0,0,1,1,0,1,0,0,1,0,0,0,0,1,0,0,0,0
1,1,0,1,1,1,0,1,1,0,0,0,0,0,1,0,1,0,1,1,1,0,0,1,0,0,1,1,0,0,1,1,0,0
1,0,0,0,0,0,1,1,0,0,0,1,1,1,1,1,0,0,1,0,1,1,1,1,0,1,0,0,1,0,0,0,1,1
0,1,1,1,1,0,0,1,1,0,0,1,1,1,1,1,0,1,1,1,0,0,0,0,0,1,0,1,0,1,1,0,0,0
0,1,0,0,0,1,1,1,0,0,1,0,0,0,1,0,0,0,1,1,0,1,0,1,1,1,1,0,0,0,0,1,1,1
0,1,0,0,1,0,1,1,0,0,0,0,0,1,1,0,0,0,1,1,1,0,1,0,1,0,0,1,1,0,1,1,0,0
0,1,1,0,1,0,1,0,0,1,0,0,0,0,1,1,0,0,1,1,1,0,1,1,0,1,1,0,0,0,0,0,0,0
1,1,0,0,1,0,1,0,0,0,1,0,0,1,0,0,0,0,0,1,0,1,1,0,1,1,0,0,0,1,0,1,1,1
1,1,1,0,1,1,0,1,0,0,0,1,1,0,1,0,1,0,0,1,0,1,1,0,1,0,1,1,1,1,1,1,0,0
1,1,0,1,1,0,0,0,1,1,1,1,0,0,0,1,0,1,1,1,1,0,1,0,1,0,0,0,1,0,0,1,0,0
1,1,0,1,0,1,0,1,1,1,1,1,0,1,1,1,1,0,1,1,1,0,1,0,0,0,0,0,1,0,0,1,0,0
1,1,1,1,1,0,0,0,0,1,1,1,0,0,1,0,1,1,0,0,1,1,1,0,0,1,1,0,1,0,1,1,0,0
0,1,0,0,0,1,1,1,0,0,1,1,1,0,0,0,0,0,1,1,1,0,1,1,0,1,0,1,1,0,0,1,0,0
1,1,0,1,0,0,0,0,1,0,1,1,1,0,1,1,0,1,1,1,1,0,1,0,0,1,0,0,1,1,0,0,0,0
1,1,0,0,1,1,1,1,1,1,0,1,0,1,0,0,1,0,1,1,1,1,1,1,0,1,0,1,1,1,1,0,0,0
0,0,0,1,1,0,1,0,0,1,0,0,0,0,0,1,0,0,0,0,0,1,1,1,1,0,0,1,0,0,0,1,0,0
1,1,1,0,0,0,0,0,1,0,1,0,0,1,0,1,0,0,1,0,0,1,1,1,0,0,0,0,0,1,0,1,1,1
0,1,0,1,1,1,0,0,1,1,0,1,0,1,1,1,0,1,0,0,0,1,1,0,0,1,1,1,0,1,0,0,0,0
0,1,0,1,0,1,1,0,0,1,0,0,0,1,0,1,0,1,0,0,1,0,0,1,0,1,0,1,1,1,1,1,0,0
1,1,0,0,0,1,1,1,0,0,0,1,0,0,0,1,1,0,0,1,0,1,1,1,0,0,1,0,0,0,1,1,0,0
1,0,0,0,1,0,1,0,0,0,1,1,1,0,0,1,0,1,0,1,1,1,1,0,0,0,0,0,1,0,0,1,0,0
1,0,1,1,0,1,0,0,0,0,0,1,1,1,0,0,0,1,1,0,0,1,0,1,1,1,0,1,0,0,0,1,0,0
0,1,1,0,1,0,0,1,0,1,0,0,1,0,0,0,0,1,1,0,0,1,1,0,1,1,1,1,0,0,1,1,0,0
1,0,1,0,1,0,0,0,0,1,1,1,0,0,1,0,1,0,0,0,1,1,1,1,1,0,1,1,0,1,0,1,0,0
0,1,1,1,0,0,0,1,0,1,0,1,0,0,1,1,0,0,1,0,0,1,1,1,1,0,0,0,0,1,1,0,1,1
1,1,1,0,0,0,1,1,1,0,0,1,0,1,0,1,0,1,1,0,1,0,0,0,1,0,1,0,0,0,1,1,0,0
1,0,1,0,0,1,0,0,1,0,1,0,0,0,0,1,0,1,1,0,1,0,0,1,1,0,1,0,0,1,1,1,0,0
1,1,1,1,1,1,0,0,1,0,1,0,1,1,1,0,0,0,1,1,0,0,1,1,1,1,0,1,1,0,1,1,0,0
1,1,0,1,0,1,0,1,1,0,1,0,0,1,1,0,0,0,1,0,1,1,0,0,1,0,0,1,0,0,0,1,0,0
0,0,1,0,0,0,0,1,1,1,1,1,0,0,1,0,0,0,0,1,1,1,1,0,1,1,0,1,1,1,0,1,0,0
0,1,1,0,1,0,1,1,0,1,1,0,0,1,0,1,0,0,1,0,1,0,0,1,1,1,0,0,1,0,1,0,0,0
1,1,1,0,0,1,0,0,1,1,0,0,0,0,0,1,0,0,1,0,0,0,0,1,1,0,0,0,0,1,1,0,0,0
1,1,0,0,1,0,0,0,1,0,1,1,0,1,0,0,0,0,1,0,1,1,1,0,1,1,1,0,0,1,1,1,0,0
1,1,1,0,0,1,1,1,0,0,0,0,1,1,1,1,0,0,0,1,0,0,1,1,1,0,0,1,0,1,1,0,0,0
0,1,1,0,0,1,1,1,1,0,1,1,1,0,1,1,0,1,0,1,1,0,1,0,0,0,0,0,0,0,1,0,0,0
0,1,0,0,0,1,0,0,0,0,1,0,1,0,0,1,0,0,0,1,0,0,1,0,0,1,0,0,0,1,0,1,1,1
1,1,0,1,1,1,0,1,0,1,1,1,0,1,0,0,1,0,0,1,0,1,0,1,1,1,0,1,0,1,1,0,0,0
1,0,1,0,1,1,1,0,1,1,1,0,1,0,0,1,0,0,0,1,1,0,0,1,1,0,1,0,0,1,1,0,0,0
0,1,0,0,0,1,1,1,0,0,0,1,0,1,1,1,0,0,0,0,0,1,1,1,0,0,1,1,0,0,1,0,0,0
1,0,1,1,0,0,0,0,0,1,1,0,0,0,1,0,0,0,1,0,1,0,1,0,0,1,0,0,0,1,0,1,0,0
1,0,1,1,1,0,1,1,0,0,0,1,0,0,1,0,1,0,1,0,0,0,0,0,0,1,0,0,0,1,0,1,0,0
1,1,1,1,0,1,0,0,1,0,0,1,0,0,0,0,1,0,0,0,1,1,0,0,1,1,1,0,1,1,1,1,0,0
0,1,0,1,1,1,1,0,1,0,0,1,1,0,1,1,0,0,0,0,1,1,0,1,0,0,1,1,1,1,0,0,1,1
1,0,1,1,1,1,1,0,0,0,1,1,0,0,0,0,0,0,1,1,1,1,1,1,1,0,0,0,0,1,1,1,0,0
1,0,1,1,0,1,1,1,0,0,0,1,1,0,0,1,1,0,0,1,0,1,0,0,1,0,1,0,1,0,0,0,0,0
1,1,1,0,1,1,1,0,1,1,1,0,1,1,0,1,1,0,1,1,1,0,1,1,0,1,0,0,1,1,1,0,0,0
1,0,0,1,1,0,0,0,0,0,1,1,1,0,1,1,0,1,0,0,1,1,1,1,0,1,0,1,1,1,0,1,0,0
1,0,1,0,1,0,1,0,0,1,1,1,0,1,0,1,0,1,1,0,0,1,0,0,1,1,1,0,1,1,1,1,0,0
1,1,0,1,1,1,0,1,0,1,1,0,0,1,1,0,1,1,0,0,1,0,1,1,1,0,0,0,1,0,0,1,0,0
1,0,0,1,1,0,0,1,0,1,1,1,0,0,0,0,0,1,0,1,1,0,0,1,1,1,0,0,1,0,1,1,0,0
1,1,0,0,0,1,0,0,0,1,1,0,1,1,1,0,0,1,0,0,0,0,1,1,0,0,0,0,0,1,1,0,0,0
1,1,1,1,0,1,1,1,0,0,0,0,0,1,0,1,0,0,1,0,1,1,0,1,0,0,1,0,1,0,0,1,1,1
0,1,1,1,0,1,0,0,1,1,0,0,0,1,0,0,0,1,0,0,0,0,0,1,0,1,1,1,0,0,0,1,0,0
1,1,0,0,0,1,1,1,0,1,1,0,0,0,0,0,0,0,0,0,1,0,0,1,0,1,1,0,0,0,1,0,1,1
0,1,0,1,1,0,1,1,1,1,0,1,0,1,1,1,0,0,1,1,0,1,0,1,0,1,1,1,1,0,0,0,0,0
1,1,1,0,1,1,0,0,0,0,1,0,0,0,0,1,1,0,1,0,0,1,0,1,1,1,1,0,0,1,1,0,0,0
1,1,1,1,0,0,1,1,0,0,0,1,1,0,0,0,0,0,0,0,0,1,1,0,0,1,0,1,1,0,0,0,1,1
0,1,0,1,1,1,0,1,1,0,0,0,0,1,1,0,0,0,1,0,0,1,0,0,1,0,0,0,0,0,1,0,1,1
1,1,1,1,1,1,0,1,1,1,0,0,0,0,0,0,0,1,1,0,0,0,1,1,0,1,1,1,0,0,0,0,0,0
0,1,0,1,1,0,0,1,1,0,1,1,1,0,1,0,0,1,0,1,0,1,0,1,1,1,1,1,0,1,0,1,0,0
1,0,0,0,1,1,1,0,0,1,0,1,0,0,0,0,0,1,0,1,0,1,0,1,1,1,1,0,1,0,1,0,0,0
1,0,1,0,1,1,0,0,1,1,0,1,0,0,1,0,0,0,0,0,0,1,1,0,0,0,1,1,1,1,0,0,0,0
1,1,0,1,0,1,1,0,1,1,0,1,1,1,0,1,0,1,1,0,0,0,0,0,1,0,0,1,1,0,1,1,0,0
1,1,0,1,0,0,0,0,0,1,0,0,1,0,0,0,1,0,0,1,0,0,0,1,0,0,0,0,0,0,1,0,0,0
0,1,1,1,0,0,1,0,1,1,1,1,1,1,0,1,0,1,0,0,1,1,0,0,0,0,0,1,0,0,1,1,0,0
0,1,0,1,0,1,1,0,1,0,1,0,1,1,0,0,0,0,1,1,1,0,1,0,0,0,0,0,0,0,1,1,0,0
1,1,0,1,1,0,1,1,1,0,0,0,0,1,0,0,0,1,1,0,1,1,0,0,1,0,0,0,0,1,1,0,0,0
1,0,0,1,0,1,1,1,1,0,1,1,1,0,0,0,0,0,1,1,0,0,0,0,0,1,1,1,1,0,0,1,0,0
1,0,0,0,0,0,1,0,0,1,1,0,1,0,1,0,0,1,0,0,0,0,1,1,0,0,0,1,0,1,1,1,0,0
1,1,1,0,1,0,0,1,1,1,1,0,0,1,0,0,0,1,1,0,0,0,1,1,1,1,0,1,0,1,1,1,0,0
1,1,1,1,0,0,0,1,0,1,1,0,1,1,0,1,0,1,0,1,1,1,1,0,1,0,1,1,0,1,0,1,0,0
1,1,0,0,1,1,0,0,0,0,1,1,0,1,0,0,0,0,1,1,0,1,0,0,1,1,0,1,1,0,1,1,0,0
1,1,1,1,0,1,1,1,0,0,1,1,1,0,1,0,0,0,0,1,1,1,1,1,0,0,0,1,0,0,1,1,0,0
1,1,0,1,0,0,0,1,0,1,0,0,1,0,1,1,1,1,0,0,1,1,1,1,1,0,1,0,1,0,0,1,0,0
1,1,1,1,1,0,1,0,0,0,0,1,0,1,1,1,0,0,1,0,1,1,0,0,1,0,1,1,0,1,1,1,1,1
1,1,0,1,1,0,1,0,0,0,1,1,0,1,0,1,0,0,0,1,0,0,1,1,0,0,1,0,0,0,0,1,1,1
1,1,0,1,1,0,1,0,1,1,0,1,1,0,1,0,0,0,0,1,0,1,0,1,1,0,1,1,1,0,0,1,1,1
1,1,1,0,0,0,1,0,0,1,0,0,1,1,1,0,0,1,0,1,1,1,1,0,1,1,0,1,0,0,0,0,0,0
0,0,0,0,1,0,0,0,1,1,1,1,1,0,0,1,0,0,0,0,0,0,1,1,0,1,0,1,1,1,0,1,0,0
1,1,0,1,1,1,1,1,0,0,1,0,1,0,0,0,1,0,0,0,0,1,1,1,1,0,1,0,0,0,1,1,0,0
1,1,0,1,0,1,0,0,0,0,0,1,1,0,1,1,1,0,1,1,0,1,1,1,0,0,1,1,1,0,1,0,0,0
1,1,1,1,1,1,0,0,1,0,0,1,0,0,0,1,0,0,1,1,1,1,1,1,0,1,0,1,0,1,0,0,0,0
1,1,1,1,0,1,1,0,0,0,0,1,0,0,0,0,0,1,1,1,1,0,1,1,1,0,0,0,0,0,1,0,0,0
0,0,1,0,1,0,1,0,1,0,0,0,1,1,0,1,0,0,1,0,0,1,1,0,0,1,1,0,1,0,1,0,0,0
1,1,0,1,1,0,0,1,1,0,1,0,1,1,1,1,0,0,0,0,1,1,1,0,1,0,1,0,0,1,1,0,0,0
1,1,1,1,0,1,1,1,0,1,0,0,1,1,1,1,0,0,0,0,0,0,1,1,1,0,1,0,0,1,1,1,0,0
1,0,0,0,1,1,0,1,0,0,0,1,1,0,1,0,0,0,0,1,1,0,0,0,1,1,0,0,0,1,1,0,1,1
1,1,1,1,1,0,0,0,1,1,1,1,1,0,0,1,0,0,1,1,0,0,0,1,1,0,0,0,1,1,0,1,0,0
0,0,1,0,0,0,1,0,1,1,1,0,1,0,1,1,0,0,0,0,0,0,0,1,1,1,0,1,1,0,1,0,0,0
1,0,1,1,1,0,1,1,1,1,1,0,1,1,0,1,1,0,1,1,0,0,0,1,1,1,0,0,0,1,0,1,0,0
1,1,1,1,0,1,0,0,1,0,1,0,1,0,0,0,0,1,1,1,1,1,0,0,1,0,0,0,1,1,1,1,0,0
0,1,1,1,1,1,0,1,1,0,0,1,1,0,1,1,0,0,0,1,1,0,1,0,0,0,0,0,0,1,1,0,1,1
0,0,1,0,0,1,1,0,0,1,0,1,0,0,1,1,0,0,1,0,0,0,1,1,1,1,0,1,1,0,1,0,0,0
0,1,1,1,0,0,0,0,0,0,1,1,1,1,1,1,0,0,1,1,0,1,0,1,1,1,1,0,1,0,1,0,0,0
1,1,1,0,1,1,0,0,1,0,0,1,1,1,1,1,0,0,0,0,1,1,1,1,0,0,1,1,1,1,1,1,0,0
1,0,1,0,1,1,0,1,0,0,1,1,1,1,1,1,0,0,0,1,1,1,1,1,0,0,1,1,1,0,0,0,0,0
1,1,0,1,1,0,0,1,0,0,0,0,1,1,0,1,0,0,1,0,0,0,0,0,1,1,1,0,0,1,1,1,1,1
1,1,0,1,1,1,0,1,1,1,0,1,0,0,1,1,0,0,0,1,1,1,1,0,0,1,0,0,1,1,1,1,1,1
1,0,0,1,0,0,1,1,0,0,1,1,1,0,1,0,0,1,1,1,0,1,0,0,0,1,1,0,1,1,1,1,0,0
1,1,0,0,1,0,1,1,1,1,1,1,0,0,1,0,0,0,1,1,0,1,0,0,1,1,0,1,1,1,0,0,0,0
0,1,0,1,1,1,1,0,0,1,1,1,0,1,1,1,0,1,0,0,1,0,1,0,1,0,1,0,1,0,1,1,0,0
1,0,1,0,0,1,1,0,0,1,1,1,1,0,0,1,0,0,1,0,0,0,1,0,1,0,1,1,0,0,1,1,0,0
0,0,0,0,1,1,1,1,1,1,0,1,1,1,0,0,0,0,0,0,1,0,0,0,0,0,1,1,1,1,0,0,0,0
1,1,1,1,1,0,1,1,1,1,0,1,0,0,0,1,0,1,1,1,0,1,1,1,0,1,0,0,0,1,0,0,0,0
0,1,1,1,1,0,0,0,1,0,1,0,0,1,1,0,0,1,1,1,0,1,1,0,1,1,1,1,0,1,0,1,0,0
1,1,1,0,1,1,0,0,1,0,0,0,1,0,1,0,0,0,1,1,0,0,1,0,1,1,0,0,1,1,1,1,1,1
1,1,1,0,0,1,1,1,0,0,1,0,1,0,1,1,1,0,0,1,0,1,0,1,1,0,1,0,0,1,0,1,0,0
1,1,0,0,1,1,1,1,0,0,1,1,0,1,0,0,0,0,0,0,0,0,1,0,0,1,1,1,0,1,1,1,1,1
1,1,0,0,1,1,1,1,0,0,0,1,1,0,1,0,0,0,1,1,0,0,0,1,0,0,0,1,0,1,0,0,1,1
1,1,1,1,0,0,1,0,1,0,0,0,0,1,0,1,0,1,0,0,0,0,1,1,1,1,0,1,0,0,0,1,0,0
1,1,1,0,0,1,0,1,1,0,1,1,1,1,1,1,0,1,0,1,0,0,0,1,1,0,0,0,1,1,1,1,0,0
1,1,1,0,1,0,0,1,1,1,1,1,0,1,0,1,0,1,1,0,1,1,1,1,0,1,0,0,0,1,1,0,0,0
1,1,0,0,0,1,1,1,1,1,1,0,0,0,0,0,0,1,0,1,0,0,1,1,0,1,0,1,1,0,1,0,0,0
1,1,1,1,1,0,0,1,1,1,1,0,1,1,0,1,1,1,0,0,1,0,0,0,0,1,1,0,0,1,0,1,0,0
1,1,1,1,1,1,1,0,1,0,1,0,0,0,1,1,1,1,0,1,1,0,1,1,1,1,0,1,1,1,1,0,0,0
0,1,0,1,1,1,1,1,1,1,1,1,0,1,0,1,0,0,0,1,1,1,0,1,1,0,0,0,0,0,0,0,0,0
0,1,1,1,0,1,1,0,1,1,0,0,1,1,1,0,0,0,0,1,1,1,1,1,1,1,1,1,1,1,1,1,1,1
1,0,0,1,1,0,0,1,1,1,1,1,0,0,1,1,0,1,0,0,1,0,0,0,0,1,1,1,0,1,1,0,0,0
1,1,0,1,0,1,0,1,0,0,1,1,1,1,1,0,0,0,0,1,0,0,0,1,1,1,1,1,1,1,1,1,0,0
1,1,0,0,0,0,1,0,0,1,1,0,1,0,0,0,0,0,0,1,1,1,1,0,1,0,1,0,1,0,0,0,1,1
1,0,0,0,1,0,0,1,0,0,0,1,1,0,0,1,0,1,0,0,1,1,1,0,0,1,0,0,0,1,1,1,0,0
1,1,0,1,0,1,0,1,0,0,0,1,0,0,0,0,0,1,0,0,1,0,1,1,0,0,0,1,0,0,0,1,0,0
1,1,0,1,0,0,1,0,1,1,1,1,0,0,1,1,0,1,0,0,0,1,1,1,0,1,1,0,0,0,0,1,0,0
0,1,1,0,1,0,1,0,0,1,0,0,1,0,0,1,0,0,1,0,1,0,1,0,1,1,1,1,1,1,0,0,1,1
0,1,0,1,1,0,1,1,0,0,1,1,1,1,0,0,0,1,0,0,1,1,0,0,0,1,0,0,0,0,0,0,0,0
0,1,0,0,0,0,1,1,1,0,0,0,1,1,1,1,0,0,0,1,0,0,0,1,0,1,1,0,1,0,1,1,1,1
0,1,0,1,1,1,0,1,1,1,0,0,0,1,1,1,0,0,0,0,1,1,0,0,1,0,1,1,1,1,1,0,1,1
1,0,1,1,1,0,1,0,0,0,0,1,0,1,1,0,0,0,0,1,1,0,1,0,1,0,1,0,0,1,1,0,1,1
1,0,1,0,0,0,0,1,0,0,1,0,1,1,1,0,1,0,0,1,0,0,1,0,0,1,0,1,1,0,0,0,0,0
1,1,0,1,1,0,0,0,0,1,0,0,1,0,0,0,1,0,0,1,1,1,0,1,0,1,0,0,0,0,1,0,0,0
1,1,1,0,1,0,0,0,1,1,1,0,1,1,0,1,1,0,0,0,1,0,0,0,0,1,0,1,0,0,0,1,0,0
1,1,1,0,1,0,0,0,0,1,0,1,0,0,0,1,0,0,1,0,0,1,1,1,1,0,1,1,1,1,0,0,1,1
1,1,1,0,0,1,0,0,1,1,1,1,1,0,1,0,0,1,0,1,1,0,0,0,0,0,0,1,0,1,1,1,0,0
0,1,0,0,0,0,1,1,1,0,0,1,0,0,0,1,0,0,0,1,0,0,0,0,0,1,0,1,1,0,0,0,1,1
1,1,1,1,0,0,1,1,0,1,1,1,0,1,1,1,0,1,0,1,1,0,1,1,0,0,1,1,1,1,1,1,0,0
1,0,1,1,0,1,1,1,0,0,1,0,1,0,0,1,1,0,0,0,1,0,1,1,1,0,1,1,1,0,1,0,0,0
1,0,1,0,0,1,0,0,0,0,0,0,1,0,1,0,0,0,0,1,1,0,0,1,0,1,1,1,0,0,1,0,1,1
1,1,0,0,0,1,1,1,0,0,1,0,0,0,0,1,0,1,1,1,1,0,1,0,1,1,0,1,1,1,1,0,0,0
1,1,1,1,1,1,1,1,1,0,0,0,1,0,1,1,0,0,1,0,1,0,1,1,1,1,0,0,1,1,1,1,1,1
1,0,0,0,0,1,1,1,1,1,1,0,0,0,1,1,0,0,1,0,1,0,0,1,0,0,0,1,0,1,1,1,0,0
1,1,1,0,1,0,1,1,0,0,1,0,0,1,1,0,1,1,1,0,0,0,1,0,0,1,1,1,1,0,0,0,0,0
0,1,0,1,1,0,1,1,0,1,1,1,1,1,1,0,0,0,1,1,1,0,0,1,1,0,0,0,0,0,1,1,0,0
1,1,0,1,0,0,0,0,0,0,0,0,0,0,1,0,0,0,1,1,0,1,0,1,0,0,0,0,0,1,0,1,1,1
1,1,1,1,0,0,0,0,0,1,0,1,1,1,0,0,1,0,1,1,0,1,1,1,0,0,0,0,1,0,0,0,0,0
1,0,0,1,0,0,0,0,1,0,1,0,0,0,0,0,0,0,1,0,0,0,0,1,1,0,1,0,1,0,0,0,1,1
1,0,1,1,0,0,0,0,0,0,1,0,1,0,1,1,0,1,0,0,1,0,0,0,1,1,0,0,0,0,1,1,0,0
0,1,0,1,1,0,1,1,0,0,0,1,1,0,1,0,0,0,1,1,1,0,0,1,0,0,1,0,1,1,1,1,0,0
0,1,1,0,1,1,1,1,0,1,0,1,0,1,0,0,0,0,0,0,1,0,1,0,1,1,1,0,0,1,1,0,1,1
1,0,1,0,1,1,0,1,0,1,1,0,0,1,0,0,0,1,0,1,1,0,1,0,0,0,0,0,0,1,1,0,0,0
1,1,1,1,1,0,0,0,1,1,1,0,1,1,1,1,0,1,1,1,1,0,0,0,0,1,0,0,1,1,0,1,0,0
1,1,0,1,1,1,0,0,0,0,1,0,1,0,1,1,1,1,0,0,0,0,1,1,1,1,0,1,1,0,1,0,0,0
1,0,0,1,1,0,0,0,1,0,1,0,1,0,1,0,0,0,0,1,0,1,0,0,1,0,1,0,0,0,0,1,1,1
0,0,1,1,1,0,0,1,0,1,1,0,1,0,1,1,0,0,1,1,0,1,0,1,1,1,0,1,1,0,0,1,0,0
0,1,0,1,0,0,1,0,1,1,1,1,1,1,1,1,0,0,1,1,0,0,1,1,1,1,1,0,1,0,0,0,0,0
1,1,1,1,1,0,1,1,1,1,0,1,0,1,0,0,0,0,1,0,0,1,0,0,0,1,1,0,1,1,0,0,0,0
0,1,1,0,0,0,0,0,0,1,0,0,0,1,1,1,0,1,0,1,1,1,0,0,1,1,0,0,0,1,0,0,0,0
1,1,0,0,0,0,0,0,0,1,1,0,1,1,0,1,1,0,0,0,0,1,1,1,0,1,0,0,0,1,1,1,0,0
0,1,0,0,0,0,1,1,0,1,0,0,1,1,0,1,0,0,0,1,0,0,1,0,1,0,0,1,1,0,0,1,1,1
1,0,1,1,0,1,1,1,0,0,1,0,0,1,1,0,0,1,0,0,1,1,1,0,0,0,0,1,1,0,0,1,0,0
1,1,1,1,0,0,1,1,0,0,1,1,1,0,1,0,0,1,0,0,1,0,1,0,0,1,0,1,0,1,1,1,0,0
1,0,1,1,0,0,0,0,1,0,0,1,1,1,1,1,0,1,1,1,0,0,1,1,0,0,0,1,1,0,1,1,0,0
1,0,0,1,0,0,0,1,0,0,0,1,0,0,1,0,0,0,1,0,1,1,1,0,0,1,1,1,1,1,1,0,1,1
1,1,0,1,1,0,0,1,1,1,1,1,0,1,1,1,0,0,1,1,1,0,1,0,1,0,1,0,0,0,1,1,0,0
0,0,0,0,1,1,1,1,1,0,0,1,1,1,1,1,0,0,0,0,0,1,0,1,0,1,1,1,0,0,0,0,0,0
1,1,1,1,1,0,1,1,0,1,1,0,0,0,1,1,0,0,1,1,1,0,0,1,0,0,1,0,1,0,1,0,0,0
1,1,0,1,1,0,0,0,0,1,1,0,1,1,0,1,1,1,0,0,1,0,1,1,1,0,0,0,1,1,1,0,0,0
1,0,0,0,1,1,0,0,1,1,0,1,1,0,0,1,0,0,0,0,1,1,1,1,0,1,0,0,0,1,1,1,1,1
1,1,0,1,1,1,0,1,0,0,1,1,1,0,1,1,0,1,1,1,1,0,1,1,1,1,0,1,1,0,1,0,0,0
1,0,1,1,0,0,0,0,1,0,1,1,0,0,0,0,0,1,0,1,1,1,1,1,0,1,1,1,1,0,1,1,0,0
1,0,1,0,1,1,1,0,1,0,0,0,0,0,0,0,0,1,0,1,1,0,1,0,1,0,0,0,1,1,0,0,0,0
1,0,1,0,1,1,0,1,0,0,0,1,1,0,1,0,0,1,0,1,0,0,1,1,1,0,0,0,1,1,0,0,0,0
1,1,1,0,0,1,0,0,0,0,1,1,0,0,0,0,1,1,0,0,1,1,0,1,1,0,1,1,1,0,1,0,0,0
1,0,1,1,0,1,1,0,1,1,1,1,1,1,0,0,0,0,1,0,1,1,0,0,1,1,0,1,0,1,1,0,0,0
1,0,1,1,0,0,0,0,1,1,0,0,0,1,0,0,1,0,0,1,1,0,0,0,1,1,1,1,0,1,1,1,0,0
1,0,0,1,1,1,0,1,1,1,0,0,1,0,0,1,0,0,1,1,0,1,1,1,0,1,1,0,1,1,0,1,0,0
0,0,1,0,0,0,0,0,1,0,0,0,0,1,1,1,0,0,0,1,0,0,0,0,1,1,1,0,0,1,0,0,0,0
1,1,1,0,1,1,1,0,0,0,0,0,1,1,0,0,0,0,1,0,1,1,1,0,0,0,0,0,1,0,1,1,1,1
1,0,0,1,0,0,1,0,1,1,1,0,0,0,0,1,1,0,0,0,0,1,1,1,0,0,1,1,1,1,1,1,0,0
0,0,0,0,1,1,1,1,1,0,0,0,0,1,0,0,0,0,0,0,1,1,0,0,0,1,0,0,1,0,1,1,0,0
1,1,1,0,0,0,0,0,1,1,0,0,1,1,1,1,0,0,0,0,1,1,0,0,0,1,1,1,1,1,1,1,1,1
0,1,1,0,1,1,0,0,1,0,0,0,1,1,1,0,0,1,1,0,1,0,1,1,1,0,1,1,1,0,1,1,0,0
1,1,1,1,0,0,0,0,0,0,0,0,0,1,1,0,0,0,0,1,0,0,1,0,0,1,0,1,1,0,1,0,1,1
0,1,1,0,1,1,0,0,0,1,0,1,0,0,1,0,0,1,1,0,0,1,0,0,0,0,0,0,1,1,0,0,0,0
0,1,1,0,1,1,1,0,0,1,1,0,1,0,0,1,0,0,1,0,1,1,1,0,1,0,0,1,1,0,1,1,0,0
1,1,1,0,0,0,1,1,1,1,0,1,0,1,1,0,0,1,1,1,1,0,1,0,0,0,1,1,1,1,1,1,0,0
1,1,0,0,0,0,1,1,1,0,0,1,1,0,0,0,0,0,1,0,0,1,0,0,1,1,0,0,1,1,1,0,1,1
1,1,1,1,0,1,0,0,1,0,0,0,1,1,1,1,0,0,0,1,0,1,1,0,0,1,0,1,0,0,0,1,0,0
1,1,0,0,0,1,1,1,1,1,0,1,0,1,0,0,1,0,1,1,1,0,0,0,0,0,0,0,0,0,1,0,0,0
1,0,1,0,0,1,1,0,0,0,0,1,0,0,0,1,0,1,1,1,0,1,0,1,0,0,1,0,1,1,0,0,0,0
0,1,1,0,0,0,1,0,0,1,0,0,1,1,0,0,0,0,0,1,1,1,0,0,0,0,1,0,1,0,0,1,1,1
0,1,1,1,0,1,1,0,0,0,1,1,1,0,1,0,0,1,1,0,0,1,0,1,0,0,0,0,1,1,0,1,0,0
1,1,1,1,0,0,0,1,0,1,0,1,0,1,1,1,1,0,1,1,0,0,0,1,0,1,1,0,1,0,1,0,0,0
1,0,1,0,0,1,0,0,0,1,0,1,0,1,0,1,0,0,0,0,1,0,0,0,1,1,0,0,0,1,0,1,1,1
1,1,0,1,0,0,1,1,1,1,0,0,1,0,1,0,1,0,1,0,0,1,0,1,0,1,0,1,1,1,1,1,0,0
1,1,1,0,1,1,1,1,0,0,0,0,0,0,1,1,0,0,1,0,1,0,1,1,1,1,1,1,1,1,0,0,1,1
1,0,0,0,1,0,1,1,0,1,0,0,0,1,0,1,0,0,0,1,1,0,1,0,0,1,1,1,0,0,1,1,1,1
1,0,0,1,0,1,1,1,1,1,1,1,0,0,1,0,0,1,1,0,0,0,0,0,1,0,0,1,1,0,1,0,0,0
1,0,0,0,0,1,1,1,0,1,0,0,0,0,0,0,0,1,0,1,0,0,1,0,1,1,1,0,0,1,0,1,0,0
1,0,0,1,0,0,1,0,0,0,1,1,0,1,1,0,0,0,0,0,1,1,0,1,0,0,1,0,0,1,0,1,1,1
1,1,1,0,1,1,0,1,0,1,0,0,0,1,1,0,1,0,0,1,1,0,0,0,0,0,1,1,1,1,1,0,0,0
1,0,1,1,1,0,0,0,0,1,1,0,1,1,1,0,0,1,0,1,1,1,0,0,0,1,1,1,0,1,0,1,0,0
1,1,0,1,1,0,0,0,1,1,0,1,1,1,0,0,0,0,1,0,1,0,0,1,1,1,1,0,1,0,1,0,0,0
1,1,1,1,1,1,1,1,0,0,1,1,0,1,1,1,0,0,0,0,1,1,1,1,1,1,0,0,0,0,1,1,1,2
1,1,0,0,1,0,0,0,0,1,1,1,1,0,0,0,0,1,0,1,0,0,0,1,0,0,1,1,0,0,1,0,0,0
0,1,1,0,1,1,0,0,1,0,1,1,1,0,0,1,0,1,1,0,1,0,0,1,1,1,1,1,0,0,1,0,0,0
1,0,1,0,0,1,0,0,0,1,0,0,1,0,1,0,0,0,0,1,1,0,0,0,0,0,1,0,0,0,1,1,1,1
0,1,0,1,1,0,1,0,0,0,1,1,1,0,0,1,0,0,0,1,0,1,0,0,0,1,0,1,0,1,1,0,1,1
0,1,0,1,1,0,1,0,0,0,1,1,0,0,1,1,0,0,1,0,0,0,1,0,0,0,0,0,1,0,1,1,1,1
1,0,0,0,0,0,1,1,0,1,0,0,1,1,1,0,0,0,0,0,1,1,1,1,0,0,0,0,1,1,1,0,1,1
1,0,0,1,0,0,0,1,1,0,1,1,0,1,1,0,0,0,1,0,1,0,0,1,1,0,1,0,0,0,1,1,0,0
1,1,0,0,0,0,1,1,0,1,1,1,1,1,0,0,0,0,0,1,1,1,0,1,1,0,0,1,1,0,0,1,0,0
1,0,1,0,1,0,0,0,0,0,0,0,1,1,1,1,0,1,0,1,1,1,1,0,0,0,0,1,1,0,0,0,1,1
1,0,0,0,1,0,1,1,1,1,0,0,0,0,1,1,0,0,1,1,1,0,1,1,1,0,1,0,1,1,1,1,0,0
0,1,1,1,0,1,0,0,1,1,0,0,0,1,1,0,0,0,1,0,1,1,1,1,0,1,0,1,1,0,0,1,0,0
1,1,1,1,0,0,0,0,0,0,0,1,0,1,1,0,1,0,0,1,1,1,1,0,0,0,0,0,1,0,0,1,0,0
1,0,0,1,1,0,0,1,1,0,1,0,1,1,0,1,0,1,0,1,0,1,0,1,1,1,1,1,0,0,1,0,0,0
1,1,1,1,1,1,1,0,1,0,1,1,0,1,0,0,0,0,0,0,0,1,0,1,0,0,1,1,0,1,0,0,1,1
1,0,0,1,1,1,0,1,0,1,1,1,0,0,1,1,0,0,0,0,0,1,0,0,0,1,1,0,0,0,0,1,1,1
1,0,1,0,0,0,1,0,0,0,0,0,1,0,0,1,1,0,0,1,1,1,1,1,0,1,0,0,1,1,1,0,0,0
1,0,1,0,0,0,1,0,0,1,0,0,0,0,0,1,1,0,0,0,0,1,0,0,0,0,1,1,1,1,1,0,0,0
0,1,1,0,1,0,1,0,1,1,1,1,0,1,1,0,0,0,0,1,1,1,0,0,1,0,1,0,0,0,0,1,0,0
1,0,1,0,1,0,1,1,1,1,0,1,1,1,0,1,0,1,1,0,1,0,0,0,1,0,0,1,0,1,1,1,0,0
0,0,1,1,0,0,0,0,1,0,1,0,0,1,0,0,0,0,1,0,0,0,0,1,0,0,1,1,1,0,0,1,1,1
1,0,1,1,1,1,0,1,1,0,0,0,0,1,0,1,1,0,0,0,1,0,1,1,1,0,0,0,0,0,1,1,0,0
1,1,0,1,0,1,0,1,0,1,1,1,1,0,0,0,0,0,1,0,0,1,1,0,0,0,1,1,1,1,0,0,0,0
1,1,1,1,0,1,1,0,0,0,0,0,1,1,0,1,1,0,1,1,1,0,1,0,1,0,1,1,0,0,0,0,0,0
0,1,0,1,0,0,0,1,1,0,1,1,1,0,0,1,0,1,0,1,0,0,0,1,1,0,1,0,1,0,1,1,0,0
1,1,1,0,0,0,0,0,1,1,1,1,0,1,1,0,0,0,1,0,0,1,0,0,1,0,1,1,0,0,0,0,0,0
1,1,1,1,1,1,0,1,0,0,1,0,1,1,1,0,1,0,0,1,1,0,0,0,0,0,0,0,0,0,0,1,0,0
0,1,1,0,1,1,0,0,1,0,0,1,0,1,1,1,0,0,1,0,1,1,0,0,0,1,0,0,0,0,1,1,1,1
0,1,1,1,0,0,0,1,1,0,0,1,1,1,0,1,0,0,0,1,0,0,0,1,0,0,0,1,0,0,0,0,1,1
0,1,1,1,1,1,1,1,0,1,1,0,0,0,0,1,0,1,0,1,0,0,1,1,1,0,0,0,0,0,0,1,0,0
1,0,0,1,0,1,0,1,0,0,1,1,1,0,1,1,0,1,1,0,0,0,1,0,1,1,0,1,1,1,1,1,0,0
0,0,1,0,0,0,1,0,1,1,1,0,0,1,0,1,0,0,0,1,1,0,0,1,1,1,1,1,1,0,1,1,0,0
1,1,1,1,0,1,1,1,0,1,1,1,0,1,1,0,1,1,0,0,0,1,0,1,0,0,0,1,0,0,1,0,0,0
1,1,0,0,0,1,0,0,1,0,1,1,0,0,0,0,0,0,0,1,0,1,1,0,1,0,1,0,0,1,0,0,1,1
1,0,0,0,0,0,0,1,0,1,1,0,0,0,1,0,0,1,1,1,0,0,0,1,0,1,0,0,0,1,1,1,0,0
1,0,0,1,1,1,1,0,1,0,1,0,1,1,1,0,0,0,1,0,1,1,0,0,1,1,1,1,0,1,1,0,0,0
1,0,0,1,1,0,1,1,1,0,0,1,0,0,0,0,0,0,0,1,1,0,1,0,0,0,0,0,0,0,1,0,1,1
0,0,1,1,0,0,1,1,1,1,1,0,1,1,0,0,0,0,1,0,0,0,0,0,1,1,1,0,1,0,0,0,0,0
0,1,1,1,1,1,1,0,1,0,1,1,0,1,1,1,0,1,0,1,0,1,1,1,1,0,1,0,1,0,1,1,0,0
1,0,1,0,1,0,1,1,1,1,0,1,1,0,0,1,0,1,0,1,1,1,1,0,0,0,1,1,1,1,1,0,0,0
1,1,1,0,1,0,0,1,0,1,0,1,1,1,0,1,1,1,0,1,0,0,1,1,1,1,1,1,0,1,0,1,0,0
1,0,0,1,1,0,0,0,1,1,0,1,0,1,0,0,0,0,1,1,1,0,1,0,0,1,1,1,0,0,0,0,0,0
1,1,1,1,0,1,1,0,1,1,1,1,0,1,1,0,0,0,1,1,0,1,0,1,1,1,0,1,0,1,1,0,0,0
1,0,0,1,1,1,1,0,1,1,0,1,1,1,1,1,1,0,0,1,1,1,0,0,1,0,1,0,0,1,1,0,0,0
1,0,1,0,0,1,1,0,0,0,0,1,0,1,1,1,0,1,1,1,1,1,1,1,0,1,0,1,1,0,1,0,1,1
0,1,1,1,1,0,0,0,0,1,1,1,1,0,0,0,0,1,1,1,0,1,1,1,0,1,1,1,0,1,0,1,0,0
1,1,0,1,0,1,1,0,1,0,0,0,0,1,0,0,0,1,1,0,1,0,1,1,1,0,1,0,0,0,1,1,0,0
1,1,1,1,1,0,0,1,0,1,1,1,1,0,0,1,0,1,1,1,0,1,0,1,1,0,1,1,0,0,0,1,0,0
1,0,1,1,0,0,1,0,0,0,0,0,1,1,1,1,0,1,0,0,0,0,0,0,0,0,1,0,1,1,0,0,0,0
1,0,0,1,1,1,0,1,0,0,0,0,0,0,1,1,0,0,1,0,0,1,1,0,0,0,0,1,1,1,0,0,1,1
1,1,0,0,0,1,1,1,0,1,1,0,0,0,1,1,0,0,1,1,1,0,0,0,1,0,1,1,0,0,1,1,0,0
1,1,0,0,1,0,1,1,0,0,0,1,0,0,0,0,0,0,0,1,0,1,0,0,0,0,1,0,1,0,1,0,1,1
1,1,1,1,1,0,0,0,0,0,1,0,0,1,1,0,0,1,0,1,1,0,0,0,0,1,1,0,0,0,0,1,0,0
0,1,1,0,0,0,1,1,1,1,0,1,1,0,1,1,0,0,0,0,0,1,0,0,1,0,0,0,0,0,1,1,0,0
0,1,0,0,0,0,1,1,1,0,1,1,0,1,1,1,0,0,1,0,0,0,0,1,0,1,0,0,1,0,0,0,0,0
1,1,0,0,0,0,1,1,0,0,1,1,1,0,1,0,0,1,1,1,0,0,1,0,0,1,1,0,1,1,1,1,0,0
1,1,0,1,1,0,1,0,0,1,1,0,0,1,1,1,1,0,0,0,0,1,0,1,0,0,0,1,0,1,0,1,0,0
1,0,0,1,1,0,0,1,1,1,0,1,0,0,0,0,0,0,1,1,1,0,0,1,0,0,1,0,0,0,0,0,0,0
1,0,1,0,1,0,0,0,1,1,0,1,0,0,1,1,1,0,0,0,0,1,1,1,1,1,1,0,0,1,1,1,0,0
1,1,0,1,0,1,0,1,1,0,0,0,0,0,0,0,0,0,0,0,0,0,0,1,1,0,0,1,1,0,1,0,1,1
0,1,0,1,0,1,0,0,1,0,1,0,0,1,0,0,0,0,1,1,0,0,0,0,1,0,1,0,0,1,0,0,0,0
1,0,0,0,0,0,1,1,1,1,0,1,1,0,0,1,0,1,0,1,1,1,0,1,1,1,0,0,0,0,0,1,0,0
0,0,1,0,1,1,0,1,0,0,0,1,0,1,1,1,0,0,0,0,0,0,1,1,0,0,1,1,0,1,1,1,0,0
1,0,1,0,0,1,0,1,1,1,1,1,1,1,0,0,0,1,0,1,1,1,0,1,0,1,0,0,0,1,1,1,0,0
1,1,0,1,0,1,0,1,0,1,0,0,1,1,0,1,0,1,0,1,1,0,0,1,1,0,1,1,0,1,0,0,0,0
0,1,1,1,1,1,0,1,1,1,1,1,0,1,0,0,0,1,0,1,0,1,0,0,1,1,0,0,0,0,0,0,0,0
1,1,1,1,0,0,1,0,0,0,1,1,1,0,0,1,1,0,1,1,1,0,0,1,1,1,1,0,1,0,1,1,0,0
1,1,1,1,1,0,0,0,1,1,1,0,1,0,0,1,0,0,1,0,0,1,0,1,1,0,1,0,1,1,0,1,0,0
1,0,0,1,1,1,1,1,0,0,0,0,0,1,1,1,0,1,1,0,0,0,1,0,1,1,0,0,0,0,1,0,0,0
1,1,0,0,0,1,1,1,1,1,0,0,1,1,0,1,0,1,0,1,0,1,0,1,1,0,1,1,1,0,1,0,0,0
1,0,1,1,0,0,0,1,1,0,1,1,0,1,0,0,0,0,0,1,0,0,1,0,1,1,1,1,1,0,1,0,1,1
1,1,1,0,1,1,1,1,1,0,1,0,0,0,0,1,1,0,1,1,0,0,1,0,0,1,1,0,1,1,0,0,0,0
1,0,0,0,1,0,1,0,1,0,0,1,1,0,0,1,0,1,0,0,1,0,1,0,0,0,1,1,0,1,0,1,0,0
1,1,1,0,0,0,1,0,0,1,0,1,0,0,0,0,1,0,0,0,0,0,1,0,1,0,1,0,0,0,1,0,0,0
0,0,0,1,1,0,0,1,1,1,1,1,1,1,0,0,0,0,0,1,0,1,1,0,0,0,0,0,0,1,1,1,0,0
0,1,0,1,1,1,1,0,0,0,1,1,1,0,0,0,0,1,0,0,0,1,1,1,1,0,1,1,0,1,1,0,0,0
1,0,0,1,0,1,0,0,1,1,1,1,1,1,1,1,0,0,1,0,0,1,0,1,1,0,1,1,1,1,1,1,0,0
0,1,1,1,1,1,0,1,1,0,1,0,0,1,1,0,0,0,0,1,1,0,0,1,1,1,0,0,1,1,1,1,1,1
1,1,1,0,1,1,0,1,0,0,0,1,0,0,1,0,0,0,1,0,1,0,0,0,0,0,1,0,1,1,1,1,1,1
1,0,0,1,0,0,0,1,1,1,1,1,1,1,0,1,0,1,0,0,0,0,0,1,1,0,0,0,0,1,0,0,0,0
1,1,1,0,0,0,0,1,0,0,1,0,0,0,0,1,0,1,1,0,1,1,1,1,0,0,1,0,1,0,0,1,0,0
1,0,0,1,1,0,0,1,0,1,0,1,1,1,0,0,0,0,1,1,1,1,0,0,0,1,1,0,0,0,1,1,0,0
1,1,1,1,0,1,1,1,1,1,1,0,1,1,1,1,1,0,0,0,0,0,0,0,1,0,0,0,1,0,1,0,0,0
1,1,0,0,1,1,0,1,1,0,0,1,0,1,0,1,0,1,0,1,1,0,0,0,0,1,1,1,1,1,0,0,0,0
1,0,0,1,1,0,1,0,1,1,1,1,1,0,0,1,0,0,0,1,1,0,0,1,0,1,0,0,1,0,1,1,0,0
1,1,1,1,1,1,1,0,0,1,1,1,1,1,1,1,1,0,0,0,0,0,0,0,0,1,1,0,0,0,1,0,0,0
1,1,1,1,1,1,0,1,0,1,1,1,0,1,1,1,1,1,0,1,1,0,0,1,0,1,0,0,1,1,1,1,0,0
1,1,1,0,1,1,0,1,1,1,0,1,0,0,1,0,0,1,0,1,0,1,1,0,1,0,0,1,1,0,1,0,0,0
0,1,0,1,1,1,0,0,1,1,0,0,1,0,0,1,0,0,1,0,0,1,0,1,0,0,0,0,0,0,1,0,0,0
1,1,1,1,1,0,0,1,1,0,0,1,1,0,1,0,1,1,0,0,0,1,0,0,0,0,1,0,1,0,0,0,0,0
0,1,1,0,1,0,1,1,1,1,0,1,1,0,1,0,0,0,0,1,0,1,1,0,1,0,1,0,1,1,0,0,1,1
0,1,0,0,0,1,0,0,1,0,1,1,1,0,0,0,0,0,1,0,1,0,0,1,0,0,0,1,0,0,1,1,0,0
1,1,1,1,0,0,0,1,0,0,0,1,1,1,0,1,0,1,1,0,1,0,1,1,1,1,1,1,0,0,0,1,0,0
1,1,1,0,1,0,1,1,1,0,1,1,0,1,1,0,1,1,0,1,1,1,0,0,1,1,1,0,1,0,1,0,0,0
1,0,1,0,1,0,0,1,1,0,1,0,1,0,0,1,0,0,1,0,1,1,1,0,1,1,0,1,1,1,1,1,0,0
1,1,1,1,0,1,0,0,1,1,1,1,1,1,0,1,1,0,1,1,0,1,0,1,0,1,0,1,0,1,0,0,0,0
0,0,1,1,0,0,1,0,0,1,0,1,0,0,1,0,0,0,0,0,0,1,1,1,0,1,1,1,1,1,0,0,1,1
1,1,1,0,1,1,0,1,0,0,0,1,1,1,0,1,1,0,1,1,1,0,0,1,0,0,1,0,0,0,0,1,0,0
1,1,1,0,0,1,1,1,1,1,1,0,1,1,1,1,1,0,0,0,1,0,0,1,1,1,1,0,1,1,1,1,0,0
1,1,1,1,1,0,0,1,1,1,0,0,1,1,0,0,0,1,1,1,0,0,0,0,0,1,1,1,1,0,1,0,0,0
1,0,1,1,0,1,0,0,1,1,1,1,1,1,0,1,0,0,0,0,1,0,0,0,0,0,1,1,1,0,0,1,0,0
1,1,1,0,0,1,0,0,0,1,0,0,0,1,0,0,0,1,0,1,1,1,0,1,0,0,1,1,1,1,0,0,0,0
1,1,1,1,0,0,1,0,0,1,1,0,1,0,0,1,0,1,1,1,0,1,0,1,0,0,1,0,1,0,1,0,0,0
1,0,0,1,0,1,1,0,1,1,0,0,0,0,1,0,0,0,1,1,0,1,1,0,0,0,1,0,0,1,0,0,0,0
1,0,1,1,1,0,1,1,0,0,1,1,0,1,1,1,0,0,1,1,1,1,0,1,0,1,0,1,0,1,1,0,0,0
1,0,0,0,0,0,1,0,0,1,0,1,1,0,1,0,0,1,0,1,1,1,1,1,0,0,0,0,0,1,0,0,0,0
1,0,1,0,0,0,1,1,0,1,0,0,1,1,1,1,0,1,0,1,1,0,0,0,0,1,1,1,0,0,0,0,0,0
0,0,1,1,0,1,0,0,1,1,1,1,0,0,0,1,0,0,0,0,0,0,1,1,0,1,1,1,0,0,1,1,0,0
1,0,1,0,1,0,1,0,1,0,1,0,1,0,0,1,0,0,0,0,1,0,1,1,0,0,1,0,0,0,0,0,1,1
1,1,1,1,1,0,0,1,0,1,1,1,1,1,1,0,1,0,1,1,0,1,0,1,1,1,0,0,0,0,1,0,0,0
1,0,0,1,1,1,1,0,1,0,0,0,0,0,1,0,1,0,0,0,1,0,1,0,1,1,1,1,0,0,1,1,0,0
0,1,0,0,1,0,1,1,0,0,0,1,1,0,1,0,0,0,0,1,1,0,0,1,1,0,1,1,1,1,0,0,1,1
0,1,0,1,1,0,0,1,1,0,0,0,1,1,0,1,0,0,0,1,0,0,1,0,0,1,0,0,0,1,1,0,1,1
1,1,1,0,0,1,1,0,1,0,1,0,0,0,1,1,0,0,0,0,1,0,1,1,1,1,1,0,1,0,1,0,1,1
1,0,0,0,1,0,1,1,1,1,0,1,0,1,1,0,0,1,0,1,0,1,0,0,0,0,1,0,1,1,0,1,0,0
1,1,0,0,0,0,0,0,1,0,1,0,1,0,0,1,1,0,0,1,1,1,0,0,1,0,0,1,0,0,0,0,0,0
1,0,1,0,0,1,1,1,1,0,0,1,0,1,1,1,0,1,0,0,1,0,0,0,1,0,0,0,0,1,1,0,0,0
1,1,1,0,1,0,0,1,1,0,1,0,1,0,1,0,0,0,0,1,0,0,1,1,1,1,0,0,1,0,0,0,1,1
1,1,1,1,0,0,0,1,1,0,1,1,0,1,1,0,1,1,1,0,1,0,1,1,1,0,1,1,1,0,1,0,0,0
0,1,1,1,0,0,0,0,1,1,0,0,0,0,0,1,0,0,0,0,1,1,1,0,1,1,0,0,1,0,0,0,1,1
1,0,1,1,1,1,0,0,1,1,0,1,0,0,1,1,1,0,0,1,0,0,1,0,1,0,1,0,0,1,0,0,0,0
1,1,0,1,1,1,1,1,1,1,0,0,1,0,0,1,0,1,1,1,1,1,1,0,0,1,1,0,1,1,1,0,0,0
1,1,1,0,1,1,0,0,0,1,1,0,1,0,0,0,0,1,0,0,0,1,1,0,1,1,0,1,1,1,0,1,0,0
1,1,0,1,0,1,0,0,1,1,0,1,1,1,1,1,1,0,1,1,1,0,0,1,1,1,0,1,1,1,0,1,0,0
0,1,1,0,0,1,1,0,0,0,0,0,1,1,0,0,0,0,1,1,0,1,0,0,1,0,0,1,1,0,0,1,1,1
1,1,1,1,0,0,1,1,1,0,0,1,1,1,1,0,0,0,1,0,1,1,1,1,1,1,1,0,0,1,1,1,0,0
1,1,0,0,0,0,1,0,0,0,0,1,0,0,1,0,0,0,0,1,1,0,1,1,1,1,0,1,0,1,0,0,1,1
1,1,1,1,0,1,0,0,0,0,1,0,1,0,0,1,1,0,0,1,0,1,1,1,0,1,0,1,1,1,1,0,0,0
1,1,1,1,1,1,1,1,0,0,0,1,1,1,1,1,1,1,0,0,1,1,0,1,1,1,0,0,1,1,1,0,0,0
0,1,1,1,0,1,1,1,0,1,1,0,1,1,0,0,0,0,0,1,0,0,1,0,0,1,0,1,1,0,1,1,1,1
1,0,1,0,0,1,1,1,0,0,0,1,1,0,1,0,0,1,1,1,1,0,0,1,0,1,0,1,0,0,0,1,0,0
1,1,1,1,1,0,0,0,0,0,0,0,0,1,0,1,0,0,1,0,0,0,1,1,1,0,0,1,1,1,1,0,1,1
0,1,1,0,1,1,1,1,1,1,0,1,1,1,1,1,0,0,0,0,1,1,0,0,1,0,1,1,0,1,0,0,0,0
1,1,0,0,1,0,1,1,1,0,1,0,1,0,0,0,0,0,0,0,1,1,0,1,1,1,1,1,1,0,0,0,1,1
0,1,1,1,0,1,0,1,1,0,1,1,0,1,1,1,0,1,0,0,1,1,1,0,0,0,0,1,1,1,0,1,0,0
1,0,1,0,0,0,0,0,1,1,0,0,0,0,1,1,0,0,0,1,0,1,0,1,1,1,1,1,1,0,0,1,1,1
0,0,0,1,0,0,0,1,1,1,1,1,1,0,0,0,0,0,0,0,0,0,0,1,0,0,1,1,0,1,1,0,0,0
1,1,0,1,0,0,0,0,0,1,1,1,1,0,1,1,0,1,1,1,1,1,0,1,1,1,0,1,1,1,0,0,0,0
1,0,1,0,0,1,1,1,1,1,0,1,1,0,0,0,0,1,1,1,1,0,1,1,1,0,1,1,0,1,0,1,0,0
1,0,1,0,0,1,0,1,0,0,0,0,1,1,0,1,1,0,1,0,0,0,0,0,1,1,0,1,1,1,0,1,0,0
1,1,1,0,1,0,1,0,0,0,0,0,0,1,0,1,1,0,0,0,0,1,0,1,0,0,1,1,0,1,1,1,0,0
1,0,0,1,1,1,1,0,0,1,1,0,1,0,1,1,1,0,0,1,0,1,0,1,0,0,0,1,0,0,1,0,0,0
1,1,0,1,0,0,1,0,1,0,1,0,0,1,0,1,0,0,1,1,1,0,1,1,1,1,0,0,0,1,0,0,0,0
1,1,1,0,1,1,1,1,0,1,1,1,0,0,0,0,0,1,1,0,0,0,0,1,0,0,0,0,1,1,0,0,0,0
1,1,1,1,1,1,0,1,1,1,1,0,0,1,0,1,1,1,1,1,1,1,0,1,0,1,0,1,1,1,0,1,0,0
0,1,1,1,1,1,1,1,0,0,1,0,0,1,0,0,0,0,0,1,0,1,0,0,0,1,0,1,1,0,1,0,1,1
1,1,0,1,1,1,0,0,1,0,1,1,0,0,0,0,0,0,0,1,0,1,0,1,0,1,0,0,1,1,0,1,1,1
0,0,0,1,0,1,0,1,0,1,1,0,0,0,1,0,0,0,0,1,0,0,0,0,0,0,1,1,1,0,0,0,0,0
1,0,1,1,1,1,0,0,0,1,1,0,1,0,1,1,1,0,1,0,1,0,0,0,0,1,0,1,0,1,1,1,0,0
1,0,0,1,1,0,1,0,0,0,0,1,0,0,1,1,0,0,0,1,1,1,0,0,0,0,0,0,0,0,1,0,1,1
1,0,0,1,1,1,1,1,1,0,0,0,0,0,0,1,0,1,1,1,1,1,0,1,0,0,1,0,0,1,0,0,0,0
1,1,0,0,1,1,1,1,0,1,0,0,0,0,1,1,1,0,0,0,0,1,0,1,0,1,1,1,1,1,0,1,0,0
0,1,0,0,1,0,1,0,1,0,0,1,0,0,0,1,0,1,0,0,0,0,0,0,0,1,0,0,0,0,0,1,0,0
1,1,1,0,0,1,1,1,1,1,1,0,1,1,0,1,1,0,0,1,1,1,0,0,0,0,1,0,0,1,0,0,0,0
1,0,0,1,0,1,0,0,0,0,0,1,0,0,0,1,0,1,0,1,0,0,0,0,1,1,1,0,1,1,0,0,0,0
0,1,1,0,0,1,1,0,0,1,0,0,0,1,1,1,0,1,0,0,0,1,0,0,0,1,1,0,0,1,0,1,0,0
1,1,0,0,0,1,1,0,1,1,0,0,1,0,0,0,0,1,1,1,1,0,0,0,1,1,1,0,1,1,1,1,0,0
1,1,1,1,1,0,1,1,1,0,1,1,1,0,0,1,1,1,1,1,0,1,1,0,0,1,1,1,0,1,0,0,0,0
1,0,0,1,0,0,1,0,0,1,0,0,1,1,1,0,0,0,1,1,1,0,0,1,0,0,0,0,1,1,0,1,0,0
1,0,0,1,0,0,0,0,0,1,1,1,1,1,1,0,0,0,1,0,0,1,1,0,1,0,1,1,0,1,1,1,0,0
1,1,1,1,1,1,1,0,0,0,0,1,1,1,1,1,1,1,0,0,0,0,1,1,1,0,0,1,1,0,0,1,0,0
1,1,1,0,0,1,1,1,0,0,0,1,1,1,1,0,0,0,0,1,0,1,0,0,1,0,0,0,0,1,1,0,1,1
1,0,0,0,1,0,1,1,0,1,1,0,0,1,1,0,0,0,1,1,1,1,1,1,1,1,1,0,1,0,1,1,0,0
1,1,0,1,1,1,1,0,1,1,1,0,1,1,1,1,0,1,0,0,0,0,1,0,1,1,1,0,0,0,0,0,0,0
0,1,1,1,0,1,1,1,1,0,1,1,0,1,0,1,0,0,1,1,0,0,1,0,1,0,1,0,0,0,0,0,0,0
1,1,1,0,1,0,1,0,0,1,0,0,0,0,0,1,0,1,0,1,1,0,1,0,1,0,1,1,0,0,1,0,0,0
1,1,0,0,1,1,1,0,1,1,0,0,0,0,0,0,0,0,1,1,1,0,1,0,1,0,0,0,1,0,0,0,0,0
1,0,1,1,1,1,1,1,0,0,0,0,0,1,1,1,0,1,1,0,0,0,1,0,0,0,1,0,0,1,1,0,0,0
1,1,0,1,0,1,0,0,1,0,1,0,1,1,0,1,0,0,0,0,0,1,0,0,0,1,1,0,1,0,1,1,1,1
1,0,0,1,1,1,0,0,1,0,0,1,1,1,0,1,1,0,0,0,1,0,1,1,1,0,0,0,0,0,1,0,0,0
0,1,0,1,0,1,1,1,0,1,1,1,1,0,0,0,0,0,1,1,0,0,1,1,0,0,0,1,1,0,1,1,0,0
1,1,1,0,0,1,1,1,1,0,0,0,1,1,1,1,1,0,1,0,0,0,1,1,0,1,0,1,1,0,0,0,1,1
1,1,0,1,0,0,1,1,0,0,1,1,0,1,1,0,1,0,0,0,0,0,0,1,0,0,1,0,0,1,1,0,0,0
1,1,0,1,1,1,0,1,1,1,1,1,0,0,0,1,1,0,1,1,0,0,0,0,1,1,0,1,1,1,0,1,0,0
1,1,1,1,0,0,1,0,0,1,0,0,1,1,1,1,1,0,0,1,0,1,1,0,0,0,1,0,0,1,0,1,0,0
1,1,1,0,1,0,0,0,0,1,1,0,0,0,0,0,1,0,0,0,1,1,1,1,1,0,0,1,0,0,1,1,0,0
1,0,0,0,0,1,1,1,0,1,0,1,1,1,1,0,0,1,1,1,1,1,0,0,1,0,0,0,0,0,0,1,0,0
0,0,0,1,1,1,1,0,0,1,0,1,0,1,1,0,0,0,0,1,0,0,0,0,0,0,1,1,0,0,0,0,0,0
1,1,1,1,0,0,0,1,0,1,0,0,1,1,0,1,0,0,1,0,1,0,1,1,1,1,0,1,0,0,0,1,1,1
1,1,0,0,1,0,0,1,1,0,0,1,0,0,0,0,1,1,0,0,0,0,0,0,1,0,1,1,0,0,1,1,0,0
1,1,0,1,0,1,1,1,0,1,1,1,1,1,0,1,1,0,0,0,1,1,0,1,0,1,0,1,1,1,0,0,0,0
1,1,1,1,0,0,0,0,0,0,0,1,1,0,1,0,1,1,0,0,1,1,0,1,1,1,1,1,0,1,0,1,0,0
1,1,1,0,1,1,0,0,1,1,1,0,0,1,1,1,1,1,1,0,0,0,1,1,0,0,1,1,1,0,1,0,0,0
0,0,1,1,1,0,1,0,0,1,0,0,0,1,0,1,0,0,0,1,1,0,0,1,0,0,1,1,1,1,0,1,1,1
1,1,0,0,0,0,0,1,0,1,0,1,1,1,0,0,0,1,0,1,0,0,1,1,1,1,1,1,1,1,0,1,0,0
1,0,1,1,1,0,0,0,1,0,0,0,0,0,0,0,0,0,0,1,1,1,1,1,1,1,0,0,1,1,1,0,1,1
1,1,1,0,1,1,0,1,0,0,0,0,1,0,1,0,0,0,0,1,1,1,1,0,1,1,0,1,1,1,0,0,1,1
0,1,0,0,1,1,0,0,1,1,0,0,1,1,1,1,0,0,1,0,1,0,0,1,1,0,0,1,1,1,1,0,0,0
1,0,1,1,0,1,0,1,1,0,0,1,1,0,0,0,0,1,1,1,0,1,0,1,0,1,1,1,0,0,0,0,0,0
1,0,0,0,1,1,0,1,0,1,0,0,1,0,1,0,0,1,1,0,0,0,1,1,0,0,1,0,1,1,1,0,0,0
1,0,1,0,0,0,0,0,0,1,0,1,1,1,1,0,1,0,0,0,0,1,0,0,1,0,0,1,0,0,0,1,0,0
0,1,0,0,1,1,1,1,1,1,1,1,1,1,0,0,0,0,1,1,0,0,1,0,0,1,0,0,0,0,0,0,0,0
0,1,0,0,0,1,1,1,0,0,0,0,1,1,0,0,0,0,1,1,1,0,1,0,1,0,0,1,0,1,1,1,0,0
1,0,0,1,1,0,1,0,0,1,1,0,1,0,0,1,0,1,0,0,0,1,1,0,0,1,1,1,0,1,0,1,0,0
1,0,1,0,1,0,0,1,0,0,0,1,0,1,0,1,0,1,1,1,1,0,0,1,1,0,0,1,0,0,0,1,0,0
1,0,1,1,0,0,1,0,1,0,1,0,0,1,1,0,1,0,0,0,1,0,1,1,0,1,1,1,0,0,0,1,0,0
0,0,1,0,1,1,1,0,1,1,0,0,0,0,0,1,0,0,0,1,0,0,1,1,1,1,1,1,0,0,0,0,0,0
1,0,1,1,0,1,1,0,0,0,0,0,1,1,0,0,0,0,0,1,0,1,0,1,0,1,0,0,0,1,0,0,1,1
1,0,1,1,1,1,1,0,0,1,0,1,0,0,1,0,0,1,1,1,1,0,1,1,0,1,0,0,0,1,0,1,0,0
0,1,0,1,1,0,1,0,1,0,1,0,0,0,0,0,0,0,0,0,0,1,0,0,1,0,1,1,1,1,1,1,1,1
1,0,0,1,1,0,0,1,0,0,1,0,0,0,0,0,0,0,0,0,0,1,1,1,0,0,1,0,1,0,0,1,1,1
0,0,1,1,1,0,0,1,1,1,0,1,1,0,0,0,0,0,0,0,1,1,0,1,0,0,0,0,0,0,0,1,1,1
1,0,0,0,1,0,1,0,0,1,0,1,0,1,1,1,0,1,1,0,1,0,0,1,1,1,1,1,0,0,0,1,0,0
0,1,1,1,1,0,0,0,0,0,0,1,0,0,0,1,0,1,0,0,1,1,0,1,0,0,0,0,1,0,0,0,0,0
0,1,0,0,1,1,0,1,0,1,1,1,1,0,1,0,0,0,0,0,1,1,0,1,0,0,0,1,1,1,1,1,0,0
1,0,0,0,1,1,1,0,0,1,0,1,1,1,1,0,0,0,1,0,0,0,1,1,0,1,0,1,0,0,1,1,0,0
1,1,0,0,0,0,0,0,1,0,0,1,1,1,1,1,1,0,1,0,0,0,0,0,1,0,0,0,1,0,0,0,0,0
0,1,1,1,1,0,0,1,0,0,0,0,0,1,1,1,0,1,1,1,0,1,0,0,0,0,0,0,0,0,1,0,0,0
1,0,1,1,0,0,1,0,1,1,0,0,0,0,1,1,0,0,0,0,1,1,1,0,1,1,0,1,1,1,1,0,1,1
1,1,1,1,1,0,1,1,0,1,0,1,0,0,1,0,1,1,1,0,0,0,0,1,1,1,1,0,1,0,1,1,0,0
1,1,1,1,0,0,0,0,0,0,1,1,1,0,1,0,0,0,1,0,0,1,0,0,1,1,1,1,1,0,1,0,0,0
1,1,0,1,1,0,0,1,0,1,1,1,0,0,0,1,0,1,0,1,0,0,0,0,0,1,1,1,1,0,0,1,0,0
1,1,1,0,0,0,1,1,1,0,1,0,1,0,1,1,0,1,0,1,1,1,0,1,0,0,0,1,1,1,0,1,0,0
0,1,0,0,1,1,1,1,1,1,1,0,0,0,1,1,0,0,1,1,0,1,1,1,1,1,0,1,0,1,1,1,0,0
1,1,1,0,1,1,1,1,0,1,1,1,1,0,0,0,0,0,1,1,0,1,1,0,1,1,0,0,1,1,1,0,0,0
1,1,0,0,1,1,1,1,1,0,0,1,0,1,1,0,0,1,0,0,0,1,1,0,1,1,1,0,1,0,1,1,0,0
1,1,1,0,1,1,1,1,1,0,1,1,1,0,1,1,1,1,0,1,1,1,0,1,1,1,0,0,0,1,1,1,0,0
0,0,1,0,1,1,1,0,0,1,1,1,1,1,1,0,0,0,0,0,0,0,1,1,0,1,1,0,0,0,1,0,0,0
1,1,1,0,0,1,0,1,1,1,0,0,0,1,0,0,0,1,0,0,0,1,0,1,0,0,1,1,1,1,1,1,0,0
1,0,0,0,0,0,0,0,1,1,1,0,0,1,1,1,0,1,0,1,1,0,0,0,0,1,0,0,1,0,1,1,0,0
1,1,1,1,0,0,0,1,0,0,1,1,0,1,0,0,1,1,1,0,0,1,1,1,0,0,0,1,0,1,1,1,0,0
1,1,1,1,0,0,1,0,0,1,1,1,0,1,1,1,1,1,1,0,0,0,0,1,0,1,0,0,1,0,1,0,0,0
1,0,1,1,0,1,1,0,1,1,1,1,0,0,1,1,0,1,1,1,1,1,1,1,0,1,0,1,1,0,1,1,0,0
0,1,1,0,1,1,0,1,0,1,1,1,1,0,0,0,0,0,1,1,1,1,1,1,1,0,1,1,1,0,0,0,0,0
1,1,1,1,0,1,0,0,0,1,0,0,0,0,1,0,0,0,1,0,0,0,0,0,0,1,1,0,0,0,0,0,1,1
1,1,1,0,1,1,0,1,0,0,0,1,0,0,0,1,0,1,0,1,1,1,1,0,0,1,0,0,0,1,1,1,0,0
1,1,1,1,0,0,0,0,1,1,0,0,0,0,1,0,0,0,0,0,1,1,0,1,0,0,0,1,1,1,0,0,1,1
1,0,1,1,0,1,1,0,1,1,0,0,0,1,1,0,0,1,1,0,1,1,0,1,0,0,1,1,1,1,1,1,0,0
0,1,0,1,1,0,1,0,0,1,0,1,0,0,0,0,0,0,1,0,1,1,0,0,0,0,0,1,0,0,1,0,1,1
0,0,1,1,1,1,1,0,0,1,0,0,0,0,0,1,0,0,1,0,0,1,0,0,0,0,1,0,1,1,0,1,1,1
1,1,1,0,0,0,1,1,1,1,1,0,0,0,1,1,1,0,0,1,0,0,0,0,1,0,0,1,0,0,1,1,0,0
1,1,0,0,1,1,1,0,0,0,1,0,0,0,0,1,1,0,0,0,0,1,1,1,0,1,1,0,0,1,1,1,0,0
1,0,1,0,1,1,1,0,1,1,1,1,0,0,1,1,1,0,0,1,1,0,1,1,1,0,1,1,0,1,0,0,0,0
1,0,1,0,1,1,1,1,0,1,0,1,0,0,0,0,1,0,0,1,1,1,1,0,1,0,1,1,0,0,0,0,0,0
0,1,1,0,1,0,1,0,1,1,0,0,1,0,1,0,0,0,0,1,1,0,1,0,1,0,0,1,1,0,0,0,1,1
1,1,1,0,1,1,1,1,0,0,0,1,1,1,1,0,0,0,1,0,0,1,0,0,1,0,0,0,1,0,0,0,0,0
1,0,1,1,0,0,1,1,0,0,0,1,0,1,1,1,0,1,1,0,0,1,1,1,1,1,0,1,1,1,0,0,0,0
1,1,0,0,0,1,1,0,1,0,0,0,1,0,0,1,0,1,1,0,0,1,1,1,1,0,0,0,0,1,0,1,0,0
0,1,1,0,1,0,1,1,0,0,0,0,0,1,0,1,0,1,1,0,0,0,1,1,1,1,0,1,1,1,1,1,0,0
1,0,0,1,0,0,1,1,0,0,0,1,1,1,1,1,0,1,0,1,0,0,1,0,1,0,1,0,0,1,0,1,0,0
1,0,0,0,0,0,0,1,1,0,1,0,1,1,1,1,0,0,1,0,0,1,0,0,0,1,0,0,1,1,0,1,0,0
1,1,0,0,1,1,1,0,0,0,1,1,0,0,1,0,0,0,0,0,1,0,0,0,0,1,1,0,0,0,1,1,1,1
1,1,1,1,1,1,1,1,1,1,0,0,0,1,0,1,0,1,0,1,1,1,0,1,0,0,1,1,1,1,0,0,0,0
0,0,1,1,1,0,1,0,1,1,1,0,1,0,0,0,0,0,0,1,1,0,1,0,0,1,1,1,1,1,0,1,1,1
0,0,1,0,1,1,0,0,0,0,1,0,1,1,1,1,0,0,0,1,1,0,1,1,1,1,0,1,1,1,1,1,0,0
1,1,0,0,1,0,0,1,0,1,1,1,0,1,0,1,0,0,1,1,0,1,1,1,0,1,0,1,0,1,1,0,0,0
1,1,1,1,1,0,1,0,1,1,1,1,0,0,1,0,1,1,0,0,0,0,1,1,1,0,0,0,0,0,1,0,0,0
1,1,1,1,0,0,1,1,1,1,1,1,1,0,1,1,0,1,1,0,1,0,1,1,0,1,1,1,1,0,1,0,0,0
1,0,1,1,1,0,1,0,1,0,1,1,0,0,1,0,0,1,1,0,1,0,0,1,0,1,0,0,0,0,0,1,0,0
1,1,0,0,0,1,0,1,0,0,1,1,1,1,1,1,0,0,0,1,0,0,1,0,0,0,0,0,1,0,0,0,0,0
1,0,0,1,1,1,0,1,1,0,0,1,1,1,1,0,1,0,0,0,1,0,1,1,1,1,0,1,1,1,1,0,0,0
0,0,1,0,0,1,1,0,1,0,0,1,0,0,1,0,0,0,0,1,0,0,0,1,0,1,0,0,0,1,1,0,0,0
1,1,0,0,0,1,1,0,0,1,0,0,0,1,1,1,0,1,1,0,1,0,1,0,0,1,0,0,0,1,1,0,0,0
0,1,1,1,1,1,0,1,1,1,1,1,0,1,1,1,0,0,0,1,1,1,1,1,0,1,1,0,0,1,0,1,0,0
1,0,0,1,1,0,0,0,0,0,0,0,1,0,0,1,1,0,0,1,0,0,0,1,0,1,1,0,0,1,1,0,0,0
1,1,1,1,1,1,1,1,0,1,1,0,1,1,1,0,0,1,0,0,0,1,1,0,1,1,1,0,1,1,0,1,0,0
1,1,1,0,1,1,0,0,1,1,0,1,1,1,1,1,0,0,0,1,1,1,0,0,0,0,0,0,1,1,1,1,0,0
0,0,1,1,1,0,1,0,0,1,0,0,0,1,1,0,0,0,1,0,0,0,1,0,1,1,0,1,1,1,0,1,1,1
1,1,0,0,0,1,0,0,1,0,1,0,1,1,0,0,0,0,0,0,0,1,0,1,0,1,1,0,0,1,0,0,1,1
1,1,0,1,1,0,0,1,0,0,1,0,1,0,1,1,0,1,0,1,0,0,1,0,0,0,0,1,1,0,0,0,0,0
1,1,1,0,1,0,0,1,0,0,0,1,0,1,1,1,0,0,1,1,0,0,0,1,0,1,0,1,1,0,0,1,1,1
0,1,0,0,1,0,0,0,0,1,0,1,0,1,0,1,0,0,1,1,1,1,1,1,0,0,0,0,1,0,1,1,0,0
1,1,1,1,0,0,1,0,0,1,0,1,0,0,0,1,1,0,1,1,1,0,1,0,0,0,0,0,1,0,0,0,0,0
0,1,1,1,0,1,0,1,1,0,0,0,1,1,0,1,0,0,0,0,1,1,1,1,1,0,0,0,1,0,1,1,1,1
1,0,0,1,1,1,1,1,0,1,0,0,0,1,1,0,0,1,1,0,0,0,1,0,1,0,1,0,1,1,0,1,0,0
0,1,0,1,0,1,0,0,0,1,1,1,0,1,1,1,0,0,1,0,1,1,0,0,1,1,0,1,0,0,0,1,0,0
1,1,1,1,1,1,0,0,0,1,1,0,1,0,0,1,0,1,1,0,1,0,0,0,0,1,1,1,0,0,0,0,0,0
1,1,1,0,0,1,0,0,1,1,1,0,1,1,0,1,0,0,0,1,1,0,1,0,1,0,0,0,1,0,1,0,0,0
1,0,1,0,1,1,0,1,1,1,1,0,0,1,1,0,0,1,0,0,1,0,0,0,0,1,1,1,1,0,0,0,0,0
1,1,1,1,1,1,0,0,1,0,1,1,0,0,1,1,0,1,1,1,0,0,0,1,0,0,1,0,0,1,1,1,0,0
1,0,1,1,1,1,1,1,1,0,0,1,1,0,0,1,0,0,1,0,1,0,0,1,1,0,0,1,0,1,1,1,1,1
1,1,0,1,1,0,1,0,1,1,1,1,0,0,1,0,0,0,0,1,1,1,0,0,0,1,0,0,0,1,0,0,0,0
0,1,1,0,1,1,0,1,1,0,0,0,0,1,1,1,0,1,0,0,0,0,1,1,1,1,1,1,0,0,0,0,0,0
1,0,1,1,0,1,0,1,1,0,1,0,1,0,1,0,0,0,1,1,1,0,1,1,0,1,0,1,1,0,0,1,0,0
1,1,1,0,1,0,1,0,0,0,0,1,1,0,0,1,1,0,1,0,0,0,0,0,0,0,0,0,0,0,0,1,0,0
1,0,1,0,0,1,1,1,0,1,1,0,1,0,1,0,0,1,0,0,1,0,1,1,0,0,1,1,1,0,1,1,0,0
0,1,1,0,1,0,0,1,0,1,1,1,1,0,0,0,0,1,0,1,0,0,0,0,0,1,0,0,0,0,0,0,0,0
1,1,1,0,0,1,0,1,1,0,1,1,0,0,0,0,0,0,0,0,0,1,1,1,0,0,1,0,1,0,1,0,1,1
0,1,0,0,0,0,1,0,0,0,0,1,1,0,1,0,0,0,0,1,1,0,1,0,0,1,0,0,1,0,1,1,0,0
0,1,1,0,1,0,0,1,1,0,0,0,0,1,0,0,0,0,1,1,0,0,1,1,1,1,1,1,1,1,0,0,1,1
1,1,0,1,1,0,0,0,0,0,1,0,1,0,1,1,0,0,0,0,0,1,0,1,0,0,0,1,0,1,1,0,1,1
1,0,1,0,0,0,1,1,0,0,1,0,0,0,1,1,0,1,0,1,0,1,1,0,1,0,0,0,1,1,1,1,0,0
1,1,1,0,1,0,0,1,0,0,0,0,1,0,1,1,0,1,0,1,1,0,1,1,1,0,1,0,1,1,0,0,0,0
1,0,1,1,0,0,0,0,1,0,1,1,1,1,1,0,0,1,0,0,1,0,1,1,1,1,0,1,0,1,1,1,0,0
0,1,1,0,1,0,1,1,0,1,0,0,1,1,1,1,0,0,1,1,1,0,1,1,1,0,0,1,0,1,1,0,0,0
1,1,1,1,0,0,0,1,1,1,0,0,0,1,0,1,0,0,0,0,0,1,0,1,0,1,1,0,0,1,0,0,1,1
0,1,0,1,1,0,0,0,0,0,1,0,0,0,0,1,0,0,0,0,1,1,0,0,0,1,0,1,1,0,0,0,1,1
1,0,0,0,1,0,1,1,0,0,0,0,0,1,1,1,0,1,0,0,0,1,1,0,0,0,1,0,0,1,1,1,0,0
1,1,0,0,0,0,0,0,1,1,1,1,1,1,0,1,1,0,0,1,0,0,1,0,0,1,0,0,1,0,0,0,0,0
1,1,1,1,1,0,1,0,1,1,0,1,0,0,0,0,1,0,1,0,0,0,1,1,1,1,0,1,0,0,1,0,0,0
1,1,1,0,1,0,0,0,1,0,0,1,0,0,1,1,0,1,1,0,0,0,1,1,1,1,1,0,0,0,1,1,0,0
1,1,0,0,0,1,0,0,0,0,0,0,0,1,0,1,1,0,1,0,1,1,0,0,0,1,1,1,0,1,0,1,0,0
0,0,1,1,1,0,0,1,0,0,0,1,1,1,0,0,0,0,1,0,1,0,1,0,1,0,1,0,0,0,1,0,1,1
1,1,0,0,1,0,0,0,0,0,1,0,0,1,1,1,0,0,0,1,1,0,0,0,0,1,0,1,0,1,1,1,1,1
0,0,1,0,0,1,1,1,0,0,0,1,1,0,1,0,0,0,0,0,0,0,0,1,0,1,0,0,0,1,0,0,0,0
1,1,0,1,1,0,0,0,1,0,1,0,1,1,1,1,0,0,0,0,1,1,1,0,0,0,1,0,1,0,1,1,0,0
0,1,0,0,0,1,1,0,1,0,0,0,0,0,0,0,0,0,0,0,0,0,1,1,1,0,1,1,0,1,0,1,1,1
1,1,0,0,0,0,1,0,0,1,1,1,0,1,1,1,0,0,1,0,1,1,0,0,1,1,1,1,1,1,1,1,0,0
0,1,1,0,0,0,0,1,1,1,0,0,1,0,1,0,0,0,0,0,0,0,0,1,1,1,1,0,1,0,0,0,1,1
0,1,1,0,0,1,0,1,0,1,0,0,0,0,1,1,0,0,1,0,0,1,1,0,0,0,0,0,1,1,0,1,1,1
1,0,1,0,0,0,1,0,0,1,1,1,1,1,0,0,0,0,0,0,0,0,1,0,0,0,1,0,1,1,0,0,0,0
1,0,1,0,0,0,1,0,1,0,0,1,1,0,1,1,0,0,1,1,1,1,1,1,1,0,0,1,1,0,0,1,0,0
0,0,0,1,0,1,0,0,0,1,0,0,1,1,1,0,0,0,0,1,0,0,1,1,0,0,1,0,0,0,0,0,0,0
1,1,0,0,0,0,0,1,1,1,1,1,0,1,1,0,0,0,0,1,1,0,1,0,1,0,0,0,1,1,0,1,0,0
1,0,0,1,1,0,0,0,1,1,1,1,0,1,0,0,0,1,0,1,0,1,0,1,1,0,0,0,0,1,0,0,0,0
0,0,1,0,0,0,0,0,0,0,1,0,1,1,0,1,0,0,0,1,0,1,1,1,0,0,1,0,0,0,0,0,0,0
1,1,0,0,1,1,0,0,1,0,0,1,0,1,1,1,0,1,1,0,1,0,0,0,0,1,0,1,0,0,1,0,0,0
1,0,1,0,1,0,1,1,0,1,1,0,1,0,1,0,0,0,0,0,0,1,0,0,1,0,0,0,1,0,1,0,1,1
1,1,1,1,1,1,0,1,0,0,0,1,0,0,1,0,1,1,0,1,1,0,1,0,1,1,0,0,1,0,0,0,0,0
1,0,1,1,0,0,1,0,1,0,0,0,1,1,1,1,0,0,0,0,1,0,0,0,0,1,1,1,1,1,1,0,1,1
1,1,1,0,0,0,1,1,0,0,1,1,0,1,1,1,0,1,1,1,0,0,1,0,1,0,0,1,1,1,1,1,0,0
1,0,0,0,0,1,1,0,0,0,1,1,0,1,1,0,0,1,1,1,0,0,0,0,0,1,1,1,1,1,1,1,0,0
1,1,1,1,1,1,1,0,1,1,0,0,0,1,1,1,0,1,1,0,0,0,0,1,0,1,0,0,1,1,1,1,0,0
1,1,1,1,0,1,1,0,0,1,1,0,0,1,1,0,0,1,0,1,0,0,1,0,0,0,0,1,0,0,0,1,0,0
1,0,1,0,1,1,0,0,1,0,1,0,1,0,1,1,1,0,1,0,0,1,1,1,1,1,1,1,0,1,1,0,0,0
1,0,1,1,0,0,1,1,0,0,0,1,0,1,1,0,0,0,0,1,0,1,0,0,0,0,1,1,0,0,0,0,1,1
1,1,1,0,0,0,1,0,1,1,0,0,1,0,1,1,0,1,0,1,1,0,1,0,0,1,1,1,1,0,0,0,0,0
0,1,0,1,1,1,0,0,1,1,1,1,0,1,0,1,0,0,1,1,1,1,0,1,0,1,0,1,1,1,0,1,0,0
1,0,1,1,1,0,0,1,1,1,1,0,0,0,1,0,0,1,1,1,0,0,0,0,1,1,0,1,0,0,1,0,0,0
1,1,1,0,1,1,0,1,0,0,0,0,0,0,1,0,1,1,0,0,0,1,1,1,0,1,0,0,0,1,1,1,0,0
1,1,1,1,1,1,1,0,1,1,0,0,1,0,1,1,1,1,1,0,1,1,1,1,0,1,1,0,1,0,1,1,0,0
1,0,0,1,1,0,1,0,0,1,0,0,0,1,1,0,0,1,0,1,0,0,0,1,0,1,1,1,0,0,0,0,0,0
0,0,1,1,0,0,0,0,0,0,1,0,0,0,1,0,0,0,0,1,1,0,0,1,0,1,1,1,0,0,0,0,0,0
1,1,0,0,1,0,0,0,0,1,1,1,1,0,1,0,1,0,1,0,1,0,0,1,0,1,0,1,0,1,1,0,0,0
1,0,0,0,1,1,1,0,1,0,1,0,0,0,0,0,0,1,1,1,0,1,1,0,1,1,0,1,0,0,1,1,0,0
0,1,1,1,1,0,1,1,1,1,0,1,1,1,0,0,0,1,0,0,0,0,1,0,1,0,1,1,0,0,0,0,0,0
1,0,1,0,0,1,1,1,1,0,1,0,0,1,0,0,0,1,0,0,0,1,0,0,1,0,0,1,1,1,0,0,0,0
1,1,0,0,1,0,0,0,1,0,1,1,0,1,0,0,0,1,0,1,0,0,1,1,0,1,0,0,0,0,0,0,0,0
1,1,0,1,0,1,0,0,0,0,0,0,1,1,1,1,1,1,0,0,0,1,0,0,0,0,0,1,0,0,1,1,0,0
0,1,1,1,1,1,1,0,0,0,1,1,1,0,1,0,0,0,1,1,0,1,1,1,0,1,0,1,1,0,0,0,0,0
1,0,1,1,0,0,0,0,1,1,1,0,0,0,0,1,0,1,0,0,0,0,0,0,1,0,0,0,1,0,0,0,0,0
1,1,1,0,1,1,1,1,1,0,0,0,0,0,1,0,0,1,0,1,0,0,0,1,1,0,1,1,0,0,1,1,0,0
1,1,1,1,1,1,0,1,1,1,1,0,1,0,0,0,1,0,0,1,0,0,0,1,0,1,1,0,0,1,1,1,0,0
1,0,0,0,0,1,1,1,0,0,1,1,1,1,0,1,0,0,1,1,0,1,1,1,0,1,0,0,1,0,0,0,0,0
1,1,1,0,0,0,1,0,1,0,1,1,1,0,1,1,1,1,0,1,1,1,0,0,0,1,0,0,1,0,0,1,0,0
1,0,0,0,0,1,0,0,1,1,1,1,1,0,1,0,0,1,1,0,1,1,1,0,1,1,0,0,0,0,0,1,0,0
1,1,1,1,1,1,1,0,1,1,1,1,1,1,1,1,1,1,0,0,0,0,0,1,1,0,1,1,1,1,1,0,0,0
0,0,1,1,1,0,0,1,0,1,1,0,0,1,0,0,0,0,0,1,1,1,1,1,1,0,0,0,1,1,1,0,1,1
1,0,0,0,0,0,0,1,0,0,1,0,0,0,1,1,0,0,0,0,0,0,1,1,0,0,0,1,0,1,1,0,1,1
1,0,1,0,0,0,0,1,0,1,1,0,1,1,1,1,1,0,0,1,0,0,1,0,1,0,0,1,1,0,1,0,0,0
1,1,1,1,1,1,1,1,1,0,1,0,0,0,0,1,1,0,1,0,1,0,1,0,0,0,0,1,1,0,1,1,0,0
1,0,1,1,1,1,0,1,1,1,1,1,0,1,1,0,0,1,1,1,1,1,0,1,1,0,1,0,0,0,0,0,0,0
1,0,1,1,1,0,1,0,1,1,1,1,1,0,1,1,0,0,1,1,0,1,1,1,1,1,0,1,0,1,1,0,0,0
1,0,0,1,1,1,0,1,1,1,1,1,0,0,1,1,0,0,0,1,0,1,0,1,1,1,0,0,1,1,1,1,0,0
1,1,1,0,0,0,0,1,1,0,1,1,1,1,0,0,0,0,1,0,1,1,0,0,1,1,1,1,1,1,0,0,0,0
1,1,1,1,0,1,1,0,0,0,0,1,0,1,1,0,1,1,0,1,0,1,1,0,1,0,0,1,0,1,1,1,0,0
1,0,1,1,0,0,0,0,0,0,1,1,0,0,1,1,0,1,0,1,0,0,0,0,0,0,0,1,0,1,1,1,0,0
1,0,1,1,0,0,1,0,0,0,1,1,1,1,0,0,0,0,1,1,1,0,0,1,1,1,1,1,1,0,0,1,0,0
0,1,1,0,1,0,0,1,1,0,1,1,0,0,0,0,0,0,1,1,0,0,0,1,0,1,1,0,0,1,0,1,0,0
1,1,1,0,1,1,1,0,0,0,1,1,0,0,1,1,0,1,0,1,0,0,0,0,1,0,0,0,0,1,1,0,0,0
1,1,0,0,0,0,0,0,1,1,1,0,1,0,1,0,1,0,1,0,1,1,1,1,0,0,1,0,1,1,1,1,0,0
1,0,1,1,0,1,1,1,1,1,1,1,1,1,0,0,1,0,0,1,0,0,0,0,0,1,0,1,0,1,0,0,0,0
1,1,1,0,1,1,1,1,1,1,0,1,0,0,0,1,1,0,0,0,0,1,1,0,1,1,1,1,1,0,1,0,0,0
1,1,0,0,1,0,0,0,0,0,1,0,0,1,0,0,0,0,0,0,0,0,1,1,1,0,1,1,1,0,0,0,1,1
1,1,1,1,0,1,0,1,0,1,0,0,0,1,0,0,1,0,1,1,0,0,0,0,1,0,1,0,0,1,0,0,0,0
1,0,0,1,1,0,0,1,1,1,1,1,1,0,0,1,0,0,0,1,1,1,1,1,0,1,0,0,0,1,1,0,0,0
0,1,1,1,0,0,0,1,1,1,1,0,0,0,0,1,0,0,1,0,1,0,1,1,1,1,1,0,1,0,0,1,0,0
1,1,0,0,1,1,0,0,1,1,1,0,0,0,1,1,0,0,1,1,0,1,1,1,1,1,0,0,0,1,0,0,0,0
0,1,1,0,0,1,0,0,0,0,1,0,1,0,0,1,0,0,0,1,1,1,0,0,0,1,1,1,1,1,1,0,1,1
1,0,0,1,1,0,1,1,0,0,0,1,0,0,1,0,0,1,1,0,0,1,0,0,0,0,0,0,0,1,0,0,0,0
0,1,0,1,0,1,1,1,1,0,0,1,0,1,1,0,0,1,0,0,1,1,0,0,0,1,0,0,1,0,1,1,0,0
1,1,1,0,1,0,1,1,0,1,1,0,0,1,1,1,0,1,1,0,0,0,0,1,0,1,1,1,1,0,1,0,0,0
0,1,1,1,1,0,0,1,1,0,0,0,0,0,0,1,0,1,1,0,1,1,0,0,1,1,1,0,0,0,0,0,0,0
1,1,0,1,0,0,1,1,1,0,1,0,1,1,1,1,0,1,0,1,0,0,0,1,1,0,1,0,1,1,1,1,0,0
1,1,0,1,1,1,1,1,1,1,0,1,1,0,1,1,0,1,1,1,1,1,1,0,1,0,1,0,1,0,0,0,0,0
1,1,1,0,0,1,0,1,1,0,0,0,0,0,1,0,0,1,1,1,1,0,1,1,1,0,1,1,0,0,1,0,0,0
1,1,0,0,0,1,1,0,1,1,0,1,0,1,0,0,0,0,1,0,1,1,0,0,0,1,0,0,1,0,0,0,0,0
1,0,1,1,0,0,1,0,1,1,0,0,0,0,0,0,0,0,0,1,0,0,1,1,0,1,1,0,0,0,0,0,1,1
0,1,1,1,1,1,1,0,0,0,0,0,0,0,0,1,0,1,0,0,0,0,0,0,0,1,1,1,0,1,0,1,0,0
1,0,1,1,0,0,0,1,1,0,1,0,0,1,0,0,0,0,1,1,1,0,1,1,0,0,0,1,0,1,0,0,0,0
1,0,0,1,0,0,1,1,0,1,1,0,1,1,1,1,1,0,0,1,0,0,1,0,1,0,1,1,1,1,0,1,0,0
1,1,0,1,0,0,1,0,0,0,1,0,1,0,0,0,0,1,1,1,1,1,1,0,0,1,0,0,1,1,0,0,0,0
0,1,1,1,0,0,0,1,1,0,1,0,1,1,1,0,0,1,0,0,1,1,1,1,0,0,1,0,0,0,1,1,0,0
1,0,1,0,1,1,0,1,0,0,1,1,1,1,1,0,0,0,1,0,0,1,1,1,1,1,1,1,0,1,1,1,0,0
1,0,0,1,1,1,0,0,0,1,1,1,1,1,1,0,0,0,0,0,0,0,1,1,1,1,1,1,1,1,0,1,0,0
0,1,1,0,0,0,1,0,1,1,1,0,1,0,0,0,0,0,0,0,1,0,0,0,0,0,1,0,1,1,1,0,0,0
1,0,1,1,1,1,0,1,0,0,0,0,1,0,0,0,1,0,1,0,1,1,0,0,1,1,0,0,1,1,1,0,0,0
0,0,1,0,0,0,0,1,1,1,1,0,1,1,1,0,0,0,0,0,1,1,1,0,0,0,1,0,1,0,1,1,0,0
1,1,0,0,0,1,0,1,0,0,1,0,0,0,1,0,0,1,0,1,0,0,1,0,1,0,0,0,0,1,1,0,0,0
0,0,0,1,0,0,0,0,0,0,0,0,0,0,0,1,0,0,0,0,1,0,0,1,1,0,1,1,0,0,0,1,0,0
0,1,1,1,1,1,0,0,0,0,0,1,0,0,1,1,0,0,0,0,1,1,1,0,0,1,1,1,1,1,0,1,1,1
1,1,0,1,0,1,0,0,1,1,1,1,1,1,1,1,0,1,1,0,1,0,0,0,0,1,1,1,1,0,0,0,0,0
1,1,0,1,1,0,0,1,0,1,1,1,0,0,0,1,1,0,0,0,0,0,1,1,1,0,0,0,0,1,1,0,0,0
0,1,1,1,0,1,0,1,0,1,1,1,0,0,0,0,0,0,1,0,0,1,1,1,1,1,0,1,1,0,1,1,0,0
1,1,0,1,0,1,1,1,0,1,1,1,1,0,0,0,0,0,1,0,0,1,1,0,0,0,0,1,0,0,1,1,0,0
1,1,0,0,0,0,1,1,0,0,1,0,0,0,1,1,0,0,1,0,0,1,1,1,1,0,1,1,1,1,1,0,1,1
0,0,1,0,1,1,1,0,0,1,0,1,1,1,0,0,0,0,1,0,0,0,1,0,1,0,1,0,0,1,1,1,1,1
0,1,1,1,1,0,0,0,0,1,0,0,0,1,1,0,0,0,1,1,1,1,0,0,0,1,1,0,1,0,1,0,0,0
1,1,1,1,0,0,0,0,0,1,1,0,1,0,0,0,0,1,0,0,1,0,0,0,1,0,0,0,1,0,0,0,0,0
1,1,0,1,1,0,1,0,1,1,1,1,0,0,0,1,0,0,1,1,1,0,0,1,1,0,1,0,1,1,1,0,0,0
0,1,1,0,0,0,0,1,1,0,0,0,1,1,0,0,0,0,0,1,1,0,0,1,0,0,1,0,1,0,1,1,1,1
1,0,0,0,0,0,0,0,1,0,0,0,0,0,0,1,0,1,0,0,1,1,1,0,0,0,0,0,0,0,1,0,0,0
1,1,1,0,1,0,1,1,0,1,0,0,0,0,0,0,1,1,0,0,0,1,1,0,1,0,1,1,0,0,1,1,0,0
1,1,0,1,0,1,1,0,0,1,1,1,0,0,1,1,1,0,1,0,1,1,0,1,0,1,0,1,0,1,0,1,0,0
1,1,1,1,1,1,0,1,1,0,0,1,0,0,1,1,1,0,0,1,1,1,1,0,1,0,0,0,0,0,0,1,0,0
1,1,1,1,1,0,1,1,1,1,1,0,1,1,0,0,1,1,1,0,1,1,0,0,1,0,0,1,1,1,0,0,0,0
1,1,0,1,1,1,1,0,1,1,1,1,1,1,1,1,1,1,0,1,1,1,0,1,1,1,0,1,0,0,1,1,0,0
1,0,0,1,1,0,0,1,0,0,0,0,1,0,1,1,0,0,1,0,0,1,1,0,0,0,0,0,0,1,1,0,1,1
1,0,1,0,0,1,0,0,1,0,0,1,0,1,0,1,0,1,1,1,0,1,0,1,1,0,0,0,1,1,1,1,0,0
0,1,1,0,1,0,1,1,1,0,1,1,0,1,1,0,0,0,0,1,0,0,1,1,0,0,1,0,1,0,1,1,1,1
1,0,0,0,1,0,1,1,0,0,1,0,0,0,1,0,0,0,0,1,1,1,0,1,0,0,0,0,1,1,0,1,1,1
1,0,1,0,0,0,0,1,0,1,0,0,0,0,0,0,0,1,0,1,1,0,1,0,0,0,1,0,0,1,0,1,0,0
1,1,0,1,1,1,1,0,1,1,1,0,0,1,1,1,0,0,1,1,1,1,0,0,1,1,1,0,1,0,1,0,0,0
1,0,0,0,1,0,1,1,1,0,0,0,1,1,0,0,0,0,0,0,0,1,1,1,0,0,1,1,1,0,1,1,1,1
1,0,1,1,0,1,1,0,1,1,1,1,1,1,1,1,0,0,0,0,0,1,0,1,0,0,0,0,0,1,0,1,0,0
0,0,1,1,0,0,0,1,0,0,0,1,0,0,1,0,0,0,0,1,0,0,1,0,0,1,0,1,1,0,0,0,0,0
1,1,1,1,1,0,1,0,0,1,1,0,0,0,1,1,1,0,0,1,0,0,0,0,0,1,0,1,0,0,1,1,0,0
0,1,0,0,0,0,0,0,1,0,1,1,1,1,1,1,0,0,1,1,0,0,0,1,1,1,0,0,1,0,1,1,0,0
1,1,1,1,1,0,0,0,1,1,1,0,0,1,1,0,0,1,1,1,0,0,1,0,0,0,1,0,1,1,1,1,0,0
1,0,1,0,1,0,1,0,0,1,0,1,1,1,1,0,1,0,1,0,0,0,0,0,0,0,0,0,0,1,1,0,0,0
1,1,0,1,0,1,0,0,0,1,1,0,0,0,1,0,0,0,0,1,1,1,1,1,1,0,0,0,1,0,1,1,1,1
1,0,1,1,1,0,0,1,1,1,0,0,1,0,1,1,0,0,1,1,1,1,0,0,1,1,0,1,1,0,0,1,0,0
1,0,1,1,1,0,1,0,1,0,0,0,1,0,0,1,0,1,0,0,0,0,0,1,0,1,1,1,1,0,1,0,0,0
1,0,0,1,1,0,0,0,0,1,1,1,1,0,0,1,0,0,0,0,1,0,0,1,0,1,1,1,0,1,0,1,0,0
1,1,1,1,0,1,0,0,1,1,0,0,1,1,0,1,0,0,0,1,0,0,1,1,0,1,1,0,1,1,0,1,1,1
1,0,0,0,0,1,1,1,1,0,0,0,1,1,0,1,0,0,0,1,0,1,1,1,1,0,0,0,0,0,0,0,1,1
1,1,1,1,1,1,0,0,1,1,0,1,1,1,1,0,1,1,1,0,1,0,1,0,1,0,0,0,1,1,0,1,0,0
0,1,1,0,0,0,1,1,0,0,1,0,1,1,1,1,0,1,0,1,1,1,0,0,0,1,1,1,0,0,1,1,0,0
1,1,0,0,1,1,0,0,0,1,0,0,1,0,0,1,1,0,1,1,1,0,1,0,0,0,0,0,1,1,1,0,0,0
0,0,1,1,1,1,0,0,1,0,0,1,0,1,1,0,0,0,1,0,0,0,1,0,0,1,1,1,0,0,1,0,1,1
1,0,0,0,0,0,1,0,0,1,0,1,0,0,0,1,0,0,1,1,1,0,0,1,0,0,1,0,1,1,0,1,0,0
1,1,1,1,1,1,0,0,1,1,0,0,1,1,1,1,0,0,0,0,0,1,0,0,0,0,0,1,1,1,0,1,1,1
1,0,0,1,1,0,0,1,1,0,1,0,1,1,0,0,0,1,0,1,0,0,0,1,1,0,0,0,1,1,0,0,0,0
1,1,1,0,1,0,1,0,0,1,1,0,1,0,1,1,0,1,1,0,0,1,0,1,0,1,1,0,1,0,1,1,0,0
1,0,1,0,0,1,1,0,1,1,0,1,0,0,1,1,1,0,0,1,1,0,1,1,0,0,1,1,1,0,1,0,0,0
1,1,1,1,1,0,0,1,1,1,1,1,0,0,0,0,1,0,1,1,0,1,1,1,0,0,0,1,1,1,1,0,0,0
1,0,0,0,0,0,0,0,1,0,0,0,0,0,1,0,0,0,1,0,1,1,1,0,1,0,1,1,0,1,1,0,0,0
1,1,0,0,0,0,0,0,1,1,1,1,0,0,0,1,1,0,1,0,1,1,1,0,1,1,1,1,1,0,0,1,0,0
1,1,1,0,1,0,1,1,0,1,1,1,0,1,0,1,1,0,0,1,0,1,0,1,1,1,0,1,1,1,1,1,0,0
1,1,0,0,1,1,0,0,0,0,1,0,0,0,0,0,1,0,0,1,1,0,1,1,1,0,0,1,0,0,1,0,0,0
1,1,1,1,1,1,1,1,1,1,1,0,1,0,1,0,0,1,0,1,1,0,0,0,0,1,0,1,0,1,1,0,0,0
1,1,0,1,0,0,1,0,0,1,1,1,0,0,0,0,0,1,1,1,0,1,0,0,0,1,0,0,0,0,1,1,0,0
1,1,1,1,1,0,1,1,0,1,0,1,0,0,0,0,0,1,1,0,0,0,1,0,0,1,0,1,0,0,1,1,0,0
1,0,1,0,0,1,0,0,1,1,0,0,0,1,0,0,0,1,0,0,0,0,0,0,1,1,1,1,1,1,1,0,0,0
1,0,1,0,1,1,1,0,0,1,1,0,1,1,0,0,0,0,1,1,0,1,0,0,0,1,0,1,1,1,0,1,0,0
1,1,1,1,1,1,1,1,1,1,0,1,1,1,1,0,0,1,1,1,0,0,1,1,0,1,1,0,0,1,0,1,0,0
0,1,1,1,1,1,1,0,0,0,0,0,1,0,1,1,0,0,1,1,1,1,0,1,1,0,1,0,1,0,1,0,0,0
1,1,1,0,1,0,0,1,1,1,0,1,1,1,1,0,0,1,0,1,1,1,1,0,1,1,1,0,0,0,1,0,0,0
1,0,0,0,0,1,0,0,0,1,0,1,0,0,0,0,0,0,0,1,1,1,1,1,1,1,0,0,1,1,0,1,1,1
1,1,0,0,1,0,1,1,0,0,0,0,1,1,0,0,1,0,0,1,1,0,0,1,0,0,1,1,1,1,1,0,0,0
1,1,0,0,0,1,0,0,1,0,1,0,1,1,0,1,0,0,0,0,0,1,0,0,1,0,1,0,0,1,0,1,1,1
1,0,1,0,1,0,1,1,1,0,0,1,1,1,0,0,1,0,0,1,1,0,1,1,0,1,1,0,0,0,0,1,0,0
1,0,1,1,1,0,0,1,0,1,1,0,0,1,0,1,1,0,0,1,1,1,0,1,0,1,1,1,1,0,0,1,0,0
1,1,0,0,1,0,1,1,0,1,1,1,0,1,0,0,0,0,0,1,0,0,1,0,0,1,1,1,0,0,1,0,0,0
1,0,0,1,0,1,1,1,1,0,1,1,0,1,0,1,0,0,1,1,1,1,0,0,1,0,1,1,1,1,0,1,0,0
0,1,1,1,0,1,1,0,1,1,0,1,0,0,1,0,0,1,1,0,1,1,0,0,0,0,0,0,1,1,1,0,0,0
0,1,1,1,0,0,1,1,0,1,0,1,0,0,0,1,0,0,0,0,1,0,1,0,0,0,1,0,1,1,0,1,1,1
1,0,0,0,1,0,1,1,0,0,1,0,1,0,0,1,0,0,0,1,0,1,0,1,1,0,1,0,1,0,0,1,1,1
1,1,1,0,1,0,1,1,1,0,1,0,1,1,0,0,1,0,0,0,0,0,0,1,0,0,1,1,0,1,1,0,0,0
1,1,0,0,0,1,1,1,0,1,0,1,0,1,1,1,0,1,0,0,1,1,1,1,1,0,1,0,1,0,0,0,0,0
1,0,0,0,0,1,0,0,0,1,1,0,1,0,1,0,0,1,1,1,1,1,1,0,1,0,0,1,1,1,0,1,0,0
1,0,0,1,1,1,0,0,1,1,0,0,1,0,1,0,0,0,1,1,1,1,1,0,0,0,0,1,1,0,1,1,0,0
1,0,1,1,0,0,1,1,1,1,0,0,0,1,1,0,1,0,0,1,1,0,1,1,1,0,1,0,0,1,0,0,0,0
1,1,0,0,1,0,1,1,0,1,0,1,1,0,0,1,0,1,0,0,1,1,0,0,0,1,0,0,0,1,1,1,0,0
1,1,1,0,0,0,0,1,1,1,0,0,1,1,0,0,1,1,0,1,0,1,1,0,0,0,0,1,1,0,0,1,0,0
1,1,1,0,0,0,0,0,0,1,1,1,1,0,1,0,1,0,0,1,1,1,1,1,1,1,0,0,0,0,1,0,0,0
1,0,1,0,0,0,0,0,1,1,0,0,0,1,0,0,0,1,1,1,1,0,0,1,0,1,0,0,0,1,0,1,0,0
1,1,1,1,0,1,0,1,1,0,1,0,0,1,1,1,0,1,0,0,1,1,0,0,0,0,1,1,0,0,1,0,0,0
1,1,0,1,0,1,0,1,1,0,0,1,0,0,1,0,1,0,0,0,0,0,0,0,0,0,1,0,0,0,0,1,0,0
0,1,0,1,0,1,1,1,1,0,1,1,1,0,1,0,0,0,1,0,1,0,1,1,0,1,1,1,1,0,0,1,0,0
1,1,1,0,1,0,1,0,1,1,0,1,1,1,0,0,0,1,1,0,0,1,1,0,1,0,1,1,1,1,1,0,0,0
1,0,1,1,1,0,1,0,0,1,1,1,1,1,0,1,1,0,1,1,0,1,0,0,0,0,1,1,0,0,0,1,0,0
0,1,1,0,0,0,0,0,1,1,0,1,1,0,1,0,0,1,0,1,1,0,1,0,0,1,1,0,1,0,0,0,0,0
1,1,1,0,1,0,1,1,0,0,0,1,1,1,1,0,0,1,0,1,1,1,1,0,0,0,1,1,1,1,0,1,0,0
1,0,0,0,1,0,0,1,0,1,1,1,0,0,1,1,0,1,0,1,0,1,1,0,1,1,1,0,1,1,0,1,0,0
1,0,1,0,0,1,0,1,0,1,1,0,1,1,1,0,1,0,0,0,1,1,1,0,0,0,0,1,1,0,1,0,0,0
0,1,1,1,0,0,0,1,0,0,1,0,1,0,0,0,0,1,0,1,0,0,0,1,0,1,0,1,0,1,1,1,0,0
1,1,1,0,1,1,0,0,0,1,1,1,0,0,1,1,0,0,1,1,0,1,1,1,0,0,0,0,0,1,1,0,0,0
1,0,1,1,0,1,0,1,1,0,0,1,0,0,1,0,0,0,0,1,0,0,1,0,1,0,0,0,1,0,1,1,1,1
1,0,1,1,0,0,0,1,0,1,0,0,1,1,1,0,0,1,0,0,1,1,1,1,0,0,1,0,1,1,0,1,0,0
1,1,1,0,0,1,1,0,1,1,0,0,1,1,1,1,0,0,1,0,1,0,0,1,0,0,0,0,1,0,0,0,0,0
0,1,1,1,0,0,0,0,1,1,1,1,1,1,1,0,0,1,0,1,0,1,0,0,1,0,0,1,1,1,0,1,0,0
1,0,1,0,0,1,1,1,0,1,0,0,0,0,0,1,0,0,1,1,0,1,1,0,0,1,0,0,0,1,1,1,1,1
0,1,1,0,1,1,1,0,1,0,1,1,0,0,0,0,0,0,0,0,1,1,0,1,1,1,0,1,1,1,0,1,1,1
1,1,1,1,0,0,0,1,1,0,0,0,0,1,1,1,0,0,0,0,1,1,0,1,0,0,1,1,1,0,1,1,1,1
1,1,0,1,1,1,1,1,0,1,1,0,0,0,1,0,0,1,1,1,1,0,0,1,0,1,1,0,1,0,0,0,0,0
0,1,1,0,0,0,1,0,0,0,1,1,0,0,1,1,0,1,0,1,0,1,1,1,1,1,1,0,1,0,1,0,0,0
0,1,1,1,0,0,0,1,1,1,1,1,0,1,0,0,0,1,0,0,1,1,1,1,0,1,0,1,0,0,1,0,0,0
1,1,1,1,0,0,1,0,0,0,1,0,1,0,1,0,0,0,0,1,1,0,1,1,1,1,0,0,0,0,0,1,1,1
1,1,1,1,1,0,1,0,1,1,0,1,1,1,0,1,1,0,1,0,1,0,1,0,0,0,0,1,1,1,0,0,0,0
1,1,0,1,0,1,1,1,1,0,1,0,1,0,1,1,1,0,1,0,0,0,0,0,1,0,0,0,0,0,0,1,0,0
0,1,1,1,0,0,1,1,0,1,1,1,0,0,0,0,0,0,0,1,0,0,0,0,0,1,1,1,1,0,0,1,1,1
1,1,0,1,0,1,1,1,1,1,1,0,1,0,1,1,0,0,0,0,0,1,1,1,1,1,0,1,1,0,1,1,0,0
1,1,0,1,1,1,0,0,1,0,1,1,1,0,1,0,1,0,1,1,0,0,0,1,0,0,0,1,1,1,1,1,0,0
0,1,0,1,1,1,0,0,0,1,1,1,0,1,0,1,0,1,0,0,1,0,1,1,1,1,0,1,1,1,0,0,0,0
1,1,1,1,1,0,1,0,1,1,1,1,1,1,0,1,0,1,1,1,0,0,0,1,1,0,1,1,0,0,0,1,0,0
0,1,0,0,0,1,1,0,0,1,0,1,0,1,0,1,0,0,0,1,1,1,1,1,1,0,0,1,0,0,0,0,1,1
1,1,1,1,1,1,1,1,1,0,0,0,1,0,0,0,0,1,0,1,1,0,1,0,0,0,0,1,1,1,1,1,0,0
1,0,1,0,0,1,0,1,1,0,0,1,1,1,1,1,0,1,0,0,1,1,1,1,1,0,1,0,0,0,0,0,0,0
1,0,1,0,0,1,0,0,0,0,1,1,1,1,0,0,0,0,1,1,0,0,0,0,1,0,0,0,1,0,1,1,0,0
1,1,1,1,0,0,1,1,1,0,0,1,1,0,0,0,1,0,1,0,0,0,0,0,1,1,0,0,1,0,0,0,0,0
1,1,0,1,1,1,0,1,1,0,0,0,1,0,0,0,1,0,1,1,0,1,0,1,1,1,0,1,1,0,0,1,0,0
0,1,0,0,1,1,0,0,0,0,0,1,0,0,0,0,0,0,1,1,0,0,1,0,1,1,1,0,1,1,0,0,1,1
1,1,0,0,0,1,0,1,0,0,0,0,0,0,1,1,0,0,0,1,0,1,0,0,0,0,1,1,0,0,0,1,1,1
1,1,1,1,0,1,0,1,1,0,0,0,1,1,0,0,1,0,1,0,1,1,0,0,0,0,1,0,0,1,1,1,0,0
1,0,0,0,0,0,1,1,1,0,0,1,0,1,1,0,0,0,1,0,1,1,0,0,0,0,0,0,1,1,1,0,1,1
0,1,1,1,0,1,1,0,0,1,0,1,1,1,1,1,0,0,1,1,1,1,0,0,1,0,0,1,0,1,0,1,0,0
1,1,0,1,0,1,0,1,1,1,1,0,0,0,0,1,0,0,1,1,1,1,0,0,1,1,0,0,1,0,0,1,0,0
1,1,0,0,1,0,1,1,1,1,0,0,0,0,1,1,0,0,1,1,1,0,0,1,1,0,1,0,0,0,1,0,0,0
1,1,1,1,0,0,1,1,1,0,1,1,0,0,0,1,0,0,0,1,1,0,0,0,0,0,1,0,1,0,0,0,1,1
1,1,1,0,1,1,1,1,1,1,0,1,0,0,0,0,1,0,1,0,1,0,1,0,0,1,0,1,1,0,0,0,0,0
1,0,1,1,0,1,1,1,1,0,0,0,1,0,1,0,1,0,1,0,1,0,1,1,0,0,0,0,1,0,1,0,0,0
1,1,0,1,1,1,0,1,1,1,0,1,1,0,0,0,0,1,0,1,1,1,0,1,1,0,1,1,1,1,0,1,0,0
1,1,1,1,1,1,0,0,1,0,1,1,1,0,0,0,1,0,0,0,0,1,0,0,0,1,0,0,1,0,1,1,0,0
1,1,1,1,0,1,1,0,0,1,1,0,0,1,1,0,1,0,0,1,0,1,0,1,0,0,0,0,1,1,0,0,0,0
0,1,1,1,0,0,0,1,0,1,0,0,0,1,1,0,0,0,1,1,0,1,1,1,1,0,1,0,1,1,1,0,0,0
1,0,0,1,1,1,0,1,1,1,0,1,1,0,1,1,0,1,0,0,1,0,1,1,0,0,1,0,0,1,0,1,0,0
1,1,0,1,1,1,1,1,0,0,0,1,1,0,0,1,0,1,0,0,1,1,1,0,0,0,1,1,1,0,0,0,0,0
1,1,1,0,0,0,0,1,0,0,1,1,0,1,0,1,0,0,0,1,0,0,1,0,1,1,1,1,1,1,0,0,1,1
1,0,0,1,1,1,1,1,0,0,1,0,1,0,1,1,0,1,1,1,0,1,1,0,0,0,1,0,0,1,1,0,0,0
0,1,1,1,0,0,0,1,1,0,0,1,1,0,0,1,0,1,1,0,0,0,1,1,0,1,0,1,0,1,1,1,0,0
1,0,0,0,1,0,1,1,1,1,1,0,1,0,0,1,0,1,1,1,1,1,0,1,0,0,0,1,0,1,1,1,0,0
1,0,1,0,0,0,1,0,0,1,1,1,0,1,0,0,0,1,0,1,1,0,0,1,0,1,1,1,0,0,0,0,0,0
0,0,1,0,0,1,1,1,1,0,0,0,0,0,1,0,0,0,0,0,1,1,1,1,1,1,0,1,0,0,1,0,0,0
1,1,0,0,0,1,0,1,0,1,1,1,1,0,0,0,0,0,0,0,0,1,1,1,0,0,1,1,1,0,0,0,0,0
1,1,1,1,1,1,0,0,0,0,0,0,1,0,0,0,1,1,0,1,1,1,0,0,0,1,0,1,1,1,0,1,0,0
1,1,0,1,0,0,1,0,0,0,1,0,0,1,0,1,0,0,1,1,0,1,1,0,1,0,0,1,1,1,1,0,0,0
1,0,1,0,0,1,0,1,0,1,1,0,0,0,1,0,0,1,1,1,0,1,1,1,1,1,0,1,1,1,0,1,0,0
1,1,0,0,1,1,1,0,0,0,0,0,1,1,1,1,0,0,1,0,1,1,0,1,0,1,0,0,1,0,1,0,0,0
1,1,0,0,1,0,1,1,1,1,0,1,1,0,0,1,1,1,0,0,0,1,1,1,0,0,1,1,0,0,0,0,0,0
1,1,1,0,0,1,0,0,1,0,0,0,0,1,1,0,0,1,0,0,1,0,0,0,1,1,0,1,1,0,0,1,0,0
0,0,0,1,1,1,0,0,0,1,0,1,1,1,1,0,0,0,0,1,1,0,0,1,0,1,0,0,1,1,1,1,0,0
1,0,1,1,1,0,1,1,0,1,1,1,0,0,0,1,0,1,1,1,1,0,0,1,1,1,1,1,0,1,1,0,0,0
1,1,1,0,1,0,0,0,0,1,1,1,0,0,1,0,1,1,0,0,0,0,0,1,0,1,0,0,1,1,1,1,0,0
0,1,1,1,0,0,0,0,0,1,0,0,0,0,0,1,0,1,0,0,1,0,0,0,0,0,0,1,1,0,1,0,0,0
1,1,1,0,0,0,1,1,0,1,1,0,0,1,1,0,1,0,1,0,1,0,0,0,1,1,1,0,1,1,0,1,0,0
0,1,1,0,1,0,1,0,1,0,0,1,1,1,1,1,0,1,0,1,0,1,1,0,1,1,0,1,1,0,0,1,0,0
1,1,0,1,1,1,1,1,1,1,1,1,1,0,0,0,0,0,1,0,1,0,1,1,1,1,0,0,0,0,1,0,0,0
1,1,1,1,0,1,1,0,1,1,0,1,1,0,0,0,0,1,1,0,1,1,0,1,0,0,1,1,0,0,0,0,0,0
0,0,0,1,0,1,0,0,0,1,1,1,0,1,0,1,0,0,0,0,1,0,0,0,1,1,1,0,1,1,1,1,0,0
0,1,1,1,0,0,0,0,1,0,1,0,0,0,0,1,0,1,1,0,0,0,0,1,0,0,0,0,0,0,1,0,0,0
0,0,1,1,0,0,1,0,0,0,1,1,0,1,1,0,0,0,0,1,0,0,0,0,0,0,0,0,0,1,0,1,1,1
1,0,0,0,0,0,1,0,0,0,1,1,0,1,1,1,0,0,1,0,1,0,0,0,1,1,0,1,0,0,0,1,0,0
1,0,0,1,1,0,1,0,1,0,0,1,1,1,0,1,0,0,0,1,0,1,0,1,1,1,1,0,1,1,1,1,1,1
1,0,0,1,0,0,1,1,1,1,1,0,0,1,1,1,0,1,1,0,0,1,1,1,0,0,1,0,1,0,1,1,0,0
1,1,1,1,0,1,1,1,1,1,0,0,0,1,1,0,1,0,0,1,0,0,0,1,0,0,0,0,1,1,1,0,0,0
1,0,0,0,1,0,0,0,1,1,1,0,0,0,0,1,0,1,1,1,0,1,1,0,1,0,0,0,0,1,1,1,0,0
1,1,0,1,0,0,1,1,1,1,1,0,0,0,1,0,0,0,1,1,1,0,1,0,0,0,1,1,1,0,1,0,0,0
1,1,1,0,1,0,0,0,1,0,1,0,0,0,1,0,0,1,0,1,0,0,0,1,0,1,0,0,0,0,1,0,0,0
0,1,1,0,0,0,0,1,0,1,0,1,0,1,0,1,0,1,0,0,0,1,0,0,0,0,0,0,0,1,1,0,0,0
1,1,1,1,1,0,1,1,0,1,1,0,0,0,1,1,0,1,0,0,1,0,1,0,1,0,0,1,0,1,0,0,0,0
1,1,1,0,0,0,0,0,0,0,0,0,1,1,0,0,0,1,0,1,1,0,1,1,1,0,1,1,0,1,1,0,0,0
1,1,1,0,1,0,0,0,0,0,1,1,1,0,1,1,0,1,1,1,1,1,1,0,0,0,1,0,0,0,1,0,0,0
1,1,1,1,1,1,1,1,1,0,0,0,1,0,1,0,1,0,1,1,1,0,0,1,0,1,1,0,1,0,1,1,0,0
1,1,1,0,0,0,0,1,0,1,1,1,0,1,1,0,1,0,0,0,1,1,0,0,1,1,1,0,1,1,1,1,0,0
1,1,1,0,0,0,0,1,0,0,0,1,1,0,1,1,1,0,0,0,1,1,0,1,1,0,0,1,1,0,0,0,0,0
1,0,1,1,0,0,0,1,0,0,0,0,0,1,1,1,0,1,0,1,0,1,1,1,0,1,1,1,1,0,1,1,0,0
1,1,1,0,0,1,0,0,0,0,0,0,1,1,0,1,0,0,0,1,1,0,1,0,0,0,0,0,0,0,1,0,1,1
1,1,0,1,1,1,1,1,1,1,0,1,0,0,0,1,0,1,1,1,0,0,1,1,1,0,0,0,0,1,0,1,0,0
0,1,1,1,0,1,0,0,0,0,1,1,0,1,0,0,0,1,1,0,1,1,0,1,1,0,0,1,1,1,1,1,0,0
1,0,0,1,0,0,1,0,0,1,1,1,1,1,1,0,0,1,1,0,0,0,0,0,0,1,1,0,1,1,1,0,0,0
1,1,0,0,0,1,1,1,0,0,0,0,0,0,0,1,1,0,0,1,0,0,1,1,0,1,1,1,0,0,0,1,0,0
1,1,1,0,0,1,1,0,0,1,0,0,1,1,0,1,0,1,0,0,0,0,0,1,1,1,0,0,0,1,0,0,0,0
1,0,0,1,1,1,0,1,0,1,0,0,1,1,0,0,0,1,1,0,0,0,1,1,1,1,0,1,0,1,0,1,0,0
1,1,1,1,0,1,0,1,1,1,0,0,1,0,0,0,1,1,0,1,0,0,1,0,0,0,0,0,1,0,0,0,0,0
0,1,1,0,0,1,1,0,1,1,1,0,0,0,0,0,0,1,0,0,1,1,1,1,1,1,1,0,0,0,0,1,0,0
0,1,1,1,1,1,0,0,0,1,1,0,0,1,0,0,0,0,0,0,1,0,1,0,1,1,1,1,1,1,0,1,1,1
1,1,1,0,0,0,1,1,0,1,0,0,0,1,1,0,0,0,1,1,0,1,1,0,0,0,1,1,0,0,1,1,0,0
1,0,1,0,0,1,0,0,0,0,0,1,0,0,1,0,1,0,0,1,1,0,0,1,0,0,1,0,0,0,0,1,0,0
1,0,1,1,0,1,0,1,0,1,0,1,0,0,0,1,0,1,0,1,1,0,1,0,0,1,0,0,0,0,1,0,0,0
1,0,0,0,1,0,0,0,0,1,1,1,1,1,0,0,0,0,0,0,1,1,1,0,1,1,1,1,1,0,1,0,0,0
0,1,1,1,1,1,0,0,1,1,1,1,1,0,1,0,0,0,1,0,0,1,1,0,1,1,1,1,1,0,1,1,0,0
1,0,0,0,0,1,1,0,1,0,0,0,0,0,0,0,1,0,0,0,0,0,1,0,0,0,1,0,1,0,0,1,0,0
0,1,0,1,0,1,0,1,1,0,1,1,1,0,0,0,0,0,0,0,0,1,1,0,1,1,1,0,1,1,0,1,1,1
1,0,0,0,1,0,0,0,1,0,0,0,1,0,0,1,0,1,1,1,1,0,1,1,0,1,0,0,1,0,0,0,0,0
1,0,1,0,0,1,0,1,0,1,1,1,0,0,0,1,0,0,1,1,1,1,1,0,0,1,1,0,0,1,1,0,0,0
0,1,0,1,1,0,1,1,1,1,0,1,1,1,0,1,0,1,0,0,1,0,1,0,0,0,0,1,1,1,1,1,0,0
0,1,0,0,1,1,0,1,0,0,0,1,0,1,1,1,0,0,1,1,0,0,0,1,1,1,1,1,0,1,0,0,1,1
1,0,1,1,1,1,1,1,0,0,1,1,0,0,0,1,0,1,1,1,0,1,1,1,0,1,0,1,1,0,1,1,0,0
1,1,1,0,0,0,0,0,0,0,0,0,0,1,1,0,0,1,0,0,0,0,1,1,0,0,1,1,0,0,0,1,0,0
1,1,0,0,1,0,1,1,0,1,1,1,1,0,1,1,0,0,1,1,1,0,1,0,1,0,1,0,1,1,1,1,0,0
0,0,1,0,1,0,0,1,0,0,1,1,0,0,0,1,0,0,0,0,0,1,1,0,0,0,1,1,1,0,0,1,0,0
1,1,1,0,0,0,0,1,1,0,1,1,1,1,1,1,1,1,1,0,0,0,0,1,0,1,0,0,0,1,0,1,0,0
0,0,1,1,0,0,0,1,0,0,0,1,1,1,0,0,0,0,0,0,1,0,0,1,0,1,1,0,0,0,0,1,1,1
1,1,0,1,0,1,1,1,0,0,0,0,1,0,1,0,1,0,0,0,0,0,1,0,0,0,0,1,1,0,0,1,0,0
1,1,1,0,0,0,0,1,1,0,1,0,0,1,0,1,0,1,0,1,0,0,1,1,1,0,1,0,1,0,0,1,0,0
1,1,0,1,1,0,1,0,0,1,1,0,0,1,0,0,0,0,1,0,0,0,0,0,0,0,1,0,1,0,1,1,0,0
1,1,1,1,0,1,0,0,1,0,0,1,0,1,0,1,0,0,1,1,0,0,0,0,1,0,0,0,0,1,0,0,0,0
1,0,1,1,1,1,1,1,1,1,1,1,1,0,0,0,0,1,0,0,0,0,0,1,0,0,1,0,1,0,0,1,0,0
1,1,0,0,1,0,0,1,0,1,0,0,1,1,0,1,1,0,1,1,0,0,1,1,0,1,0,1,1,1,1,0,0,0
1,1,1,1,0,0,0,1,1,0,0,1,1,0,0,1,1,0,1,1,0,1,1,1,0,1,0,0,0,0,0,1,0,0
1,1,1,0,1,0,0,1,0,0,1,1,1,1,1,0,0,1,1,1,0,0,1,0,0,1,1,0,1,0,0,0,0,0
0,1,0,1,0,1,1,1,0,1,0,1,0,0,1,1,0,0,0,1,0,1,0,1,1,0,1,0,1,1,1,0,1,1
0,1,1,1,1,1,1,1,1,0,1,0,1,1,0,0,0,0,1,1,0,0,1,1,0,0,0,1,1,1,0,1,0,0
1,0,0,0,1,1,0,0,0,0,1,1,0,1,1,1,0,0,0,1,0,1,1,1,0,1,1,0,1,1,0,0,1,1
1,0,0,0,0,0,0,0,1,0,1,1,0,1,1,0,0,0,1,1,0,0,0,1,0,1,0,1,1,0,1,1,0,0
1,0,1,0,0,0,1,0,1,1,0,0,0,1,1,0,1,0,0,1,1,1,0,1,0,1,0,0,1,0,0,0,0,0
1,0,0,0,0,1,1,1,1,1,1,0,0,1,1,1,0,1,0,0,1,1,1,1,1,1,0,1,1,1,0,1,0,0
1,1,0,1,1,0,1,1,0,1,0,1,0,1,1,1,1,0,1,1,1,0,0,0,1,1,0,0,0,0,1,1,0,0
1,1,1,1,0,1,0,0,0,0,0,0,0,1,1,1,1,1,0,1,1,1,0,0,1,0,0,0,1,1,0,0,0,0
1,1,1,0,0,1,1,0,0,1,1,1,1,1,1,0,0,1,0,1,1,0,1,0,0,0,0,0,1,0,0,1,0,0
1,1,0,0,0,0,0,1,1,0,0,1,0,0,1,1,0,1,0,0,0,1,1,1,1,1,1,1,0,0,0,1,0,0
0,1,0,0,0,1,1,0,0,1,1,1,0,1,1,0,0,0,1,0,0,0,0,1,0,0,1,1,0,1,0,0,0,0
1,0,1,1,1,0,0,0,0,0,0,0,1,1,0,0,0,0,1,0,0,0,0,1,1,0,1,0,0,1,1,1,1,1
0,1,0,0,1,0,0,0,1,0,1,0,0,1,1,0,0,0,0,0,0,1,1,1,0,0,1,1,0,1,1,1,0,0
1,1,1,1,0,1,0,1,0,0,0,1,1,1,1,1,0,1,1,0,0,0,0,0,0,0,0,0,1,0,0,1,0,0
1,1,0,1,0,0,0,0,0,0,1,1,1,1,0,0,1,1,0,0,0,1,1,0,0,0,0,0,1,1,0,1,0,0
1,0,0,1,1,0,0,0,0,1,0,1,1,1,1,1,0,0,1,0,0,1,1,1,0,0,0,0,0,0,1,1,0,0
0,1,1,0,0,0,0,0,0,0,1,1,0,0,1,0,0,0,0,0,0,1,0,1,0,0,1,0,1,1,1,1,1,1
1,1,0,1,1,0,1,0,1,0,1,1,1,0,1,0,0,1,0,1,0,0,1,0,1,0,0,1,1,1,0,0,0,0
1,1,0,0,1,0,1,1,0,0,1,0,0,0,0,1,1,0,1,1,1,0,1,0,1,0,0,1,0,1,0,1,0,0
1,0,1,0,0,0,1,1,1,0,0,0,1,0,0,1,0,0,0,0,1,1,1,1,0,1,1,0,1,1,0,1,1,1
1,1,0,1,0,1,1,0,1,1,1,1,0,0,0,1,1,1,0,0,1,0,1,0,0,0,1,0,0,1,0,1,0,0
1,0,0,1,0,1,1,0,0,0,1,0,0,0,0,0,1,0,0,0,1,1,0,0,0,0,0,1,1,1,0,1,0,0
1,1,0,0,0,1,1,0,1,0,1,1,0,1,1,0,0,1,0,0,0,0,1,1,0,0,1,1,1,1,0,0,0,0
1,1,0,1,0,1,1,0,0,0,0,0,1,0,1,1,1,1,0,0,0,0,1,1,0,0,0,0,0,0,1,1,0,0
1,0,1,1,0,1,0,0,0,1,0,0,1,0,1,0,1,0,1,0,0,0,0,1,0,1,0,1,0,1,1,1,0,0
1,1,0,1,0,0,1,0,1,1,1,0,0,0,1,0,0,1,1,0,1,1,0,1,0,1,0,1,1,1,1,1,0,0
1,1,0,0,0,0,0,0,1,0,1,1,1,1,0,0,1,0,1,1,0,1,1,0,1,0,0,1,0,1,0,0,0,0
1,0,1,0,1,0,1,0,0,1,0,1,1,1,0,1,0,0,1,0,0,1,1,1,0,1,0,0,1,0,0,1,0,0
0,0,0,1,1,1,0,0,0,0,1,1,1,0,0,0,0,0,0,0,0,0,1,1,0,0,0,1,0,1,0,1,0,0
1,1,0,0,0,0,0,1,0,1,0,0,0,0,0,0,1,0,1,0,1,1,1,1,0,1,0,1,0,0,0,1,0,0
1,1,1,0,0,0,1,0,1,0,0,1,1,1,0,1,1,1,0,1,1,1,1,0,0,0,0,0,1,0,1,1,0,0
1,1,0,0,1,0,0,0,1,1,1,0,0,0,1,0,0,1,1,1,1,0,1,0,1,0,1,0,1,1,0,1,0,0
1,0,0,0,1,1,1,0,0,1,1,0,0,0,0,1,0,1,0,0,0,0,0,0,1,0,1,1,0,0,0,0,0,0
1,1,0,1,0,1,0,1,0,0,1,1,1,0,0,1,0,0,1,0,1,0,1,1,1,0,0,1,0,0,1,1,0,0
0,1,1,0,1,0,0,0,1,0,1,1,0,1,0,0,0,1,0,1,0,1,1,0,0,1,0,0,0,1,0,1,0,0
1,0,1,0,1,1,0,1,1,1,0,0,0,0,0,1,1,0,0,0,0,1,1,0,1,0,0,0,0,0,0,1,0,0
1,1,1,0,0,1,1,1,1,0,1,1,1,0,0,1,0,0,0,1,0,1,1,1,1,1,1,1,1,1,0,0,0,0
1,0,1,1,1,0,1,0,1,1,1,1,0,0,1,0,0,0,0,0,1,0,1,0,0,1,0,1,0,0,0,0,0,0
1,1,1,0,0,0,0,0,0,1,1,0,0,1,0,0,1,1,0,0,1,0,1,1,0,0,0,1,0,1,1,0,0,0
1,0,0,1,1,0,0,0,1,0,0,1,0,1,1,1,0,0,0,0,0,1,0,0,0,1,1,0,0,1,0,0,1,1
1,1,1,0,0,1,0,1,1,0,1,0,0,0,0,1,0,0,1,1,1,0,0,1,1,0,1,1,0,0,1,0,0,0
1,1,0,1,0,0,0,0,1,1,1,0,1,0,1,0,0,1,0,1,1,0,0,0,1,1,0,0,1,1,0,0,0,0
1,1,0,0,1,0,0,1,0,0,1,0,0,1,1,0,0,0,0,1,1,0,1,1,1,1,1,1,0,1,1,0,1,1
1,0,1,0,0,1,1,0,0,1,1,0,0,1,1,0,1,0,0,1,0,1,0,1,1,1,0,1,0,1,0,1,0,0
0,1,0,0,1,0,1,0,0,0,1,1,0,1,1,1,0,1,0,0,1,0,0,1,1,0,1,1,1,1,1,1,0,0
1,1,1,1,1,0,0,1,0,0,0,1,1,1,0,1,0,0,1,0,0,1,0,1,1,0,0,1,1,1,0,0,1,1
1,0,0,1,1,1,1,1,1,0,1,0,0,1,1,0,0,0,0,1,0,0,0,0,0,0,0,0,0,1,0,1,1,1
0,0,1,1,1,1,0,1,0,1,1,0,1,1,1,1,0,0,1,0,1,0,0,0,0,0,1,1,0,0,1,0,0,0
1,1,1,1,1,1,1,0,0,0,1,1,0,1,0,0,1,0,0,0,1,1,0,1,0,1,0,0,0,0,1,0,0,0
1,0,0,1,1,1,1,0,1,0,0,0,0,0,0,0,0,1,1,0,1,1,1,1,1,0,0,0,0,0,1,1,0,0
0,1,1,1,0,1,0,0,1,0,0,0,0,1,1,1,0,1,0,1,1,0,1,0,0,1,0,0,1,0,1,0,0,0
1,1,1,0,0,0,1,1,0,0,1,0,1,0,0,1,1,0,0,0,1,1,1,0,0,0,1,0,1,0,1,0,0,0
1,0,0,1,0,1,0,1,0,0,1,0,0,0,1,0,0,0,0,1,1,1,0,0,1,0,1,0,0,1,1,1,1,1
1,0,0,0,0,0,0,0,1,0,0,0,0,0,1,0,0,1,0,0,0,1,0,0,0,1,1,1,1,0,0,1,0,0
1,1,1,0,0,1,0,0,1,1,1,1,1,0,0,1,1,0,0,0,0,1,0,0,0,0,1,0,0,0,0,1,0,0
0,1,1,1,0,1,1,1,0,0,1,0,0,1,0,0,0,1,0,0,0,0,1,1,1,0,0,0,0,0,1,1,0,0
0,0,1,1,1,1,0,0,1,0,1,0,1,0,1,0,0,0,1,0,1,1,0,1,0,0,0,1,1,0,1,1,0,0
1,1,0,0,0,0,0,0,1,0,1,1,1,0,1,0,1,0,1,0,1,1,0,1,1,1,0,0,1,1,1,0,0,0
1,0,1,1,1,0,1,0,0,1,1,1,1,0,1,1,0,0,1,0,1,0,1,0,0,0,0,1,1,0,1,0,0,0
1,1,0,1,1,0,1,0,0,0,1,0,0,0,1,0,0,1,0,0,0,0,1,0,1,0,1,0,1,0,0,0,0,0
1,1,0,1,0,1,1,1,0,0,0,0,0,0,1,1,0,1,0,1,1,1,1,1,0,0,1,0,1,1,1,0,0,0
0,1,0,1,0,0,1,1,1,1,1,1,1,1,1,0,0,1,0,0,0,0,0,1,1,1,0,0,1,1,0,0,0,0
1,1,0,0,0,0,1,1,0,0,1,1,0,0,1,0,0,0,1,0,1,1,0,1,0,1,1,0,0,0,1,0,0,0
1,0,0,0,1,1,1,0,0,0,1,1,0,1,1,1,0,0,1,0,0,1,1,0,0,1,0,1,0,1,0,0,1,1
0,1,1,1,0,1,1,1,0,1,0,0,0,1,0,1,0,1,0,0,0,0,1,1,0,1,0,0,1,1,1,0,0,0
1,1,0,1,1,1,0,0,1,1,1,1,0,0,1,0,0,0,1,0,0,0,0,1,1,1,1,0,0,1,1,1,0,0
1,0,1,1,0,0,1,0,0,1,0,1,0,1,0,0,0,0,1,1,0,1,0,1,1,0,0,0,0,0,0,1,0,0
1,1,0,0,0,0,0,1,1,1,1,1,1,1,1,0,1,0,0,0,1,1,1,1,1,0,1,0,1,1,0,0,0,0
0,1,1,0,1,1,0,0,0,0,1,0,0,0,1,1,0,0,0,1,1,0,1,0,1,0,1,0,1,1,0,1,1,1
1,1,1,0,0,0,0,0,1,0,1,1,0,0,1,0,0,0,1,0,0,0,1,1,1,0,0,1,1,1,0,0,0,0
1,0,1,1,1,0,0,0,1,1,1,1,0,1,1,0,0,0,1,1,1,0,0,0,1,0,1,0,0,0,0,1,0,0
1,0,0,1,1,1,0,1,0,0,0,1,0,1,0,0,0,1,1,1,0,1,1,0,1,1,0,0,0,0,1,0,0,0
0,1,1,1,0,1,0,0,0,1,1,1,1,1,1,0,0,1,1,0,1,1,1,0,0,0,1,1,1,1,0,0,0,0
0,1,0,0,1,1,1,1,1,0,0,1,0,1,0,0,0,0,1,0,1,0,1,0,1,0,0,0,1,1,1,1,1,1
1,1,0,0,0,0,0,1,0,1,1,0,0,0,0,0,0,0,0,1,1,0,0,0,0,0,0,0,0,0,1,0,1,1
1,0,0,1,1,0,1,1,1,1,0,1,1,1,0,0,0,1,1,1,1,0,0,0,0,1,0,0,1,1,0,1,0,0
1,0,0,0,1,0,0,0,1,1,0,0,0,1,0,1,0,1,0,0,1,0,0,0,0,0,1,0,0,0,0,0,0,0
1,0,1,1,1,1,1,0,0,0,0,1,0,0,0,1,1,0,1,1,0,1,0,0,0,0,0,0,0,1,1,1,0,0
1,1,1,1,1,0,0,0,0,1,1,1,1,1,0,0,1,1,0,0,0,0,0,0,0,1,0,0,1,1,1,0,0,0
1,1,0,1,0,0,0,0,0,1,0,0,1,0,1,1,1,0,1,0,0,1,0,1,0,0,1,1,1,0,0,0,0,0
1,0,0,0,1,1,0,1,0,0,0,0,1,1,1,1,0,1,1,0,1,0,1,0,0,1,0,0,0,0,1,1,1,1
1,1,1,1,0,0,1,1,0,0,1,1,0,1,0,0,1,1,0,0,1,1,1,0,1,0,1,0,0,1,0,1,0,0
1,1,1,1,0,1,1,0,1,1,1,1,0,1,0,1,0,0,1,1,1,0,1,1,0,0,1,1,1,0,1,1,0,0
1,0,1,0,0,1,0,0,1,1,1,1,0,1,0,0,1,0,1,0,0,0,1,0,1,0,0,0,1,0,1,0,0,0
0,1,0,0,1,0,0,0,0,1,0,0,0,0,1,1,0,0,0,0,0,0,1,1,0,0,0,0,1,0,0,0,1,1
1,0,1,0,0,0,1,1,0,0,0,0,1,1,1,0,0,1,0,1,0,1,0,0,0,0,0,1,1,0,0,1,0,0
1,1,1,0,0,0,0,0,0,0,1,1,1,0,0,1,0,1,1,0,0,1,1,1,1,1,1,1,0,1,0,0,0,0
1,1,1,0,0,1,0,1,0,1,0,1,1,0,0,1,0,0,1,1,1,1,1,1,0,0,1,1,1,1,1,1,0,0
1,1,0,0,0,0,0,1,1,1,0,0,1,0,0,1,0,1,1,0,1,0,1,0,1,0,0,1,0,1,0,0,0,0
0,1,1,1,1,1,0,1,0,1,1,1,1,1,0,1,0,1,1,1,0,0,0,1,1,1,1,0,1,1,1,1,0,0
0,1,1,1,0,0,0,1,1,0,1,0,1,1,1,1,0,1,0,1,0,0,1,0,1,0,1,0,1,1,1,0,0,0
1,0,1,1,0,1,1,1,1,1,1,0,0,1,1,1,1,0,1,0,0,1,0,1,0,1,1,1,1,0,0,1,0,0
1,0,1,1,1,0,0,1,1,1,1,0,0,1,1,0,0,0,1,1,0,0,1,1,1,1,0,1,1,1,1,0,0,0
1,0,1,0,0,0,1,1,1,0,0,0,0,0,1,0,0,0,1,1,0,0,0,1,0,0,1,1,1,1,0,0,1,1
1,0,0,0,0,0,0,0,0,1,1,0,0,0,1,1,0,0,0,1,1,0,0,1,1,0,0,1,1,0,0,0,1,1
1,0,0,0,0,0,1,1,1,1,1,1,0,0,1,0,0,0,0,0,0,1,1,0,0,1,0,0,1,0,1,1,0,0
1,0,0,1,1,0,1,0,1,1,1,0,1,0,0,0,1,0,0,0,0,1,1,0,1,0,0,0,1,0,1,1,0,0
1,1,1,1,1,1,0,1,0,0,0,1,0,1,0,1,0,1,1,0,0,0,0,0,1,1,1,0,0,1,0,1,0,0
1,0,0,1,1,0,1,1,1,1,1,0,0,1,0,0,0,0,0,0,1,1,0,1,1,1,0,1,1,1,1,0,0,0
1,1,1,0,0,0,0,1,0,0,1,1,0,0,1,1,1,0,0,1,0,0,1,0,0,0,0,1,0,1,1,1,0,0
1,0,0,0,1,1,1,0,1,1,0,1,1,0,1,1,0,0,1,1,1,0,1,1,1,1,0,0,1,0,1,0,0,0
0,1,1,0,0,0,1,1,0,1,0,0,1,1,1,0,0,0,0,1,0,0,0,0,1,0,1,0,1,0,1,0,1,1
1,1,1,0,1,0,1,1,0,1,0,0,1,0,0,0,1,1,0,0,1,1,1,0,0,1,0,1,1,0,1,1,0,0
0,1,1,1,0,0,1,1,1,0,0,0,1,0,0,1,0,0,0,1,0,1,1,1,0,1,0,1,0,1,1,1,1,1
1,1,1,1,0,1,1,0,1,1,1,0,1,1,0,0,0,1,0,0,1,0,0,1,1,1,1,1,1,1,1,0,0,0
1,1,1,0,1,0,0,1,1,0,0,0,0,0,1,0,0,1,1,0,1,1,0,0,1,1,1,1,0,0,1,0,0,0
0,0,1,1,1,1,0,0,0,0,1,1,1,1,0,1,0,0,0,0,1,1,0,0,0,0,1,0,1,1,1,1,0,0
1,1,1,1,1,0,0,1,0,1,1,1,0,1,0,1,0,1,0,0,0,0,0,0,0,1,1,1,1,1,1,0,0,0
1,1,1,0,1,1,1,1,1,1,1,1,0,0,1,0,1,1,0,1,0,0,1,0,1,1,0,1,0,0,1,0,0,0
1,0,0,1,1,1,1,1,1,0,0,1,0,0,1,1,0,1,0,0,1,1,0,1,1,1,1,0,1,1,1,0,0,0
1,1,1,1,1,0,1,0,1,0,0,0,0,0,1,0,1,0,1,0,1,0,0,0,1,1,0,1,0,1,1,0,0,0
0,0,1,0,0,0,1,0,0,0,1,1,0,0,1,1,0,0,0,0,1,1,0,1,1,1,1,0,0,1,0,1,0,0
0,1,0,1,0,1,0,0,1,1,1,0,0,0,0,1,0,1,0,0,1,1,0,1,0,1,0,1,0,1,1,0,0,0
1,1,1,0,1,1,0,1,1,0,1,0,1,0,0,1,1,1,1,0,1,0,0,0,1,0,1,1,0,0,1,1,0,0
0,0,1,1,0,1,1,0,1,0,1,1,0,1,1,0,0,0,0,1,1,1,1,1,1,1,1,0,1,0,1,0,0,0
0,1,0,1,0,0,1,0,1,0,1,1,0,1,0,0,0,0,1,0,0,1,1,1,1,1,1,1,1,1,1,1,0,0
1,0,1,0,1,1,0,0,0,1,0,0,1,1,0,0,1,0,0,1,1,1,1,1,0,1,0,0,0,1,0,0,0,0
1,0,1,1,1,0,0,0,1,0,1,1,1,0,1,0,1,0,0,1,1,1,0,0,1,1,0,0,1,0,0,0,0,0
1,0,0,0,0,1,0,1,0,0,0,1,1,0,0,1,0,1,0,1,0,1,1,1,1,1,0,1,0,0,0,1,0,0
1,0,0,1,0,0,0,0,0,0,1,1,0,1,1,0,0,1,0,0,1,0,1,0,0,0,0,1,1,1,0,0,0,0
1,0,0,1,0,1,1,1,0,0,0,0,1,1,1,0,0,0,1,1,1,1,1,1,1,1,1,0,0,1,1,1,0,0
1,0,1,1,0,0,0,0,0,0,1,0,1,1,0,0,0,1,1,0,0,0,0,0,0,0,0,0,0,0,0,1,0,0
1,1,1,1,1,1,0,0,0,1,0,1,0,0,1,1,1,0,0,1,1,0,1,0,1,1,0,1,0,0,1,0,0,0
1,1,0,0,0,0,1,1,0,1,0,0,1,0,1,1,1,0,0,1,0,0,1,1,1,0,1,0,0,1,0,0,0,0
1,0,0,1,1,1,0,1,1,1,1,0,0,0,0,0,0,0,1,0,0,1,0,1,0,1,1,0,0,1,1,0,0,0
0,1,1,1,0,0,1,0,1,1,0,1,0,0,1,0,0,0,0,1,1,1,1,1,0,0,0,1,1,1,1,0,1,1
1,1,1,1,0,0,1,1,1,0,1,1,0,0,1,0,0,0,0,0,1,1,0,0,0,1,1,1,1,1,1,1,1,1
1,0,0,0,0,0,1,1,0,1,1,1,1,0,1,0,0,1,1,1,1,0,0,1,1,0,1,1,1,0,0,0,0,0
1,1,0,1,1,1,1,0,1,0,0,1,1,0,1,0,1,0,1,1,0,1,1,1,0,1,0,1,1,1,1,0,0,0
0,1,0,0,0,0,1,0,1,0,1,1,0,1,0,0,0,0,0,0,0,1,1,1,0,1,1,0,1,1,1,1,1,1
1,0,1,0,1,1,1,1,0,1,1,0,0,1,0,1,0,0,0,0,1,1,0,0,1,0,0,1,0,0,0,1,1,1
0,1,1,0,1,0,0,1,1,0,1,1,0,0,1,0,0,1,0,0,1,1,0,1,0,0,0,0,0,1,0,1,0,0
1,1,0,1,0,0,1,1,0,0,0,0,1,0,0,0,0,0,1,1,1,1,1,1,1,1,1,0,0,1,1,0,0,0
1,1,1,1,0,1,1,0,1,1,0,1,1,1,1,1,1,1,0,0,1,1,1,1,1,0,0,1,0,1,0,1,0,0
1,1,1,1,1,0,1,0,0,1,0,1,1,1,0,0,1,1,0,0,1,0,0,1,0,1,0,1,1,0,1,0,0,0
1,0,0,1,1,0,0,0,1,1,0,1,0,1,0,1,0,1,1,0,0,0,1,1,1,0,0,1,1,1,0,0,0,0
0,1,0,0,1,0,1,1,1,1,0,1,1,1,0,1,0,0,0,1,0,1,0,0,1,0,0,0,0,0,0,1,0,0
1,0,1,1,1,0,0,0,1,1,1,1,1,1,1,1,1,0,1,0,1,0,0,1,1,0,1,1,1,0,0,1,0,0
1,1,1,0,0,1,0,1,0,1,1,1,0,1,1,0,1,0,0,1,1,1,0,0,1,0,1,0,0,0,0,1,0,0
0,0,1,0,1,0,1,0,0,0,0,0,0,1,0,0,0,0,1,0,0,0,0,0,1,1,0,0,1,0,1,0,0,0
1,1,1,1,1,0,0,0,0,0,0,0,0,0,1,0,0,1,0,1,0,1,1,0,1,1,1,0,1,0,1,1,0,0
1,1,0,0,0,1,1,0,1,0,0,0,0,1,1,1,0,0,1,1,1,0,0,0,1,0,0,1,0,1,0,1,0,0
0,1,0,1,1,0,0,1,1,1,1,1,1,0,0,0,0,0,0,0,0,1,0,0,1,0,0,0,1,1,1,0,0,0
1,1,0,1,0,0,1,1,0,0,1,0,0,1,1,0,0,1,1,0,1,0,1,1,0,0,0,0,0,0,1,1,0,0
1,0,0,1,1,0,1,0,1,0,1,1,0,1,0,0,0,1,0,0,0,1,0,1,0,1,1,0,1,1,1,0,0,0
1,0,0,0,1,0,0,0,0,1,1,0,1,0,1,1,0,1,1,1,0,0,1,1,1,0,0,1,0,1,0,1,0,0
1,1,0,0,1,0,1,0,1,0,1,1,1,0,1,1,0,1,0,1,0,0,0,1,1,0,1,1,0,0,1,0,0,0
0,1,0,0,1,0,1,1,1,0,0,1,1,0,0,1,0,0,1,1,1,0,1,0,1,1,0,0,1,0,0,0,0,0
1,1,0,1,1,1,0,1,0,1,1,1,1,1,0,0,0,0,0,0,1,1,0,1,0,0,0,0,0,1,1,1,0,0
1,1,1,1,0,1,1,1,0,1,0,1,0,0,1,1,1,0,1,0,1,1,1,1,1,0,1,0,0,1,1,1,0,0
0,1,1,1,0,0,0,0,0,0,1,1,1,0,1,0,0,1,0,1,0,0,0,0,0,1,0,0,0,1,0,1,0,0
1,1,1,0,0,1,1,1,1,1,0,1,0,1,0,1,0,0,1,0,1,1,0,0,0,0,1,1,1,1,1,0,0,0
1,1,0,1,1,0,1,0,1,0,1,1,1,0,1,1,1,0,0,0,1,1,1,1,1,1,1,0,0,1,1,1,0,0
1,0,1,0,1,1,0,0,0,0,0,0,1,0,1,0,1,0,0,1,1,0,0,1,0,0,1,1,0,1,0,0,0,0
1,1,1,0,1,1,1,0,0,0,0,1,0,0,0,0,0,0,0,0,1,1,1,1,1,0,1,1,1,0,1,1,1,1
1,1,1,1,0,0,0,1,0,0,1,1,1,1,1,1,0,0,1,1,0,1,0,1,0,1,0,1,0,1,0,0,0,0
1,1,1,1,0,1,0,1,0,1,0,0,0,1,1,0,1,0,1,1,1,0,0,0,0,1,1,1,1,1,1,1,0,0
1,1,1,1,1,0,0,1,0,0,1,0,0,1,1,1,0,0,0,0,1,1,1,0,1,0,1,1,1,0,1,0,1,1
1,1,1,1,0,0,0,1,1,0,0,1,0,1,1,1,1,0,1,1,0,0,1,1,0,1,0,1,1,0,1,1,0,0
1,0,0,1,1,1,0,0,1,0,1,0,1,0,0,0,1,0,0,1,1,1,0,0,1,0,0,1,1,1,1,1,0,0
0,1,1,0,0,1,1,0,1,0,1,0,0,0,1,1,0,0,1,1,1,1,1,0,0,0,1,1,1,0,0,1,0,0
1,1,1,1,0,1,1,1,1,1,0,1,1,1,1,1,1,0,1,0,1,0,0,0,0,0,1,0,1,0,0,0,0,0
1,1,1,1,0,0,1,1,0,1,1,0,0,1,0,1,0,1,0,1,0,1,1,0,0,0,0,1,0,1,0,0,0,0
1,1,0,1,0,0,0,1,1,0,0,1,0,0,1,1,0,1,1,1,1,1,0,1,1,1,1,1,0,1,0,1,0,0
1,0,0,0,0,1,1,1,1,0,0,0,1,0,0,1,0,1,0,1,0,0,0,0,0,1,1,0,0,1,1,1,0,0
0,1,1,1,1,1,1,0,1,1,0,1,1,1,1,0,0,1,1,1,0,1,0,0,0,1,1,0,1,1,0,0,0,0
1,1,1,0,1,0,1,0,1,1,0,1,1,1,1,0,0,1,0,0,1,0,1,1,1,1,1,0,0,0,0,0,0,0
0,0,1,1,0,1,0,0,0,1,1,0,1,0,0,1,0,0,0,0,1,1,1,1,0,1,1,1,1,0,0,0,1,1
1,1,0,1,0,0,1,0,0,1,1,0,0,0,1,0,0,1,0,0,1,1,0,1,0,1,0,1,1,1,0,1,0,0
0,1,1,1,1,0,0,1,0,0,0,1,1,1,1,1,0,0,1,1,1,0,1,1,1,0,0,1,1,1,1,1,0,0
1,1,1,1,0,0,0,1,1,1,1,0,0,1,1,1,0,1,0,0,0,0,0,0,0,1,1,1,0,0,0,1,0,0
1,1,0,0,0,1,0,1,0,1,0,1,0,1,0,0,0,0,1,1,0,1,1,1,1,0,1,1,0,0,0,1,0,0
1,1,0,1,0,0,1,1,1,1,1,0,0,1,1,1,0,1,1,0,1,1,0,1,1,1,0,1,0,0,0,0,0,0
0,0,1,1,0,1,1,0,0,1,1,1,0,1,0,0,0,0,0,0,1,0,0,1,1,1,0,1,0,0,0,0,1,1
0,1,0,1,1,0,0,1,0,1,1,0,0,1,1,0,0,0,0,0,1,0,0,0,1,0,0,0,0,0,1,0,1,1
1,0,0,1,0,0,1,0,1,0,0,0,1,1,0,1,0,1,1,0,0,1,0,1,1,1,0,1,1,1,0,0,0,0
1,1,1,1,1,1,0,0,1,0,1,1,0,0,1,0,1,0,1,0,0,1,1,0,1,1,0,0,0,1,0,1,0,0
0,1,0,1,1,0,0,1,0,0,1,1,0,1,0,1,0,1,0,1,0,0,1,0,0,1,0,0,0,1,1,1,0,0
1,0,1,1,0,0,0,1,0,1,0,1,1,1,0,0,1,0,0,1,1,1,1,0,1,1,1,0,1,0,0,1,0,0
1,0,1,0,0,1,1,0,0,1,0,1,1,0,1,1,0,1,1,0,0,1,1,1,1,1,0,0,0,0,1,0,0,0
1,1,0,1,0,1,1,1,0,1,1,0,1,0,1,0,1,0,0,0,0,1,0,1,0,1,0,0,1,0,1,0,0,0
1,0,0,0,1,1,1,0,0,1,0,1,0,0,1,1,0,0,1,1,0,0,1,0,1,1,0,1,1,1,1,1,0,0
1,1,1,1,1,0,1,0,1,1,0,1,1,0,1,1,1,0,0,0,0,1,1,1,0,0,1,1,1,0,1,0,0,0
0,1,1,0,0,0,1,1,0,0,0,1,0,1,1,1,0,0,0,0,1,0,1,1,0,1,1,0,1,1,0,1,1,1
1,1,1,0,1,0,0,0,0,0,0,1,1,0,0,1,0,1,1,1,0,1,1,1,1,1,1,1,1,0,0,1,0,0
1,1,0,1,0,1,0,0,1,0,1,0,0,1,1,1,0,0,1,0,1,1,0,0,1,1,1,0,1,0,1,0,0,0
1,1,1,1,0,1,1,0,1,1,1,1,1,0,1,0,0,0,1,1,1,1,0,0,1,1,1,1,0,0,0,1,0,0
1,0,1,1,1,0,1,0,1,0,1,0,0,0,1,1,0,0,0,0,1,1,1,1,0,1,0,0,1,0,0,0,1,1
1,0,1,0,0,0,0,1,1,0,1,1,0,0,0,1,1,0,0,1,1,1,0,1,0,0,1,0,1,1,0,0,0,0
1,0,1,1,1,0,1,1,1,0,0,0,1,1,1,0,0,1,1,1,0,1,1,0,1,1,0,0,1,1,1,1,0,0
1,0,0,1,0,1,0,0,0,0,1,1,1,0,1,0,0,0,0,1,1,0,0,1,1,0,1,0,0,1,0,0,0,0
1,1,0,0,0,1,1,0,1,1,1,1,0,1,1,0,1,1,0,0,0,0,1,1,0,1,1,1,0,1,1,1,0,0
1,1,1,1,0,0,0,1,1,0,1,0,0,1,0,0,0,1,1,1,1,0,0,1,0,1,1,1,0,1,1,0,0,0
1,1,0,1,1,1,0,1,0,0,0,0,1,0,0,1,0,0,1,1,1,0,0,0,1,0,0,0,1,1,1,1,0,0
1,0,0,0,0,0,0,0,1,1,1,1,0,1,0,0,0,1,0,0,1,0,0,1,0,0,0,0,0,1,0,0,0,0
0,1,1,1,1,0,0,1,0,0,0,0,1,1,1,1,0,0,0,0,0,0,1,0,0,1,0,1,0,1,1,1,0,0
1,1,1,0,1,0,1,0,1,1,0,0,0,0,0,0,1,0,1,1,0,1,1,0,1,0,0,1,1,1,1,1,0,0
1,1,1,1,1,1,1,0,1,0,1,0,1,0,1,1,1,0,1,0,1,1,1,1,1,0,0,0,0,1,1,1,0,0
1,0,0,1,0,0,1,1,1,1,1,0,1,1,0,1,0,1,1,0,1,1,1,0,1,0,1,0,0,0,0,1,0,0
1,0,1,1,1,1,1,1,1,0,1,0,1,1,0,0,1,0,1,0,1,0,1,1,1,0,0,1,1,1,0,1,0,0
1,1,1,1,0,1,1,1,1,0,0,1,1,1,0,1,1,1,0,0,1,1,0,1,1,1,0,0,0,0,0,0,0,0
1,0,1,0,0,1,0,0,1,0,1,1,1,0,1,1,0,0,0,1,1,0,0,0,1,1,1,1,1,1,1,1,0,0
1,1,0,1,0,0,0,1,0,1,1,0,1,1,0,1,0,1,0,0,0,1,1,0,1,1,0,1,0,0,1,1,0,0
1,1,1,0,0,0,0,1,0,0,1,0,1,0,1,0,0,1,1,1,0,1,0,0,0,1,1,1,0,1,1,1,0,0
0,0,1,0,0,0,0,0,1,1,1,1,1,0,1,1,0,0,0,1,0,0,0,0,0,0,1,1,0,1,1,1,0,0
1,0,1,1,1,1,0,0,0,1,1,0,0,0,1,1,0,1,0,0,1,1,0,0,0,1,1,0,1,1,1,0,0,0
1,1,1,1,1,1,1,1,0,0,1,0,0,1,1,1,1,1,1,0,1,1,1,1,1,1,0,0,0,1,1,1,0,0
0,0,1,0,0,1,1,0,0,1,0,0,1,1,1,1,0,0,0,0,0,1,0,1,0,0,1,0,1,0,1,1,0,0
1,1,1,1,0,0,1,1,1,1,0,1,1,0,1,1,1,0,0,0,0,1,1,1,1,0,1,1,1,1,1,0,0,0
1,0,0,0,1,0,1,1,0,0,0,0,0,0,1,0,0,0,1,0,1,0,0,0,0,0,1,1,0,1,1,0,0,0
0,1,0,1,0,0,0,0,1,0,0,1,0,0,0,1,0,0,0,0,0,0,1,0,1,1,1,1,1,0,1,0,1,1
0,1,0,0,0,1,0,1,0,0,0,0,0,1,0,1,0,0,1,1,1,0,0,1,1,0,1,0,0,1,0,1,0,0
0,1,1,0,1,0,0,0,0,1,0,0,0,0,1,1,0,0,0,0,0,0,1,0,1,0,1,0,0,1,0,0,1,1
1,1,1,0,0,1,1,1,1,1,1,0,0,0,1,0,1,0,0,0,1,1,1,1,1,0,1,0,0,1,1,0,0,0
1,0,1,1,0,1,1,1,0,1,1,0,0,0,0,1,0,0,0,0,0,1,1,0,1,1,1,0,0,0,1,0,1,1
1,1,1,0,1,1,1,1,1,1,0,0,1,0,1,0,0,1,1,0,0,1,1,0,1,0,0,1,1,1,0,0,0,0
0,1,1,1,1,0,1,1,0,1,1,1,0,0,1,1,0,0,1,1,1,1,0,0,0,0,0,0,0,0,1,0,0,0
1,0,0,0,0,0,1,1,0,1,1,1,0,0,1,0,0,1,1,1,0,0,1,1,1,0,0,0,1,0,1,0,0,0
1,0,0,1,0,1,0,1,0,0,0,1,0,0,1,1,0,0,0,1,1,1,1,1,1,0,0,1,1,0,0,0,1,1
1,1,1,0,1,1,0,1,1,0,1,0,0,1,0,1,1,0,1,0,1,1,0,1,1,1,0,1,1,0,1,0,0,0
1,0,1,0,0,1,1,0,0,0,0,0,1,0,0,1,0,0,0,1,0,1,1,1,1,1,0,0,1,1,1,1,1,1
1,1,1,1,0,1,0,1,0,0,0,1,0,0,1,1,1,1,1,1,0,0,0,1,1,0,0,1,0,1,0,0,0,0
1,1,0,0,0,0,1,0,1,0,1,0,0,0,0,1,0,0,1,1,0,1,1,1,0,0,1,0,0,0,0,0,0,0
1,0,0,1,0,0,1,0,1,1,1,1,0,1,1,1,0,1,0,0,0,1,0,0,0,0,0,0,1,0,0,0,0,0
0,0,0,1,1,0,1,0,0,1,1,1,0,0,0,1,0,0,0,1,1,0,0,1,0,1,0,1,0,1,1,0,0,0
1,1,0,0,1,1,0,0,0,1,0,1,0,0,1,0,0,1,0,0,0,0,1,0,1,1,0,1,1,1,1,0,0,0
1,0,0,1,1,0,1,1,1,0,0,0,0,0,0,1,0,0,0,0,0,1,0,1,0,0,0,1,0,0,0,0,1,1
1,0,1,0,1,1,1,0,0,1,0,1,1,1,1,1,1,0,0,0,1,1,0,1,1,1,0,1,1,1,1,1,0,0
1,0,0,0,0,0,1,1,0,1,1,0,0,1,1,0,0,1,0,0,0,1,0,0,0,1,0,0,1,1,1,1,0,0
0,0,0,1,0,0,1,1,0,1,1,0,1,0,1,0,0,0,0,0,1,1,1,1,1,0,0,0,1,0,0,1,0,0
1,1,1,0,0,0,1,0,1,0,0,1,1,1,0,0,0,0,0,1,1,1,1,1,0,1,0,1,0,1,0,1,1,1
0,1,1,1,0,1,1,0,0,1,0,1,1,0,0,1,0,0,0,0,1,0,0,0,0,0,1,1,1,0,0,1,1,1
0,1,0,0,0,1,0,1,1,0,1,1,0,1,1,0,0,0,1,1,0,1,1,0,1,0,1,1,0,1,0,0,0,0
1,0,0,1,1,1,0,1,0,1,1,1,1,0,1,0,0,0,1,0,0,1,0,0,0,0,1,1,0,1,1,0,0,0
1,1,0,0,1,1,1,1,1,0,1,0,0,0,1,1,0,0,1,1,0,0,1,0,1,1,1,1,0,1,0,0,0,0
1,1,1,1,0,0,1,0,0,1,1,0,1,1,1,0,1,0,1,1,1,1,1,0,1,1,1,1,1,1,1,0,0,0
0,0,1,1,1,0,1,1,0,1,1,0,1,0,1,0,0,0,1,1,0,0,0,1,1,0,1,1,0,0,0,1,0,0
0,1,1,0,0,1,0,0,1,0,0,0,1,0,1,0,0,0,1,0,0,1,0,0,0,1,1,1,1,1,1,0,1,1
0,1,1,0,1,0,1,0,1,1,0,0,1,1,1,1,0,0,0,1,1,1,1,0,0,0,1,1,1,0,0,1,0,0
1,0,1,1,0,1,1,1,1,0,0,0,1,0,0,0,0,0,0,0,0,0,1,0,0,1,1,0,0,0,1,0,1,1
1,1,1,1,0,0,1,0,0,1,1,0,1,0,0,1,1,0,1,0,0,1,1,0,0,1,0,0,0,1,0,0,0,0
1,1,0,0,0,1,0,0,0,0,0,0,1,0,1,0,0,0,0,1,1,0,1,0,0,1,1,0,1,0,1,0,1,1
1,1,1,0,0,0,1,1,0,1,1,0,1,0,0,1,0,0,1,0,0,1,1,0,0,0,1,1,0,1,1,1,0,0
1,1,0,0,0,1,0,1,1,0,0,0,0,1,1,1,0,1,0,0,0,1,1,1,1,1,1,0,0,1,1,1,0,0
1,1,1,1,1,0,1,1,0,0,1,0,1,0,1,1,1,0,1,1,0,1,0,0,0,0,0,1,0,0,1,0,0,0
1,1,0,0,1,0,1,1,0,0,1,0,0,0,1,1,1,0,1,0,1,0,1,1,1,0,0,1,0,0,1,1,0,0
1,1,0,1,1,0,1,0,1,1,0,0,0,0,1,1,0,0,1,0,0,0,1,1,1,1,0,0,1,0,0,1,0,0
1,1,1,0,0,1,1,0,0,1,0,1,1,1,0,1,0,1,0,0,0,0,0,1,0,0,0,1,0,0,0,0,0,0
0,1,0,1,0,0,0,0,0,0,1,0,1,1,0,0,0,1,0,0,1,1,0,1,1,1,1,1,1,0,1,0,0,0
1,1,0,0,0,0,0,0,1,0,0,1,1,0,1,1,1,0,1,0,1,0,1,0,1,0,1,0,0,1,0,0,0,0
1,0,0,0,0,0,0,1,0,0,0,1,1,1,1,1,0,1,0,0,1,1,0,1,1,1,1,1,0,0,1,0,0,0
1,1,0,0,0,0,0,0,0,0,0,0,0,0,1,0,1,0,1,0,1,0,1,1,0,1,0,1,1,1,1,0,0,0
1,1,1,1,1,1,1,0,0,0,0,0,0,0,1,1,0,1,1,0,0,1,1,0,0,0,1,1,1,0,1,0,0,0
1,0,1,0,1,1,0,0,1,1,0,0,0,1,1,1,0,0,0,1,1,1,0,0,1,1,1,1,1,0,1,0,1,1
1,1,1,0,0,0,1,0,0,1,0,1,1,0,1,1,0,0,0,1,1,0,1,0,1,1,0,1,0,1,0,0,0,0
0,1,1,0,1,1,1,1,0,1,1,1,1,0,1,0,0,0,0,1,0,1,0,0,0,0,0,0,0,1,0,0,0,0
1,1,1,1,0,1,1,0,1,1,1,1,0,0,1,1,1,0,1,1,0,1,0,1,1,0,0,0,0,1,0,1,0,0
1,1,0,1,0,0,0,1,1,0,1,0,1,1,1,1,1,0,1,1,1,0,0,0,0,0,1,1,1,1,1,1,0,0
1,1,1,0,1,0,1,0,1,1,1,1,0,1,0,1,0,1,1,1,1,1,1,0,0,0,0,1,1,0,0,0,0,0
1,1,1,0,0,0,1,0,1,0,0,0,0,1,1,0,0,0,1,1,0,0,0,1,1,0,0,1,1,1,0,1,1,1
1,0,0,1,0,1,0,0,0,1,1,0,1,0,0,1,0,0,0,1,1,0,0,1,0,1,0,0,0,1,1,0,1,1
1,0,1,1,1,1,1,0,0,0,1,1,0,0,1,1,0,1,0,0,0,1,0,0,0,1,1,0,0,0,0,1,0,0
0,1,1,0,1,1,0,0,0,0,1,1,1,1,0,1,0,0,0,0,1,1,0,1,1,0,0,0,0,1,1,1,0,0
0,1,0,0,1,0,0,1,0,0,1,0,0,1,1,1,0,0,1,1,1,0,0,1,1,0,0,1,0,1,1,0,0,0
1,0,0,0,1,0,1,1,1,0,0,0,0,1,0,0,0,1,0,0,0,0,0,0,0,0,0,0,0,1,1,1,0,0
1,1,1,1,0,1,1,0,0,1,0,0,0,0,0,0,0,0,1,0,0,0,0,0,0,1,0,0,0,1,0,0,1,1
0,1,1,1,0,0,0,1,0,1,0,1,1,0,1,1,0,1,1,0,1,0,0,0,1,0,0,1,0,1,1,1,0,0
1,1,0,1,0,1,1,0,1,1,0,0,0,0,0,1,0,1,0,1,0,1,0,1,0,0,1,1,0,1,1,1,0,0
0,1,1,0,0,0,0,1,1,1,0,1,0,0,0,0,0,0,0,0,1,0,1,0,1,0,1,1,0,1,1,0,1,1
0,1,1,1,0,0,0,0,1,1,1,1,1,1,0,1,0,1,0,1,0,0,1,0,1,0,1,0,0,0,1,1,0,0
1,0,1,1,1,0,1,1,1,0,1,0,1,0,0,1,0,0,1,1,1,1,1,0,1,0,1,1,1,0,1,0,0,0
0,1,0,0,0,1,1,1,0,1,0,1,0,1,1,0,0,0,0,1,1,0,0,0,1,1,0,1,0,0,1,0,1,1
1,1,1,1,0,0,0,1,0,0,0,0,0,1,1,0,0,1,0,0,0,0,1,0,1,1,1,1,1,1,1,1,0,0
1,0,1,0,0,0,0,0,0,0,1,1,0,0,1,1,0,1,0,0,0,1,0,0,0,0,0,0,0,1,1,0,0,0
0,1,0,1,1,1,1,1,1,0,0,1,0,1,1,0,0,1,0,0,1,1,0,1,0,0,0,0,0,1,0,1,0,0
1,1,0,0,1,0,0,0,0,0,1,1,1,0,1,0,1,0,0,1,0,0,1,1,0,1,0,1,0,1,1,0,0,0
1,1,1,1,1,0,1,0,0,1,1,1,0,0,1,1,1,1,1,1,0,1,1,0,0,0,1,0,1,0,0,0,0,0
1,0,1,0,1,1,1,0,1,1,0,0,0,0,0,0,1,0,1,0,1,0,0,1,1,0,0,1,0,1,1,0,0,0
0,1,1,0,1,0,1,0,1,0,1,1,1,0,1,0,0,0,0,0,0,1,1,1,1,0,1,0,1,0,0,0,0,0
1,1,0,0,1,1,0,0,0,0,0,1,0,0,1,1,0,0,0,1,1,0,0,1,1,0,0,0,0,1,0,0,1,1
1,0,1,1,0,1,1,1,1,1,0,0,1,1,0,0,1,0,1,1,0,1,0,1,1,0,0,0,1,0,0,0,0,0
1,1,1,0,0,0,0,1,0,1,0,1,0,1,1,0,1,1,0,0,1,0,1,0,0,0,1,1,0,1,1,0,0,0
0,1,0,1,1,1,0,0,1,0,0,0,0,1,1,1,0,1,0,1,0,0,0,0,0,0,0,1,0,1,0,0,0,0
1,0,1,1,1,1,0,1,0,1,0,1,1,0,1,0,0,0,0,1,1,1,1,0,0,1,0,0,0,1,1,1,0,0
1,1,0,1,1,0,1,1,0,1,0,0,0,0,0,1,1,0,1,1,1,0,0,0,0,1,1,1,1,0,0,1,0,0
0,1,1,0,1,1,1,1,0,0,1,1,0,0,0,1,0,1,1,0,0,1,1,1,0,1,1,0,1,1,0,1,0,0
1,1,0,1,1,1,0,0,0,1,0,0,1,1,1,0,1,0,0,0,1,0,1,1,1,0,1,1,1,0,0,1,0,0
0,1,0,0,0,0,0,1,1,0,0,0,1,0,1,0,0,0,1,1,1,0,0,0,1,1,1,0,1,1,0,1,1,1
1,1,0,1,0,0,0,0,1,1,1,0,1,1,1,1,0,0,1,1,0,1,1,1,1,0,1,1,0,1,0,1,1,1
0,1,1,1,1,0,1,1,0,0,0,1,1,0,1,0,0,1,1,0,1,1,0,1,1,1,1,0,1,1,0,1,0,0
1,1,0,1,1,0,1,0,0,0,0,0,0,1,1,0,1,0,1,0,1,1,0,0,1,1,1,0,0,1,1,0,0,0
0,0,1,0,1,0,0,1,0,1,1,1,1,1,0,0,0,0,0,0,1,1,0,0,0,1,1,0,1,1,1,0,0,0
1,0,1,1,0,1,0,1,1,0,0,1,0,1,0,1,0,0,1,1,1,1,1,0,1,0,1,0,1,1,0,0,0,0
1,1,1,1,1,0,0,0,0,0,1,0,0,0,1,1,0,1,1,1,0,0,0,1,1,0,0,1,0,1,0,1,0,0
0,1,1,1,0,1,1,1,1,0,1,1,0,0,1,0,0,1,1,0,1,1,1,1,1,0,0,0,1,0,0,1,0,0
1,1,0,0,0,0,0,1,1,0,1,0,0,0,0,0,0,0,1,0,0,0,1,0,0,1,1,0,0,0,0,1,1,1
1,1,1,1,0,1,1,1,1,0,1,1,1,0,0,0,0,1,1,1,0,1,0,1,1,0,0,0,0,0,1,0,0,0
1,0,0,1,1,1,1,1,1,0,0,1,0,0,0,1,1,0,0,1,0,0,1,1,1,1,0,0,0,0,0,0,0,0
1,1,1,0,0,0,1,1,0,0,1,0,0,1,0,0,1,0,1,1,0,0,0,1,0,1,0,1,1,1,0,0,0,0
1,1,1,1,1,0,0,1,0,0,0,1,0,1,1,1,0,0,0,0,1,1,1,0,0,0,0,1,0,1,0,0,1,1
1,1,0,1,0,1,1,1,1,0,1,0,0,0,1,1,0,0,0,0,0,1,0,1,0,1,0,0,0,0,0,0,1,1
1,0,0,0,0,1,1,0,1,1,0,0,1,0,1,0,0,0,1,0,0,0,1,0,1,0,1,0,0,0,0,1,0,0
1,0,0,1,1,0,1,1,1,0,0,1,0,0,1,1,1,0,0,0,0,0,1,1,0,0,1,1,1,1,1,1,0,0
1,1,0,1,1,0,1,1,1,1,0,0,1,0,0,1,0,1,1,0,1,1,1,0,0,1,0,0,1,1,0,0,0,0
1,1,0,1,1,1,0,0,1,1,0,1,1,1,0,1,1,0,1,0,1,1,0,0,1,0,1,1,0,0,0,0,0,0
1,1,0,0,1,1,1,1,1,1,1,1,1,0,0,0,1,0,1,1,1,1,1,0,0,0,1,1,0,1,1,1,0,0
0,1,1,0,0,1,0,0,0,1,0,1,1,0,0,0,0,1,0,0,1,0,1,0,1,1,0,0,1,0,0,1,0,0
1,1,1,1,0,1,0,1,0,0,1,1,1,1,0,0,1,1,1,0,1,0,1,0,1,1,1,1,0,0,1,1,0,0
1,1,1,0,0,0,0,1,0,0,1,1,0,0,0,1,0,0,0,0,0,1,1,1,1,0,0,0,0,0,0,0,1,1
1,1,1,1,1,1,1,0,1,1,0,1,1,1,0,1,0,0,0,1,0,0,1,0,1,0,0,0,0,1,0,1,0,0
1,1,1,0,0,1,1,0,1,0,0,0,0,0,0,0,1,0,0,0,1,1,0,1,1,0,1,1,0,0,1,0,0,0
1,0,0,0,0,0,1,0,1,0,0,0,1,1,1,0,0,0,0,0,1,0,0,0,0,0,1,0,1,0,1,0,1,1
1,1,0,0,1,1,1,1,1,1,1,0,0,1,1,1,1,0,0,0,1,1,0,1,0,0,1,1,0,0,0,0,0,0
1,0,0,0,1,1,0,0,0,1,0,0,0,0,0,1,0,1,0,1,1,0,1,1,0,1,0,0,0,1,0,1,0,0
1,1,0,1,1,0,1,1,0,1,1,1,0,0,0,0,0,1,0,0,1,0,0,0,0,0,0,0,1,1,1,0,0,0
1,1,0,0,0,1,1,1,1,1,0,0,0,1,0,1,1,0,0,1,1,0,0,0,0,1,0,0,1,1,0,0,0,0
1,0,0,1,1,1,0,0,1,1,0,1,1,0,1,0,0,1,1,1,1,0,0,0,0,0,1,1,1,0,1,0,0,0
0,1,0,1,0,0,0,1,0,0,1,0,1,1,1,1,0,0,0,0,1,0,0,1,1,0,1,0,1,0,1,0,1,1
1,1,0,0,0,0,1,0,1,1,1,1,1,0,1,1,1,0,1,1,1,1,0,0,0,0,0,1,1,0,1,0,0,0
0,1,1,0,0,1,0,0,1,1,1,1,1,0,0,1,0,0,0,0,0,0,1,1,1,1,1,0,0,0,0,0,0,0
1,1,1,0,0,0,0,0,0,1,1,1,0,1,1,1,0,1,0,0,0,0,1,0,0,1,0,0,1,0,1,1,0,0
1,1,1,1,1,0,0,0,0,1,0,1,0,1,1,1,0,1,1,1,0,1,0,1,0,0,0,1,0,0,0,0,0,0
1,1,0,1,1,0,1,0,1,1,0,1,1,0,1,1,1,0,0,1,0,1,1,1,1,0,1,1,1,0,0,0,0,0
1,1,0,0,0,0,1,0,1,1,0,1,0,1,0,0,1,0,0,0,0,1,0,1,0,0,1,0,1,1,1,0,0,0
1,1,1,0,0,1,0,1,0,0,0,1,1,1,1,0,1,0,0,1,0,1,0,1,0,1,0,0,0,1,0,1,0,0
1,0,1,1,0,1,0,1,1,0,0,0,1,1,0,1,0,1,1,0,1,0,0,1,1,1,1,0,0,1,0,0,0,0
1,1,0,1,0,1,1,1,0,1,0,0,1,1,1,1,1,1,0,0,1,1,1,1,0,0,0,1,0,1,0,1,0,0
0,1,1,0,0,0,1,0,0,0,0,0,0,0,1,1,0,1,0,0,1,0,0,0,0,1,1,1,0,1,1,1,0,0
1,0,1,0,1,0,0,0,0,0,0,1,0,0,1,0,0,1,0,1,1,0,1,0,1,0,0,0,1,0,0,1,0,0
1,1,1,0,1,0,1,0,1,1,0,1,1,1,1,1,1,0,1,1,1,0,0,0,1,0,1,1,0,0,0,0,0,0
1,0,1,1,0,1,1,0,0,0,0,0,1,1,1,1,0,1,0,0,0,1,1,0,1,1,1,0,0,1,0,1,0,0
1,1,1,0,0,1,1,1,1,1,0,0,1,1,0,1,0,0,0,1,0,1,1,1,0,1,0,1,0,0,0,0,1,1
0,0,0,0,1,0,1,0,1,0,0,1,0,0,1,0,0,0,0,0,0,0,1,0,1,1,1,0,0,0,1,1,0,0
1,0,1,1,1,1,0,1,0,0,0,1,1,1,0,0,0,0,0,1,0,1,1,0,0,0,0,0,0,0,0,1,1,1
1,1,1,1,0,1,0,1,0,1,1,0,0,0,1,0,1,0,1,1,1,0,0,1,0,1,1,1,1,0,1,0,0,0
1,1,0,0,0,1,0,1,1,0,1,0,1,1,1,1,0,1,1,1,0,1,1,1,0,0,0,1,0,1,0,0,0,0
1,1,1,0,0,0,1,1,1,1,0,0,1,0,0,1,0,0,1,1,0,1,1,1,1,0,0,0,0,1,0,1,0,0
1,0,1,0,1,0,0,1,0,0,1,0,1,0,1,1,0,1,1,0,0,0,0,0,1,1,0,0,0,1,1,1,0,0
1,1,0,1,1,1,1,0,1,0,0,1,0,1,0,1,0,0,1,0,1,1,0,0,1,1,1,0,1,0,0,0,1,1
1,0,1,0,1,0,0,0,1,0,0,1,0,1,0,1,0,1,1,1,0,0,0,1,1,0,0,0,1,1,0,1,0,0
1,0,1,1,0,0,1,0,1,0,1,0,0,0,0,1,0,0,0,0,0,0,1,1,1,0,0,0,0,1,0,1,1,1
0,1,0,1,0,0,0,1,1,0,1,1,0,0,1,0,0,0,1,1,0,1,1,0,1,0,0,0,1,1,0,1,0,0
1,1,1,1,0,0,0,0,0,0,0,1,1,1,1,1,0,0,0,1,0,0,0,1,0,0,1,0,0,1,1,0,0,0
1,0,0,1,1,0,1,0,0,1,1,0,1,1,0,0,0,1,1,0,1,0,1,1,0,0,1,1,0,1,0,1,0,0
0,1,0,1,1,1,0,1,0,0,0,0,0,0,0,1,0,0,0,0,0,0,0,1,0,1,1,1,1,0,0,0,1,1
1,0,0,0,0,1,0,0,1,0,1,1,0,1,1,0,0,0,0,0,1,1,1,1,0,0,1,0,1,0,1,1,1,1
1,1,1,1,0,0,1,0,0,0,0,1,0,1,0,1,0,1,0,0,0,0,0,0,0,0,1,0,1,0,0,0,0,0
1,1,1,0,1,0,0,1,0,0,1,1,1,1,0,0,1,1,0,1,1,1,0,1,0,1,1,1,0,0,0,0,0,0
1,1,0,1,0,1,1,0,0,1,0,0,1,1,1,1,1,0,0,1,0,1,1,1,0,0,1,1,0,0,1,1,0,0
1,0,0,0,0,0,0,1,1,0,0,1,1,0,1,0,0,1,0,1,0,0,0,1,1,1,1,0,1,0,1,1,0,0
1,1,0,0,0,0,0,0,1,0,0,0,1,0,0,1,0,0,0,1,0,0,0,0,0,0,1,1,0,1,0,1,1,1
1,0,0,0,1,0,0,0,1,0,0,1,0,0,0,1,0,0,0,0,1,1,0,0,0,0,1,0,0,1,0,1,1,1
1,0,1,0,0,0,0,0,1,0,1,1,0,1,1,1,1,0,0,1,1,1,1,1,0,1,1,1,0,0,0,0,0,0
0,1,0,0,0,0,1,0,0,0,1,1,1,1,1,1,0,0,0,0,1,1,1,0,1,1,1,1,1,1,0,0,0,0
1,1,0,0,0,1,1,0,0,0,1,0,0,0,0,0,0,0,1,1,1,0,0,1,0,0,0,0,0,1,0,0,0,0
1,1,1,0,1,1,1,0,0,0,1,0,0,0,0,0,1,0,1,1,0,1,1,1,0,1,1,1,0,0,0,0,0,0
1,0,0,0,0,1,0,1,1,0,0,1,0,0,1,1,0,1,1,0,1,0,1,0,1,0,1,0,0,1,1,0,0,0
1,1,1,1,1,0,1,1,0,0,1,1,1,0,1,0,1,0,0,0,1,1,0,0,1,1,1,0,1,0,0,1,0,0
1,0,1,1,1,1,0,1,1,0,0,0,1,1,1,1,1,0,1,1,0,0,1,0,1,0,0,1,1,0,0,1,0,0
0,1,1,0,0,1,1,1,1,1,0,1,1,1,1,1,0,0,1,0,1,0,0,1,0,1,1,0,1,0,1,1,0,0
1,1,0,0,1,1,0,0,0,1,1,1,0,1,1,0,1,0,1,1,0,0,1,1,1,0,1,1,1,0,1,0,0,0
1,1,1,0,0,1,1,1,0,0,0,1,0,0,1,0,0,1,0,1,1,0,1,0,1,1,1,1,0,0,0,1,0,0
0,1,1,1,0,0,0,1,1,0,1,0,1,1,1,1,0,1,1,0,1,1,0,0,1,1,1,1,0,1,0,0,0,0
0,1,0,1,0,0,0,0,1,0,0,1,0,1,0,0,0,1,0,0,1,0,1,1,0,1,0,0,1,0,0,0,0,0
0,1,0,0,1,1,1,1,0,0,0,1,0,0,1,0,0,0,0,1,0,1,1,1,1,0,1,0,0,0,0,1,1,1
0,1,1,0,1,0,0,1,1,1,0,0,0,0,1,1,0,1,0,1,1,0,0,1,0,0,1,1,0,1,1,1,0,0
1,1,1,1,1,1,0,1,1,1,1,1,1,0,0,0,1,1,0,0,1,1,0,0,1,1,0,1,0,0,1,1,0,0
0,0,1,0,1,0,0,1,0,1,0,0,1,1,0,1,0,0,0,0,0,0,0,1,1,0,0,1,1,1,1,1,0,0
1,0,1,0,1,1,0,0,1,0,1,1,0,1,0,1,0,0,1,0,1,0,0,0,0,1,1,1,0,1,1,0,0,0
1,1,0,1,1,1,0,1,1,1,0,1,1,1,1,0,0,0,0,0,1,0,0,1,1,0,0,0,1,1,0,0,0,0
1,1,1,0,1,1,0,1,1,0,0,0,0,0,1,1,1,0,1,1,0,1,0,1,1,0,0,1,0,0,1,1,0,0
1,0,0,1,0,0,0,0,1,1,0,1,1,0,1,0,0,0,0,0,0,0,1,0,1,1,0,1,1,0,1,1,0,0
1,0,0,0,0,1,0,1,0,0,0,1,1,0,1,0,0,0,1,1,1,0,0,0,1,1,1,0,1,0,0,1,0,0
1,0,1,0,0,1,1,1,0,0,0,1,1,1,1,0,0,1,1,0,0,1,0,1,1,1,1,1,0,1,0,0,0,0
0,1,0,0,1,1,0,0,1,1,1,0,1,1,0,1,0,0,0,1,1,0,1,1,1,0,0,1,1,1,1,1,0,0
1,1,0,0,0,0,0,1,0,0,0,0,1,0,1,1,0,0,0,0,1,1,1,0,1,1,0,0,1,0,1,1,1,1
0,0,1,1,0,1,0,0,1,1,1,0,1,0,1,0,0,0,0,0,0,1,1,1,0,1,0,1,1,1,0,1,0,0
1,1,1,1,1,1,1,1,0,0,1,1,0,0,1,1,0,1,1,1,0,0,0,1,1,0,1,0,1,0,0,1,0,0
1,1,0,0,0,1,0,1,0,1,0,0,1,1,1,0,0,1,0,0,0,0,1,0,0,0,0,0,1,1,0,0,0,0
1,1,1,0,1,0,0,0,0,1,1,1,0,1,1,0,1,1,0,0,1,0,0,0,0,0,1,1,1,0,1,1,0,0
0,1,0,1,1,1,1,1,1,0,0,1,0,0,0,1,0,1,0,0,1,0,1,0,1,1,0,1,1,0,1,0,0,0
1,1,1,0,1,0,1,0,1,1,1,1,1,0,1,0,1,1,0,1,1,1,0,0,1,0,1,0,0,0,0,1,0,0
1,1,0,0,0,1,1,1,0,1,0,0,1,0,1,1,0,1,0,0,0,0,1,0,1,1,0,1,0,1,0,1,0,0
1,1,0,1,1,0,1,0,0,1,1,1,1,1,1,1,0,1,1,0,1,1,1,0,0,0,0,1,1,1,0,0,0,0
1,1,0,1,0,1,0,1,1,0,1,0,0,0,0,1,1,0,1,0,1,0,0,0,1,0,0,0,1,0,0,1,0,0
1,1,1,0,0,0,0,1,0,0,0,1,0,0,0,1,0,1,0,1,0,1,0,0,0,0,0,1,0,0,0,1,0,0
1,1,0,1,1,0,1,1,1,1,1,0,1,1,1,1,0,0,1,1,0,0,0,1,1,1,0,1,0,1,1,0,0,0
1,1,1,0,1,0,1,1,0,0,1,1,1,1,1,1,0,0,0,1,0,1,1,0,0,1,0,0,0,1,1,1,0,0
0,1,0,1,1,0,0,1,0,1,1,1,1,1,1,1,0,0,1,0,0,1,1,1,1,0,0,1,0,1,1,1,0,0
1,1,1,0,1,0,1,0,1,1,0,1,1,1,0,1,0,1,0,0,1,1,0,0,0,1,1,1,1,0,0,0,0,0
0,1,1,1,0,1,1,1,0,1,0,0,0,0,1,1,0,0,1,1,1,0,1,1,0,0,0,1,0,0,1,1,0,0
0,1,1,1,1,1,0,0,1,1,0,0,1,0,0,0,0,1,0,0,0,1,0,1,0,1,0,1,1,0,0,0,0,0
1,1,0,0,1,0,0,0,0,1,1,1,0,0,0,1,0,0,1,1,0,0,0,1,1,1,1,1,0,0,0,1,0,0
1,1,0,0,0,1,1,1,0,0,1,1,1,1,1,1,0,1,1,1,0,0,1,0,1,0,1,0,0,0,0,0,0,0
1,0,1,0,0,0,1,1,1,1,1,0,1,1,0,0,0,1,1,1,1,1,0,0,1,1,0,0,0,0,0,1,0,0
1,1,1,1,0,0,0,1,0,1,0,0,1,1,1,0,0,0,0,0,1,1,0,1,0,1,1,0,1,0,1,1,1,1
1,0,0,0,1,1,1,0,0,0,0,0,1,1,1,1,0,1,1,0,1,1,1,1,1,1,0,1,1,0,1,0,1,1
0,0,0,0,1,0,1,0,0,1,1,1,0,0,0,0,0,0,0,0,1,0,1,0,0,1,1,1,0,1,1,1,0,0
1,0,0,1,1,1,1,1,1,1,1,1,0,0,1,1,0,0,1,0,1,1,1,0,0,1,0,0,0,1,1,1,0,0
0,0,1,0,1,1,1,1,0,0,1,1,1,1,0,1,0,0,0,0,0,1,0,0,1,0,1,0,0,0,0,0,0,0
1,0,0,0,0,0,0,0,1,0,1,0,1,1,0,0,0,1,1,1,0,1,1,1,1,1,0,0,1,1,0,1,0,0
0,1,0,1,0,0,1,1,1,1,1,1,0,0,1,0,0,1,0,0,1,1,1,0,1,1,0,0,0,0,1,1,0,0
0,1,1,1,0,1,0,1,1,1,1,1,0,1,1,0,0,1,0,1,0,1,0,0,1,1,1,1,1,0,1,1,0,0
1,0,0,0,1,1,1,0,1,1,0,1,0,1,0,0,0,1,0,1,0,0,1,1,1,0,1,1,1,0,0,1,0,0
1,1,0,1,1,0,1,0,1,0,1,1,0,0,0,1,0,0,1,0,1,1,1,1,1,1,1,0,0,1,0,0,0,0
1,1,1,1,0,0,0,0,0,1,0,1,1,1,0,1,0,1,0,1,1,0,0,0,0,0,0,0,1,1,0,1,0,0
1,0,0,1,1,1,1,0,1,1,0,0,1,0,0,0,0,1,1,0,0,1,0,0,0,0,0,0,1,1,0,0,0,0
0,1,1,1,0,1,0,1,1,0,0,0,1,1,0,1,0,1,0,0,0,0,0,1,1,1,1,1,1,1,1,1,0,0
0,1,0,0,1,1,1,0,1,1,1,0,1,1,1,1,0,1,0,0,1,0,0,1,1,1,0,0,1,1,1,1,0,0
1,1,0,1,0,1,1,1,0,0,0,1,1,0,1,1,0,1,1,1,1,0,1,1,0,0,1,1,0,0,0,1,0,0
0,1,0,0,1,1,0,1,0,1,0,0,0,0,0,1,0,0,1,1,1,1,1,0,1,0,1,0,0,0,1,0,0,0
1,0,0,1,0,1,1,1,0,1,1,1,0,1,0,1,0,1,1,0,0,1,1,0,0,0,1,1,1,1,1,1,0,0
1,0,1,0,0,0,0,1,0,1,1,1,1,0,1,0,0,0,1,0,1,1,1,0,0,0,0,1,1,0,0,1,0,0
1,0,1,0,0,0,0,1,1,1,1,0,0,1,0,0,1,0,0,1,1,1,1,0,0,1,1,1,1,1,1,0,0,0
0,0,1,0,1,1,0,0,0,0,1,0,1,1,0,0,0,0,0,1,0,1,0,1,1,0,1,0,0,0,1,1,0,0
0,1,1,0,1,0,1,0,1,0,0,0,1,0,1,1,0,0,1,1,0,0,0,1,1,1,1,0,1,0,1,1,1,1
1,1,0,1,1,0,0,0,1,1,0,1,0,0,0,1,0,0,0,0,0,1,0,1,0,0,0,0,1,0,1,1,0,0
1,1,0,0,0,1,0,1,1,0,1,1,1,0,1,1,1,0,1,1,1,0,0,0,0,0,1,1,0,1,1,0,0,0
0,1,1,0,1,0,1,1,0,1,0,1,0,1,0,0,0,1,1,0,1,0,0,0,1,1,0,0,0,1,0,0,0,0
1,1,1,0,0,0,0,0,0,1,1,0,1,0,1,1,0,1,0,0,0,1,0,0,0,1,1,1,1,0,0,1,0,0
1,1,0,1,1,1,1,1,0,1,0,1,1,0,0,0,0,1,1,1,1,0,1,0,0,0,1,0,1,1,0,1,0,0
0,0,1,0,1,1,1,0,0,0,0,1,0,1,1,0,0,0,1,0,0,1,0,0,0,0,0,0,0,1,0,0,0,0
1,1,1,1,0,1,1,0,1,0,1,0,1,0,0,1,0,0,1,1,0,1,1,0,0,0,1,0,0,0,0,1,0,0
0,1,0,1,1,1,1,0,0,0,0,1,1,1,0,0,0,0,1,0,0,1,0,0,0,0,0,1,1,0,0,0,1,1
1,1,0,0,1,1,0,1,1,0,0,1,1,1,1,0,0,0,1,1,1,0,0,0,1,1,0,1,0,0,1,0,0,0
0,1,0,1,1,1,1,0,1,0,1,0,1,1,0,0,0,0,0,1,1,0,1,0,1,1,1,1,1,1,0,1,1,1
1,1,1,1,0,1,0,0,1,0,0,0,1,0,0,1,1,0,1,1,0,0,1,1,1,0,0,0,1,0,1,0,0,0
1,0,0,1,0,0,1,1,0,1,0,1,0,1,0,0,0,0,0,0,0,1,0,0,0,0,1,0,1,1,0,0,1,1
1,1,0,1,1,1,1,1,1,0,1,0,1,0,1,1,0,1,1,1,0,0,1,1,1,0,1,0,1,0,0,0,0,0
1,1,1,1,0,0,1,1,0,0,0,1,0,1,1,1,0,0,0,0,0,1,0,0,0,0,1,0,1,0,1,1,1,1
0,1,1,0,1,0,1,1,0,1,1,1,0,1,0,1,0,0,1,0,0,0,0,0,0,0,0,0,1,0,1,0,0,0
1,0,0,1,1,1,0,0,1,1,1,1,0,1,0,0,0,0,1,0,0,0,0,1,0,0,1,0,1,0,0,0,0,0
0,1,0,1,0,1,0,0,1,0,0,0,1,0,0,1,0,0,1,1,0,0,1,1,1,0,0,0,1,0,0,0,1,1
0,0,1,1,0,1,0,0,0,0,0,1,0,1,1,1,0,0,0,1,1,0,0,0,1,1,0,1,1,1,0,0,0,0
1,1,1,1,1,1,0,1,1,1,1,0,1,0,1,0,0,0,1,1,1,1,1,0,1,1,0,0,0,1,0,0,0,0
1,1,0,1,0,0,0,0,1,1,1,1,0,0,0,0,1,0,0,1,0,0,0,0,0,1,1,1,0,0,1,1,0,0
1,0,1,1,1,0,1,1,1,1,1,0,0,0,0,1,1,0,1,1,0,1,1,0,1,0,1,0,1,1,0,1,0,0
0,1,1,0,0,1,1,1,0,1,0,1,0,0,0,0,0,0,0,1,0,0,1,1,1,1,1,0,1,0,0,0,1,1
0,1,0,1,0,0,0,0,1,0,0,0,1,1,1,1,0,0,1,0,0,0,1,0,0,1,0,1,0,0,1,1,1,1
1,1,0,1,1,0,1,1,1,0,1,0,0,0,1,1,0,1,1,1,0,1,0,1,1,1,0,1,1,0,1,1,0,0
1,0,0,1,0,1,1,0,1,1,0,0,1,1,0,0,1,0,0,0,0,0,0,0,1,1,1,0,0,0,0,1,0,0
0,1,0,0,1,1,1,1,1,1,0,0,0,1,0,1,0,0,1,1,1,1,1,0,0,0,1,0,1,0,1,0,0,0
1,0,1,1,1,1,0,1,0,1,1,0,1,1,1,0,1,0,0,0,1,1,0,1,1,1,0,0,1,0,1,1,0,0
1,0,0,0,0,0,1,1,0,1,0,1,0,0,1,1,0,0,1,1,1,0,0,1,0,0,1,1,0,1,1,1,0,0
1,0,1,0,1,0,1,0,1,0,1,0,0,1,0,0,0,1,0,1,0,1,1,0,0,1,0,1,0,0,0,1,0,0
1,0,1,1,1,1,0,0,0,0,1,1,0,1,1,0,0,1,1,1,1,1,1,0,1,0,1,1,1,1,1,0,0,0
1,1,1,0,0,1,0,0,1,0,1,0,0,0,0,1,0,1,1,1,1,0,0,1,1,1,1,1,0,0,0,0,0,0
0,1,1,0,1,1,1,0,0,1,0,0,1,0,1,1,0,1,0,0,0,1,0,1,1,0,0,0,0,0,1,0,0,0
0,1,0,1,1,1,1,1,0,1,0,0,0,1,1,0,0,0,1,0,1,0,1,0,0,0,1,0,1,0,0,0,1,1
1,0,1,0,0,1,1,1,1,1,0,1,1,1,1,0,0,0,1,1,1,0,0,1,1,1,1,0,1,0,1,0,0,0
0,1,1,0,0,1,0,0,1,1,1,0,0,1,1,1,0,0,0,1,0,0,0,0,1,1,0,0,1,0,1,0,0,0
1,0,1,0,1,0,1,1,0,0,1,1,0,1,0,0,0,1,0,0,0,1,1,0,0,1,1,0,0,1,0,0,0,0
1,1,1,0,1,0,1,1,0,0,1,1,1,1,0,0,0,0,1,0,0,0,1,1,0,1,0,0,1,1,1,1,0,0
1,0,1,1,1,1,0,1,0,0,0,0,1,1,1,1,0,0,1,0,0,0,0,0,1,0,0,0,0,1,1,1,1,2
0,1,1,1,0,1,0,1,0,0,1,1,1,0,0,1,0,0,1,0,0,0,0,1,1,1,0,0,0,0,0,1,0,0
1,1,0,1,1,1,1,1,0,0,0,1,1,1,0,1,1,0,1,0,1,1,1,0,0,0,1,1,0,0,0,1,0,0
1,1,1,0,1,0,1,0,0,0,0,1,0,0,0,1,0,1,1,0,0,1,0,0,0,1,1,0,0,0,0,1,0,0
0,1,1,1,1,1,1,0,0,0,0,1,1,1,0,1,0,1,1,0,0,0,1,1,1,1,1,0,1,1,1,0,0,0
0,1,0,0,1,1,0,0,1,0,1,0,1,0,1,0,0,0,1,1,1,1,1,0,0,1,1,0,0,1,1,0,0,0
1,1,0,1,1,0,1,0,1,0,1,1,0,0,1,1,0,1,0,0,0,1,1,1,0,0,1,0,1,1,1,1,0,0
1,1,0,0,1,0,1,1,1,1,0,0,0,1,0,1,0,1,0,0,0,0,1,0,0,1,0,1,1,1,1,0,0,0
1,1,1,0,1,0,1,0,1,1,0,1,1,1,0,0,1,1,1,0,0,0,1,0,1,0,1,0,1,1,0,1,0,0
1,0,0,1,0,0,0,1,1,0,0,0,1,1,1,0,0,0,1,0,1,0,0,1,1,1,0,1,0,0,1,1,1,1
1,1,0,0,1,0,0,1,1,1,1,0,0,1,0,0,0,1,0,0,0,1,1,1,0,1,1,0,1,0,1,1,0,0
0,1,1,1,1,0,1,0,0,0,0,1,0,1,1,1,0,0,1,1,0,0,0,0,1,0,1,1,0,1,1,0,1,1
1,1,1,0,0,1,0,0,1,0,0,0,0,0,0,0,0,0,0,0,0,1,0,0,0,0,1,0,0,1,1,0,1,1
1,1,1,1,0,1,0,0,1,0,1,0,0,1,0,0,0,0,0,0,1,0,0,0,1,1,1,0,0,0,0,1,1,1
0,1,1,1,0,1,1,1,1,1,1,0,0,1,1,1,0,0,1,0,0,1,1,0,1,1,1,0,1,0,1,0,0,0
1,0,1,0,1,0,1,1,0,0,0,0,1,0,0,1,0,1,1,1,1,1,1,0,0,0,1,0,0,1,0,1,0,0
1,0,1,0,0,1,0,0,1,1,1,1,1,1,0,0,1,0,0,0,0,0,1,0,1,0,1,0,1,0,0,1,0,0
1,0,0,0,0,0,0,0,0,1,1,0,0,1,0,1,0,1,1,0,0,0,1,1,0,1,1,0,1,1,0,0,0,0
0,1,0,1,0,0,1,1,0,0,1,1,1,1,1,0,0,0,1,0,0,1,1,1,0,1,0,0,0,0,1,1,0,0
1,0,1,1,1,1,1,1,1,0,0,0,0,0,1,1,1,0,1,1,1,1,1,0,0,1,0,0,0,1,1,0,0,0
0,0,1,1,0,0,1,1,0,0,0,1,1,1,0,0,0,0,1,0,1,0,1,1,1,1,1,0,0,1,1,1,1,1
1,0,0,0,1,1,0,1,0,1,1,0,1,0,0,0,1,0,0,0,0,1,1,0,1,0,1,0,0,0,0,1,0,0
1,1,1,1,0,0,1,0,1,1,0,1,1,0,0,0,1,0,0,1,1,0,1,1,1,0,0,0,1,0,0,0,0,0
0,1,0,0,1,0,1,1,1,0,0,1,1,1,0,0,0,0,0,0,0,0,1,0,0,0,1,0,1,0,0,0,1,1
1,0,1,0,1,0,1,1,0,0,0,0,1,0,1,0,0,1,0,0,0,0,0,0,0,0,1,0,1,1,0,1,0,0
1,1,1,1,1,0,0,1,1,1,0,1,0,0,0,1,0,1,0,1,1,1,0,1,0,1,0,0,0,0,0,1,0,0
1,1,1,0,0,1,1,1,0,1,0,1,0,0,1,1,0,0,0,0,0,0,1,1,0,1,1,0,0,0,1,0,1,1
1,1,1,1,1,1,0,0,1,1,0,0,0,1,0,1,1,1,1,1,1,0,1,0,1,1,1,0,1,1,0,1,0,0
1,1,1,0,0,0,0,0,0,1,1,1,0,0,1,1,0,1,1,1,1,0,1,0,1,0,1,0,1,1,0,1,0,0
0,0,1,1,1,1,1,1,1,0,1,1,1,1,0,0,0,0,1,1,0,0,1,1,1,0,0,1,1,1,1,0,0,0
1,1,0,1,1,1,1,1,0,1,1,0,0,0,1,0,1,0,1,1,1,0,0,1,1,0,1,0,1,0,1,1,0,0
1,1,1,0,1,0,1,0,1,0,0,0,0,1,1,0,1,1,0,1,1,0,0,0,1,1,1,0,1,0,1,1,0,0
1,1,1,1,0,1,1,0,0,0,1,0,1,1,1,0,1,1,0,1,1,0,0,1,0,0,1,1,1,0,1,1,0,0
0,1,1,1,0,0,1,0,1,1,0,1,0,0,1,1,0,1,1,0,0,0,1,0,1,0,0,1,1,1,0,1,0,0
1,1,1,1,1,0,0,1,1,1,1,1,1,1,1,1,1,1,0,0,1,1,1,1,0,0,0,0,0,1,1,0,0,0
1,1,0,0,0,1,0,0,1,0,1,0,0,0,0,0,0,0,1,1,0,1,1,1,1,1,0,1,0,1,1,0,0,0
1,0,0,0,0,0,0,0,0,0,1,0,0,1,0,0,0,1,1,1,0,1,1,1,1,1,1,1,0,1,0,1,0,0
1,0,0,1,1,1,0,1,0,1,1,0,1,0,0,0,1,0,0,1,0,1,1,0,0,0,0,1,0,0,0,1,0,0
1,1,0,1,1,0,0,1,1,0,1,1,0,1,1,0,0,0,1,0,0,0,0,1,0,0,1,1,0,1,0,0,0,0
1,1,0,1,1,0,1,0,1,1,1,1,0,0,0,0,1,0,0,1,0,0,1,0,1,1,0,1,0,0,1,0,0,0
1,0,0,0,0,0,1,0,0,1,1,1,0,1,0,0,0,1,1,0,0,1,0,0,0,0,1,0,0,0,1,0,0,0
1,0,1,1,0,1,1,1,0,1,1,1,0,0,0,0,0,0,1,1,0,1,0,1,1,1,1,1,1,0,1,1,0,0
0,1,1,1,0,0,1,0,1,0,1,0,0,0,0,1,0,1,0,0,1,1,0,1,1,1,0,0,0,1,1,0,0,0
1,1,0,1,0,1,0,1,1,1,0,0,1,1,0,0,0,1,0,1,1,0,1,0,1,0,1,0,1,1,1,1,0,0
1,0,1,1,1,1,1,1,0,1,0,1,0,0,1,0,1,0,0,1,0,1,0,1,1,1,0,1,0,0,1,0,0,0
1,1,1,0,0,0,0,1,0,0,0,0,1,1,1,0,0,1,0,0,0,1,0,0,0,0,0,1,0,0,1,0,0,0
1,0,0,1,0,0,0,1,0,1,1,1,1,0,1,1,0,0,1,0,1,1,0,0,0,1,1,0,1,1,1,0,0,0
1,1,1,1,1,0,1,1,0,0,1,1,0,1,0,0,1,1,1,1,1,0,1,1,0,0,0,0,1,0,0,1,0,0
1,1,0,0,0,1,1,1,0,0,0,0,1,0,1,1,0,1,1,0,0,0,1,1,0,1,0,1,1,1,0,0,0,0
1,1,1,0,1,1,0,1,0,0,1,1,1,1,0,0,1,0,1,1,1,1,1,1,0,0,1,1,0,0,0,0,0,0
1,1,0,0,0,0,0,1,1,1,1,0,0,0,1,1,0,1,1,1,1,1,1,0,1,0,0,1,1,0,0,0,0,0
1,1,0,0,1,1,1,1,0,0,0,0,1,0,0,1,1,0,0,1,1,0,0,0,1,1,0,0,0,1,1,0,0,0
1,1,1,0,1,0,0,1,1,0,0,0,0,0,0,0,1,1,0,1,0,1,1,0,0,1,1,1,0,1,1,0,0,0
0,0,1,1,0,0,0,0,1,0,0,0,0,1,0,0,0,0,0,0,0,0,1,0,0,1,1,1,1,0,1,1,0,0
1,1,0,1,1,1,0,0,1,1,0,1,0,1,0,1,1,1,0,0,0,0,0,0,1,1,0,1,1,0,0,0,0,0
1,0,1,0,0,0,0,1,1,0,0,1,1,0,0,0,0,0,0,0,1,1,1,0,1,1,1,1,1,0,1,0,1,1
0,1,1,1,0,0,0,1,0,1,0,1,0,0,0,1,0,0,0,0,0,0,1,1,1,1,1,1,1,1,0,0,1,1
1,0,0,1,1,1,1,0,1,0,1,0,0,1,1,1,0,1,0,0,1,1,1,0,0,1,0,0,1,1,0,0,0,0
1,0,0,0,1,1,1,0,0,0,0,1,1,0,1,0,0,0,0,0,1,0,0,1,0,0,1,1,1,0,1,0,1,1
1,1,1,0,1,1,0,1,1,0,0,1,0,1,1,1,0,0,0,1,0,1,0,1,0,0,0,0,1,0,1,0,1,1
0,0,1,0,1,0,0,0,1,1,0,0,1,1,1,0,0,0,0,0,1,0,1,1,1,0,0,0,1,1,1,0,1,1
1,0,1,1,0,0,0,0,1,0,0,0,0,1,1,0,0,0,1,1,1,0,1,0,1,1,0,1,0,1,0,0,0,0
1,0,0,1,0,0,0,0,1,0,0,1,0,1,0,0,0,1,1,0,1,1,1,0,0,1,1,1,0,0,1,0,0,0
1,1,1,1,1,1,1,0,0,1,1,0,1,1,1,1,0,0,1,0,0,1,0,0,1,0,1,1,0,0,0,1,0,0
1,1,0,1,0,0,1,0,1,1,0,0,1,1,1,0,0,0,0,0,0,1,1,0,1,1,1,0,1,0,1,1,1,1
0,0,1,0,0,1,0,1,1,1,1,0,1,1,1,1,0,0,0,0,1,0,0,1,0,1,1,0,0,0,1,0,0,0
0,1,0,1,1,1,1,1,0,1,0,1,0,0,0,1,0,0,0,1,0,0,0,0,0,1,0,0,0,0,0,1,1,1
1,0,1,0,1,1,1,1,1,1,1,0,1,0,0,0,1,0,0,1,0,1,1,1,1,0,0,0,0,0,1,1,0,0
0,1,0,0,1,0,0,1,1,0,1,1,0,0,1,1,0,0,1,0,1,0,1,0,0,0,1,1,1,0,1,1,0,0
1,1,0,0,0,0,1,1,0,1,0,0,0,0,0,1,0,1,1,1,0,0,1,1,1,0,1,0,0,1,0,1,0,0
1,1,1,0,1,0,1,0,1,1,1,0,0,0,0,0,1,1,0,0,0,0,0,1,1,1,0,1,1,1,0,0,0,0
1,0,1,1,0,1,1,0,1,0,0,1,0,1,1,1,0,0,1,0,1,0,0,1,1,0,0,0,0,1,0,0,1,1
1,1,1,1,0,1,1,0,1,1,1,0,0,1,0,0,0,1,1,1,0,1,0,1,0,0,0,0,1,0,0,0,0,0
1,1,1,1,1,1,1,1,1,1,0,0,1,0,1,0,0,0,0,0,1,0,0,0,0,0,1,0,0,1,0,1,0,0
1,1,1,1,0,0,1,1,1,1,0,1,0,1,0,0,1,0,0,1,1,1,0,1,0,1,0,1,0,1,1,0,0,0
1,1,0,0,1,1,0,1,0,1,0,0,1,1,1,0,0,1,1,1,0,0,1,1,0,1,0,0,1,0,1,1,0,0
0,1,1,0,0,0,0,0,0,1,1,1,0,1,1,1,0,1,0,1,0,1,0,1,1,1,0,1,0,0,0,1,0,0
1,0,1,1,1,0,1,1,1,0,1,0,0,1,1,0,0,0,1,0,1,1,0,0,0,0,0,0,1,1,0,1,0,0
1,0,0,0,0,0,1,1,0,1,1,1,0,0,0,1,0,1,1,1,0,1,1,0,0,1,0,1,0,1,1,1,0,0
1,0,1,0,0,0,0,1,1,1,1,1,1,1,1,0,0,0,0,1,0,0,1,0,0,0,1,1,0,1,0,1,0,0
1,1,0,0,0,0,0,1,1,1,1,0,0,0,0,1,1,0,1,1,1,1,0,1,0,0,0,1,0,0,1,1,0,0
1,1,1,0,0,1,1,1,0,0,1,0,0,0,0,0,1,0,0,1,1,0,0,1,1,1,0,0,1,1,0,0,0,0
1,1,1,0,0,1,0,0,1,1,0,1,0,1,0,1,0,1,1,0,0,1,0,0,0,1,0,1,0,0,0,1,0,0
1,1,0,1,0,1,1,1,0,1,0,0,1,0,1,1,0,0,1,1,0,1,0,0,1,1,1,1,0,1,1,0,0,0
1,0,1,1,0,0,1,1,0,0,1,1,0,1,1,1,0,1,0,0,1,0,0,0,0,0,1,1,1,0,1,1,0,0
0,1,1,1,0,1,0,1,0,1,0,1,0,0,0,1,0,0,1,0,1,1,0,0,0,1,1,1,1,0,1,1,1,1
1,1,1,1,0,1,0,1,0,0,1,0,0,1,0,0,1,1,1,0,1,1,1,1,0,1,0,0,0,1,0,0,0,0
0,1,0,0,0,0,1,1,1,0,1,1,1,0,1,0,0,0,0,1,1,1,0,0,1,1,0,1,0,1,0,1,0,0
1,0,0,1,1,0,0,0,0,1,0,0,0,1,1,0,0,0,1,0,0,1,0,1,1,0,1,0,1,0,1,0,1,1
1,1,1,1,0,1,1,0,1,1,1,1,1,0,0,1,1,0,1,0,0,0,1,1,0,1,1,1,0,0,1,1,0,0
1,1,1,0,1,1,1,1,1,0,0,1,0,0,0,0,0,0,0,0,1,1,1,0,0,1,0,0,0,1,1,1,1,1
1,0,1,0,1,1,1,1,0,0,0,1,0,1,0,0,0,1,0,0,0,0,1,1,1,0,0,1,1,0,1,0,0,0
0,1,1,0,1,1,0,1,1,1,0,0,1,1,1,0,0,1,0,1,1,0,0,0,0,0,0,0,1,1,1,0,0,0
0,1,1,0,1,0,0,0,0,0,1,0,0,1,1,1,0,1,0,1,1,0,0,0,0,0,1,1,1,1,1,0,0,0
1,1,0,1,0,1,0,1,0,1,0,1,0,0,1,1,0,1,0,0,0,1,1,0,0,1,0,1,0,1,1,0,0,0
1,1,0,1,1,1,1,0,0,1,1,0,0,0,1,0,1,0,0,0,0,1,1,0,0,1,0,1,1,0,0,0,0,0
1,0,0,0,0,1,1,1,0,1,1,0,0,1,1,0,0,0,0,1,1,0,0,1,0,1,0,1,0,0,1,1,1,1
1,0,0,0,0,1,1,0,1,0,1,1,0,0,1,0,0,1,0,1,1,0,1,1,1,1,0,0,0,1,0,0,0,0
1,1,1,0,1,0,0,0,0,0,0,0,0,1,0,0,0,1,0,1,0,1,1,1,0,1,1,0,1,0,1,1,0,0
1,1,0,1,1,1,1,0,0,1,1,1,1,0,0,1,1,0,1,1,0,1,0,0,1,1,0,0,1,0,1,0,0,0
1,0,1,0,0,0,1,1,0,0,0,0,1,1,0,0,1,0,0,1,1,0,1,0,1,1,1,0,1,0,1,1,0,0
1,0,1,1,1,1,1,0,0,0,0,1,0,1,0,0,0,0,0,1,0,0,0,1,0,1,0,0,0,1,0,1,1,1
1,1,1,0,0,1,1,0,0,1,1,0,1,0,0,0,1,0,1,1,0,1,0,0,1,0,0,1,0,1,1,0,0,0
1,0,0,1,0,1,1,1,1,1,0,1,1,0,0,1,0,0,0,1,0,0,1,0,0,0,0,1,1,1,0,0,1,1
0,1,0,1,0,1,0,0,0,1,0,0,0,1,1,0,0,0,0,0,0,1,0,0,0,0,0,1,0,0,1,0,1,1
0,0,1,0,0,1,0,0,1,1,1,0,0,1,0,0,0,0,1,0,0,1,0,0,1,0,0,0,1,1,0,1,0,0
1,1,1,1,0,1,1,1,1,1,0,1,1,1,1,0,1,0,1,0,0,0,1,0,0,1,0,0,1,1,0,0,0,0
1,1,1,1,1,1,1,1,0,1,1,0,1,0,1,1,1,0,1,0,1,1,1,0,1,0,1,1,1,0,0,0,0,0
1,0,0,1,0,0,1,0,0,0,1,0,1,0,1,1,0,1,0,1,0,1,1,0,1,0,1,0,0,1,1,0,0,0
0,1,1,0,1,0,1,1,1,0,0,1,0,1,1,0,0,0,0,0,1,1,0,0,1,0,0,0,1,1,1,1,1,1
1,1,1,0,0,0,1,0,1,0,0,0,0,0,1,0,1,0,0,1,1,1,1,0,1,1,1,1,1,0,0,1,0,0
1,0,0,1,1,0,1,0,0,1,0,1,0,0,1,1,0,1,1,1,0,0,1,1,1,1,1,1,1,1,1,0,0,0
1,0,1,1,1,1,1,1,0,0,0,1,0,0,0,0,0,1,1,0,1,1,0,1,0,1,0,1,0,1,1,1,0,0
1,1,0,1,0,1,0,0,1,1,0,1,1,1,0,0,0,0,0,0,0,1,1,0,1,1,0,0,1,1,1,0,0,0
1,1,0,1,0,0,0,0,1,1,0,0,1,1,1,0,0,1,1,1,1,1,0,0,0,0,0,0,0,1,1,1,0,0
1,1,1,0,0,1,0,0,0,1,0,1,1,1,0,1,1,0,1,0,0,0,1,0,0,1,0,1,0,0,0,1,0,0
1,1,0,0,0,0,1,1,0,1,0,1,1,0,0,1,1,0,0,1,1,1,1,0,1,1,1,0,1,1,0,1,0,0
0,1,0,0,1,0,0,1,1,0,1,1,0,0,0,1,0,0,0,1,1,0,0,1,0,0,1,1,1,1,1,1,1,1
1,1,1,1,1,0,0,1,0,1,0,1,1,1,0,1,1,1,1,0,0,1,0,1,1,0,0,0,0,1,1,0,0,0
1,1,0,0,0,1,1,1,1,0,0,0,0,0,0,0,0,0,1,1,0,1,1,1,0,0,1,0,0,1,0,0,1,1
0,1,0,0,0,1,0,0,1,1,1,0,1,1,0,0,0,0,0,1,1,1,1,0,1,0,1,0,0,0,1,0,0,0
1,1,1,0,0,1,0,0,0,1,1,0,0,1,0,0,1,1,0,1,1,1,0,0,1,0,1,1,0,0,1,0,0,0
1,0,0,1,0,1,0,1,0,1,1,1,0,1,1,1,0,1,0,0,0,0,0,1,1,0,0,1,0,0,0,0,0,0
1,1,0,0,0,0,1,1,0,1,0,1,1,0,0,1,0,0,0,1,0,0,1,1,1,0,1,1,1,0,1,0,1,1
1,0,0,0,1,0,0,0,0,0,1,0,1,0,0,0,0,0,0,1,1,0,1,1,1,0,1,0,1,0,1,0,1,1
1,1,0,0,1,0,1,1,0,0,1,1,0,0,1,1,0,0,1,0,1,0,1,0,1,0,1,1,0,1,0,0,0,0
1,1,1,1,1,1,0,0,0,1,1,0,0,1,1,0,0,0,1,1,1,0,1,1,0,1,0,0,1,0,0,0,0,0
1,0,0,1,0,1,1,0,1,0,1,0,1,0,1,0,0,0,0,1,0,1,0,0,1,0,0,1,1,1,1,1,1,1
0,1,1,0,1,1,1,1,0,0,0,0,1,0,0,1,0,0,0,1,1,1,1,1,1,0,1,1,1,0,1,1,1,1
1,1,0,0,1,1,0,1,0,0,0,1,0,0,0,1,0,1,0,0,0,1,0,0,1,1,0,1,0,0,1,1,0,0
0,0,1,1,0,1,1,0,0,1,0,1,1,1,1,0,0,0,1,0,1,0,0,1,0,0,0,0,0,0,0,1,0,0
1,0,1,1,1,0,0,1,1,1,0,1,1,0,0,0,0,0,0,1,0,0,0,0,1,0,1,0,0,1,1,1,0,0
1,0,1,1,1,1,0,0,0,0,0,0,1,0,1,0,1,0,0,0,1,0,0,1,0,0,1,0,1,1,1,1,0,0
1,1,0,1,0,1,0,1,1,0,0,1,1,0,1,1,0,1,0,1,1,1,1,0,0,1,0,0,0,1,0,0,0,0
1,1,1,0,0,0,0,1,1,0,1,0,1,1,1,0,0,1,1,1,1,1,1,0,0,1,1,1,1,1,1,0,0,0
1,0,0,1,0,0,0,1,0,1,1,0,1,1,1,0,0,1,0,0,1,1,0,0,0,0,0,0,0,1,0,1,0,0
1,1,0,0,1,0,1,1,1,1,1,0,1,0,1,0,0,0,0,1,1,1,1,0,1,0,1,1,0,0,0,0,0,0
1,0,1,1,0,1,1,0,1,0,1,1,0,1,0,1,0,1,0,1,0,1,1,1,0,0,0,1,1,1,0,0,0,0
0,1,1,1,0,1,1,1,1,1,1,0,0,1,0,0,0,0,1,0,0,0,0,1,1,0,0,1,1,0,1,0,0,0
0,1,1,1,1,1,0,0,0,0,1,0,0,1,1,1,0,0,0,0,1,1,0,1,0,1,1,1,0,0,0,1,1,1
1,1,1,0,1,1,0,1,0,1,0,1,1,0,0,0,0,0,0,1,1,0,0,0,0,0,1,1,1,0,0,0,1,1
0,0,1,1,1,0,1,0,1,0,1,1,0,1,1,1,0,0,0,1,1,1,1,0,1,1,1,0,1,0,1,0,0,0
1,1,0,0,1,1,1,0,0,0,0,0,1,0,1,1,0,0,1,0,0,0,1,1,0,1,1,1,0,0,0,0,1,1
1,1,1,1,0,1,0,0,0,1,1,1,1,0,0,1,1,1,0,1,0,0,1,0,0,1,1,0,1,0,0,0,0,0
1,1,1,0,1,1,0,0,1,1,0,0,0,1,1,0,0,1,0,1,0,1,0,0,0,0,1,1,1,0,1,0,0,0
0,1,0,0,0,1,1,1,1,1,0,1,0,1,1,0,0,0,1,1,0,1,1,0,0,1,0,0,0,1,1,1,0,0
1,1,1,1,1,1,0,1,1,0,0,1,0,1,0,0,0,1,0,1,0,1,0,0,0,0,0,1,0,0,0,0,0,0
1,1,0,1,1,0,1,0,1,0,0,0,1,0,0,0,0,0,1,1,0,1,1,0,1,1,0,1,0,0,1,1,0,0
1,1,0,1,0,1,0,1,1,1,0,1,0,1,1,1,0,1,0,1,0,0,1,0,1,1,1,1,1,1,1,0,0,0
1,1,1,0,1,0,1,0,1,1,0,1,1,1,1,1,0,0,1,0,0,1,0,1,1,1,1,0,1,1,1,1,0,0
1,1,0,0,1,1,0,0,0,1,0,1,1,0,0,1,0,0,0,1,0,0,1,1,0,0,1,0,1,0,0,0,1,1
0,1,1,1,0,0,0,1,1,1,1,0,0,0,1,1,0,0,1,1,0,0,1,0,1,1,0,1,1,1,0,1,0,0
1,1,0,1,1,1,1,1,0,1,1,1,1,1,1,0,1,0,1,1,1,1,0,1,0,1,1,0,0,1,1,1,0,0
1,0,1,0,0,0,1,1,0,0,0,0,1,1,1,0,0,1,0,0,1,0,1,0,0,1,0,1,1,0,0,1,0,0
0,0,0,0,1,1,1,1,1,1,0,1,1,1,1,0,0,0,0,0,1,1,1,0,1,0,1,0,1,0,0,0,0,0
0,1,1,0,1,0,0,1,0,1,0,0,0,1,0,0,0,0,0,0,0,1,0,0,0,1,1,0,1,1,0,0,1,1
1,1,0,1,1,0,0,1,1,0,0,0,0,1,1,0,0,0,1,1,1,1,0,0,0,1,1,1,1,1,1,1,0,0
1,1,1,1,1,0,1,1,0,1,0,0,1,1,0,0,0,1,1,0,0,0,0,0,1,0,1,0,0,1,1,0,0,0
0,1,1,1,0,0,1,0,1,0,1,1,1,1,1,1,0,0,0,0,1,1,0,0,1,0,1,0,0,1,0,0,0,0
0,1,1,0,1,1,0,1,0,1,1,1,1,1,0,1,0,0,0,0,1,0,1,1,0,0,0,1,1,1,1,1,0,0
1,0,0,1,1,1,1,1,0,0,1,1,0,0,0,0,0,0,1,1,0,0,1,0,0,0,1,1,0,1,1,1,0,0
1,0,0,1,1,1,1,1,0,0,0,1,0,0,0,1,0,1,0,1,1,0,0,1,0,1,1,1,1,0,0,0,0,0
1,1,0,1,1,1,1,0,1,1,1,1,0,1,0,1,0,1,0,0,1,1,0,0,0,1,0,1,0,1,0,0,0,0
1,0,1,0,0,0,0,1,1,0,0,0,1,1,0,0,0,1,0,0,0,0,0,0,1,0,0,1,0,0,0,0,0,0
0,0,1,1,1,0,0,1,1,1,1,0,1,1,1,1,0,0,0,0,1,1,0,0,0,1,1,0,0,1,1,0,0,0
0,1,1,1,0,1,0,0,1,0,0,1,0,1,0,0,0,1,0,1,0,0,0,0,0,0,0,0,1,1,1,1,0,0
1,1,1,0,1,1,1,0,0,0,0,1,1,0,1,0,1,1,0,0,0,1,1,1,0,1,1,1,0,1,0,1,0,0
1,0,1,1,0,1,0,1,1,0,1,0,0,1,0,1,0,0,0,1,1,1,0,0,0,1,1,0,0,0,1,1,1,1
0,1,0,1,0,0,0,1,1,0,0,1,0,0,0,1,0,0,0,0,0,1,1,1,1,0,0,0,0,0,1,1,1,1
1,1,0,1,0,1,0,0,0,1,1,1,1,1,1,0,1,0,0,1,0,0,1,0,0,0,0,1,1,1,0,1,0,0
0,0,1,1,0,0,0,1,1,1,1,0,1,1,0,0,0,0,1,0,1,0,0,0,1,0,0,0,1,0,1,0,0,0
1,1,0,0,1,0,1,1,0,0,1,1,0,0,1,1,0,0,0,1,1,1,0,1,0,1,0,0,1,0,0,0,1,1
1,0,0,1,1,1,0,0,1,1,1,1,0,0,1,1,0,0,0,0,0,0,0,1,0,1,0,0,1,1,1,0,0,0
1,1,1,1,1,1,1,0,0,1,0,1,0,0,1,0,1,1,0,0,1,1,1,0,1,1,0,0,0,0,1,0,0,0
1,0,1,0,0,1,0,0,1,1,1,0,1,1,0,0,0,1,0,0,0,1,1,0,0,1,1,0,0,1,0,0,0,0
1,1,1,1,1,1,0,0,0,1,1,1,0,1,0,1,1,0,0,0,1,1,0,1,1,0,0,0,1,1,1,0,0,0
0,1,0,0,1,1,1,0,1,0,1,0,1,0,0,1,0,1,0,0,1,1,0,1,0,1,1,1,0,1,1,1,0,0
0,0,1,1,1,0,1,0,0,0,0,0,1,0,0,0,0,0,1,0,0,1,1,1,0,1,1,1,1,0,0,0,1,1
1,0,1,1,1,0,0,0,0,0,1,0,1,1,1,0,0,0,1,1,0,1,1,0,0,1,0,1,1,0,0,0,0,0
1,0,0,1,0,0,0,1,1,0,0,0,0,1,1,1,0,1,1,1,0,1,1,0,1,1,0,0,0,1,1,0,0,0
0,1,1,0,0,0,1,1,0,1,0,1,1,1,0,0,0,1,0,1,0,1,1,0,0,1,1,0,1,0,1,0,0,0
1,1,0,1,1,0,0,0,1,0,1,0,1,1,1,1,0,0,1,0,1,0,1,0,0,0,0,0,1,1,0,0,0,0
1,1,1,1,1,0,1,0,0,0,0,0,0,0,1,0,1,0,0,0,0,0,0,1,0,1,0,1,1,1,0,1,0,0
1,1,0,0,0,1,0,0,0,1,1,0,1,1,1,0,0,0,0,1,1,1,1,0,1,1,0,1,1,0,1,0,0,0
1,1,1,0,0,0,0,1,0,1,0,1,1,1,0,1,1,0,0,0,0,1,0,1,0,0,0,0,1,1,0,0,0,0
1,1,0,0,0,1,1,1,1,0,1,0,1,0,1,1,0,1,0,0,1,1,0,1,0,0,0,1,0,1,1,0,0,0
1,1,0,0,0,1,0,1,0,0,1,1,1,1,1,1,0,0,0,0,1,0,0,0,1,0,0,1,0,1,0,0,0,0
1,0,0,0,0,1,0,0,1,1,0,1,0,1,0,0,0,0,0,0,1,0,1,0,1,1,1,0,1,1,1,0,1,1
0,1,0,1,1,1,1,0,1,1,0,0,1,0,1,0,0,1,0,1,0,0,0,1,0,1,0,1,0,1,1,0,0,0
1,1,1,1,1,0,0,0,1,1,1,1,0,1,0,1,0,0,0,0,0,0,0,1,0,0,0,0,0,0,0,1,0,0
1,1,0,1,1,1,1,0,0,1,0,0,0,1,1,0,1,1,0,1,0,1,0,1,0,1,1,1,0,1,0,1,0,0
1,1,1,1,0,0,1,0,1,1,0,0,1,1,0,0,0,0,1,0,0,0,0,1,0,1,1,0,1,0,0,1,0,0
1,0,1,1,1,1,0,0,0,0,0,0,1,1,1,1,0,0,0,1,0,1,1,1,0,1,0,0,1,0,1,0,1,2
1,0,1,0,1,0,0,1,1,1,1,1,1,1,1,1,0,1,1,0,0,0,0,1,0,1,1,0,0,1,0,0,0,0
1,1,1,1,1,0,1,0,1,1,0,0,0,1,0,0,0,1,1,0,1,1,1,1,0,1,0,0,0,0,0,0,0,0
1,0,1,0,1,1,0,0,1,1,1,1,1,1,1,1,0,0,1,0,0,1,0,0,0,1,0,1,1,1,1,1,0,0
1,1,0,1,0,0,1,1,1,1,1,0,0,1,1,1,1,0,1,1,0,0,1,0,0,1,0,1,0,1,1,0,0,0
0,1,1,0,1,0,1,1,1,0,1,1,1,0,0,1,0,0,1,0,0,0,1,0,0,1,0,1,0,1,1,1,0,0
1,0,1,0,1,1,0,1,1,0,0,1,1,1,0,1,1,0,1,0,1,0,1,0,1,1,1,0,1,0,1,1,0,0
1,1,0,1,0,0,0,1,0,1,0,0,0,1,0,1,0,1,1,0,0,1,1,1,1,1,0,0,1,0,1,1,0,0
1,1,0,1,0,1,1,0,1,0,0,1,0,1,1,0,1,1,0,0,0,0,1,1,1,0,1,1,1,1,0,1,0,0
0,0,1,0,0,0,1,1,0,1,1,1,0,0,0,0,0,0,0,0,0,0,1,0,0,0,0,1,0,0,1,1,0,0
1,1,1,1,1,1,0,0,0,0,0,1,0,1,0,1,1,1,0,1,0,0,0,1,0,0,1,1,0,0,0,1,0,0
0,1,0,1,0,1,1,0,1,0,0,1,1,0,0,1,0,0,1,0,0,1,1,1,1,0,0,1,0,1,0,0,1,1
1,1,1,1,0,1,0,0,0,0,1,0,1,0,0,0,1,0,1,1,1,0,1,0,0,1,1,1,0,0,0,1,0,0
1,0,1,1,0,0,0,0,1,0,1,0,1,0,0,0,0,1,1,0,0,1,0,1,0,1,1,1,0,1,0,0,0,0
0,1,1,0,0,1,1,0,1,1,1,1,0,0,0,0,0,1,0,0,0,0,1,0,1,1,0,0,0,0,0,1,0,0
1,0,1,0,0,1,1,1,1,0,1,0,1,1,1,0,1,0,1,0,0,0,1,1,1,1,1,1,0,0,1,1,0,0
1,1,1,0,1,1,0,1,1,1,0,0,1,1,0,1,0,1,0,1,0,0,0,1,1,0,0,1,0,0,1,0,0,0
1,1,1,1,1,0,0,0,0,0,0,0,0,0,1,1,1,1,1,0,1,0,0,0,0,1,1,0,0,1,1,0,0,0
1,1,0,0,1,1,0,0,0,0,0,0,0,1,0,0,0,1,0,1,0,0,0,1,0,1,0,1,0,1,1,0,0,0
1,0,1,0,1,0,1,1,0,0,0,0,0,0,1,0,0,1,1,1,1,0,1,0,0,1,1,0,0,1,1,0,0,0
0,1,1,1,1,0,1,1,1,1,0,1,1,1,0,1,0,1,0,0,1,1,1,0,0,1,1,0,1,1,1,0,0,0
1,1,1,0,0,0,1,0,0,0,1,0,1,1,0,0,0,0,1,0,0,0,1,0,0,1,0,0,1,0,0,1,1,1
1,1,1,1,0,0,0,0,0,0,0,1,0,1,0,1,1,1,1,0,1,1,0,1,0,0,0,1,0,0,0,1,0,0
1,0,0,0,1,1,1,0,0,1,1,0,0,0,1,1,0,0,0,1,0,0,1,1,0,1,0,1,1,1,0,1,1,1
0,1,1,1,0,1,1,0,0,1,1,1,1,0,1,1,0,0,0,0,1,1,1,1,1,1,1,1,1,0,0,0,0,0
1,0,1,0,0,1,1,1,1,1,1,1,1,0,1,1,0,1,1,1,0,0,0,1,1,1,0,0,1,1,0,0,0,0
1,1,1,0,0,0,1,1,1,1,1,0,0,1,0,0,1,0,0,1,0,0,0,1,0,0,0,0,1,1,1,0,0,0
1,1,0,1,1,0,1,0,0,0,1,0,1,1,0,0,1,0,1,1,1,0,1,0,0,0,0,1,1,0,0,1,0,0
1,0,1,1,0,0,0,1,0,0,1,1,1,1,1,1,1,0,0,0,1,0,0,1,0,1,0,0,0,0,0,1,0,0
0,1,1,0,1,1,1,0,0,1,1,0,1,0,0,0,0,0,0,1,1,0,1,0,1,1,1,1,1,1,0,0,1,1
1,1,0,1,1,0,1,1,1,1,0,0,1,0,1,0,1,1,0,1,1,0,0,0,0,1,0,0,1,0,0,0,0,0
1,0,1,0,1,1,1,0,1,0,1,0,1,0,0,0,0,1,0,0,1,0,1,1,1,0,1,1,1,0,0,1,0,0
1,1,0,0,0,0,1,0,1,0,1,1,1,0,1,1,0,0,1,0,0,0,0,0,1,1,0,1,0,1,0,1,0,0
1,1,0,1,1,0,0,1,0,0,1,1,0,1,1,1,0,1,0,1,1,0,1,0,0,1,1,1,0,1,0,1,0,0
1,0,1,1,1,1,1,1,0,0,1,1,0,1,0,0,1,0,0,1,0,1,1,1,0,0,0,1,1,0,1,1,0,0
1,0,0,1,1,1,0,0,1,0,0,0,1,1,1,1,0,0,1,0,1,1,1,0,1,0,1,0,1,1,0,0,0,0
1,1,1,0,0,1,1,0,1,0,0,1,1,1,0,1,0,1,0,0,0,0,0,1,0,1,1,0,1,0,0,1,0,0
1,0,1,1,1,0,1,1,0,0,1,0,1,1,1,0,0,0,1,0,1,1,0,0,1,0,0,0,0,0,0,0,0,0
1,1,0,1,1,1,1,0,0,0,0,1,0,1,1,1,0,1,0,1,1,1,0,1,0,1,0,0,0,0,0,1,0,0
1,0,1,0,1,1,1,0,0,0,0,0,1,1,1,0,1,0,1,0,1,0,1,1,0,1,1,1,0,1,0,0,0,0
1,1,1,1,1,1,0,1,1,1,0,0,1,0,0,0,1,1,0,1,0,1,0,1,1,0,1,1,0,0,1,1,0,0
0,1,0,0,0,0,1,1,1,1,0,0,1,1,0,1,0,0,0,1,1,1,0,1,1,0,0,1,1,1,0,0,1,1
0,1,1,1,1,0,1,0,1,1,1,1,0,0,1,0,0,1,0,0,1,1,1,1,0,0,1,0,0,1,0,0,0,0
0,1,1,0,0,1,0,0,0,1,0,0,0,0,0,0,0,1,0,0,1,0,0,1,1,1,1,1,1,0,1,1,0,0
1,0,0,1,0,0,1,1,1,0,1,0,0,1,1,0,1,0,0,0,0,0,0,1,0,1,0,0,0,0,0,0,0,0
1,1,0,1,0,1,1,0,0,1,1,1,1,0,0,0,0,1,0,1,1,1,1,0,1,1,0,0,1,0,0,0,0,0
1,1,0,0,0,1,0,1,0,1,1,1,1,0,0,1,0,0,0,1,1,1,0,1,0,0,0,1,1,0,0,1,0,0
1,1,1,1,1,0,0,0,0,1,0,1,0,0,0,1,0,0,1,1,0,1,0,0,0,1,0,0,0,0,0,0,0,0
1,1,1,1,0,1,1,1,1,0,0,0,1,1,1,1,1,0,0,1,1,1,0,0,1,1,0,1,0,0,0,1,0,0
1,0,0,1,1,0,0,1,0,0,1,0,0,0,0,0,0,1,0,1,1,1,0,1,1,0,1,0,0,0,0,1,0,0
1,0,1,0,1,0,1,1,0,0,1,1,0,1,0,0,0,1,0,0,0,1,0,1,0,0,0,0,0,1,0,0,0,0
0,1,1,1,0,1,0,1,1,0,1,1,0,0,0,1,0,0,0,1,0,1,1,1,0,0,0,0,1,1,1,0,1,1
1,1,1,0,0,1,1,0,1,0,0,1,1,1,0,1,1,1,0,0,1,0,0,1,0,1,1,0,1,1,1,1,0,0
1,1,1,1,1,1,1,1,0,0,1,0,0,0,1,0,1,0,1,0,0,0,1,0,0,1,0,0,1,0,1,1,0,0
1,1,0,1,1,0,1,1,0,1,1,0,0,0,0,0,0,0,0,1,1,0,1,1,0,0,1,1,1,0,0,0,1,1
0,1,1,0,1,0,0,1,0,1,0,1,0,0,0,0,0,0,1,1,0,0,0,0,0,1,1,0,0,0,0,1,0,0
1,1,1,1,1,1,0,1,1,0,0,1,0,0,1,1,0,1,1,1,1,0,1,0,0,1,0,0,0,1,0,1,0,0
1,0,1,1,0,1,1,1,0,0,1,1,0,0,0,1,0,0,1,1,0,1,0,0,1,1,0,0,0,1,0,1,0,0
1,0,1,1,0,0,0,1,0,0,1,1,1,0,0,0,0,0,1,1,0,0,1,0,0,1,1,0,0,1,1,0,0,0
1,1,1,1,0,1,1,0,0,0,1,0,0,1,1,1,0,0,0,0,1,1,0,1,0,1,1,0,0,0,1,0,1,1
1,0,0,1,0,1,1,1,1,0,0,1,1,0,0,1,0,1,1,1,1,0,1,1,1,0,0,0,1,0,0,1,0,0
1,0,1,1,0,0,1,1,1,0,1,0,1,1,0,1,0,0,1,1,0,0,0,0,1,1,1,0,0,0,1,0,0,0
1,1,1,0,1,1,1,1,1,0,1,0,0,0,0,0,1,1,0,0,0,0,0,1,1,0,1,0,1,1,0,1,0,0
1,1,1,0,1,0,1,0,1,0,0,1,0,1,0,1,0,1,0,1,1,0,1,1,1,0,1,1,1,0,1,0,0,0
1,1,1,1,1,1,1,1,1,1,0,0,0,0,0,1,1,1,0,1,0,1,0,0,0,1,0,1,0,1,1,1,0,0
1,1,1,1,0,0,0,0,1,0,0,1,0,1,1,0,1,0,1,0,1,0,1,0,0,0,0,0,1,1,0,1,0,0
0,1,0,0,1,1,1,1,1,1,1,1,1,0,0,1,0,0,0,0,1,1,1,1,0,1,1,0,1,0,1,1,0,0
0,1,1,1,0,1,0,0,1,0,1,1,1,1,1,1,0,0,1,1,1,1,1,0,0,0,0,1,0,1,1,0,0,0
1,1,1,1,1,1,0,1,1,0,1,0,0,0,0,1,1,1,0,1,1,0,0,1,1,0,0,1,1,0,1,0,0,0
1,0,1,1,1,0,1,1,0,1,0,1,1,1,0,0,1,0,0,1,1,0,1,1,0,1,1,1,1,0,1,0,0,0
1,1,0,0,1,0,1,0,1,1,0,1,0,0,0,1,1,0,0,1,1,0,0,0,1,1,0,1,1,1,1,0,0,0
0,1,0,1,1,1,1,1,1,1,1,1,0,0,0,1,0,0,1,0,0,1,0,1,1,0,0,0,1,0,0,1,0,0
1,0,0,0,0,1,0,0,0,0,1,1,0,1,1,0,0,1,1,0,0,1,1,1,1,1,0,0,1,0,1,1,0,0
1,1,0,0,1,1,1,0,1,0,1,1,1,0,1,0,0,1,1,0,1,1,0,0,0,0,1,0,1,1,1,0,0,0
1,1,1,0,0,1,1,1,1,0,0,1,1,1,1,1,0,0,0,0,1,0,0,1,0,1,0,0,0,0,1,1,0,0
0,0,1,0,0,1,1,0,0,0,0,1,0,1,0,0,0,0,0,1,0,1,0,0,0,0,1,0,0,1,0,1,0,0
1,1,1,1,1,0,1,0,0,0,0,0,1,1,0,0,0,0,0,0,0,0,1,0,1,0,1,0,0,0,1,0,1,1
0,1,1,0,0,1,0,1,1,1,1,0,0,0,1,1,0,0,1,1,0,0,0,1,1,0,1,1,0,1,1,0,0,0
1,1,0,0,0,0,0,1,0,1,0,0,1,0,1,1,0,1,0,0,1,0,0,1,1,1,0,0,1,0,1,0,0,0
0,1,0,0,0,1,1,0,1,1,0,1,0,1,0,1,0,0,1,1,0,1,0,0,1,0,0,1,1,0,1,0,0,0
0,1,0,1,0,1,1,0,0,0,0,0,0,0,1,0,0,0,1,1,1,1,1,0,1,0,0,1,0,1,0,1,0,0
1,0,1,0,1,1,0,1,0,0,1,0,1,1,0,1,0,1,1,0,0,0,0,0,1,0,1,0,0,1,1,1,0,0
1,0,0,0,0,0,1,1,1,0,1,0,0,0,1,0,0,1,1,0,0,0,1,0,1,1,0,0,1,0,1,1,0,0
0,1,0,0,0,0,1,1,1,0,0,0,1,1,1,1,0,0,1,0,0,0,1,0,1,0,0,0,0,0,0,0,1,1
1,1,0,0,0,0,0,0,0,0,1,1,0,0,0,1,0,1,0,1,0,1,1,1,0,0,0,0,0,1,0,0,0,0
1,1,1,1,1,1,0,1,0,0,0,1,1,1,1,1,1,0,1,1,1,1,0,1,0,1,0,0,0,0,0,1,0,0
1,1,1,1,0,1,1,0,0,1,0,1,0,1,0,0,1,0,0,0,1,1,1,0,0,0,1,1,0,1,1,0,0,0
0,1,1,1,0,1,0,0,0,0,1,0,1,0,1,0,0,0,0,1,1,0,0,1,0,1,0,1,0,1,1,1,1,1
1,1,0,1,1,1,1,1,0,0,1,1,0,0,1,1,1,0,1,1,1,1,0,0,1,0,1,1,1,0,0,0,0,0
1,1,0,0,0,0,1,0,0,0,0,0,1,0,1,0,0,0,0,1,0,0,1,1,1,0,1,0,1,0,0,1,1,1
1,1,1,0,0,1,0,0,0,0,0,1,0,0,0,0,1,1,0,0,0,0,0,0,1,0,0,1,1,1,1,0,0,0
0,1,1,0,0,1,1,1,1,1,0,1,0,1,0,0,0,1,0,1,1,0,1,1,0,0,1,1,1,0,0,0,0,0
1,1,1,1,1,1,0,1,1,0,0,0,0,1,0,1,0,0,0,0,1,0,1,1,0,0,0,1,0,1,1,0,1,1
1,1,1,0,0,0,1,1,0,1,1,1,0,1,0,0,0,1,0,0,0,1,0,0,0,1,1,1,1,1,0,0,0,0
1,0,0,0,1,0,1,1,0,1,1,0,0,1,0,0,0,1,0,1,0,1,1,0,0,1,1,1,1,0,0,0,0,0
1,0,0,0,1,1,1,0,0,0,1,0,0,0,0,0,1,0,0,0,1,0,1,0,0,0,0,1,0,0,0,0,0,0
1,0,1,0,1,0,0,1,0,1,1,1,1,1,0,1,0,1,0,0,1,0,0,0,0,1,0,1,1,1,1,0,0,0
0,1,1,1,0,1,1,0,0,0,0,1,0,1,0,0,0,0,1,0,1,1,0,0,1,1,0,1,1,1,0,0,1,1
1,1,1,1,1,0,1,1,1,1,1,0,1,1,1,0,1,1,0,1,0,0,0,1,1,1,1,1,1,1,0,1,0,0
0,1,1,1,0,0,1,0,0,1,0,0,1,1,0,1,0,1,1,1,0,0,0,1,0,0,1,0,0,0,1,1,0,0
1,1,0,1,1,1,0,1,0,1,1,1,0,1,1,1,0,0,0,1,1,1,0,1,0,0,1,0,1,0,0,0,0,0
1,0,1,1,1,1,1,1,0,1,1,1,0,0,1,1,0,0,0,1,0,0,0,1,0,0,1,1,0,0,0,1,0,0
1,0,0,0,1,1,1,1,1,0,0,1,1,0,1,1,0,1,0,0,1,1,1,1,1,1,1,1,0,0,1,0,0,0
1,1,0,0,1,1,1,1,0,0,0,1,1,0,0,0,0,1,1,1,1,0,0,1,1,1,1,0,0,0,1,0,0,0
0,1,0,0,0,1,1,1,0,1,0,1,1,1,0,0,0,0,1,0,0,0,0,1,0,0,0,1,0,1,0,0,1,1
1,0,1,0,0,1,0,0,0,1,0,0,0,0,1,0,0,0,1,1,0,0,0,0,1,1,1,1,0,0,0,1,1,1
1,1,0,0,0,0,1,0,1,1,0,0,0,1,0,0,1,0,0,1,1,1,1,1,1,1,1,0,1,1,0,1,0,0
1,0,1,0,0,0,0,0,0,1,0,1,1,0,1,1,0,0,0,0,0,1,1,0,1,1,0,0,0,0,0,1,1,1
0,1,1,0,0,1,1,0,0,0,0,0,0,0,1,0,0,1,0,1,0,0,0,1,1,1,1,0,0,1,1,0,0,0
1,0,1,1,1,1,0,1,1,1,1,0,0,0,0,0,0,0,1,0,0,0,0,1,1,0,0,1,0,1,1,1,0,0
1,0,0,0,1,0,1,0,1,1,0,0,0,1,0,1,0,0,0,1,1,1,1,0,0,0,0,1,1,0,0,0,1,1
0,0,1,0,0,0,0,1,1,1,1,1,0,0,0,0,0,0,0,1,1,1,0,0,0,1,0,1,1,0,0,0,0,0
1,1,0,1,0,1,0,1,1,0,0,1,0,1,1,0,0,0,0,0,0,1,0,1,1,1,0,1,0,0,1,1,1,1
1,1,1,0,1,1,1,1,1,0,1,0,0,0,1,0,1,0,1,1,0,1,0,1,1,0,0,0,1,1,0,0,0,0
1,0,1,0,0,1,0,1,0,1,1,1,1,0,1,0,0,0,1,1,1,0,0,0,0,0,1,1,0,0,0,1,0,0
1,0,1,0,0,0,0,1,1,1,0,0,0,1,0,0,0,1,1,1,0,0,0,0,1,0,0,1,1,1,1,0,0,0
1,1,1,1,0,0,0,1,1,0,0,0,1,1,1,1,1,1,1,0,0,0,0,0,0,0,0,0,1,0,0,1,0,0
1,1,0,0,1,0,1,0,0,0,1,0,0,0,0,1,0,1,1,1,0,0,1,0,0,0,1,1,1,1,1,0,0,0
1,1,0,1,1,0,0,0,1,0,1,1,0,0,1,0,1,1,0,1,0,1,0,1,0,1,1,1,0,0,0,0,0,0
1,1,1,0,1,0,1,1,0,1,0,1,0,1,1,1,0,0,1,0,1,1,0,1,0,1,1,0,0,1,1,0,0,0
1,1,1,1,0,0,1,0,0,0,1,1,1,0,1,1,1,1,0,0,1,1,0,0,0,1,0,1,1,0,1,1,0,0
0,1,1,0,0,1,1,0,1,1,0,1,1,0,0,0,0,0,0,1,0,1,1,1,0,1,1,0,0,0,1,0,1,1
0,1,1,0,1,0,0,0,0,1,1,0,1,1,0,0,0,1,0,1,0,0,0,1,1,0,0,0,1,0,0,1,0,0
1,1,0,0,0,1,1,1,0,1,0,0,0,1,1,0,0,0,1,1,0,0,1,1,0,0,0,0,0,1,0,0,0,0
0,1,1,1,0,0,0,0,0,0,1,0,1,0,1,1,0,0,0,1,1,1,1,0,1,0,1,1,0,1,0,1,1,1
1,1,0,1,0,0,0,1,0,0,1,0,0,0,1,0,0,1,0,0,1,1,1,0,1,0,1,0,1,1,0,1,0,0
1,1,1,1,1,1,0,0,1,1,1,1,0,1,0,0,0,0,1,1,0,0,0,1,1,1,0,0,0,0,1,1,0,0
1,1,0,1,1,1,1,0,1,0,1,0,1,1,0,0,0,1,1,0,0,0,0,0,1,0,1,1,0,0,1,0,0,0
1,0,1,1,0,0,0,0,1,1,1,0,1,0,1,1,0,0,1,1,0,0,0,1,1,0,1,0,1,1,1,1,0,0
1,0,1,1,1,0,0,0,1,0,0,0,1,0,1,1,0,1,0,0,0,0,0,0,1,0,1,0,1,0,1,1,0,0
1,1,1,1,1,0,1,0,1,1,0,0,0,1,0,1,1,1,1,0,1,1,0,0,0,0,1,0,1,1,0,0,0,0
1,1,0,0,1,1,0,1,1,0,0,1,0,0,0,0,1,0,0,0,0,1,0,1,1,1,1,0,0,1,1,1,0,0
1,0,1,1,0,1,0,1,0,1,0,1,0,1,1,0,0,1,0,0,0,0,0,1,1,1,0,1,0,1,1,0,0,0
1,1,1,0,0,0,1,1,0,1,0,0,0,0,1,0,0,0,1,0,0,1,0,0,1,1,0,1,1,1,1,0,1,1
1,0,0,1,1,1,1,1,0,0,0,1,0,0,1,0,0,1,0,1,0,1,1,1,0,0,0,0,0,0,0,1,0,0
0,0,1,1,0,0,0,0,0,1,1,1,0,0,0,1,0,0,1,0,0,0,0,1,0,0,1,0,0,1,0,0,0,0
0,1,1,0,0,1,0,0,1,1,1,1,1,0,1,0,0,1,0,1,1,1,1,0,1,1,1,1,1,0,0,1,0,0
1,1,1,1,1,0,0,1,0,1,0,0,0,1,1,0,1,1,1,1,0,0,1,0,1,1,1,0,0,0,1,1,0,0
1,1,1,1,0,0,1,1,1,1,0,1,1,0,1,1,0,0,0,1,1,0,1,0,1,1,1,0,0,0,0,0,0,0
0,1,1,1,1,1,1,0,1,0,0,1,1,0,1,0,0,0,1,0,1,0,1,1,0,0,0,1,1,0,0,0,0,0
1,1,0,1,0,0,0,1,0,0,1,0,0,1,1,0,1,1,0,0,0,0,1,0,1,1,1,0,1,1,0,0,0,0
1,0,0,0,0,0,1,1,1,0,1,0,1,1,1,0,0,0,0,1,0,0,1,1,0,0,0,1,0,0,0,0,1,1
0,1,1,0,1,1,0,1,1,0,1,0,0,0,0,1,0,1,1,0,0,0,0,0,0,1,1,1,1,1,1,0,0,0
0,1,0,0,0,1,0,1,1,0,1,1,0,1,1,1,0,0,1,0,1,0,1,0,1,1,0,1,0,1,1,0,0,0
0,0,1,1,0,0,0,0,0,1,0,0,1,0,1,0,0,0,1,0,1,1,0,1,1,1,1,1,1,1,1,0,1,1
1,0,1,1,1,1,0,1,1,1,1,1,0,1,1,0,1,0,1,1,0,1,1,1,1,1,0,1,0,1,1,1,0,0
1,0,1,1,0,1,1,0,0,0,0,1,0,1,1,1,1,0,0,1,0,0,0,0,0,1,1,0,0,0,1,1,0,0
0,0,1,0,1,1,0,0,0,0,1,1,1,1,1,1,0,0,0,1,1,1,1,0,1,0,1,1,0,0,0,0,0,0
1,1,1,1,1,1,1,1,0,0,0,1,0,1,0,1,1,0,0,0,0,0,0,1,0,0,0,0,0,0,0,1,0,0
1,0,1,0,0,0,0,0,1,1,0,1,0,0,0,0,0,0,1,1,1,0,1,1,0,0,1,0,0,1,0,0,0,0
1,1,0,1,0,1,1,0,0,0,1,0,0,1,1,0,1,0,0,1,1,1,0,0,0,1,0,0,1,0,1,0,0,0
1,0,0,1,1,0,0,1,0,1,0,0,1,1,0,0,0,1,0,1,1,0,1,0,1,0,0,0,1,0,1,1,0,0
1,1,1,0,1,0,0,1,0,1,1,0,1,1,0,1,0,0,0,0,1,0,1,0,1,0,0,0,0,0,1,1,0,0
1,1,0,0,0,0,1,0,1,1,1,0,0,1,1,0,1,0,1,1,0,1,0,0,1,0,0,1,0,0,1,0,0,0
1,0,0,1,1,1,1,1,1,0,1,1,0,0,0,1,0,1,0,1,0,1,1,0,0,0,1,1,1,1,1,0,0,0
0,1,0,1,0,0,1,1,1,1,1,1,1,0,0,0,0,0,1,1,1,1,1,0,1,1,1,0,0,1,1,1,0,0
0,0,1,1,1,0,1,0,1,0,1,1,0,1,1,0,0,0,1,0,0,1,1,0,1,0,0,1,0,1,0,1,0,0
1,0,0,1,0,0,1,1,1,1,0,0,1,1,1,0,1,0,0,0,1,0,0,0,1,1,0,1,0,0,0,0,0,0
1,0,1,1,1,1,0,0,0,1,1,0,1,0,0,0,0,0,1,1,1,1,0,0,0,0,1,0,1,0,1,1,0,0
0,1,1,1,0,0,1,1,0,1,1,0,0,0,0,0,0,1,0,0,0,0,1,0,1,0,1,0,0,1,0,0,0,0
0,1,1,1,0,1,0,0,1,0,0,0,0,1,1,0,0,1,0,0,1,0,0,1,1,1,0,1,1,0,1,1,0,0
0,1,0,1,1,0,0,0,0,1,1,0,1,1,1,1,0,1,0,1,0,1,1,1,1,0,0,1,1,0,0,1,0,0
0,1,0,0,0,1,1,0,1,0,1,1,0,0,1,1,0,0,0,0,1,1,1,0,0,1,1,1,0,1,0,0,1,1
1,1,1,0,1,1,0,1,0,1,0,1,0,0,1,0,1,1,0,0,0,0,1,1,0,0,1,1,0,0,0,0,0,0
1,1,0,1,0,1,0,0,0,1,1,1,0,1,1,0,1,0,1,0,0,1,0,0,0,1,1,0,1,1,0,0,0,0
0,1,0,1,0,1,0,1,0,0,0,0,1,1,0,1,0,0,0,1,1,1,0,0,1,1,0,0,0,0,0,1,1,1
1,1,1,1,0,0,0,1,1,0,0,1,0,0,1,1,1,0,0,1,0,1,0,0,0,0,1,0,1,1,0,0,0,0
0,1,1,0,1,0,1,0,1,1,1,1,0,0,0,0,0,1,1,0,0,0,1,1,0,1,1,0,0,0,0,0,0,0
1,1,1,1,1,1,0,1,1,0,0,0,1,1,1,0,0,0,0,0,1,1,0,0,0,0,0,0,1,1,0,0,1,1
1,1,1,1,1,0,1,0,0,0,0,0,1,1,0,0,1,0,1,1,1,0,1,0,1,1,0,1,0,0,1,0,0,0
1,0,1,1,1,0,1,0,1,1,0,1,1,0,1,0,1,0,0,1,0,0,1,0,1,1,0,1,0,1,0,1,0,0
1,0,0,0,0,0,0,0,1,1,0,1,0,1,0,1,0,0,0,1,0,0,1,0,1,1,0,1,0,1,0,0,1,1
1,0,0,1,0,0,0,0,0,0,0,0,0,1,1,0,0,1,0,0,0,0,0,0,1,1,1,0,1,1,0,0,0,0
1,1,1,0,1,1,0,1,0,0,1,0,0,0,1,1,0,1,0,1,0,1,0,1,0,1,0,1,1,1,1,1,0,0
1,1,0,0,0,1,1,0,0,0,1,1,1,1,0,1,1,0,1,1,1,1,1,1,1,1,0,0,1,1,1,0,0,0
1,0,0,0,1,0,0,1,0,0,0,0,0,1,0,0,0,1,1,0,0,0,0,1,0,0,1,1,1,1,0,1,0,0
1,1,0,0,0,0,0,1,1,1,0,1,1,1,1,1,0,0,0,1,0,1,0,0,0,0,1,1,1,1,0,1,1,1
1,0,1,1,1,1,1,0,0,0,1,0,1,0,1,0,0,0,0,1,1,1,1,0,1,1,1,0,0,1,1,0,1,1
1,1,0,1,1,1,1,1,1,0,0,1,1,0,0,0,0,1,1,0,1,0,0,1,0,1,0,0,1,0,1,1,0,0
1,1,0,0,1,1,0,1,1,0,0,1,1,1,0,0,0,0,1,0,0,1,0,0,0,0,0,1,0,0,1,0,1,1
1,1,0,0,1,0,0,1,1,1,0,1,1,1,0,1,0,0,1,0,1,0,0,0,0,0,1,0,0,0,0,0,0,0
1,1,1,1,1,1,0,1,1,0,0,1,1,0,1,1,1,1,0,1,0,0,0,1,1,1,0,0,1,0,1,1,0,0
1,1,0,1,1,0,1,0,0,1,1,1,1,1,1,0,1,0,0,0,0,0,0,0,0,1,0,0,1,1,1,1,0,0
1,0,0,0,0,1,0,1,0,0,0,0,0,1,0,0,0,1,1,1,1,0,1,1,0,1,0,1,1,1,0,0,0,0
1,1,1,0,1,1,0,1,1,1,1,0,1,1,0,1,1,1,0,0,1,1,0,0,0,1,1,0,1,0,1,1,0,0
1,0,0,1,1,0,0,1,1,0,0,1,0,1,1,1,0,1,1,0,0,0,1,0,1,1,0,0,1,1,0,0,0,0
0,1,1,1,0,1,1,1,0,1,1,1,1,0,1,0,0,1,0,1,0,0,1,1,0,1,0,1,0,0,0,0,0,0
1,0,1,0,1,1,1,0,0,1,1,0,1,0,1,1,1,0,0,1,0,0,1,1,0,1,0,0,1,0,1,1,0,0
1,0,0,0,1,0,1,0,0,0,0,1,1,1,0,1,0,0,1,1,0,1,1,0,1,0,0,1,1,0,1,1,0,0
0,0,1,1,1,1,1,0,0,1,1,0,1,0,0,1,0,0,0,0,1,1,1,0,1,1,0,1,0,1,0,0,1,1
1,1,0,0,0,1,1,0,1,1,0,0,0,0,0,0,0,1,0,1,0,1,0,0,0,0,0,1,1,1,1,1,0,0
1,1,0,0,0,1,0,0,1,1,1,0,0,1,1,0,1,0,1,1,0,1,0,0,1,0,0,0,1,0,1,0,0,0
1,1,1,0,0,1,0,1,0,1,0,1,0,1,0,1,0,0,0,1,1,0,0,1,0,0,0,0,0,0,0,1,1,1
1,1,1,1,1,1,1,1,1,0,0,0,1,0,0,0,0,0,1,1,1,1,0,1,0,1,0,0,1,1,1,0,0,0
1,1,1,1,1,0,0,1,0,1,0,1,1,0,1,0,1,0,1,0,1,1,1,0,0,1,1,1,1,0,1,0,0,0
1,0,0,1,1,1,1,1,1,0,1,1,1,1,1,0,0,0,1,1,1,1,0,0,1,1,0,0,1,0,1,0,0,0
0,1,1,1,0,0,1,1,0,0,1,1,0,0,1,0,0,0,0,0,0,0,0,1,1,1,1,0,0,1,1,1,1,1
0,1,1,1,1,0,1,1,1,0,0,1,1,1,1,1,0,1,0,0,1,0,1,1,0,1,0,0,0,0,1,1,0,0
1,1,1,0,1,1,0,1,1,1,1,1,0,0,0,1,0,1,0,0,1,1,1,0,1,0,0,0,1,1,1,1,0,0
1,1,1,0,0,1,1,1,1,1,0,1,0,1,0,1,1,0,1,1,0,1,0,1,0,0,0,0,1,0,1,0,0,0
1,1,1,1,0,0,1,1,1,1,0,0,0,0,1,0,0,0,1,1,0,0,0,0,0,0,1,0,1,0,0,0,0,0
1,1,1,0,0,1,0,0,0,0,0,1,0,0,1,0,0,0,1,0,1,0,0,0,0,0,1,0,1,0,0,0,1,1
1,1,0,1,0,1,1,1,0,1,0,1,0,1,0,0,0,1,0,1,1,1,0,0,0,1,1,1,0,1,1,0,0,0
1,1,0,0,0,1,1,0,1,0,1,0,0,1,0,1,0,0,0,1,1,1,0,1,0,0,1,0,1,1,1,1,1,1
0,1,0,0,1,1,1,1,1,1,0,1,1,1,1,1,0,0,0,0,1,0,1,1,0,1,0,1,1,0,0,0,0,0
1,0,1,1,1,0,1,0,1,0,1,0,1,0,0,0,0,1,1,0,0,0,0,0,0,1,0,0,0,0,0,1,0,0
1,1,1,1,1,1,1,0,1,0,0,0,0,1,1,0,1,0,1,0,1,0,1,0,1,0,1,0,1,1,1,0,0,0
1,1,0,1,1,1,0,0,1,1,0,1,0,1,1,1,0,0,0,0,1,0,0,0,1,0,1,0,1,0,0,1,1,1
1,1,1,1,1,1,0,0,1,1,1,1,1,0,0,0,1,0,1,1,1,0,0,0,1,1,0,1,1,0,1,1,0,0
1,0,1,1,1,1,1,0,0,0,0,1,0,0,0,1,0,0,0,1,0,1,0,1,1,1,0,1,1,0,0,0,1,1
1,1,0,0,0,0,1,1,1,0,0,0,0,0,0,0,0,1,0,0,0,0,1,1,0,1,1,0,0,1,1,0,0,0
1,1,0,0,0,1,1,1,0,0,0,0,1,1,0,1,1,1,0,0,0,1,0,1,0,0,0,1,0,1,0,1,0,0
1,0,0,0,0,0,0,0,1,0,1,0,0,1,0,1,0,0,0,1,1,1,0,0,1,1,1,0,1,0,1,0,1,1
1,1,1,1,0,1,0,1,0,1,1,1,0,0,0,1,1,0,1,0,0,0,0,0,1,1,0,1,0,1,0,1,0,0
0,1,1,1,1,0,1,0,0,1,1,1,0,0,1,0,0,0,1,0,0,0,0,1,1,1,1,1,1,1,1,1,0,0
0,1,1,0,1,0,0,1,1,1,1,1,1,0,0,0,0,0,0,1,1,1,0,0,1,1,1,1,1,1,0,0,0,0
1,1,0,1,1,1,0,1,1,0,0,0,1,1,1,1,1,0,1,0,0,0,1,1,0,1,1,1,0,1,1,0,0,0
1,1,1,0,0,0,1,0,0,0,1,0,1,1,0,0,1,0,0,1,1,1,1,0,1,0,0,1,1,0,0,0,0,0
1,0,1,0,0,0,1,1,0,0,1,0,0,1,0,0,0,0,1,1,0,0,1,1,1,1,1,1,0,1,0,0,1,1
0,1,0,1,1,0,1,1,1,0,0,0,1,1,1,1,0,1,0,0,0,1,0,1,1,0,1,1,1,0,0,0,1,1
1,1,0,1,1,0,0,1,0,1,1,1,0,1,1,1,0,0,1,1,0,1,1,0,0,0,0,0,0,1,1,1,0,0
1,1,1,0,0,0,0,1,1,1,0,1,0,1,0,0,1,0,0,1,0,1,0,0,0,0,0,1,1,0,1,0,0,0
1,0,0,1,0,0,0,0,0,0,0,1,0,0,1,1,0,0,1,1,1,1,1,1,1,0,0,1,1,0,1,0,0,0
0,1,1,1,1,0,1,0,1,0,0,0,1,0,1,0,0,0,0,0,1,0,1,1,0,0,0,1,1,0,1,0,1,1
1,0,0,1,0,1,0,0,0,1,0,0,0,0,0,0,0,0,1,0,1,0,0,0,0,0,1,0,0,1,1,0,1,1
0,0,1,0,0,0,0,1,0,0,0,1,0,1,0,1,0,0,0,0,1,0,0,0,0,1,0,0,0,0,0,0,0,0
0,1,0,0,0,0,1,1,1,1,1,1,0,0,0,1,0,0,0,0,1,1,0,0,1,1,0,0,0,0,1,0,0,0
1,0,0,1,1,1,0,0,0,0,0,1,1,0,1,0,0,1,1,0,1,1,1,0,1,0,0,0,1,1,1,0,0,0
1,1,1,0,0,1,1,1,1,1,0,1,0,1,0,0,1,1,0,1,1,0,0,0,0,0,1,1,1,0,0,1,0,0
0,1,1,1,0,0,1,1,1,1,1,1,0,0,1,0,0,1,0,0,0,0,0,0,0,1,1,0,1,0,0,1,0,0
0,1,0,1,0,1,1,1,0,0,0,0,1,0,0,0,0,1,0,0,1,1,1,1,0,0,1,1,1,1,0,0,0,0
1,1,1,1,0,1,0,0,0,0,0,0,1,1,0,1,0,1,0,1,1,1,1,0,1,0,0,0,1,1,1,0,0,0
1,1,0,1,0,1,0,1,1,0,0,0,1,1,1,0,1,0,0,0,1,0,1,1,0,1,0,1,1,1,0,1,0,0
1,1,1,1,0,1,0,0,1,0,0,0,0,0,1,0,0,0,1,1,1,0,0,0,0,0,1,1,0,0,1,1,0,0
1,0,1,0,1,1,1,0,1,1,0,1,1,0,1,0,0,1,0,1,0,0,1,0,0,0,1,1,1,1,1,0,0,0
1,1,0,1,0,0,1,0,0,1,1,1,1,1,0,1,1,0,1,0,1,0,0,1,1,0,0,0,1,1,1,0,0,0
0,1,1,0,0,0,1,1,0,1,1,0,1,0,0,0,0,1,0,0,1,1,1,0,0,1,1,0,0,1,0,1,0,0
0,0,1,0,1,0,0,0,0,0,1,1,0,0,1,1,0,0,0,0,0,1,0,0,1,0,1,0,1,1,1,0,0,0
1,1,1,0,0,1,1,1,1,1,1,1,0,0,0,1,0,1,0,0,0,1,0,1,1,1,0,0,0,0,0,0,0,0
1,1,1,1,1,0,0,0,0,0,0,1,0,1,1,1,1,0,0,1,0,0,1,1,1,0,1,0,0,0,1,1,0,0
1,1,1,0,1,1,0,0,1,1,0,0,0,0,0,1,0,0,1,1,1,1,1,0,1,1,1,1,0,0,1,0,0,0
0,1,0,0,1,0,0,1,1,1,1,0,0,1,1,0,0,0,0,1,0,1,1,1,0,1,1,0,0,1,0,1,0,0
1,1,0,1,0,0,0,1,1,0,1,0,0,1,0,1,1,0,1,0,0,1,1,0,1,1,1,0,1,0,1,0,0,0
1,1,1,1,1,1,0,1,0,1,0,0,1,0,0,0,1,0,0,0,0,0,1,1,1,0,0,1,1,0,1,1,0,0
1,1,1,1,0,1,1,1,1,0,1,1,0,1,1,0,1,0,1,1,0,0,0,1,1,0,0,1,1,1,0,1,0,0
1,1,1,0,1,0,1,1,1,0,0,1,1,0,1,0,0,1,1,1,0,1,1,1,1,1,0,1,0,1,1,1,0,0
1,0,1,1,1,1,1,1,1,1,1,1,0,0,0,1,0,0,1,0,1,1,0,1,1,1,0,1,0,0,1,0,0,0
1,0,0,1,0,0,1,0,0,1,0,0,1,0,0,1,1,0,0,0,0,1,0,0,1,0,1,1,1,1,0,0,0,0
0,1,0,0,1,0,1,0,1,1,1,0,1,0,1,0,0,0,1,0,1,0,1,0,1,0,0,1,0,0,1,0,0,0
1,1,1,0,0,1,1,0,0,0,1,1,0,1,1,1,0,0,0,1,1,0,1,1,1,1,0,1,0,1,0,1,0,0
0,1,0,1,1,1,1,0,0,1,0,0,1,0,0,1,0,0,0,1,1,1,0,0,1,0,0,0,1,0,0,0,1,1
1,0,0,1,1,0,1,0,1,0,1,0,0,1,0,1,0,1,0,1,0,1,1,0,0,1,0,1,0,0,1,0,0,0
1,0,0,1,1,1,0,0,1,1,0,0,0,1,1,0,0,0,1,0,1,1,1,0,1,1,1,1,0,1,0,0,0,0
1,1,1,1,0,0,1,0,1,0,1,1,1,1,0,1,1,1,1,0,1,0,1,1,0,0,0,1,0,1,0,1,0,0
0,1,0,1,1,1,0,0,0,1,1,1,1,1,1,1,0,0,0,1,0,0,1,1,0,1,1,0,0,0,0,1,0,0
1,0,1,1,0,0,0,1,0,0,0,0,1,0,0,0,0,1,1,1,0,1,1,0,0,0,1,1,0,1,1,1,0,0
1,1,0,0,1,0,1,0,1,1,1,1,1,1,0,1,1,0,1,0,1,1,0,0,1,1,0,1,1,1,1,0,0,0
1,0,1,0,0,0,1,0,1,0,0,0,0,0,1,0,1,0,1,0,0,0,0,1,1,0,0,1,0,0,1,0,0,0
1,0,1,0,1,1,0,0,0,1,0,0,0,0,0,1,0,1,0,1,1,1,0,0,1,1,1,0,1,1,0,0,0,0
1,1,0,1,1,1,0,1,1,0,0,1,1,0,0,0,0,0,1,1,1,1,0,0,1,0,1,0,1,1,0,1,0,0
1,1,1,1,1,1,1,1,0,0,0,0,0,1,1,0,1,0,0,1,0,0,0,0,0,0,1,0,0,0,1,1,0,0
1,0,1,0,1,1,1,0,0,1,1,0,0,0,0,1,0,0,0,0,0,1,0,0,0,0,1,1,1,0,0,1,1,1
0,1,1,1,1,0,1,0,0,0,1,0,0,1,1,1,0,1,1,0,1,0,0,1,1,0,1,1,0,1,1,0,0,0
1,0,1,0,0,0,1,1,0,0,0,1,1,1,1,1,0,1,0,0,1,0,0,1,1,1,0,0,0,0,1,0,0,0
1,1,1,0,1,1,0,1,0,1,0,0,1,0,1,0,0,1,1,1,1,0,1,0,1,0,0,1,1,0,1,0,0,0
1,0,0,0,0,0,0,0,1,0,0,0,0,1,1,0,0,1,0,0,1,0,0,0,1,0,0,1,0,1,1,0,0,0
1,1,0,0,0,0,1,1,1,0,1,0,1,0,0,1,0,0,0,0,1,0,1,0,1,0,0,1,0,0,1,0,1,1
1,0,1,0,0,1,1,1,0,1,1,1,0,1,0,1,0,1,1,0,0,1,0,0,1,0,1,0,0,0,0,0,0,0
0,0,1,1,1,1,0,0,1,1,0,0,1,0,0,1,0,0,1,0,0,1,1,1,1,1,1,0,1,0,0,0,0,0
1,1,0,1,1,1,1,1,1,1,0,0,0,1,1,0,1,1,0,1,1,1,1,0,0,1,1,1,1,1,1,0,0,0
1,1,1,1,0,0,0,1,1,1,0,0,1,1,1,0,1,1,1,0,1,1,0,1,0,1,0,1,1,1,0,1,0,0
0,1,0,1,1,0,1,0,1,0,1,0,0,0,1,0,0,1,0,1,0,0,0,1,1,1,0,0,1,1,0,1,0,0
0,1,0,0,0,0,1,0,0,0,0,1,1,1,0,0,0,0,1,1,0,1,1,1,1,0,1,0,0,0,1,1,1,1
1,0,1,0,0,0,1,0,1,0,0,1,1,1,0,0,0,0,1,0,1,1,1,1,0,1,1,0,0,0,0,0,0,0
0,1,1,0,1,1,1,0,0,1,1,0,1,1,0,1,0,0,0,0,0,1,0,0,1,1,1,0,0,1,1,1,1,1
1,1,0,1,0,1,1,1,1,1,0,0,0,1,1,0,0,1,0,1,0,0,0,0,0,0,1,0,1,1,0,0,0,0
1,1,0,1,1,0,1,0,0,0,0,1,0,0,1,1,0,0,1,1,1,0,1,1,0,0,1,1,0,0,1,0,0,0
0,1,0,0,1,1,1,0,1,1,0,1,1,0,1,0,0,1,0,0,0,1,1,0,0,0,0,0,1,0,0,0,0,0
1,0,0,1,1,0,1,1,1,1,1,1,1,1,1,0,0,1,1,1,0,0,1,0,0,1,0,0,0,0,1,0,0,0
1,0,0,1,1,1,1,0,1,0,0,0,1,1,1,1,1,0,0,1,0,1,1,0,1,0,0,0,1,0,1,0,0,0
1,1,1,0,0,1,0,1,0,0,0,0,1,0,0,0,0,1,0,1,0,0,0,0,0,0,1,1,1,0,1,1,0,0
0,1,0,1,0,0,1,0,0,1,0,1,0,1,1,0,0,1,0,0,1,0,0,0,1,0,1,1,1,1,0,0,0,0
0,1,1,1,0,0,1,1,0,1,0,1,0,1,1,1,0,0,1,0,1,1,0,0,0,1,0,0,1,1,1,0,0,0
0,1,0,1,1,0,1,0,0,0,0,1,1,1,0,0,0,0,1,1,1,1,0,0,0,1,1,1,1,0,1,0,0,0
1,1,1,0,1,0,1,1,0,1,1,0,1,1,1,0,0,1,0,0,0,1,0,1,1,1,1,0,0,1,0,1,0,0
1,1,1,1,1,0,0,1,0,0,1,0,1,1,0,1,1,0,1,1,1,1,1,0,0,0,1,0,1,0,1,0,0,0
1,1,1,1,1,0,0,1,1,0,0,1,0,0,1,1,1,1,1,1,0,1,1,1,1,0,1,0,0,1,0,1,0,0
1,1,1,0,1,1,1,1,0,0,0,0,1,1,1,0,0,0,0,1,0,0,0,0,1,1,1,1,1,0,0,0,1,1
1,0,1,0,0,0,1,0,0,0,0,0,1,0,0,1,0,0,0,1,1,1,0,0,1,1,1,0,1,1,1,0,1,1
1,1,1,1,0,1,1,0,0,1,1,0,1,1,0,1,0,1,0,1,0,1,0,1,0,1,0,0,0,0,1,0,0,0
1,0,0,1,1,1,0,0,1,1,1,0,1,0,1,1,0,1,1,1,1,0,1,1,0,0,0,0,1,1,0,0,0,0
0,1,0,0,1,1,1,1,0,0,0,1,0,0,1,1,0,0,0,1,1,0,1,1,0,1,0,1,0,0,1,1,1,1
1,1,1,0,1,0,0,0,1,0,1,0,1,1,0,1,0,1,1,0,1,0,1,1,1,0,1,1,0,0,1,0,0,0
1,1,0,1,1,1,0,1,0,1,1,0,1,1,0,1,1,0,0,0,0,1,0,1,0,1,0,0,0,1,0,0,0,0
1,1,1,0,0,0,1,0,1,0,0,1,0,0,1,0,0,1,1,0,0,1,0,1,1,0,0,0,1,1,0,0,0,0
0,0,1,1,1,1,0,1,1,1,0,0,1,1,1,1,0,0,1,1,1,1,0,0,1,1,0,1,0,1,0,0,0,0
1,0,1,1,1,1,1,0,0,1,0,1,1,0,1,1,1,0,1,0,0,0,0,0,0,1,1,1,0,1,0,1,0,0
0,1,1,0,0,1,1,0,0,1,0,1,0,0,1,1,0,0,0,1,0,0,1,1,1,0,1,0,0,0,0,1,1,1
1,1,1,0,1,1,1,1,0,0,0,1,0,1,0,0,1,1,1,0,0,0,1,1,0,0,0,0,0,0,1,1,0,0
0,1,0,1,1,1,1,1,0,0,1,1,1,0,0,0,0,0,1,1,1,1,1,0,0,0,1,0,1,1,0,1,0,0
1,0,1,0,0,0,1,0,1,1,0,0,1,1,1,1,1,0,1,0,0,0,0,1,0,0,1,0,0,1,1,0,0,0
1,0,0,1,1,1,1,1,0,0,1,0,0,0,0,1,0,0,0,0,1,1,1,1,1,1,1,1,0,0,1,0,1,1
1,0,1,1,0,0,1,0,0,1,1,1,0,1,1,1,0,0,0,1,1,0,0,0,0,1,0,1,0,1,1,0,0,0
0,0,0,0,1,1,1,0,1,0,0,0,1,0,0,0,0,0,0,0,1,0,1,0,0,1,1,1,1,0,0,1,0,0
0,1,1,1,1,0,0,0,1,0,1,1,1,0,1,0,0,1,0,0,0,1,1,1,0,1,1,0,0,0,0,0,0,0
1,0,0,0,0,1,0,0,0,1,1,1,1,1,1,0,0,0,0,1,0,0,1,0,0,1,0,1,1,1,0,1,0,0
1,1,1,0,0,0,0,1,1,0,1,0,0,1,1,0,0,0,1,0,1,1,1,0,1,1,0,0,0,1,1,1,0,0
1,0,0,1,1,0,0,1,0,1,0,1,0,1,0,0,0,1,1,0,1,1,0,1,1,1,0,0,1,1,1,0,0,0
0,1,1,1,1,1,0,1,0,1,0,1,0,1,0,1,0,1,0,0,1,0,1,1,1,0,1,0,0,0,0,1,0,0
1,1,1,0,0,1,0,1,0,1,1,0,0,0,0,1,0,1,0,0,1,1,1,0,1,0,0,1,1,1,0,1,0,0
0,0,1,0,1,0,0,0,0,0,0,0,0,1,0,0,0,0,0,0,1,0,1,1,1,0,0,0,0,0,1,0,0,0
0,1,1,1,1,0,1,1,0,1,1,0,1,1,0,0,0,1,1,1,0,0,1,1,1,1,1,0,0,0,0,0,0,0
0,1,0,1,1,1,0,0,0,0,0,1,0,0,0,1,0,0,0,1,1,0,1,1,1,1,1,0,0,0,1,0,1,1
1,1,1,0,0,0,0,1,0,0,1,1,0,0,1,1,0,1,0,0,1,1,0,0,0,1,1,0,0,1,1,0,0,0
1,1,0,0,1,1,1,0,1,1,1,1,1,1,0,0,0,0,0,0,1,1,0,0,0,0,0,1,1,1,1,0,0,0
1,0,0,1,1,1,0,0,0,1,0,0,1,1,0,0,0,1,1,1,0,0,0,1,0,1,0,1,1,0,1,0,0,0
1,0,1,1,0,0,0,1,0,1,0,0,0,0,0,1,1,0,1,0,1,1,0,0,0,1,1,0,1,0,1,0,0,0
1,0,1,0,0,1,0,1,1,0,0,0,1,1,1,0,0,1,1,1,0,1,1,1,0,1,0,1,0,0,1,1,0,0
0,0,1,1,1,1,0,1,0,1,0,1,0,1,0,1,0,0,0,1,0,0,1,0,1,1,0,0,1,0,0,0,1,1
1,0,0,1,0,1,0,0,1,1,1,0,1,0,0,0,0,1,0,0,0,0,0,0,1,1,0,0,0,0,1,1,0,0
1,1,0,1,1,1,0,1,0,0,0,1,0,0,1,1,1,0,0,0,0,1,1,1,1,1,0,0,0,1,0,0,0,0
1,0,1,0,0,1,1,0,1,0,1,1,1,0,1,1,0,1,0,0,0,0,1,0,0,1,1,1,1,1,0,0,0,0
1,0,0,0,1,0,1,0,1,1,0,0,0,1,0,1,0,0,1,0,0,0,0,1,1,1,1,0,1,0,0,1,0,0
0,0,1,0,1,0,1,0,1,1,1,1,0,0,1,0,0,0,1,0,0,1,1,1,0,1,0,1,1,1,0,1,0,0
1,0,1,0,0,0,1,0,0,0,1,1,0,1,0,1,1,0,0,1,1,1,1,1,0,1,1,0,0,1,1,0,0,0
1,1,0,0,0,1,1,1,0,0,1,1,1,0,0,0,0,0,1,0,0,0,0,1,1,0,1,1,0,1,1,0,0,0
0,1,0,0,0,1,1,0,0,0,1,0,1,0,0,0,0,0,0,1,0,0,1,1,1,1,0,1,1,0,1,1,1,1
0,1,1,1,1,0,1,0,0,0,0,0,1,0,0,0,0,1,1,0,1,1,1,1,0,1,0,0,0,0,1,0,0,0
1,1,1,1,1,1,1,1,0,1,0,1,0,0,1,0,0,0,0,1,1,1,0,0,0,1,0,1,1,0,0,0,1,1
1,1,1,0,0,0,1,0,0,0,0,0,0,1,0,0,0,1,0,1,1,1,0,0,1,0,1,0,1,0,1,0,0,0
1,0,0,0,0,0,0,0,0,0,1,0,0,1,0,0,0,0,1,1,0,0,1,1,0,1,0,0,0,0,0,0,1,1
1,0,0,1,0,0,0,0,0,0,0,0,0,1,1,1,0,1,1,1,1,0,0,1,1,1,1,1,0,0,0,0,0,0
1,0,1,1,1,0,1,0,0,1,1,0,0,0,0,0,0,1,0,1,0,1,0,1,1,0,0,0,0,1,0,0,0,0
1,1,1,0,0,0,0,1,0,0,0,0,1,0,0,0,1,1,0,1,1,1,0,1,0,1,0,1,0,0,1,0,0,0
1,1,0,0,1,0,0,1,1,1,0,0,1,0,0,1,1,0,1,0,0,1,1,1,1,0,0,0,0,1,1,1,0,0
0,1,1,0,1,0,1,1,0,1,0,0,1,1,1,1,0,1,1,0,1,0,0,0,1,0,1,1,1,1,1,1,0,0
1,0,1,1,0,1,0,1,0,0,0,0,0,0,1,1,0,0,1,0,0,0,1,0,1,0,0,0,0,1,1,0,1,1
1,1,1,0,1,1,1,0,0,0,1,0,0,1,0,1,0,1,1,0,0,1,1,1,0,0,0,0,1,0,0,1,0,0
1,0,1,1,1,1,0,1,1,1,1,0,0,1,0,0,0,1,1,1,0,0,0,0,0,1,0,1,0,0,1,0,0,0
1,1,1,1,1,0,0,0,1,0,0,1,1,1,0,0,1,1,0,0,1,0,1,1,1,1,0,0,1,0,1,1,0,0
1,0,0,1,1,0,1,0,0,0,1,1,0,1,0,1,1,0,0,0,0,0,0,0,0,1,1,1,0,0,1,1,0,0
1,1,1,1,0,0,1,0,1,0,0,1,1,1,1,1,1,1,0,1,0,1,0,1,0,0,1,0,0,1,1,0,0,0
0,0,1,1,1,0,1,1,0,1,0,1,1,1,0,1,0,0,1,0,0,1,0,0,0,1,0,1,1,0,1,1,0,0
1,1,0,1,1,0,1,1,0,1,0,0,0,0,0,0,1,0,0,0,0,1,0,1,0,0,1,0,0,0,1,1,0,0
1,0,1,0,0,0,0,0,0,0,1,1,0,1,0,0,0,0,1,1,0,1,1,0,0,1,1,0,0,0,1,0,0,0
1,0,0,0,0,0,1,1,1,1,0,0,1,1,1,1,1,0,0,0,0,0,1,1,0,0,1,1,1,0,1,1,0,0
0,1,1,1,0,1,1,0,0,0,1,0,0,0,0,1,0,1,0,1,1,1,0,1,0,0,1,0,1,1,0,0,0,0
1,0,1,0,0,0,1,1,1,0,0,0,0,1,1,1,0,0,0,1,0,1,1,1,1,1,0,1,1,1,1,1,1,1
1,0,0,0,1,0,1,1,0,1,1,0,0,1,1,1,0,1,1,1,1,1,1,1,0,0,1,0,0,1,1,0,0,0
1,0,1,0,1,1,1,0,1,1,1,0,1,0,0,0,1,0,1,0,0,0,0,0,0,1,1,0,1,1,0,0,0,0
1,1,1,0,0,1,0,1,0,1,0,0,0,1,0,1,0,0,1,1,0,1,0,1,1,0,1,0,0,0,1,1,0,0
0,1,1,1,0,1,0,1,1,0,1,1,1,1,0,0,0,0,1,0,1,1,1,1,1,1,1,0,1,1,1,1,0,0
1,1,1,0,0,0,1,1,1,1,1,1,0,0,1,1,0,0,1,0,1,0,0,1,0,1,0,0,1,1,0,1,0,0
0,1,1,1,0,1,1,1,0,0,0,1,1,0,0,0,0,1,0,1,1,0,0,0,1,1,1,1,1,0,1,0,0,0
1,0,0,0,0,1,0,1,0,0,1,1,1,1,1,1,0,1,1,0,1,0,0,0,1,1,1,1,0,0,1,1,0,0
0,1,0,0,1,0,1,1,1,1,0,1,1,0,1,1,0,0,1,0,0,1,0,0,0,0,0,1,0,1,1,1,0,0
1,1,0,0,1,1,1,0,0,1,1,0,1,1,0,0,0,1,0,1,0,0,0,0,0,0,0,0,1,0,0,1,0,0
1,0,1,0,1,1,0,1,0,0,1,1,1,0,0,0,1,0,0,1,0,0,0,0,1,1,0,1,1,1,0,0,0,0
0,1,0,1,0,1,1,0,0,0,0,1,0,1,0,1,0,0,1,1,0,1,0,1,1,0,1,0,0,0,1,0,1,1
1,0,1,1,0,0,0,1,1,0,1,0,1,0,1,0,1,0,0,1,1,0,1,1,0,1,0,0,0,0,1,1,0,0
1,0,1,1,1,0,0,0,1,0,1,1,0,0,0,0,0,0,1,1,1,1,1,1,0,0,0,1,0,1,0,1,0,0
1,1,0,0,1,0,1,1,0,1,0,1,1,0,1,0,0,0,0,1,1,0,1,1,0,0,1,1,1,1,0,1,1,1
0,1,0,1,1,1,0,1,0,0,1,1,1,0,0,0,0,0,1,1,0,1,1,1,1,1,0,0,1,1,0,1,0,0
0,0,1,1,0,1,0,1,1,1,1,1,0,1,1,1,0,0,0,0,1,0,1,0,1,0,0,0,0,1,1,0,0,0
0,1,1,0,1,1,0,1,1,0,0,1,0,0,1,0,0,0,0,1,0,1,1,0,0,0,1,1,1,0,1,0,1,1
1,0,0,1,1,0,0,1,1,0,1,1,0,0,1,0,0,1,1,1,1,0,0,1,1,1,1,1,1,1,1,1,0,0
1,1,0,0,1,0,0,1,1,0,0,1,1,1,1,0,1,0,0,0,0,1,0,1,0,0,0,1,1,1,0,1,0,0
1,0,0,0,1,1,1,1,1,0,0,0,0,1,0,1,0,0,1,1,0,1,1,0,0,0,1,1,1,0,0,1,1,1
1,0,0,0,0,1,0,1,0,0,0,1,0,1,1,0,0,0,1,0,0,1,1,0,0,0,0,1,1,1,0,0,0,0
1,0,1,1,0,1,1,0,0,0,1,0,0,0,0,0,0,1,1,0,0,1,0,1,0,0,0,1,0,0,1,1,0,0
1,0,1,1,1,0,0,0,1,0,0,1,1,1,0,1,1,0,0,0,1,1,0,0,1,0,0,1,0,1,0,1,0,0
1,0,1,1,0,1,1,0,0,0,0,0,0,1,0,1,0,1,0,0,0,0,0,0,1,1,1,1,1,1,1,1,0,0
1,1,0,0,1,1,1,1,1,0,1,1,0,0,0,1,1,0,0,0,0,1,0,1,1,1,1,1,0,1,1,1,0,0
0,1,1,1,0,1,1,0,0,1,1,1,0,1,1,0,0,1,1,0,0,0,1,0,0,0,1,1,1,1,1,0,0,0
1,1,1,0,1,0,1,0,1,1,0,1,1,1,0,1,0,1,0,1,1,0,1,1,1,0,1,1,1,0,0,0,0,0
0,1,0,0,1,1,1,1,1,0,1,1,0,1,1,0,0,0,0,0,1,0,0,0,1,0,1,1,1,1,1,0,0,0
1,0,0,0,1,0,0,0,1,0,0,1,1,0,0,0,0,0,1,0,0,1,0,1,1,1,1,1,0,0,1,1,1,1
1,1,1,1,1,1,0,0,1,1,0,1,0,0,1,1,0,0,1,0,1,0,1,1,0,1,1,0,0,0,0,0,0,0
1,1,0,1,0,1,0,1,0,0,1,0,0,0,0,0,0,0,1,1,0,1,0,0,0,0,1,1,0,1,1,1,1,1
1,1,1,0,1,1,1,0,0,1,0,0,1,1,0,0,1,1,1,0,0,1,1,0,1,1,1,0,1,1,1,1,0,0
1,1,0,0,0,0,1,1,1,0,0,1,1,1,0,1,0,1,0,0,0,0,1,0,1,1,0,0,0,0,1,0,0,0
0,0,1,1,1,1,0,0,1,1,0,0,0,1,1,1,0,0,0,1,0,1,1,0,0,1,1,0,1,0,1,0,1,1
1,0,1,1,0,1,0,1,1,0,0,1,1,1,0,1,0,0,1,1,1,1,1,0,1,1,1,0,0,1,1,1,0,0
1,1,0,1,1,1,1,1,1,0,0,0,0,0,1,0,1,0,0,1,1,0,1,0,0,0,1,0,0,1,1,1,0,0
0,1,0,1,0,0,0,0,0,0,1,0,1,0,0,0,0,0,1,1,0,1,1,1,1,0,0,0,0,1,1,1,0,0
1,1,1,1,0,0,1,0,1,1,0,1,1,0,0,0,0,1,1,0,1,1,1,0,1,1,0,1,0,1,1,1,0,0
1,0,1,0,1,0,0,0,1,0,1,0,1,1,1,0,0,1,0,1,1,0,1,0,0,1,1,1,0,0,1,0,0,0
1,1,0,1,0,1,0,1,0,1,0,0,0,0,1,1,0,0,0,1,0,0,1,1,0,1,1,0,1,1,1,1,1,1
1,0,0,1,1,1,0,0,0,0,1,0,1,0,1,0,0,1,0,0,1,0,0,0,0,1,0,0,1,0,0,1,0,0
1,0,1,1,0,0,1,0,1,1,0,0,1,1,1,0,1,0,1,1,0,0,0,0,1,0,0,1,1,1,1,0,0,0
1,1,1,1,0,1,1,1,1,1,0,1,1,0,0,1,0,0,0,1,1,1,1,0,1,1,0,0,1,1,1,1,0,0
1,0,1,1,1,1,1,1,0,1,1,1,1,0,0,0,0,0,0,1,1,1,1,0,1,1,1,1,0,1,0,0,0,0
0,0,1,0,1,1,0,0,0,1,1,1,0,0,0,1,0,0,0,0,1,1,0,0,1,1,0,1,1,1,1,0,1,1
0,0,1,1,0,1,1,1,1,0,0,1,0,0,1,0,0,0,0,1,1,0,0,1,0,1,1,1,0,0,0,1,1,1
1,1,1,1,1,1,1,1,0,1,1,0,0,1,1,1,0,1,0,1,0,1,0,1,1,1,0,0,1,1,1,1,0,0
1,1,0,0,1,0,0,1,0,0,0,1,1,1,1,0,0,1,0,1,0,1,0,1,1,0,0,1,1,0,0,0,0,0
1,0,1,0,0,0,0,1,1,1,1,1,0,0,0,0,0,1,0,0,0,1,0,1,1,1,1,0,1,1,1,0,0,0
1,0,1,0,1,0,1,1,0,1,0,1,0,0,1,0,0,0,1,1,1,1,1,0,0,1,0,1,1,0,0,1,0,0
1,0,0,1,0,0,1,1,1,0,0,0,0,1,0,1,0,1,1,1,0,0,1,1,0,1,1,1,0,1,0,1,0,0
1,1,1,1,1,1,0,0,0,0,0,0,0,1,0,1,0,0,1,0,1,1,1,1,1,0,1,1,1,1,1,0,1,1
1,1,0,1,0,1,0,0,1,0,1,0,1,1,1,1,0,0,1,0,1,1,0,1,0,1,1,1,1,0,1,0,0,0
0,0,1,1,1,1,1,0,0,0,1,1,1,0,0,0,0,0,1,1,1,0,0,0,1,1,0,0,1,1,0,1,0,0
1,1,0,1,0,0,0,1,1,1,1,0,1,0,1,0,1,0,0,0,1,0,1,0,1,1,1,1,0,0,0,1,0,0
1,1,1,1,0,1,0,0,0,1,1,1,1,0,0,0,0,0,0,1,0,1,1,1,0,1,1,1,0,0,1,1,0,0
1,0,0,0,0,0,0,0,0,1,1,1,1,0,1,0,0,1,1,0,1,1,1,0,0,0,1,1,0,0,1,1,0,0
1,1,0,0,1,1,0,1,0,0,0,1,0,0,0,0,0,0,1,0,0,0,0,0,0,1,1,1,0,1,0,1,1,1
1,1,1,0,1,0,1,1,1,1,1,1,1,0,0,1,1,0,0,0,0,1,1,0,0,0,1,0,0,0,1,1,0,0
1,0,0,0,0,0,0,0,0,1,0,0,0,1,1,0,0,0,0,1,0,0,0,0,0,0,1,0,1,0,0,0,1,1
1,0,0,0,1,1,1,1,0,1,0,1,0,0,0,0,0,1,0,0,0,1,1,1,1,0,1,1,0,1,0,1,0,0
1,1,1,0,0,1,0,0,0,0,1,1,1,0,0,0,1,1,0,1,0,1,1,0,1,1,1,0,0,1,1,1,0,0
1,0,0,1,0,0,0,0,1,0,1,1,1,0,1,1,0,1,1,1,1,1,0,1,1,1,0,1,1,0,0,0,0,0
0,0,1,1,1,1,1,0,1,0,1,1,1,1,0,0,0,0,0,0,1,0,1,0,1,1,0,1,1,0,1,0,1,1
1,1,0,0,1,0,0,1,0,1,0,0,1,1,0,1,0,1,0,0,0,0,0,0,0,1,1,0,0,1,0,0,0,0
1,1,1,1,0,1,1,0,1,1,1,1,1,0,1,1,0,0,0,1,1,0,0,0,1,1,1,1,0,1,0,1,0,0
0,1,1,0,1,0,0,0,0,0,1,0,0,0,0,0,0,0,1,1,1,0,0,0,0,0,1,0,1,0,0,0,1,1
1,1,1,1,1,1,1,0,1,0,1,1,1,1,0,1,1,1,1,0,1,1,0,1,1,1,1,0,0,1,0,1,0,0
1,1,1,1,1,0,1,1,0,0,1,1,1,1,1,0,1,1,1,0,0,0,0,0,1,0,1,1,0,0,1,0,0,0
0,1,1,0,1,1,0,1,0,1,0,1,1,1,0,1,0,1,0,1,0,1,0,1,0,1,1,0,0,0,0,1,0,0
1,0,1,1,0,1,0,0,0,1,0,1,1,1,1,1,0,0,1,0,1,0,0,0,1,1,0,0,0,1,0,1,0,0
1,1,0,0,0,0,1,1,1,0,0,0,0,1,0,0,0,0,0,1,1,1,0,1,1,0,0,0,1,1,0,1,1,1
1,1,0,1,0,1,1,0,0,1,0,1,0,1,0,0,0,1,0,0,0,1,1,1,1,1,0,1,0,1,0,0,0,0
0,1,1,0,0,0,0,1,1,0,0,1,0,0,0,0,0,1,0,0,1,1,0,0,1,1,1,1,1,1,1,0,0,0
1,0,0,0,0,1,1,0,1,0,0,0,1,0,0,0,0,0,0,1,0,1,0,0,0,1,0,1,0,1,1,0,1,1
1,0,0,1,1,1,0,1,1,1,1,1,1,1,0,1,0,0,1,1,0,1,1,1,0,0,1,0,0,0,1,1,0,0
1,1,1,1,0,1,0,1,1,0,0,0,0,0,1,1,1,1,1,0,0,1,0,1,0,0,1,1,1,1,1,1,0,0
1,1,1,0,0,1,1,1,0,0,0,1,1,1,0,0,1,0,1,0,1,1,0,1,0,1,1,0,0,1,1,1,0,0
1,1,0,0,0,0,0,1,1,1,0,0,1,1,0,1,1,0,0,0,0,1,0,1,1,0,1,1,0,0,0,1,0,0
0,0,1,0,0,0,1,1,1,1,1,0,0,1,0,1,0,0,0,0,0,0,1,0,0,1,1,1,0,0,1,0,0,0
1,0,1,0,1,0,1,0,0,1,0,0,0,1,0,0,0,0,0,0,0,0,1,1,0,1,1,1,1,0,1,0,1,1
1,1,0,1,1,0,0,0,0,1,0,0,1,0,0,0,0,0,0,1,0,1,0,1,1,0,1,1,1,1,1,1,1,1
0,1,1,1,0,0,1,0,1,0,1,1,1,1,1,1,0,0,0,1,1,1,1,0,1,0,1,0,1,1,1,1,0,0
1,0,1,0,1,1,1,1,1,0,0,0,1,0,1,1,0,1,0,1,0,1,1,1,1,1,1,0,1,0,1,0,0,0
0,1,0,1,1,0,1,1,1,0,0,1,1,1,0,1,0,1,0,0,1,0,0,0,0,0,0,0,0,0,1,0,0,0
1,1,1,1,0,1,0,0,1,0,1,1,0,1,0,1,1,0,1,0,0,0,1,1,1,0,1,0,1,0,1,0,0,0
1,1,1,0,1,0,1,0,0,0,0,1,0,0,0,0,0,1,1,0,1,0,1,0,0,1,1,1,1,0,0,0,0,0
1,1,0,0,0,1,1,1,0,0,1,0,1,0,1,0,0,1,1,1,0,1,0,1,1,1,1,1,1,1,1,0,0,0
1,1,1,0,1,1,0,0,0,1,0,0,0,0,1,0,0,0,1,0,0,1,1,1,1,1,0,1,1,0,0,0,1,1
1,0,1,0,0,0,1,0,0,1,1,1,1,0,0,1,0,0,0,0,1,0,0,1,0,0,1,1,0,1,0,1,0,0
1,1,0,1,0,1,0,0,1,0,1,1,1,0,0,0,0,1,0,1,0,1,1,0,1,0,1,0,1,1,1,1,0,0
1,1,0,1,0,0,0,0,0,1,1,0,0,0,1,0,1,0,1,0,0,0,1,1,1,0,1,0,0,0,1,0,0,0
1,0,0,1,0,1,1,1,0,0,1,1,1,0,0,1,0,1,0,0,1,1,1,0,0,1,1,0,1,1,0,1,0,0
1,1,0,1,1,0,0,1,0,1,1,1,1,1,0,0,0,0,1,1,1,1,0,1,1,0,1,0,1,1,1,0,0,0
0,1,0,1,0,0,1,1,1,1,0,1,0,1,1,0,0,0,0,1,1,1,1,1,1,0,1,0,1,1,1,0,1,1
1,1,1,0,0,1,1,0,0,0,1,1,0,0,0,0,1,1,0,0,0,0,1,1,1,0,0,0,0,0,0,0,0,0
1,0,1,0,0,1,0,0,0,0,1,1,0,0,0,1,0,0,1,0,0,1,1,1,1,1,0,0,0,1,1,1,1,1
1,0,1,0,1,1,0,0,0,0,0,1,1,0,0,1,1,0,1,0,0,0,0,1,0,1,1,0,0,0,0,0,0,0
0,1,1,1,1,1,1,0,1,0,1,1,0,1,1,1,0,0,1,0,1,1,0,0,0,0,0,1,0,1,0,0,0,0
1,1,0,0,1,1,0,0,1,0,1,1,1,0,1,0,1,0,0,1,1,0,0,0,0,0,0,1,0,0,1,1,0,0
0,0,1,1,1,0,1,1,0,1,0,1,0,0,0,1,0,0,0,1,0,1,0,1,0,1,1,0,0,1,0,1,1,1
1,1,1,0,1,1,0,0,1,0,0,0,0,0,0,0,1,1,1,0,1,1,0,0,1,0,1,0,0,0,1,1,0,0
1,0,0,0,1,0,0,0,1,0,0,0,0,0,0,0,0,0,1,1,1,1,0,1,1,1,0,0,0,0,1,1,0,0
0,1,1,0,1,1,0,0,1,0,0,1,0,1,0,1,0,0,0,0,1,0,0,1,0,1,1,0,0,0,1,1,1,1
1,0,1,0,1,0,1,1,0,1,1,0,0,0,1,1,0,0,0,1,1,1,1,1,0,1,0,0,0,0,1,1,1,1
1,1,1,1,0,0,1,0,1,1,1,1,0,1,1,1,0,0,1,0,1,1,0,0,0,1,1,1,1,0,1,0,0,0
1,1,0,0,0,1,0,0,0,0,0,0,1,1,1,0,0,1,0,0,1,0,1,0,1,1,0,1,1,0,1,0,0,0
1,0,1,0,0,1,1,0,0,0,1,1,1,0,0,1,0,0,0,1,0,1,0,1,0,1,0,1,1,1,1,0,1,1
0,1,1,1,1,1,0,1,0,0,1,1,0,0,1,1,0,1,1,0,0,0,0,0,1,0,0,0,0,0,1,0,0,0
1,1,0,1,0,1,0,0,1,0,1,0,0,1,0,1,0,1,0,1,1,1,0,1,1,0,1,1,1,1,1,1,0,0
1,1,1,1,1,1,1,0,1,1,1,1,1,1,0,0,0,0,0,1,1,1,1,0,1,0,1,0,0,0,1,0,0,0
1,0,1,1,1,1,0,1,1,0,1,1,1,1,0,1,0,0,1,0,0,1,1,1,1,1,1,0,0,1,0,1,0,0
1,0,1,1,0,0,1,1,0,0,1,1,0,1,0,1,1,0,1,0,0,0,0,0,1,1,0,0,1,0,0,0,0,0
0,0,1,1,0,1,0,0,1,1,1,0,0,1,1,1,0,0,0,0,0,1,1,0,1,1,1,1,0,1,1,1,0,0
1,1,1,1,1,0,1,0,0,1,0,1,0,1,1,0,1,0,1,0,1,1,1,1,1,0,1,0,0,0,0,0,0,0
1,0,0,1,0,1,1,0,0,1,0,1,1,0,0,1,1,0,0,1,0,0,0,1,0,0,1,0,0,0,1,1,0,0
0,1,1,1,0,0,1,0,1,1,0,0,0,0,1,1,0,1,0,0,0,0,1,0,0,1,1,0,0,0,1,0,0,0
1,1,1,1,0,1,0,1,1,0,0,0,0,0,0,0,1,0,0,1,0,1,1,0,0,0,1,1,0,1,1,1,0,0
1,1,1,1,1,0,0,1,1,1,0,1,1,0,0,0,1,1,0,0,0,1,1,1,1,1,0,0,1,0,0,0,0,0
1,1,0,1,1,1,0,1,1,1,1,0,1,0,1,1,1,1,0,1,1,0,0,1,1,1,1,1,0,1,0,1,0,0
1,0,1,0,0,1,0,1,1,1,0,1,0,1,0,0,0,1,0,0,1,1,1,0,1,0,1,1,1,0,1,0,0,0
1,1,0,0,1,1,1,0,0,1,0,1,1,1,0,1,1,0,0,0,0,0,0,0,0,0,1,0,1,0,1,1,0,0
1,1,1,1,1,0,0,1,1,1,1,0,0,1,0,1,1,0,0,0,1,0,1,0,0,0,1,0,0,0,0,1,0,0
1,1,0,1,0,0,1,1,0,0,1,0,0,1,1,1,1,0,0,0,1,1,0,1,1,0,1,1,1,0,1,1,0,0
1,1,0,0,1,0,1,0,0,1,1,1,1,1,1,1,0,0,0,0,0,1,1,1,0,1,1,1,1,0,0,1,0,0
1,1,1,1,0,1,1,0,0,0,1,0,0,1,0,1,0,0,0,0,1,1,0,0,0,1,1,0,1,1,1,1,1,1
1,1,1,0,1,0,1,1,1,1,0,0,1,0,0,0,1,0,0,1,0,1,0,1,0,1,0,0,0,0,1,1,0,0
1,0,1,0,1,1,1,0,0,1,1,0,1,1,1,0,0,1,1,0,0,1,0,1,1,1,0,0,1,0,0,1,0,0
0,1,1,0,1,0,1,1,0,0,0,0,0,0,0,1,0,1,0,0,0,0,1,0,1,1,1,0,0,0,1,1,0,0
1,0,1,1,1,1,0,0,1,1,0,0,0,0,1,0,0,1,0,0,1,0,1,1,1,1,0,0,0,0,1,1,0,0
1,1,1,1,1,0,0,0,1,0,1,1,0,1,1,0,0,1,0,1,0,1,1,1,1,0,1,1,1,0,1,0,0,0
0,0,0,1,1,1,1,0,0,1,0,0,0,0,0,0,0,0,0,0,1,1,0,1,0,1,0,1,0,0,1,0,0,0
0,1,0,0,0,0,0,0,1,0,0,1,0,1,0,1,0,0,1,0,1,0,1,0,0,0,1,0,1,0,0,0,1,1
0,1,1,0,1,0,0,1,1,0,0,0,1,1,0,0,0,0,0,1,0,0,1,1,0,0,1,1,1,0,0,0,1,1
1,0,0,1,0,0,0,1,0,1,0,1,0,0,1,0,0,0,0,1,1,0,0,0,0,1,1,0,1,1,0,0,1,1
0,1,0,1,0,1,1,0,1,1,1,1,0,0,1,1,0,0,1,0,0,1,0,0,1,1,1,1,0,0,1,1,0,0
1,1,0,1,1,0,1,0,0,0,1,0,1,1,1,1,1,0,1,0,1,0,0,1,0,1,0,0,0,1,0,0,0,0
1,0,1,0,1,1,1,1,1,1,0,1,1,1,0,1,0,1,0,1,1,0,1,1,0,1,1,1,0,1,1,1,0,0
1,1,1,1,0,1,1,0,1,0,0,1,1,1,0,1,0,0,1,1,1,1,0,1,0,1,0,0,1,0,1,0,0,0
1,1,0,0,1,1,0,1,0,0,0,0,1,1,1,1,0,1,1,0,1,0,1,1,1,0,1,0,1,1,1,0,0,0
1,1,0,0,0,0,1,1,0,1,1,0,0,1,1,0,0,0,0,0,0,1,1,0,1,1,0,1,0,0,0,1,1,1
1,1,1,0,1,1,1,0,0,0,0,0,1,0,0,0,1,0,0,1,0,0,0,1,1,1,1,1,0,0,0,0,0,0
1,0,0,0,0,1,0,0,0,1,1,0,0,0,1,0,0,1,0,1,0,1,0,1,0,1,1,1,1,1,0,1,0,0
1,1,1,0,0,0,0,1,0,0,0,1,0,0,1,0,0,1,0,1,0,0,1,0,1,1,0,0,0,0,1,0,0,0
1,1,1,0,1,0,1,0,0,1,1,0,1,0,1,1,0,1,1,0,0,0,0,1,1,1,0,1,0,0,0,1,0,0
0,0,1,1,0,1,1,1,1,0,0,1,0,1,1,1,0,0,0,1,0,1,1,1,1,0,0,1,1,1,0,0,1,1
1,0,0,1,0,1,0,1,1,0,0,1,1,1,0,1,0,1,1,1,1,0,1,1,1,0,1,0,0,1,0,1,0,0
1,0,0,1,1,0,0,1,1,0,1,1,0,1,1,1,0,0,0,1,1,0,0,0,1,1,0,0,1,0,1,1,0,0
1,0,0,1,1,1,1,0,0,0,1,1,0,0,0,1,0,0,1,1,1,1,0,1,0,0,1,0,0,1,0,0,0,0
1,1,1,0,0,0,1,0,1,1,1,1,0,0,1,0,1,0,0,1,0,1,1,0,1,0,0,0,0,1,0,1,0,0
1,1,1,1,0,0,0,1,0,0,1,1,1,1,0,1,1,1,1,0,1,1,0,1,0,0,0,0,0,0,1,0,0,0
1,0,0,0,0,1,0,1,0,1,0,1,0,1,1,0,0,1,1,1,0,1,0,1,1,1,0,1,1,1,1,1,0,0
1,1,1,0,0,0,1,1,1,1,0,1,0,1,0,1,0,0,1,1,0,1,0,0,1,1,0,1,0,1,1,1,0,0
1,1,1,0,1,1,1,0,0,0,1,0,1,1,0,0,0,0,1,1,1,1,0,1,0,0,1,1,1,0,0,0,0,0
1,0,1,0,0,1,1,1,0,1,1,0,0,1,1,0,1,0,0,0,1,0,0,0,0,0,1,1,0,1,0,1,0,0
0,1,0,1,1,0,0,0,0,1,1,0,1,1,0,1,0,0,1,1,0,1,1,1,0,1,0,1,0,0,0,1,0,0
1,1,1,0,1,1,0,1,1,1,0,0,1,0,0,1,1,0,0,1,0,1,1,0,1,0,1,0,1,1,1,0,0,0
1,0,1,0,0,0,0,1,0,0,0,1,0,0,0,1,0,1,1,0,1,1,1,1,1,0,0,0,1,1,1,0,0,0
1,1,1,0,1,0,0,0,1,1,0,0,1,0,1,1,1,1,0,0,1,1,0,1,1,1,1,1,0,0,0,1,0,0
0,1,1,1,0,1,1,1,0,0,0,0,0,1,0,0,0,0,1,1,1,1,0,0,0,0,0,1,1,0,0,1,0,0
1,1,0,1,0,1,0,1,1,1,0,1,0,1,0,1,1,1,0,0,0,1,1,1,1,1,1,1,0,1,1,0,0,0
1,1,1,0,1,0,1,0,0,1,1,1,1,1,0,1,1,0,0,1,0,1,1,1,1,0,0,1,0,1,0,0,0,0
1,1,1,1,0,1,1,1,0,1,1,0,1,1,0,1,0,1,0,0,0,1,1,0,0,0,0,1,1,0,0,0,0,0
1,1,1,0,1,0,0,1,1,0,0,0,0,0,0,1,0,0,0,1,1,0,0,0,1,1,0,1,1,1,0,1,1,1
1,1,1,0,1,0,0,1,0,1,0,0,1,0,0,1,0,0,1,0,1,1,0,0,1,0,0,1,0,0,1,1,1,1
1,0,0,0,1,0,0,0,1,1,0,0,0,0,1,1,0,1,0,0,1,1,0,0,1,0,1,1,1,1,1,1,0,0
1,1,0,1,1,1,1,0,1,1,0,1,0,0,0,0,1,1,0,0,1,0,0,0,1,0,1,0,1,0,1,0,0,0
1,0,1,0,1,0,1,1,1,1,1,0,1,1,0,1,1,0,0,1,1,0,1,1,0,0,0,0,1,0,0,1,0,0
1,0,0,1,1,0,0,0,1,0,1,1,1,1,1,1,0,1,1,0,0,0,0,1,0,1,1,0,1,1,1,1,0,0
1,1,1,1,1,1,0,0,1,0,0,0,0,0,0,0,0,0,1,1,1,1,1,1,0,0,1,1,0,0,1,0,0,0
0,1,1,0,0,0,0,1,1,0,0,0,0,1,0,1,0,0,0,0,0,1,0,0,1,0,0,0,0,0,1,0,1,1
1,1,1,1,0,1,1,0,0,1,1,1,1,1,0,0,1,0,0,0,1,1,1,1,1,1,0,1,0,1,0,1,0,0
1,1,1,1,0,0,1,0,1,1,0,1,1,0,1,1,0,0,0,0,0,0,1,1,0,1,0,0,1,0,1,1,0,0
1,0,1,0,1,1,0,0,1,0,1,0,1,1,1,1,0,1,0,0,0,1,0,1,1,0,1,1,1,1,0,0,0,0
1,1,1,0,1,1,1,1,0,0,0,1,0,1,1,0,0,1,1,1,1,0,0,1,1,0,1,0,0,0,1,1,0,0
1,1,1,0,0,1,1,1,1,1,1,1,0,0,1,1,1,0,1,1,0,0,1,0,0,1,1,1,0,0,1,0,0,0
0,1,1,1,1,1,0,0,0,0,0,0,1,0,1,0,0,0,1,1,0,0,1,1,1,0,1,0,0,0,0,1,1,1
1,1,1,0,1,1,0,1,1,0,0,0,0,0,1,0,0,0,1,1,0,1,1,1,1,0,1,0,1,0,0,0,1,1
1,1,1,0,0,1,0,1,1,1,0,0,1,0,0,0,0,1,0,1,0,1,0,0,1,1,0,1,1,0,1,0,0,0
1,0,1,0,0,1,1,1,0,1,1,1,1,0,1,1,0,1,0,1,1,0,1,1,1,1,1,0,0,1,0,0,0,0
1,1,0,1,1,0,1,1,0,0,1,1,0,0,1,1,0,0,1,1,0,0,0,1,1,0,1,1,0,1,0,0,0,0
1,0,0,1,1,1,1,0,1,1,1,0,1,1,1,1,1,0,0,0,1,0,1,1,1,1,1,0,1,1,1,0,0,0
0,0,1,1,0,1,1,1,0,1,0,0,0,0,0,0,0,0,1,0,0,1,1,0,1,0,1,1,1,0,1,1,0,0
0,1,0,0,1,0,1,1,1,1,0,0,1,0,0,1,0,0,0,0,0,1,0,1,1,1,0,1,0,0,0,1,1,1
1,1,0,0,0,1,0,1,1,0,1,0,1,1,0,1,0,1,0,1,0,1,1,0,1,1,0,1,0,0,1,0,0,0
0,1,1,0,0,1,0,1,1,1,0,0,0,0,0,1,0,1,0,0,1,1,1,1,1,0,0,1,1,0,0,0,0,0
1,1,1,0,0,1,1,1,1,1,1,1,0,1,0,0,1,0,0,1,1,0,0,0,1,0,1,1,1,0,0,1,0,0
1,1,1,1,0,1,1,0,0,1,0,0,0,0,0,1,0,0,0,0,1,0,1,1,0,0,0,1,1,0,1,1,1,1
1,1,1,0,1,1,0,0,1,1,1,1,0,0,0,1,0,1,0,0,1,1,0,0,1,1,1,1,1,1,0,0,0,0
1,0,1,1,0,0,0,0,1,1,0,1,1,1,0,0,1,0,0,0,0,0,0,1,1,1,0,1,0,1,1,1,0,0
1,0,0,1,0,1,1,1,1,1,0,1,0,0,0,0,0,1,0,0,1,0,1,1,0,0,0,1,1,0,0,1,0,0
1,1,1,1,0,1,1,1,0,1,0,0,0,0,0,1,1,0,0,1,1,1,0,1,1,1,0,0,1,0,0,1,0,0
1,1,0,0,1,0,1,1,0,0,0,1,0,1,0,0,0,0,0,1,0,1,1,0,0,0,0,0,0,1,0,0,1,1
0,1,0,1,0,0,1,0,0,1,1,0,1,1,0,0,0,0,0,0,1,0,1,1,1,1,1,1,0,1,0,0,1,1
0,1,0,1,1,1,0,1,1,0,1,0,0,0,0,0,0,1,0,0,0,1,0,0,1,0,1,0,0,1,1,0,0,0
0,0,1,0,1,1,0,1,0,1,1,1,1,1,0,0,0,0,0,1,0,0,1,0,0,1,0,1,1,0,1,1,0,0
1,1,0,0,1,0,0,0,1,0,0,1,1,0,0,0,1,0,0,0,1,0,0,1,1,0,1,1,0,1,0,1,0,0
1,1,1,1,0,1,0,1,0,0,1,1,0,1,0,1,0,0,1,0,1,0,1,1,0,0,1,0,1,0,0,0,0,0
1,1,1,1,1,0,0,0,0,1,0,0,0,0,0,0,1,1,1,0,0,1,0,0,0,1,1,1,1,0,0,1,0,0
0,1,1,1,1,1,0,0,1,1,1,0,0,0,0,1,0,1,1,1,1,0,0,0,0,1,0,1,0,1,0,1,0,0
1,1,1,1,0,1,0,1,1,1,1,1,0,1,1,0,1,1,1,0,0,1,0,0,1,1,1,1,0,0,0,1,0,0
0,1,0,1,1,0,0,0,1,0,0,1,0,1,0,1,0,0,0,1,0,0,0,0,0,1,1,0,0,0,0,1,1,1
1,0,1,1,0,1,1,0,1,0,0,1,0,1,1,1,0,0,1,0,1,1,0,0,1,1,1,0,1,1,1,0,0,0
1,1,1,1,0,0,0,1,1,0,0,0,1,0,0,1,1,1,1,0,0,1,1,0,0,1,0,0,0,1,0,1,0,0
1,0,0,1,1,0,1,0,0,0,0,1,1,0,0,1,0,0,0,1,1,1,1,1,0,1,1,1,0,1,1,0,1,1
1,1,0,0,1,0,0,1,1,1,1,1,1,1,1,1,1,1,0,0,0,1,0,0,1,1,0,0,0,1,0,0,0,0
1,1,0,0,1,1,1,1,0,0,0,0,0,1,0,1,0,1,0,0,0,0,0,1,1,1,0,0,0,0,0,1,0,0
0,1,0,0,1,0,0,0,0,1,1,0,0,1,0,1,0,0,0,0,0,1,0,1,0,1,0,0,0,1,0,1,1,1
1,0,1,1,1,0,1,0,1,1,1,0,0,1,0,1,1,0,0,1,1,1,1,0,0,1,1,1,1,0,0,1,0,0
0,0,1,1,0,1,1,0,1,1,0,0,0,0,1,0,0,0,0,0,0,1,1,0,1,1,0,1,1,0,1,0,1,1
0,1,0,1,0,1,1,1,0,0,0,1,0,1,1,1,0,0,1,1,0,1,1,1,1,1,0,1,1,0,0,0,0,0
0,1,1,1,0,1,0,1,0,0,1,0,1,0,1,0,0,0,1,0,0,0,1,0,0,0,1,0,1,1,0,1,1,1
1,1,0,0,1,1,1,0,1,0,0,0,0,0,1,1,0,0,0,0,0,0,0,1,1,0,0,1,0,1,1,1,1,1
1,1,0,1,0,0,0,1,0,0,1,1,0,0,0,1,1,0,0,1,1,1,0,1,1,1,0,0,0,0,0,1,0,0
1,1,0,0,1,1,0,1,1,0,0,0,1,0,0,0,0,0,1,1,1,1,1,0,1,1,0,1,0,0,1,1,0,0
1,0,0,1,1,1,0,1,0,1,0,1,0,1,1,0,0,1,0,0,0,0,0,1,1,0,0,0,1,0,0,0,0,0
0,0,1,0,0,1,0,0,1,1,0,0,0,1,0,0,0,0,0,1,0,1,1,1,0,0,0,1,1,1,0,1,0,0
1,0,1,1,0,1,0,1,1,1,1,0,1,1,1,0,0,0,1,1,1,0,0,1,0,1,0,1,0,1,1,1,0,0
1,1,0,1,0,0,1,0,1,0,0,1,0,1,0,0,0,1,1,0,1,1,0,1,0,0,1,1,0,0,0,0,0,0
1,1,1,0,1,0,1,1,1,0,0,0,1,1,0,0,0,1,0,1,1,0,0,0,1,1,0,0,1,0,1,0,0,0
1,1,0,1,1,1,0,1,0,1,1,0,1,0,1,1,0,0,1,0,0,1,1,0,0,0,0,1,1,0,0,1,0,0
0,0,1,1,1,0,1,1,1,1,1,0,0,0,0,1,0,0,0,0,1,0,0,0,1,0,0,0,1,1,0,0,1,1
0,1,0,1,0,1,0,0,0,1,0,1,1,1,0,1,0,1,0,1,0,1,0,0,0,0,1,0,0,0,1,1,0,0
1,1,0,1,0,0,1,1,0,1,1,0,0,1,1,0,0,0,0,1,1,0,1,0,1,0,0,0,0,0,1,1,1,1
1,0,0,0,0,0,0,0,0,0,0,1,1,0,1,1,0,0,0,0,0,1,1,0,1,1,1,1,1,1,1,0,0,0
0,0,1,1,0,0,1,1,0,1,1,1,1,1,0,0,0,0,0,0,1,1,0,0,0,1,0,0,1,1,0,1,0,0
0,1,1,0,0,0,0,0,1,0,1,1,0,0,1,1,0,0,0,0,0,1,1,1,1,1,0,0,1,0,1,0,0,0
1,1,1,0,1,1,0,0,1,1,0,1,0,0,1,1,1,1,0,0,1,0,0,0,0,1,0,1,0,1,0,1,0,0
1,1,0,1,0,1,0,0,1,1,0,0,0,1,0,0,0,0,1,0,1,1,0,1,1,0,1,1,1,1,1,1,0,0
0,0,1,1,1,1,0,1,1,1,0,0,1,1,0,1,0,0,0,0,1,0,1,0,0,0,1,1,1,0,1,0,1,1
1,1,0,0,0,1,1,1,1,1,0,1,0,0,0,1,0,0,0,0,1,1,1,0,1,0,1,0,0,1,1,1,0,0
0,0,1,1,0,1,1,1,0,1,0,1,0,1,1,1,0,0,0,0,1,1,1,0,1,0,0,0,0,1,1,0,1,1
1,1,1,0,0,1,0,0,1,0,0,1,1,1,0,1,0,0,1,0,0,0,1,1,1,0,0,0,1,0,1,0,1,1
1,1,1,0,1,0,1,1,0,1,1,1,1,1,1,0,0,1,1,1,1,1,1,0,1,0,1,1,0,0,1,0,0,0
1,1,0,1,0,0,1,1,1,0,1,1,0,0,0,1,1,1,0,0,1,0,1,1,1,1,1,1,0,1,1,1,0,0
1,1,0,0,0,0,0,0,1,0,0,1,0,1,0,1,0,1,1,1,1,1,1,1,0,0,0,1,1,1,1,1,0,0
0,1,0,1,1,0,0,0,1,0,0,1,0,1,0,0,0,0,1,0,1,0,1,0,0,1,0,0,1,1,0,0,1,1
1,1,0,0,1,0,0,0,1,1,1,0,1,0,0,0,0,1,0,0,0,0,1,1,1,1,1,1,0,0,0,1,0,0
0,1,0,0,1,1,0,1,0,1,0,0,1,1,0,1,0,0,1,1,1,0,0,1,1,0,0,1,0,1,1,1,0,0
1,1,0,1,0,0,0,1,0,1,0,0,0,0,0,0,0,1,1,0,1,1,1,1,0,1,1,0,1,1,1,0,0,0
1,0,0,1,1,0,0,1,0,1,0,0,1,1,1,1,0,1,0,0,1,1,0,1,0,1,0,0,1,1,1,1,0,0
1,1,1,1,0,1,1,0,0,0,0,1,0,0,1,1,0,1,0,0,0,0,1,0,0,1,1,1,1,0,1,1,0,0
1,1,0,1,1,0,1,1,1,0,1,1,1,0,1,1,0,0,0,1,0,1,0,1,1,1,1,1,1,0,1,1,0,0
1,1,0,1,1,0,0,0,0,1,0,1,1,1,1,1,0,1,0,1,1,0,1,1,0,1,0,0,1,0,0,0,0,0
1,1,0,0,0,1,1,0,1,0,1,0,1,0,1,1,1,0,0,0,1,0,1,1,0,1,1,0,1,1,1,1,0,0
0,1,0,1,1,1,1,0,0,1,1,1,1,1,1,1,0,0,1,1,1,1,1,0,1,0,1,0,1,0,1,1,0,0
1,1,0,0,0,0,1,1,1,1,0,1,0,0,0,0,0,1,0,1,1,1,1,0,0,0,1,0,0,1,1,1,0,0
1,0,1,1,0,0,0,1,1,0,0,1,0,1,1,0,0,0,0,0,1,1,0,1,0,1,0,0,1,1,0,1,1,1
1,1,0,1,1,1,1,0,1,1,1,1,0,1,0,0,1,1,0,0,0,0,1,1,1,1,0,1,1,1,0,0,0,0
0,0,1,1,0,0,0,1,0,0,0,0,1,1,0,1,0,0,0,0,1,1,1,0,0,0,1,1,0,0,1,0,0,0
1,1,0,1,0,0,1,0,0,0,0,1,1,0,0,0,0,0,1,1,1,0,0,0,1,1,0,1,0,0,0,1,0,0
1,0,0,1,0,1,1,1,1,1,0,1,0,0,1,1,0,0,0,0,1,0,1,1,0,0,1,1,1,0,0,1,1,1
1,1,1,0,1,0,0,1,1,1,0,0,1,1,1,0,1,0,1,0,0,1,1,1,0,0,0,1,1,1,1,0,0,0
1,1,1,0,0,0,1,1,0,0,0,1,0,1,1,1,1,1,0,0,0,1,1,1,0,0,0,0,0,1,1,1,0,0
0,0,0,0,0,0,1,0,1,1,0,0,1,0,1,0,0,0,0,0,0,0,1,0,0,0,0,1,0,0,1,0,0,0
1,0,0,1,0,0,1,0,0,0,0,0,0,0,1,1,0,0,0,1,1,1,1,0,1,1,0,1,1,0,1,0,1,1
1,1,0,0,0,1,0,0,1,0,0,1,1,0,1,1,1,0,0,1,1,1,0,0,1,1,1,1,0,1,0,0,0,0
1,1,1,1,0,1,1,1,0,0,0,1,0,1,1,0,0,1,0,0,1,0,1,1,1,0,0,1,1,0,1,0,0,0
0,1,1,1,1,0,1,0,1,1,1,1,0,0,1,0,0,0,0,1,0,0,0,1,0,1,0,0,0,1,0,0,0,0
1,1,0,1,1,0,1,1,1,0,1,0,0,1,1,0,1,0,1,1,0,1,1,0,1,1,0,0,0,1,1,1,0,0
1,1,0,0,1,0,0,1,0,1,1,1,1,1,0,1,1,0,0,0,0,1,0,1,0,0,0,1,1,0,1,0,0,0
0,0,0,1,0,0,0,1,1,1,0,0,0,0,0,0,0,0,0,0,1,1,0,0,1,0,1,1,1,0,0,1,0,0
1,0,1,1,1,0,0,0,1,1,0,1,1,0,1,0,0,1,1,0,0,0,1,0,0,1,0,1,1,1,0,0,0,0
1,0,1,0,1,0,1,0,0,0,1,1,1,1,0,1,1,0,1,0,0,0,1,1,1,0,1,0,0,0,0,0,0,0
1,0,1,1,0,1,1,0,1,0,1,0,0,1,1,0,1,0,0,1,0,1,1,0,0,1,1,0,1,1,0,1,0,0
1,1,1,0,1,0,0,0,1,1,0,1,1,0,0,0,0,1,0,1,0,0,1,1,0,1,0,1,0,0,1,0,0,0
1,0,1,1,0,0,1,0,1,1,0,0,1,0,0,0,0,0,0,1,0,0,1,1,0,0,1,0,1,1,0,1,1,1
0,0,1,1,0,1,1,1,0,1,1,1,1,1,1,1,0,0,1,0,1,0,1,0,0,1,0,0,0,0,1,1,0,0
0,1,0,0,0,0,0,1,1,1,1,0,0,1,1,1,0,0,1,1,1,1,0,0,1,1,0,0,0,1,0,0,0,0
1,0,1,1,0,1,0,1,0,1,0,1,0,1,0,1,0,1,1,1,0,1,0,0,0,1,0,1,1,0,1,0,0,0
0,0,1,1,0,0,0,0,0,1,1,1,1,1,1,1,0,0,1,0,0,0,0,1,0,0,0,1,1,1,1,0,0,0
1,0,1,1,1,0,0,1,0,0,1,0,0,1,1,0,0,1,1,1,1,0,1,1,1,0,0,1,1,0,0,0,0,0
1,0,1,1,1,1,0,0,0,1,0,1,0,0,1,1,0,1,1,0,1,1,0,0,1,0,1,0,0,1,0,0,0,0
1,0,1,0,1,1,0,1,1,0,0,0,0,0,0,1,1,0,0,0,1,0,1,1,0,1,0,0,1,0,1,0,0,0
0,0,1,1,1,1,1,0,0,0,0,1,0,0,0,1,0,0,1,0,1,1,0,0,1,0,0,0,1,1,1,1,1,1
0,0,1,0,0,1,1,1,1,1,0,1,0,0,0,0,0,0,0,0,1,0,0,0,1,0,1,1,0,1,0,0,1,1
0,1,0,1,1,0,0,1,1,0,1,0,1,0,1,1,0,0,1,0,1,1,0,1,0,0,1,0,0,1,1,1,0,0
1,0,1,0,1,0,0,0,0,0,0,1,1,1,1,0,0,0,0,0,0,1,1,0,0,1,1,1,0,0,1,0,1,1
1,0,1,0,0,1,1,1,1,1,0,0,0,0,1,1,0,0,1,1,1,0,0,0,0,1,1,1,0,0,1,1,0,0
1,0,1,1,1,0,1,0,1,1,0,0,0,0,1,0,0,1,1,0,0,0,1,0,1,0,1,0,1,1,1,1,0,0
1,1,1,1,0,0,1,1,0,1,0,0,1,1,0,1,0,0,1,1,1,0,0,0,0,1,0,0,1,0,0,1,0,0
1,1,1,0,1,1,0,1,0,0,0,0,0,1,1,1,0,1,0,1,0,0,0,0,0,0,1,0,1,1,1,0,0,0
0,1,1,0,1,1,0,1,1,0,1,0,1,0,1,0,0,0,0,1,0,1,0,0,0,1,1,0,1,0,0,0,1,1
0,1,0,0,1,0,1,0,0,0,1,0,1,1,1,1,0,0,1,0,0,0,1,1,0,1,1,1,1,1,0,0,0,0
1,1,1,1,1,1,0,0,0,0,1,1,0,0,0,1,0,0,0,0,1,1,1,1,1,1,1,1,1,0,1,1,1,1
0,1,1,1,1,1,1,0,1,1,1,1,0,1,1,0,0,0,1,1,0,0,0,1,1,0,0,0,0,1,1,1,0,0
1,0,1,0,0,1,0,1,1,1,0,0,0,0,1,1,0,1,1,1,0,0,0,1,0,1,0,1,0,0,1,1,0,0
1,0,0,0,0,0,0,1,1,0,0,1,1,0,1,0,0,0,1,0,0,0,0,1,1,0,0,0,0,0,1,1,1,1
0,0,1,1,0,0,1,0,1,1,0,0,1,0,0,0,0,0,0,1,1,1,1,0,1,0,1,1,0,0,1,0,1,1
1,1,0,1,1,1,0,0,0,0,1,0,1,1,0,0,1,0,0,1,1,0,1,0,1,0,1,0,1,0,0,1,0,0
0,0,1,1,1,1,1,0,0,1,1,0,1,0,1,0,0,0,0,0,1,1,0,0,1,0,1,0,1,1,0,0,1,1
1,1,1,0,1,0,0,1,0,1,0,0,0,1,1,0,1,0,0,1,0,0,0,1,1,1,0,1,0,1,0,1,0,0
1,1,1,0,0,1,0,0,1,1,1,0,1,1,1,1,0,1,1,0,0,1,1,0,1,1,1,1,0,0,1,1,0,0
1,0,1,1,1,1,0,0,1,0,0,0,1,1,1,1,0,0,0,0,0,1,1,1,1,0,0,0,0,1,1,0,0,0
1,1,1,0,0,1,1,1,1,1,0,0,1,0,0,0,0,0,1,1,1,1,0,0,1,1,1,1,1,1,1,0,0,0
0,1,1,0,0,1,1,0,0,1,0,1,1,0,1,0,0,0,0,0,0,0,1,0,0,0,0,1,0,0,1,1,1,1
1,1,1,0,1,1,1,1,0,1,0,1,0,1,1,1,0,1,0,1,1,0,1,1,0,0,1,1,0,0,0,0,0,0
1,1,0,1,0,1,1,1,1,1,1,1,0,0,1,0,1,0,0,1,0,0,1,1,0,1,1,0,1,1,1,1,0,0
1,0,0,1,1,1,1,0,0,1,1,0,1,1,0,0,0,0,0,0,1,1,0,1,1,0,0,0,1,1,1,0,1,1
1,0,0,0,0,0,1,1,0,1,0,1,1,1,1,0,0,0,0,1,1,0,0,0,0,0,0,0,0,0,0,1,0,0
1,1,1,0,1,1,0,1,1,1,1,0,0,0,1,1,0,1,1,1,1,0,0,1,0,0,1,1,0,0,0,0,0,0
1,1,1,0,0,0,1,0,1,1,0,1,1,0,0,0,0,0,1,0,0,1,1,1,1,1,0,1,1,1,0,1,0,0
1,0,1,1,1,0,1,1,0,1,1,1,1,0,0,0,0,0,0,0,1,0,0,1,0,0,1,1,0,0,0,1,0,0
1,0,1,1,1,0,1,0,1,1,1,0,0,1,1,0,1,0,0,1,1,1,1,0,0,1,0,0,0,1,1,1,0,0
1,1,1,0,0,0,0,0,0,1,1,1,0,0,1,1,1,1,0,0,0,1,0,1,1,0,0,1,0,1,0,1,0,0
0,0,1,0,0,1,0,1,0,1,1,0,1,1,0,0,0,0,1,0,0,0,1,0,1,1,1,0,0,0,1,1,0,0
1,0,1,1,1,1,0,1,0,1,0,0,1,0,1,1,1,0,0,0,1,0,0,1,1,1,0,0,1,0,1,0,0,0
1,0,0,1,1,0,1,0,0,0,1,1,1,1,1,0,1,0,0,0,1,1,0,1,1,1,0,0,1,0,0,0,0,0
0,1,0,1,0,0,0,0,1,1,1,1,1,1,0,1,0,0,0,1,0,0,1,1,0,1,0,1,1,1,1,0,0,0
1,1,1,1,0,0,0,1,0,1,1,0,0,0,0,0,0,0,0,1,1,1,1,0,1,1,1,1,1,0,0,0,1,1
1,1,1,0,0,0,0,1,0,0,0,1,1,1,0,0,0,1,1,1,1,1,1,1,1,1,1,1,1,0,1,0,0,0
1,0,0,1,1,1,0,0,0,1,0,1,0,1,0,1,1,0,0,1,0,1,0,0,1,1,0,0,0,1,0,1,0,0
1,0,0,1,0,1,0,0,1,0,0,1,0,0,0,0,0,1,1,1,1,1,0,1,1,0,1,1,1,1,0,1,0,0
1,1,0,0,1,0,0,0,1,1,1,0,1,0,0,1,0,1,1,0,1,1,0,1,1,1,0,1,0,1,0,0,0,0
1,1,1,0,0,1,0,1,0,0,0,1,1,0,0,1,0,1,0,0,0,1,1,1,1,1,1,1,1,1,0,1,0,0
1,0,1,0,0,1,1,1,0,1,1,0,0,1,0,0,0,0,0,0,1,1,1,1,0,1,0,1,0,0,1,1,1,1
1,1,0,0,1,1,1,0,0,0,0,1,0,1,1,0,0,0,0,0,1,1,1,0,0,1,1,0,0,0,1,0,1,1
0,1,0,1,0,1,1,0,1,0,0,0,1,1,1,0,0,0,1,0,1,0,1,1,0,1,1,0,1,0,0,1,1,1
1,0,0,0,0,1,0,1,0,1,1,1,0,0,1,0,0,1,1,0,1,0,0,1,1,0,1,0,1,1,1,1,0,0
1,1,0,1,1,0,1,0,1,1,1,1,1,0,0,1,1,1,0,0,1,0,1,0,0,0,0,1,0,1,1,1,0,0
1,1,1,0,0,0,0,0,0,1,0,1,1,1,1,1,1,1,0,0,1,1,0,0,0,0,0,1,1,1,1,0,0,0
1,1,0,1,0,1,1,0,1,1,0,1,1,1,1,0,0,1,0,0,1,0,0,1,0,1,0,1,0,0,0,0,0,0
1,0,0,0,0,0,1,1,1,1,0,1,1,1,1,0,0,0,0,1,1,0,0,0,1,0,0,1,0,0,0,1,0,0
1,1,0,1,0,1,1,1,0,1,0,1,0,0,1,1,1,0,1,1,0,0,1,0,0,0,1,0,0,0,1,0,0,0
1,1,0,1,1,1,0,0,1,1,1,1,1,0,1,0,1,0,0,0,0,1,0,1,0,0,1,1,1,0,0,0,0,0
1,0,1,0,1,1,1,0,0,1,0,1,0,1,1,1,1,0,0,1,1,1,1,1,1,0,1,0,1,0,1,0,0,0
0,1,1,0,0,0,1,1,0,0,0,0,0,0,0,1,0,0,1,1,0,0,0,0,1,0,0,0,1,0,1,1,1,1
1,1,1,1,1,1,0,1,1,0,1,0,0,1,1,0,1,1,0,0,0,1,0,0,0,1,0,0,1,1,0,0,0,0
1,1,1,1,0,0,0,0,1,0,0,0,0,1,0,0,1,1,0,1,0,1,0,1,0,1,0,0,1,0,1,0,0,0
1,1,1,0,1,0,0,0,0,1,1,0,1,0,0,0,0,1,1,1,0,0,1,0,0,0,0,1,1,1,0,0,0,0
1,1,0,0,1,1,1,1,1,0,0,1,1,1,1,1,1,1,0,0,0,1,1,0,1,0,1,0,0,0,1,0,0,0
1,1,0,1,1,0,1,1,1,0,0,0,0,0,0,1,0,1,0,0,0,0,1,0,0,0,1,0,1,1,0,1,0,0
0,1,0,1,0,0,1,1,1,1,0,1,0,0,1,0,0,0,1,1,1,0,1,1,1,1,1,1,0,0,0,0,0,0
0,1,0,1,1,1,1,1,0,1,1,0,0,1,0,0,0,0,1,0,0,0,0,0,1,1,1,1,1,0,1,0,0,0
1,1,1,0,1,1,1,1,0,0,1,0,0,1,0,0,0,1,1,1,0,0,0,0,0,1,0,0,1,0,1,0,0,0
0,1,0,1,1,0,1,1,1,0,0,1,0,1,0,0,0,0,1,0,1,1,1,0,0,1,0,1,0,1,1,0,1,1
0,1,0,1,1,0,1,1,1,0,1,0,0,0,0,1,0,0,0,0,1,1,0,1,1,0,0,1,0,0,1,1,1,1
1,0,1,1,1,0,1,0,1,1,1,1,0,1,0,1,1,0,0,0,1,0,1,1,0,1,0,0,1,1,1,0,0,0
1,0,0,0,1,1,0,1,0,0,1,1,0,0,0,0,0,1,1,1,0,0,0,0,1,1,0,0,1,1,1,0,0,0
1,0,0,1,1,1,0,1,1,0,0,1,0,1,0,1,0,0,0,0,1,0,0,0,0,1,1,0,0,0,1,1,1,1
0,0,0,1,1,0,1,0,1,1,1,1,0,1,0,1,0,0,0,0,1,1,1,0,1,1,1,1,1,0,1,1,0,0
0,1,1,0,0,0,0,1,0,0,0,1,1,1,0,1,0,1,0,0,1,1,1,0,1,0,0,0,0,0,1,0,0,0
1,1,0,0,0,0,1,0,1,1,1,1,0,0,0,1,0,1,0,1,1,0,0,0,1,1,1,1,1,1,1,1,0,0
0,1,1,0,1,1,0,1,1,0,1,1,1,0,0,1,0,1,0,1,0,0,0,1,1,0,1,0,1,0,1,1,0,0
1,1,0,0,0,0,0,1,0,0,0,1,1,1,1,1,1,0,0,1,0,1,1,1,1,1,0,0,1,0,1,0,1,1
1,1,1,1,1,0,0,0,1,0,0,0,0,0,0,0,1,0,1,1,1,0,0,1,0,1,0,1,0,1,1,1,0,0
0,1,1,0,1,1,0,0,0,1,0,0,0,1,0,1,0,0,0,0,0,0,1,0,0,1,1,1,0,0,0,0,1,1
0,1,0,1,0,0,0,0,1,1,0,0,0,1,1,0,0,0,1,1,1,1,0,0,0,1,1,1,0,1,0,0,0,0
1,1,0,0,0,1,0,0,1,1,0,0,0,1,0,1,1,0,0,1,0,1,1,1,1,0,1,1,1,0,0,1,0,0
1,1,1,0,1,1,1,0,0,1,1,1,0,0,1,1,1,1,0,0,0,0,0,1,0,1,0,1,1,0,0,0,0,0
1,1,1,1,0,0,0,0,1,1,0,1,1,0,1,1,0,0,1,1,0,0,1,0,1,0,1,0,0,0,0,1,0,0
1,1,1,0,1,0,0,0,1,1,0,1,1,0,0,0,0,1,1,0,1,1,0,0,0,1,1,0,1,0,0,1,0,0
1,0,1,1,1,0,1,0,0,1,0,0,1,0,1,1,1,0,0,0,0,1,0,0,1,0,0,0,1,0,1,1,0,0
1,1,1,1,1,0,0,0,0,0,1,0,0,1,1,1,1,1,1,1,0,1,0,0,1,1,0,0,1,1,1,1,0,0
1,1,0,0,0,0,1,1,1,0,0,1,1,0,0,0,0,1,1,1,0,1,0,0,1,0,0,1,1,0,0,0,0,0
1,1,0,0,1,0,0,0,0,1,1,1,0,1,1,0,1,0,1,1,0,1,0,0,0,1,0,0,0,0,0,0,0,0
1,1,0,1,1,1,0,0,0,1,0,1,0,1,0,0,1,0,1,0,1,1,1,1,0,0,1,0,0,1,1,0,0,0
1,1,0,0,0,1,1,1,1,1,1,0,0,0,0,0,1,0,1,0,1,0,1,0,1,1,1,1,0,0,1,1,0,0
1,0,1,1,0,1,0,0,1,0,1,1,0,0,0,1,0,1,0,0,0,0,1,1,0,1,1,1,0,0,1,1,0,0
1,1,0,1,0,1,0,0,0,0,0,0,1,0,1,1,1,0,1,0,1,1,1,1,1,0,0,0,0,0,0,0,0,0
1,1,1,0,0,1,1,0,0,1,0,1,0,0,0,1,1,0,1,0,1,0,1,0,0,0,1,0,1,1,0,1,0,0
1,1,1,1,0,1,1,1,0,0,1,1,0,1,0,1,0,0,1,1,0,1,0,0,0,0,0,0,0,0,0,1,0,0
1,0,0,0,0,1,1,0,0,1,0,1,0,0,0,1,0,0,1,0,1,0,0,1,0,0,1,1,1,0,1,1,1,1
1,1,1,1,0,1,0,1,0,0,0,1,1,1,1,1,0,0,0,1,1,1,0,1,1,1,0,1,0,1,1,0,0,0
1,0,0,0,0,0,0,0,1,0,0,1,0,1,0,0,0,0,1,0,0,1,0,0,0,1,1,0,1,1,0,0,1,1
0,1,0,1,1,1,1,0,1,0,1,0,1,1,0,0,0,1,0,0,0,0,0,0,1,1,1,0,0,1,1,1,0,0
1,0,0,1,1,1,1,1,0,0,0,0,0,1,0,0,0,0,0,0,0,1,1,1,1,0,1,0,0,0,0,0,1,1
1,1,1,1,1,1,0,0,1,1,1,1,1,0,0,1,1,0,0,1,1,1,0,1,0,0,1,1,1,1,0,0,0,0
1,0,0,0,1,0,1,1,0,1,0,0,1,1,0,1,0,1,1,1,0,0,0,1,1,0,1,0,0,1,1,1,0,0
0,1,0,1,1,1,0,1,0,1,0,1,0,0,1,0,0,1,0,1,0,1,0,1,1,0,1,0,0,1,0,0,0,0
1,1,1,1,1,1,0,0,0,0,1,1,1,1,0,1,1,1,0,1,1,0,0,1,1,0,0,1,1,0,0,0,0,0
0,1,1,1,0,1,0,0,0,1,1,1,1,1,0,1,0,1,0,1,0,1,1,0,0,0,0,1,0,0,1,0,0,0
1,1,1,1,0,1,1,1,1,0,0,0,0,0,1,0,1,1,1,0,1,1,0,1,0,1,0,1,1,1,0,0,0,0
1,1,0,0,0,0,1,1,1,0,0,0,0,0,0,0,1,0,1,0,1,1,1,1,1,1,1,1,0,1,1,1,0,0
1,1,0,1,0,1,0,0,0,1,1,0,0,1,1,1,0,0,0,0,1,1,1,1,1,1,0,1,1,1,1,1,1,1
1,0,0,1,1,1,1,0,1,0,1,1,1,0,0,0,1,0,0,0,1,1,1,0,0,1,1,1,0,1,0,0,0,0
1,1,1,0,0,1,0,0,0,1,1,0,0,1,0,0,0,1,0,1,0,1,1,0,0,0,0,1,0,0,0,0,0,0
1,1,1,0,1,0,0,0,1,1,1,0,1,1,1,0,0,1,1,0,1,0,0,1,0,0,1,0,1,1,0,1,0,0
1,0,1,0,0,1,1,1,1,0,1,0,1,1,0,1,1,0,0,0,0,0,1,0,0,0,1,1,0,0,0,0,0,0
1,0,1,1,0,0,1,1,1,0,0,0,0,0,0,0,0,1,1,0,0,0,1,1,0,1,1,0,0,0,1,0,0,0
1,0,0,1,0,1,0,0,1,1,1,0,0,0,1,1,0,1,0,1,0,1,1,1,0,1,0,1,1,0,1,1,0,0
1,0,1,0,0,1,0,0,1,0,1,1,0,1,0,0,0,0,0,1,1,0,1,1,0,1,1,0,1,1,0,1,1,1
1,0,0,1,0,1,1,1,1,0,1,0,0,0,1,1,0,0,1,0,1,1,1,1,0,1,1,1,0,0,1,0,0,0
1,1,1,0,1,1,0,0,1,0,0,0,0,0,0,1,1,0,0,0,0,0,0,0,0,0,1,0,0,0,0,0,0,0
1,1,0,0,1,1,0,0,0,0,1,0,0,0,1,0,0,0,1,0,0,0,0,0,1,0,0,1,1,0,1,0,1,1
0,1,0,0,0,0,1,1,1,0,0,0,1,1,1,0,0,0,1,0,1,1,0,1,0,0,1,0,0,1,1,0,1,1
1,1,0,1,0,0,1,1,0,0,1,0,1,1,1,0,0,1,1,1,1,1,1,1,0,0,0,0,1,0,1,1,0,0
1,1,0,1,0,0,1,1,0,0,1,0,0,1,0,0,1,1,0,0,0,1,1,1,1,0,1,1,1,1,1,1,0,0
1,1,1,0,1,1,0,1,0,0,1,1,1,0,0,1,1,0,0,1,0,0,0,1,1,1,1,1,1,1,1,0,0,0
0,1,1,1,1,1,0,0,1,1,1,1,1,0,0,1,0,1,0,0,0,0,1,0,1,0,1,0,1,0,0,0,0,0
1,0,0,1,1,1,0,0,0,0,1,0,0,1,0,0,0,0,1,1,0,1,0,0,0,0,0,1,1,1,1,0,0,0
1,0,1,1,0,1,0,0,0,0,0,0,1,1,1,1,0,1,1,1,1,1,0,1,0,1,1,1,0,1,0,1,0,0
1,1,1,0,0,1,1,0,0,0,0,1,1,1,0,1,0,1,1,1,1,1,1,1,0,1,1,0,0,0,1,0,0,0
0,1,1,0,1,0,0,1,1,0,0,1,0,1,1,1,0,0,0,0,0,0,0,1,1,0,1,1,1,0,1,0,1,1
0,1,0,0,0,0,1,0,0,1,1,1,0,1,1,1,0,0,1,1,0,0,0,0,0,1,0,0,0,1,0,0,0,0
0,0,1,1,1,0,0,1,1,0,1,0,0,1,1,1,0,0,0,1,0,1,1,0,1,0,0,1,0,0,1,0,1,1
0,0,0,1,1,0,0,0,1,0,0,1,1,1,1,1,0,0,0,0,1,1,0,1,1,0,0,1,1,0,1,1,0,0
1,1,0,1,1,0,0,0,1,1,0,0,0,1,0,1,0,1,1,0,0,0,1,0,1,1,1,0,0,1,0,0,0,0
1,0,0,0,1,0,1,1,0,1,0,0,0,0,0,1,0,1,1,1,1,0,1,1,0,1,0,1,0,1,1,1,0,0
0,0,1,0,1,0,0,0,1,1,1,0,1,0,0,1,0,0,0,0,0,1,0,0,1,1,1,0,0,0,0,1,0,0
0,1,1,1,1,0,1,1,0,1,1,0,1,1,1,0,0,0,1,0,1,0,0,1,1,0,1,1,0,1,0,1,0,0
1,0,1,1,0,1,0,1,0,1,0,0,1,1,0,1,1,0,0,1,0,0,0,1,1,1,0,1,0,1,1,0,0,0
